ISO-10303-21;
HEADER;
/* Generated by software containing ST-Developer
 * from STEP Tools, Inc. (www.steptools.com) 
 */

FILE_DESCRIPTION(
/* description */ (''),
/* implementation_level */ '2;1');

FILE_NAME(
/* name */ 'AprilTag 0.step',
/* time_stamp */ '2026-09-17T17:51:11-04:00',
/* author */ (''),
/* organization */ (''),
/* preprocessor_version */ 'ST-DEVELOPER v20.2',
/* originating_system */ 'Autodesk Translation Framework v15.15.0.0',
/* authorisation */ '');

FILE_SCHEMA (('AUTOMOTIVE_DESIGN { 1 0 10303 214 3 1 1 }'));
ENDSEC;

DATA;
#10=MECHANICAL_DESIGN_GEOMETRIC_PRESENTATION_REPRESENTATION('',(#33,#34,
#35,#36,#37,#38,#39,#40,#41,#42,#43,#44,#45,#46,#47,#48,#49,#50),#2274);
#11=SHAPE_REPRESENTATION_RELATIONSHIP('SRR','None',#2281,#12);
#12=ADVANCED_BREP_SHAPE_REPRESENTATION('',(#51),#2273);
#13=OPEN_SHELL('',(#1334));
#14=OPEN_SHELL('',(#1335));
#15=OPEN_SHELL('',(#1336));
#16=OPEN_SHELL('',(#1337));
#17=OPEN_SHELL('',(#1338));
#18=OPEN_SHELL('',(#1339));
#19=OPEN_SHELL('',(#1340));
#20=OPEN_SHELL('',(#1341));
#21=OPEN_SHELL('',(#1342));
#22=OPEN_SHELL('',(#1343));
#23=SHELL_BASED_SURFACE_MODEL('Body2',(#13));
#24=SHELL_BASED_SURFACE_MODEL('Body3',(#14));
#25=SHELL_BASED_SURFACE_MODEL('Body4',(#15));
#26=SHELL_BASED_SURFACE_MODEL('Body5',(#16));
#27=SHELL_BASED_SURFACE_MODEL('Body6',(#17));
#28=SHELL_BASED_SURFACE_MODEL('Body7',(#18));
#29=SHELL_BASED_SURFACE_MODEL('Body8',(#19));
#30=SHELL_BASED_SURFACE_MODEL('Body9',(#20));
#31=SHELL_BASED_SURFACE_MODEL('Body10',(#21));
#32=SHELL_BASED_SURFACE_MODEL('Body11',(#22));
#33=STYLED_ITEM('',(#2291),#51);
#34=STYLED_ITEM('',(#2292),#1334);
#35=STYLED_ITEM('',(#2290),#23);
#36=STYLED_ITEM('',(#2292),#1335);
#37=STYLED_ITEM('',(#2290),#24);
#38=STYLED_ITEM('',(#2292),#1336);
#39=STYLED_ITEM('',(#2290),#25);
#40=STYLED_ITEM('',(#2292),#26);
#41=STYLED_ITEM('',(#2293),#1338);
#42=STYLED_ITEM('',(#2290),#27);
#43=STYLED_ITEM('',(#2293),#1339);
#44=STYLED_ITEM('',(#2290),#28);
#45=STYLED_ITEM('',(#2293),#1340);
#46=STYLED_ITEM('',(#2290),#29);
#47=STYLED_ITEM('',(#2293),#1341);
#48=STYLED_ITEM('',(#2290),#30);
#49=STYLED_ITEM('',(#2293),#31);
#50=STYLED_ITEM('',(#2293),#32);
#51=MANIFOLD_SOLID_BREP('Body1',#1344);
#52=CYLINDRICAL_SURFACE('',#1382,2.);
#53=CYLINDRICAL_SURFACE('',#1385,0.499999999999999);
#54=CYLINDRICAL_SURFACE('',#1388,2.);
#55=CYLINDRICAL_SURFACE('',#1391,2.);
#56=CYLINDRICAL_SURFACE('',#1394,0.499999999999999);
#57=CYLINDRICAL_SURFACE('',#1397,2.);
#58=CYLINDRICAL_SURFACE('',#1400,2.);
#59=CYLINDRICAL_SURFACE('',#1403,0.499999999999999);
#60=CYLINDRICAL_SURFACE('',#1406,2.);
#61=CYLINDRICAL_SURFACE('',#1409,2.);
#62=CYLINDRICAL_SURFACE('',#1412,0.500000000000001);
#63=CYLINDRICAL_SURFACE('',#1415,2.);
#64=ELLIPSE('',#1376,45.1935131088534,2.7895724189662);
#65=ELLIPSE('',#1430,45.1935130627996,2.78957241753029);
#66=FACE_BOUND('',#140,.T.);
#67=FACE_BOUND('',#141,.T.);
#68=FACE_BOUND('',#147,.T.);
#69=FACE_BOUND('',#150,.T.);
#70=FACE_BOUND('',#151,.T.);
#71=FACE_BOUND('',#152,.T.);
#72=FACE_BOUND('',#156,.T.);
#73=FACE_BOUND('',#187,.T.);
#74=FACE_BOUND('',#193,.T.);
#75=FACE_BOUND('',#194,.T.);
#76=FACE_BOUND('',#195,.T.);
#77=FACE_BOUND('',#197,.T.);
#78=B_SPLINE_CURVE_WITH_KNOTS('',3,(#1795,#1796,#1797,#1798,#1799,#1800,
#1801),.UNSPECIFIED.,.F.,.F.,(4,3,4),(2.,3.,4.),.UNSPECIFIED.);
#79=B_SPLINE_CURVE_WITH_KNOTS('',3,(#1803,#1804,#1805,#1806,#1807,#1808,
#1809),.UNSPECIFIED.,.F.,.F.,(4,3,4),(0.,1.,2.),.UNSPECIFIED.);
#80=B_SPLINE_CURVE_WITH_KNOTS('',3,(#1810,#1811,#1812,#1813,#1814,#1815,
#1816,#1817,#1818,#1819,#1820,#1821),.UNSPECIFIED.,.F.,.F.,(4,3,2,3,4),
(4.,5.,6.,7.,8.),.UNSPECIFIED.);
#81=B_SPLINE_CURVE_WITH_KNOTS('',3,(#1889,#1890,#1891,#1892,#1893,#1894,
#1895),.UNSPECIFIED.,.F.,.F.,(4,3,4),(6.,7.,8.),.UNSPECIFIED.);
#82=B_SPLINE_CURVE_WITH_KNOTS('',3,(#1897,#1898,#1899,#1900,#1901,#1902,
#1903),.UNSPECIFIED.,.F.,.F.,(4,3,4),(8.,9.,10.),.UNSPECIFIED.);
#83=B_SPLINE_CURVE_WITH_KNOTS('',3,(#1905,#1906,#1907,#1908,#1909,#1910,
#1911,#1912,#1913),.UNSPECIFIED.,.F.,.F.,(4,3,2,4),(0.,1.,2.,3.),
 .UNSPECIFIED.);
#84=B_SPLINE_CURVE_WITH_KNOTS('',3,(#1915,#1916,#1917,#1918,#1919,#1920,
#1921),.UNSPECIFIED.,.F.,.F.,(4,3,4),(3.,4.,5.),.UNSPECIFIED.);
#85=B_SPLINE_CURVE_WITH_KNOTS('',3,(#2206,#2207,#2208,#2209,#2210,#2211,
#2212),.UNSPECIFIED.,.F.,.F.,(4,3,4),(0.,1.,2.),.UNSPECIFIED.);
#86=B_SPLINE_CURVE_WITH_KNOTS('',3,(#2214,#2215,#2216,#2217,#2218,#2219,
#2220),.UNSPECIFIED.,.F.,.F.,(4,3,4),(2.,3.,4.),.UNSPECIFIED.);
#87=B_SPLINE_CURVE_WITH_KNOTS('',3,(#2221,#2222,#2223,#2224,#2225,#2226,
#2227,#2228,#2229,#2230,#2231,#2232,#2233),.UNSPECIFIED.,.F.,.F.,(4,3,3,
3,4),(4.,5.,6.,7.,8.),.UNSPECIFIED.);
#88=B_SPLINE_CURVE_WITH_KNOTS('',3,(#2236,#2237,#2238,#2239,#2240,#2241,
#2242),.UNSPECIFIED.,.F.,.F.,(4,3,4),(6.,7.,8.),.UNSPECIFIED.);
#89=B_SPLINE_CURVE_WITH_KNOTS('',3,(#2244,#2245,#2246,#2247,#2248,#2249,
#2250),.UNSPECIFIED.,.F.,.F.,(4,3,4),(8.,9.,10.),.UNSPECIFIED.);
#90=B_SPLINE_CURVE_WITH_KNOTS('',3,(#2252,#2253,#2254,#2255,#2256,#2257,
#2258,#2259,#2260,#2261),.UNSPECIFIED.,.F.,.F.,(4,3,3,4),(0.,1.,2.,3.),
 .UNSPECIFIED.);
#91=B_SPLINE_CURVE_WITH_KNOTS('',3,(#2263,#2264,#2265,#2266,#2267,#2268,
#2269),.UNSPECIFIED.,.F.,.F.,(4,3,4),(3.,4.,5.),.UNSPECIFIED.);
#92=FACE_OUTER_BOUND('',#139,.T.);
#93=FACE_OUTER_BOUND('',#142,.T.);
#94=FACE_OUTER_BOUND('',#143,.T.);
#95=FACE_OUTER_BOUND('',#144,.T.);
#96=FACE_OUTER_BOUND('',#145,.T.);
#97=FACE_OUTER_BOUND('',#146,.T.);
#98=FACE_OUTER_BOUND('',#148,.T.);
#99=FACE_OUTER_BOUND('',#149,.T.);
#100=FACE_OUTER_BOUND('',#153,.T.);
#101=FACE_OUTER_BOUND('',#154,.T.);
#102=FACE_OUTER_BOUND('',#155,.T.);
#103=FACE_OUTER_BOUND('',#157,.T.);
#104=FACE_OUTER_BOUND('',#158,.T.);
#105=FACE_OUTER_BOUND('',#159,.T.);
#106=FACE_OUTER_BOUND('',#160,.T.);
#107=FACE_OUTER_BOUND('',#161,.T.);
#108=FACE_OUTER_BOUND('',#162,.T.);
#109=FACE_OUTER_BOUND('',#163,.T.);
#110=FACE_OUTER_BOUND('',#164,.T.);
#111=FACE_OUTER_BOUND('',#165,.T.);
#112=FACE_OUTER_BOUND('',#166,.T.);
#113=FACE_OUTER_BOUND('',#167,.T.);
#114=FACE_OUTER_BOUND('',#168,.T.);
#115=FACE_OUTER_BOUND('',#169,.T.);
#116=FACE_OUTER_BOUND('',#170,.T.);
#117=FACE_OUTER_BOUND('',#171,.T.);
#118=FACE_OUTER_BOUND('',#172,.T.);
#119=FACE_OUTER_BOUND('',#173,.T.);
#120=FACE_OUTER_BOUND('',#174,.T.);
#121=FACE_OUTER_BOUND('',#175,.T.);
#122=FACE_OUTER_BOUND('',#176,.T.);
#123=FACE_OUTER_BOUND('',#177,.T.);
#124=FACE_OUTER_BOUND('',#178,.T.);
#125=FACE_OUTER_BOUND('',#179,.T.);
#126=FACE_OUTER_BOUND('',#180,.T.);
#127=FACE_OUTER_BOUND('',#181,.T.);
#128=FACE_OUTER_BOUND('',#182,.T.);
#129=FACE_OUTER_BOUND('',#183,.T.);
#130=FACE_OUTER_BOUND('',#184,.T.);
#131=FACE_OUTER_BOUND('',#185,.T.);
#132=FACE_OUTER_BOUND('',#186,.T.);
#133=FACE_OUTER_BOUND('',#188,.T.);
#134=FACE_OUTER_BOUND('',#189,.T.);
#135=FACE_OUTER_BOUND('',#190,.T.);
#136=FACE_OUTER_BOUND('',#191,.T.);
#137=FACE_OUTER_BOUND('',#192,.T.);
#138=FACE_OUTER_BOUND('',#196,.T.);
#139=EDGE_LOOP('',(#930,#931,#932,#933,#934,#935,#936,#937,#938,#939,#940,
#941,#942,#943,#944,#945,#946,#947,#948,#949,#950,#951,#952,#953));
#140=EDGE_LOOP('',(#954,#955,#956));
#141=EDGE_LOOP('',(#957,#958,#959,#960,#961,#962,#963,#964,#965,#966,#967,
#968,#969,#970,#971,#972,#973,#974,#975,#976,#977,#978,#979,#980));
#142=EDGE_LOOP('',(#981,#982,#983,#984));
#143=EDGE_LOOP('',(#985,#986,#987,#988));
#144=EDGE_LOOP('',(#989,#990,#991,#992));
#145=EDGE_LOOP('',(#993,#994,#995,#996));
#146=EDGE_LOOP('',(#997,#998,#999));
#147=EDGE_LOOP('',(#1000,#1001,#1002,#1003,#1004));
#148=EDGE_LOOP('',(#1005,#1006,#1007,#1008,#1009));
#149=EDGE_LOOP('',(#1010,#1011,#1012,#1013));
#150=EDGE_LOOP('',(#1014,#1015,#1016,#1017));
#151=EDGE_LOOP('',(#1018,#1019,#1020,#1021));
#152=EDGE_LOOP('',(#1022,#1023,#1024,#1025));
#153=EDGE_LOOP('',(#1026,#1027,#1028,#1029));
#154=EDGE_LOOP('',(#1030,#1031,#1032,#1033));
#155=EDGE_LOOP('',(#1034,#1035,#1036,#1037,#1038,#1039,#1040,#1041,#1042,
#1043,#1044,#1045,#1046,#1047,#1048,#1049,#1050,#1051,#1052,#1053,#1054,
#1055,#1056,#1057));
#156=EDGE_LOOP('',(#1058,#1059,#1060,#1061));
#157=EDGE_LOOP('',(#1062,#1063,#1064,#1065));
#158=EDGE_LOOP('',(#1066,#1067,#1068,#1069));
#159=EDGE_LOOP('',(#1070,#1071,#1072,#1073));
#160=EDGE_LOOP('',(#1074,#1075,#1076,#1077));
#161=EDGE_LOOP('',(#1078,#1079,#1080,#1081));
#162=EDGE_LOOP('',(#1082,#1083,#1084,#1085));
#163=EDGE_LOOP('',(#1086,#1087,#1088,#1089));
#164=EDGE_LOOP('',(#1090,#1091,#1092,#1093));
#165=EDGE_LOOP('',(#1094,#1095,#1096,#1097));
#166=EDGE_LOOP('',(#1098,#1099,#1100,#1101));
#167=EDGE_LOOP('',(#1102,#1103,#1104,#1105));
#168=EDGE_LOOP('',(#1106,#1107,#1108,#1109));
#169=EDGE_LOOP('',(#1110,#1111,#1112,#1113));
#170=EDGE_LOOP('',(#1114,#1115,#1116,#1117));
#171=EDGE_LOOP('',(#1118,#1119,#1120,#1121));
#172=EDGE_LOOP('',(#1122,#1123,#1124,#1125));
#173=EDGE_LOOP('',(#1126,#1127,#1128,#1129));
#174=EDGE_LOOP('',(#1130,#1131,#1132,#1133));
#175=EDGE_LOOP('',(#1134,#1135,#1136,#1137));
#176=EDGE_LOOP('',(#1138,#1139,#1140,#1141));
#177=EDGE_LOOP('',(#1142,#1143,#1144,#1145));
#178=EDGE_LOOP('',(#1146,#1147,#1148,#1149));
#179=EDGE_LOOP('',(#1150,#1151,#1152,#1153));
#180=EDGE_LOOP('',(#1154,#1155,#1156,#1157));
#181=EDGE_LOOP('',(#1158,#1159,#1160,#1161));
#182=EDGE_LOOP('',(#1162,#1163,#1164,#1165,#1166,#1167,#1168,#1169,#1170,
#1171,#1172,#1173,#1174,#1175,#1176,#1177,#1178,#1179,#1180,#1181,#1182,
#1183,#1184,#1185));
#183=EDGE_LOOP('',(#1186,#1187,#1188,#1189));
#184=EDGE_LOOP('',(#1190,#1191,#1192,#1193));
#185=EDGE_LOOP('',(#1194,#1195,#1196,#1197));
#186=EDGE_LOOP('',(#1198,#1199,#1200,#1201,#1202,#1203,#1204,#1205,#1206,
#1207,#1208,#1209,#1210,#1211,#1212,#1213,#1214,#1215,#1216,#1217));
#187=EDGE_LOOP('',(#1218,#1219,#1220,#1221));
#188=EDGE_LOOP('',(#1222,#1223,#1224,#1225));
#189=EDGE_LOOP('',(#1226,#1227,#1228,#1229));
#190=EDGE_LOOP('',(#1230,#1231,#1232,#1233));
#191=EDGE_LOOP('',(#1234,#1235,#1236,#1237));
#192=EDGE_LOOP('',(#1238,#1239,#1240,#1241));
#193=EDGE_LOOP('',(#1242,#1243,#1244,#1245));
#194=EDGE_LOOP('',(#1246,#1247,#1248,#1249));
#195=EDGE_LOOP('',(#1250,#1251,#1252,#1253));
#196=EDGE_LOOP('',(#1254,#1255,#1256));
#197=EDGE_LOOP('',(#1257,#1258,#1259,#1260,#1261));
#198=LINE('',#1749,#362);
#199=LINE('',#1753,#363);
#200=LINE('',#1757,#364);
#201=LINE('',#1761,#365);
#202=LINE('',#1765,#366);
#203=LINE('',#1769,#367);
#204=LINE('',#1773,#368);
#205=LINE('',#1777,#369);
#206=LINE('',#1781,#370);
#207=LINE('',#1785,#371);
#208=LINE('',#1789,#372);
#209=LINE('',#1792,#373);
#210=LINE('',#1824,#374);
#211=LINE('',#1826,#375);
#212=LINE('',#1828,#376);
#213=LINE('',#1830,#377);
#214=LINE('',#1832,#378);
#215=LINE('',#1834,#379);
#216=LINE('',#1836,#380);
#217=LINE('',#1838,#381);
#218=LINE('',#1840,#382);
#219=LINE('',#1842,#383);
#220=LINE('',#1844,#384);
#221=LINE('',#1846,#385);
#222=LINE('',#1848,#386);
#223=LINE('',#1850,#387);
#224=LINE('',#1852,#388);
#225=LINE('',#1854,#389);
#226=LINE('',#1856,#390);
#227=LINE('',#1858,#391);
#228=LINE('',#1860,#392);
#229=LINE('',#1862,#393);
#230=LINE('',#1864,#394);
#231=LINE('',#1866,#395);
#232=LINE('',#1868,#396);
#233=LINE('',#1869,#397);
#234=LINE('',#1872,#398);
#235=LINE('',#1873,#399);
#236=LINE('',#1876,#400);
#237=LINE('',#1877,#401);
#238=LINE('',#1880,#402);
#239=LINE('',#1881,#403);
#240=LINE('',#1884,#404);
#241=LINE('',#1885,#405);
#242=LINE('',#1927,#406);
#243=LINE('',#1929,#407);
#244=LINE('',#1931,#408);
#245=LINE('',#1932,#409);
#246=LINE('',#1935,#410);
#247=LINE('',#1937,#411);
#248=LINE('',#1939,#412);
#249=LINE('',#1940,#413);
#250=LINE('',#1943,#414);
#251=LINE('',#1945,#415);
#252=LINE('',#1947,#416);
#253=LINE('',#1948,#417);
#254=LINE('',#1951,#418);
#255=LINE('',#1953,#419);
#256=LINE('',#1955,#420);
#257=LINE('',#1956,#421);
#258=LINE('',#1964,#422);
#259=LINE('',#1965,#423);
#260=LINE('',#1968,#424);
#261=LINE('',#1969,#425);
#262=LINE('',#1973,#426);
#263=LINE('',#1976,#427);
#264=LINE('',#1977,#428);
#265=LINE('',#1981,#429);
#266=LINE('',#1984,#430);
#267=LINE('',#1985,#431);
#268=LINE('',#1989,#432);
#269=LINE('',#1992,#433);
#270=LINE('',#1993,#434);
#271=LINE('',#1997,#435);
#272=LINE('',#2000,#436);
#273=LINE('',#2001,#437);
#274=LINE('',#2005,#438);
#275=LINE('',#2008,#439);
#276=LINE('',#2009,#440);
#277=LINE('',#2013,#441);
#278=LINE('',#2016,#442);
#279=LINE('',#2017,#443);
#280=LINE('',#2021,#444);
#281=LINE('',#2024,#445);
#282=LINE('',#2025,#446);
#283=LINE('',#2029,#447);
#284=LINE('',#2032,#448);
#285=LINE('',#2033,#449);
#286=LINE('',#2037,#450);
#287=LINE('',#2040,#451);
#288=LINE('',#2041,#452);
#289=LINE('',#2045,#453);
#290=LINE('',#2048,#454);
#291=LINE('',#2049,#455);
#292=LINE('',#2053,#456);
#293=LINE('',#2055,#457);
#294=LINE('',#2061,#458);
#295=LINE('',#2063,#459);
#296=LINE('',#2065,#460);
#297=LINE('',#2066,#461);
#298=LINE('',#2070,#462);
#299=LINE('',#2072,#463);
#300=LINE('',#2074,#464);
#301=LINE('',#2075,#465);
#302=LINE('',#2079,#466);
#303=LINE('',#2081,#467);
#304=LINE('',#2083,#468);
#305=LINE('',#2084,#469);
#306=LINE('',#2088,#470);
#307=LINE('',#2090,#471);
#308=LINE('',#2092,#472);
#309=LINE('',#2094,#473);
#310=LINE('',#2096,#474);
#311=LINE('',#2098,#475);
#312=LINE('',#2100,#476);
#313=LINE('',#2102,#477);
#314=LINE('',#2104,#478);
#315=LINE('',#2106,#479);
#316=LINE('',#2108,#480);
#317=LINE('',#2110,#481);
#318=LINE('',#2112,#482);
#319=LINE('',#2114,#483);
#320=LINE('',#2116,#484);
#321=LINE('',#2118,#485);
#322=LINE('',#2120,#486);
#323=LINE('',#2122,#487);
#324=LINE('',#2124,#488);
#325=LINE('',#2125,#489);
#326=LINE('',#2128,#490);
#327=LINE('',#2130,#491);
#328=LINE('',#2132,#492);
#329=LINE('',#2133,#493);
#330=LINE('',#2137,#494);
#331=LINE('',#2139,#495);
#332=LINE('',#2141,#496);
#333=LINE('',#2142,#497);
#334=LINE('',#2146,#498);
#335=LINE('',#2148,#499);
#336=LINE('',#2150,#500);
#337=LINE('',#2151,#501);
#338=LINE('',#2155,#502);
#339=LINE('',#2157,#503);
#340=LINE('',#2159,#504);
#341=LINE('',#2160,#505);
#342=LINE('',#2164,#506);
#343=LINE('',#2166,#507);
#344=LINE('',#2168,#508);
#345=LINE('',#2169,#509);
#346=LINE('',#2173,#510);
#347=LINE('',#2175,#511);
#348=LINE('',#2177,#512);
#349=LINE('',#2178,#513);
#350=LINE('',#2181,#514);
#351=LINE('',#2183,#515);
#352=LINE('',#2185,#516);
#353=LINE('',#2186,#517);
#354=LINE('',#2189,#518);
#355=LINE('',#2191,#519);
#356=LINE('',#2193,#520);
#357=LINE('',#2194,#521);
#358=LINE('',#2197,#522);
#359=LINE('',#2199,#523);
#360=LINE('',#2201,#524);
#361=LINE('',#2202,#525);
#362=VECTOR('',#1437,1000.);
#363=VECTOR('',#1440,1000.);
#364=VECTOR('',#1443,1000.);
#365=VECTOR('',#1446,1000.);
#366=VECTOR('',#1449,1000.);
#367=VECTOR('',#1452,1000.);
#368=VECTOR('',#1455,1000.);
#369=VECTOR('',#1458,1000.);
#370=VECTOR('',#1461,1000.);
#371=VECTOR('',#1464,1000.);
#372=VECTOR('',#1467,1000.);
#373=VECTOR('',#1470,1000.);
#374=VECTOR('',#1471,1000.);
#375=VECTOR('',#1472,1000.);
#376=VECTOR('',#1473,1000.);
#377=VECTOR('',#1474,1000.);
#378=VECTOR('',#1475,1000.);
#379=VECTOR('',#1476,1000.);
#380=VECTOR('',#1477,1000.);
#381=VECTOR('',#1478,1000.);
#382=VECTOR('',#1479,1000.);
#383=VECTOR('',#1480,1000.);
#384=VECTOR('',#1481,1000.);
#385=VECTOR('',#1482,1000.);
#386=VECTOR('',#1483,1000.);
#387=VECTOR('',#1484,1000.);
#388=VECTOR('',#1485,1000.);
#389=VECTOR('',#1486,1000.);
#390=VECTOR('',#1487,1000.);
#391=VECTOR('',#1488,1000.);
#392=VECTOR('',#1489,1000.);
#393=VECTOR('',#1490,1000.);
#394=VECTOR('',#1491,1000.);
#395=VECTOR('',#1492,1000.);
#396=VECTOR('',#1493,1000.);
#397=VECTOR('',#1494,1000.);
#398=VECTOR('',#1497,1000.);
#399=VECTOR('',#1498,1000.);
#400=VECTOR('',#1501,1000.);
#401=VECTOR('',#1502,1000.);
#402=VECTOR('',#1505,1000.);
#403=VECTOR('',#1506,1000.);
#404=VECTOR('',#1509,1000.);
#405=VECTOR('',#1510,1000.);
#406=VECTOR('',#1519,1000.);
#407=VECTOR('',#1520,1000.);
#408=VECTOR('',#1521,1000.);
#409=VECTOR('',#1522,1000.);
#410=VECTOR('',#1523,1000.);
#411=VECTOR('',#1524,1000.);
#412=VECTOR('',#1525,1000.);
#413=VECTOR('',#1526,1000.);
#414=VECTOR('',#1527,1000.);
#415=VECTOR('',#1528,1000.);
#416=VECTOR('',#1529,1000.);
#417=VECTOR('',#1530,1000.);
#418=VECTOR('',#1531,1000.);
#419=VECTOR('',#1532,1000.);
#420=VECTOR('',#1533,1000.);
#421=VECTOR('',#1534,1000.);
#422=VECTOR('',#1545,1000.);
#423=VECTOR('',#1546,1000.);
#424=VECTOR('',#1549,1000.);
#425=VECTOR('',#1550,1000.);
#426=VECTOR('',#1555,1000.);
#427=VECTOR('',#1558,1000.);
#428=VECTOR('',#1559,1000.);
#429=VECTOR('',#1564,1000.);
#430=VECTOR('',#1567,1000.);
#431=VECTOR('',#1568,1000.);
#432=VECTOR('',#1573,1000.);
#433=VECTOR('',#1576,1000.);
#434=VECTOR('',#1577,1000.);
#435=VECTOR('',#1582,1000.);
#436=VECTOR('',#1585,1000.);
#437=VECTOR('',#1586,1000.);
#438=VECTOR('',#1591,1000.);
#439=VECTOR('',#1594,1000.);
#440=VECTOR('',#1595,1000.);
#441=VECTOR('',#1600,1000.);
#442=VECTOR('',#1603,1000.);
#443=VECTOR('',#1604,1000.);
#444=VECTOR('',#1609,1000.);
#445=VECTOR('',#1612,1000.);
#446=VECTOR('',#1613,1000.);
#447=VECTOR('',#1618,1000.);
#448=VECTOR('',#1621,1000.);
#449=VECTOR('',#1622,1000.);
#450=VECTOR('',#1627,1000.);
#451=VECTOR('',#1630,1000.);
#452=VECTOR('',#1631,1000.);
#453=VECTOR('',#1636,1000.);
#454=VECTOR('',#1639,1000.);
#455=VECTOR('',#1640,1000.);
#456=VECTOR('',#1645,1000.);
#457=VECTOR('',#1648,1000.);
#458=VECTOR('',#1655,1000.);
#459=VECTOR('',#1656,1000.);
#460=VECTOR('',#1657,1000.);
#461=VECTOR('',#1658,1000.);
#462=VECTOR('',#1661,1000.);
#463=VECTOR('',#1662,1000.);
#464=VECTOR('',#1663,1000.);
#465=VECTOR('',#1664,1000.);
#466=VECTOR('',#1667,1000.);
#467=VECTOR('',#1668,1000.);
#468=VECTOR('',#1669,1000.);
#469=VECTOR('',#1670,1000.);
#470=VECTOR('',#1673,1000.);
#471=VECTOR('',#1674,1000.);
#472=VECTOR('',#1675,1000.);
#473=VECTOR('',#1676,1000.);
#474=VECTOR('',#1677,1000.);
#475=VECTOR('',#1678,1000.);
#476=VECTOR('',#1679,1000.);
#477=VECTOR('',#1680,1000.);
#478=VECTOR('',#1681,1000.);
#479=VECTOR('',#1682,1000.);
#480=VECTOR('',#1683,1000.);
#481=VECTOR('',#1684,1000.);
#482=VECTOR('',#1685,1000.);
#483=VECTOR('',#1686,1000.);
#484=VECTOR('',#1687,1000.);
#485=VECTOR('',#1688,1000.);
#486=VECTOR('',#1689,1000.);
#487=VECTOR('',#1690,1000.);
#488=VECTOR('',#1691,1000.);
#489=VECTOR('',#1692,1000.);
#490=VECTOR('',#1693,1000.);
#491=VECTOR('',#1694,1000.);
#492=VECTOR('',#1695,1000.);
#493=VECTOR('',#1696,1000.);
#494=VECTOR('',#1699,1000.);
#495=VECTOR('',#1700,1000.);
#496=VECTOR('',#1701,1000.);
#497=VECTOR('',#1702,1000.);
#498=VECTOR('',#1705,1000.);
#499=VECTOR('',#1706,1000.);
#500=VECTOR('',#1707,1000.);
#501=VECTOR('',#1708,1000.);
#502=VECTOR('',#1711,1000.);
#503=VECTOR('',#1712,1000.);
#504=VECTOR('',#1713,1000.);
#505=VECTOR('',#1714,1000.);
#506=VECTOR('',#1717,1000.);
#507=VECTOR('',#1718,1000.);
#508=VECTOR('',#1719,1000.);
#509=VECTOR('',#1720,1000.);
#510=VECTOR('',#1723,1000.);
#511=VECTOR('',#1724,1000.);
#512=VECTOR('',#1725,1000.);
#513=VECTOR('',#1726,1000.);
#514=VECTOR('',#1727,1000.);
#515=VECTOR('',#1728,1000.);
#516=VECTOR('',#1729,1000.);
#517=VECTOR('',#1730,1000.);
#518=VECTOR('',#1731,1000.);
#519=VECTOR('',#1732,1000.);
#520=VECTOR('',#1733,1000.);
#521=VECTOR('',#1734,1000.);
#522=VECTOR('',#1735,1000.);
#523=VECTOR('',#1736,1000.);
#524=VECTOR('',#1737,1000.);
#525=VECTOR('',#1738,1000.);
#526=CIRCLE('',#1359,2.);
#527=CIRCLE('',#1360,0.499999999999999);
#528=CIRCLE('',#1361,2.);
#529=CIRCLE('',#1362,2.);
#530=CIRCLE('',#1363,0.499999999999999);
#531=CIRCLE('',#1364,2.);
#532=CIRCLE('',#1365,2.);
#533=CIRCLE('',#1366,0.499999999999999);
#534=CIRCLE('',#1367,2.);
#535=CIRCLE('',#1368,2.);
#536=CIRCLE('',#1369,0.500000000000001);
#537=CIRCLE('',#1370,2.);
#538=CIRCLE('',#1383,2.);
#539=CIRCLE('',#1386,0.499999999999999);
#540=CIRCLE('',#1389,2.);
#541=CIRCLE('',#1392,2.);
#542=CIRCLE('',#1395,0.499999999999999);
#543=CIRCLE('',#1398,2.);
#544=CIRCLE('',#1401,2.);
#545=CIRCLE('',#1404,0.499999999999999);
#546=CIRCLE('',#1407,2.);
#547=CIRCLE('',#1410,2.);
#548=CIRCLE('',#1413,0.500000000000001);
#549=CIRCLE('',#1416,2.);
#550=VERTEX_POINT('',#1745);
#551=VERTEX_POINT('',#1746);
#552=VERTEX_POINT('',#1748);
#553=VERTEX_POINT('',#1750);
#554=VERTEX_POINT('',#1752);
#555=VERTEX_POINT('',#1754);
#556=VERTEX_POINT('',#1756);
#557=VERTEX_POINT('',#1758);
#558=VERTEX_POINT('',#1760);
#559=VERTEX_POINT('',#1762);
#560=VERTEX_POINT('',#1764);
#561=VERTEX_POINT('',#1766);
#562=VERTEX_POINT('',#1768);
#563=VERTEX_POINT('',#1770);
#564=VERTEX_POINT('',#1772);
#565=VERTEX_POINT('',#1774);
#566=VERTEX_POINT('',#1776);
#567=VERTEX_POINT('',#1778);
#568=VERTEX_POINT('',#1780);
#569=VERTEX_POINT('',#1782);
#570=VERTEX_POINT('',#1784);
#571=VERTEX_POINT('',#1786);
#572=VERTEX_POINT('',#1788);
#573=VERTEX_POINT('',#1790);
#574=VERTEX_POINT('',#1793);
#575=VERTEX_POINT('',#1794);
#576=VERTEX_POINT('',#1802);
#577=VERTEX_POINT('',#1822);
#578=VERTEX_POINT('',#1823);
#579=VERTEX_POINT('',#1825);
#580=VERTEX_POINT('',#1827);
#581=VERTEX_POINT('',#1829);
#582=VERTEX_POINT('',#1831);
#583=VERTEX_POINT('',#1833);
#584=VERTEX_POINT('',#1835);
#585=VERTEX_POINT('',#1837);
#586=VERTEX_POINT('',#1839);
#587=VERTEX_POINT('',#1841);
#588=VERTEX_POINT('',#1843);
#589=VERTEX_POINT('',#1845);
#590=VERTEX_POINT('',#1847);
#591=VERTEX_POINT('',#1849);
#592=VERTEX_POINT('',#1851);
#593=VERTEX_POINT('',#1853);
#594=VERTEX_POINT('',#1855);
#595=VERTEX_POINT('',#1857);
#596=VERTEX_POINT('',#1859);
#597=VERTEX_POINT('',#1861);
#598=VERTEX_POINT('',#1863);
#599=VERTEX_POINT('',#1865);
#600=VERTEX_POINT('',#1867);
#601=VERTEX_POINT('',#1871);
#602=VERTEX_POINT('',#1875);
#603=VERTEX_POINT('',#1879);
#604=VERTEX_POINT('',#1883);
#605=VERTEX_POINT('',#1887);
#606=VERTEX_POINT('',#1888);
#607=VERTEX_POINT('',#1896);
#608=VERTEX_POINT('',#1904);
#609=VERTEX_POINT('',#1914);
#610=VERTEX_POINT('',#1925);
#611=VERTEX_POINT('',#1926);
#612=VERTEX_POINT('',#1928);
#613=VERTEX_POINT('',#1930);
#614=VERTEX_POINT('',#1933);
#615=VERTEX_POINT('',#1934);
#616=VERTEX_POINT('',#1936);
#617=VERTEX_POINT('',#1938);
#618=VERTEX_POINT('',#1941);
#619=VERTEX_POINT('',#1942);
#620=VERTEX_POINT('',#1944);
#621=VERTEX_POINT('',#1946);
#622=VERTEX_POINT('',#1949);
#623=VERTEX_POINT('',#1950);
#624=VERTEX_POINT('',#1952);
#625=VERTEX_POINT('',#1954);
#626=VERTEX_POINT('',#1961);
#627=VERTEX_POINT('',#1962);
#628=VERTEX_POINT('',#1967);
#629=VERTEX_POINT('',#1971);
#630=VERTEX_POINT('',#1975);
#631=VERTEX_POINT('',#1979);
#632=VERTEX_POINT('',#1983);
#633=VERTEX_POINT('',#1987);
#634=VERTEX_POINT('',#1991);
#635=VERTEX_POINT('',#1995);
#636=VERTEX_POINT('',#1999);
#637=VERTEX_POINT('',#2003);
#638=VERTEX_POINT('',#2007);
#639=VERTEX_POINT('',#2011);
#640=VERTEX_POINT('',#2015);
#641=VERTEX_POINT('',#2019);
#642=VERTEX_POINT('',#2023);
#643=VERTEX_POINT('',#2027);
#644=VERTEX_POINT('',#2031);
#645=VERTEX_POINT('',#2035);
#646=VERTEX_POINT('',#2039);
#647=VERTEX_POINT('',#2043);
#648=VERTEX_POINT('',#2047);
#649=VERTEX_POINT('',#2051);
#650=VERTEX_POINT('',#2059);
#651=VERTEX_POINT('',#2060);
#652=VERTEX_POINT('',#2062);
#653=VERTEX_POINT('',#2064);
#654=VERTEX_POINT('',#2068);
#655=VERTEX_POINT('',#2069);
#656=VERTEX_POINT('',#2071);
#657=VERTEX_POINT('',#2073);
#658=VERTEX_POINT('',#2077);
#659=VERTEX_POINT('',#2078);
#660=VERTEX_POINT('',#2080);
#661=VERTEX_POINT('',#2082);
#662=VERTEX_POINT('',#2086);
#663=VERTEX_POINT('',#2087);
#664=VERTEX_POINT('',#2089);
#665=VERTEX_POINT('',#2091);
#666=VERTEX_POINT('',#2093);
#667=VERTEX_POINT('',#2095);
#668=VERTEX_POINT('',#2097);
#669=VERTEX_POINT('',#2099);
#670=VERTEX_POINT('',#2101);
#671=VERTEX_POINT('',#2103);
#672=VERTEX_POINT('',#2105);
#673=VERTEX_POINT('',#2107);
#674=VERTEX_POINT('',#2109);
#675=VERTEX_POINT('',#2111);
#676=VERTEX_POINT('',#2113);
#677=VERTEX_POINT('',#2115);
#678=VERTEX_POINT('',#2117);
#679=VERTEX_POINT('',#2119);
#680=VERTEX_POINT('',#2121);
#681=VERTEX_POINT('',#2123);
#682=VERTEX_POINT('',#2126);
#683=VERTEX_POINT('',#2127);
#684=VERTEX_POINT('',#2129);
#685=VERTEX_POINT('',#2131);
#686=VERTEX_POINT('',#2135);
#687=VERTEX_POINT('',#2136);
#688=VERTEX_POINT('',#2138);
#689=VERTEX_POINT('',#2140);
#690=VERTEX_POINT('',#2144);
#691=VERTEX_POINT('',#2145);
#692=VERTEX_POINT('',#2147);
#693=VERTEX_POINT('',#2149);
#694=VERTEX_POINT('',#2153);
#695=VERTEX_POINT('',#2154);
#696=VERTEX_POINT('',#2156);
#697=VERTEX_POINT('',#2158);
#698=VERTEX_POINT('',#2162);
#699=VERTEX_POINT('',#2163);
#700=VERTEX_POINT('',#2165);
#701=VERTEX_POINT('',#2167);
#702=VERTEX_POINT('',#2171);
#703=VERTEX_POINT('',#2172);
#704=VERTEX_POINT('',#2174);
#705=VERTEX_POINT('',#2176);
#706=VERTEX_POINT('',#2179);
#707=VERTEX_POINT('',#2180);
#708=VERTEX_POINT('',#2182);
#709=VERTEX_POINT('',#2184);
#710=VERTEX_POINT('',#2187);
#711=VERTEX_POINT('',#2188);
#712=VERTEX_POINT('',#2190);
#713=VERTEX_POINT('',#2192);
#714=VERTEX_POINT('',#2195);
#715=VERTEX_POINT('',#2196);
#716=VERTEX_POINT('',#2198);
#717=VERTEX_POINT('',#2200);
#718=VERTEX_POINT('',#2204);
#719=VERTEX_POINT('',#2205);
#720=VERTEX_POINT('',#2213);
#721=VERTEX_POINT('',#2234);
#722=VERTEX_POINT('',#2235);
#723=VERTEX_POINT('',#2243);
#724=VERTEX_POINT('',#2251);
#725=VERTEX_POINT('',#2262);
#726=EDGE_CURVE('',#550,#551,#526,.T.);
#727=EDGE_CURVE('',#551,#552,#198,.T.);
#728=EDGE_CURVE('',#552,#553,#527,.T.);
#729=EDGE_CURVE('',#553,#554,#199,.T.);
#730=EDGE_CURVE('',#554,#555,#528,.T.);
#731=EDGE_CURVE('',#555,#556,#200,.T.);
#732=EDGE_CURVE('',#556,#557,#529,.T.);
#733=EDGE_CURVE('',#557,#558,#201,.T.);
#734=EDGE_CURVE('',#558,#559,#530,.T.);
#735=EDGE_CURVE('',#559,#560,#202,.T.);
#736=EDGE_CURVE('',#560,#561,#531,.T.);
#737=EDGE_CURVE('',#561,#562,#203,.T.);
#738=EDGE_CURVE('',#562,#563,#532,.T.);
#739=EDGE_CURVE('',#563,#564,#204,.T.);
#740=EDGE_CURVE('',#564,#565,#533,.T.);
#741=EDGE_CURVE('',#565,#566,#205,.T.);
#742=EDGE_CURVE('',#566,#567,#534,.T.);
#743=EDGE_CURVE('',#567,#568,#206,.T.);
#744=EDGE_CURVE('',#568,#569,#535,.T.);
#745=EDGE_CURVE('',#569,#570,#207,.T.);
#746=EDGE_CURVE('',#570,#571,#536,.T.);
#747=EDGE_CURVE('',#571,#572,#208,.T.);
#748=EDGE_CURVE('',#572,#573,#537,.T.);
#749=EDGE_CURVE('',#573,#550,#209,.T.);
#750=EDGE_CURVE('',#574,#575,#78,.T.);
#751=EDGE_CURVE('',#576,#574,#79,.T.);
#752=EDGE_CURVE('',#575,#576,#80,.T.);
#753=EDGE_CURVE('',#577,#578,#210,.T.);
#754=EDGE_CURVE('',#579,#577,#211,.T.);
#755=EDGE_CURVE('',#580,#579,#212,.T.);
#756=EDGE_CURVE('',#581,#580,#213,.T.);
#757=EDGE_CURVE('',#582,#581,#214,.T.);
#758=EDGE_CURVE('',#583,#582,#215,.T.);
#759=EDGE_CURVE('',#584,#583,#216,.T.);
#760=EDGE_CURVE('',#585,#584,#217,.T.);
#761=EDGE_CURVE('',#586,#585,#218,.T.);
#762=EDGE_CURVE('',#587,#586,#219,.T.);
#763=EDGE_CURVE('',#588,#587,#220,.T.);
#764=EDGE_CURVE('',#589,#588,#221,.T.);
#765=EDGE_CURVE('',#590,#589,#222,.T.);
#766=EDGE_CURVE('',#591,#590,#223,.T.);
#767=EDGE_CURVE('',#592,#591,#224,.T.);
#768=EDGE_CURVE('',#593,#592,#225,.T.);
#769=EDGE_CURVE('',#594,#593,#226,.T.);
#770=EDGE_CURVE('',#595,#594,#227,.T.);
#771=EDGE_CURVE('',#596,#595,#228,.T.);
#772=EDGE_CURVE('',#597,#596,#229,.T.);
#773=EDGE_CURVE('',#598,#597,#230,.T.);
#774=EDGE_CURVE('',#599,#598,#231,.T.);
#775=EDGE_CURVE('',#600,#599,#232,.T.);
#776=EDGE_CURVE('',#578,#600,#233,.T.);
#777=EDGE_CURVE('',#577,#601,#234,.T.);
#778=EDGE_CURVE('',#601,#600,#235,.T.);
#779=EDGE_CURVE('',#599,#602,#236,.T.);
#780=EDGE_CURVE('',#602,#597,#237,.T.);
#781=EDGE_CURVE('',#584,#603,#238,.T.);
#782=EDGE_CURVE('',#603,#582,#239,.T.);
#783=EDGE_CURVE('',#593,#604,#240,.T.);
#784=EDGE_CURVE('',#604,#591,#241,.T.);
#785=EDGE_CURVE('',#605,#606,#81,.T.);
#786=EDGE_CURVE('',#607,#605,#82,.T.);
#787=EDGE_CURVE('',#608,#607,#83,.T.);
#788=EDGE_CURVE('',#609,#608,#84,.T.);
#789=EDGE_CURVE('',#606,#609,#64,.T.);
#790=EDGE_CURVE('',#610,#611,#242,.T.);
#791=EDGE_CURVE('',#611,#612,#243,.T.);
#792=EDGE_CURVE('',#612,#613,#244,.T.);
#793=EDGE_CURVE('',#613,#610,#245,.T.);
#794=EDGE_CURVE('',#614,#615,#246,.T.);
#795=EDGE_CURVE('',#616,#614,#247,.T.);
#796=EDGE_CURVE('',#617,#616,#248,.T.);
#797=EDGE_CURVE('',#615,#617,#249,.T.);
#798=EDGE_CURVE('',#618,#619,#250,.T.);
#799=EDGE_CURVE('',#620,#618,#251,.T.);
#800=EDGE_CURVE('',#621,#620,#252,.T.);
#801=EDGE_CURVE('',#619,#621,#253,.T.);
#802=EDGE_CURVE('',#622,#623,#254,.T.);
#803=EDGE_CURVE('',#624,#622,#255,.T.);
#804=EDGE_CURVE('',#625,#624,#256,.T.);
#805=EDGE_CURVE('',#623,#625,#257,.T.);
#806=EDGE_CURVE('',#626,#627,#538,.T.);
#807=EDGE_CURVE('',#551,#627,#258,.T.);
#808=EDGE_CURVE('',#550,#626,#259,.T.);
#809=EDGE_CURVE('',#627,#628,#260,.T.);
#810=EDGE_CURVE('',#552,#628,#261,.T.);
#811=EDGE_CURVE('',#628,#629,#539,.T.);
#812=EDGE_CURVE('',#553,#629,#262,.T.);
#813=EDGE_CURVE('',#629,#630,#263,.T.);
#814=EDGE_CURVE('',#554,#630,#264,.T.);
#815=EDGE_CURVE('',#630,#631,#540,.T.);
#816=EDGE_CURVE('',#555,#631,#265,.T.);
#817=EDGE_CURVE('',#631,#632,#266,.T.);
#818=EDGE_CURVE('',#556,#632,#267,.T.);
#819=EDGE_CURVE('',#632,#633,#541,.T.);
#820=EDGE_CURVE('',#557,#633,#268,.T.);
#821=EDGE_CURVE('',#633,#634,#269,.T.);
#822=EDGE_CURVE('',#558,#634,#270,.T.);
#823=EDGE_CURVE('',#634,#635,#542,.T.);
#824=EDGE_CURVE('',#559,#635,#271,.T.);
#825=EDGE_CURVE('',#635,#636,#272,.T.);
#826=EDGE_CURVE('',#560,#636,#273,.T.);
#827=EDGE_CURVE('',#636,#637,#543,.T.);
#828=EDGE_CURVE('',#561,#637,#274,.T.);
#829=EDGE_CURVE('',#637,#638,#275,.T.);
#830=EDGE_CURVE('',#562,#638,#276,.T.);
#831=EDGE_CURVE('',#638,#639,#544,.T.);
#832=EDGE_CURVE('',#563,#639,#277,.T.);
#833=EDGE_CURVE('',#639,#640,#278,.T.);
#834=EDGE_CURVE('',#564,#640,#279,.T.);
#835=EDGE_CURVE('',#640,#641,#545,.T.);
#836=EDGE_CURVE('',#565,#641,#280,.T.);
#837=EDGE_CURVE('',#641,#642,#281,.T.);
#838=EDGE_CURVE('',#566,#642,#282,.T.);
#839=EDGE_CURVE('',#642,#643,#546,.T.);
#840=EDGE_CURVE('',#567,#643,#283,.T.);
#841=EDGE_CURVE('',#643,#644,#284,.T.);
#842=EDGE_CURVE('',#568,#644,#285,.T.);
#843=EDGE_CURVE('',#644,#645,#547,.T.);
#844=EDGE_CURVE('',#569,#645,#286,.T.);
#845=EDGE_CURVE('',#645,#646,#287,.T.);
#846=EDGE_CURVE('',#570,#646,#288,.T.);
#847=EDGE_CURVE('',#646,#647,#548,.T.);
#848=EDGE_CURVE('',#571,#647,#289,.T.);
#849=EDGE_CURVE('',#647,#648,#290,.T.);
#850=EDGE_CURVE('',#572,#648,#291,.T.);
#851=EDGE_CURVE('',#648,#649,#549,.T.);
#852=EDGE_CURVE('',#573,#649,#292,.T.);
#853=EDGE_CURVE('',#649,#626,#293,.T.);
#854=EDGE_CURVE('',#650,#651,#294,.T.);
#855=EDGE_CURVE('',#651,#652,#295,.T.);
#856=EDGE_CURVE('',#652,#653,#296,.T.);
#857=EDGE_CURVE('',#653,#650,#297,.T.);
#858=EDGE_CURVE('',#654,#655,#298,.T.);
#859=EDGE_CURVE('',#655,#656,#299,.T.);
#860=EDGE_CURVE('',#656,#657,#300,.T.);
#861=EDGE_CURVE('',#657,#654,#301,.T.);
#862=EDGE_CURVE('',#658,#659,#302,.T.);
#863=EDGE_CURVE('',#659,#660,#303,.T.);
#864=EDGE_CURVE('',#660,#661,#304,.T.);
#865=EDGE_CURVE('',#661,#658,#305,.T.);
#866=EDGE_CURVE('',#662,#663,#306,.T.);
#867=EDGE_CURVE('',#663,#664,#307,.T.);
#868=EDGE_CURVE('',#664,#665,#308,.T.);
#869=EDGE_CURVE('',#665,#666,#309,.T.);
#870=EDGE_CURVE('',#666,#667,#310,.T.);
#871=EDGE_CURVE('',#667,#668,#311,.T.);
#872=EDGE_CURVE('',#668,#669,#312,.T.);
#873=EDGE_CURVE('',#669,#670,#313,.T.);
#874=EDGE_CURVE('',#670,#671,#314,.T.);
#875=EDGE_CURVE('',#671,#672,#315,.T.);
#876=EDGE_CURVE('',#672,#673,#316,.T.);
#877=EDGE_CURVE('',#673,#674,#317,.T.);
#878=EDGE_CURVE('',#674,#675,#318,.T.);
#879=EDGE_CURVE('',#675,#676,#319,.T.);
#880=EDGE_CURVE('',#676,#677,#320,.T.);
#881=EDGE_CURVE('',#677,#678,#321,.T.);
#882=EDGE_CURVE('',#678,#679,#322,.T.);
#883=EDGE_CURVE('',#679,#680,#323,.T.);
#884=EDGE_CURVE('',#680,#681,#324,.T.);
#885=EDGE_CURVE('',#681,#662,#325,.T.);
#886=EDGE_CURVE('',#682,#683,#326,.T.);
#887=EDGE_CURVE('',#684,#682,#327,.T.);
#888=EDGE_CURVE('',#685,#684,#328,.T.);
#889=EDGE_CURVE('',#683,#685,#329,.T.);
#890=EDGE_CURVE('',#686,#687,#330,.T.);
#891=EDGE_CURVE('',#686,#688,#331,.T.);
#892=EDGE_CURVE('',#688,#689,#332,.T.);
#893=EDGE_CURVE('',#687,#689,#333,.T.);
#894=EDGE_CURVE('',#690,#691,#334,.T.);
#895=EDGE_CURVE('',#690,#692,#335,.T.);
#896=EDGE_CURVE('',#692,#693,#336,.T.);
#897=EDGE_CURVE('',#691,#693,#337,.T.);
#898=EDGE_CURVE('',#694,#695,#338,.T.);
#899=EDGE_CURVE('',#694,#696,#339,.T.);
#900=EDGE_CURVE('',#696,#697,#340,.T.);
#901=EDGE_CURVE('',#695,#697,#341,.T.);
#902=EDGE_CURVE('',#698,#699,#342,.T.);
#903=EDGE_CURVE('',#698,#700,#343,.T.);
#904=EDGE_CURVE('',#700,#701,#344,.T.);
#905=EDGE_CURVE('',#699,#701,#345,.T.);
#906=EDGE_CURVE('',#702,#703,#346,.T.);
#907=EDGE_CURVE('',#703,#704,#347,.T.);
#908=EDGE_CURVE('',#704,#705,#348,.T.);
#909=EDGE_CURVE('',#705,#702,#349,.T.);
#910=EDGE_CURVE('',#706,#707,#350,.T.);
#911=EDGE_CURVE('',#708,#706,#351,.T.);
#912=EDGE_CURVE('',#709,#708,#352,.T.);
#913=EDGE_CURVE('',#707,#709,#353,.T.);
#914=EDGE_CURVE('',#710,#711,#354,.T.);
#915=EDGE_CURVE('',#712,#710,#355,.T.);
#916=EDGE_CURVE('',#713,#712,#356,.T.);
#917=EDGE_CURVE('',#711,#713,#357,.T.);
#918=EDGE_CURVE('',#714,#715,#358,.T.);
#919=EDGE_CURVE('',#716,#714,#359,.T.);
#920=EDGE_CURVE('',#717,#716,#360,.T.);
#921=EDGE_CURVE('',#715,#717,#361,.T.);
#922=EDGE_CURVE('',#718,#719,#85,.T.);
#923=EDGE_CURVE('',#719,#720,#86,.T.);
#924=EDGE_CURVE('',#720,#718,#87,.T.);
#925=EDGE_CURVE('',#721,#722,#88,.T.);
#926=EDGE_CURVE('',#723,#721,#89,.T.);
#927=EDGE_CURVE('',#724,#723,#90,.T.);
#928=EDGE_CURVE('',#725,#724,#91,.T.);
#929=EDGE_CURVE('',#722,#725,#65,.T.);
#930=ORIENTED_EDGE('',*,*,#726,.T.);
#931=ORIENTED_EDGE('',*,*,#727,.T.);
#932=ORIENTED_EDGE('',*,*,#728,.T.);
#933=ORIENTED_EDGE('',*,*,#729,.T.);
#934=ORIENTED_EDGE('',*,*,#730,.T.);
#935=ORIENTED_EDGE('',*,*,#731,.T.);
#936=ORIENTED_EDGE('',*,*,#732,.T.);
#937=ORIENTED_EDGE('',*,*,#733,.T.);
#938=ORIENTED_EDGE('',*,*,#734,.T.);
#939=ORIENTED_EDGE('',*,*,#735,.T.);
#940=ORIENTED_EDGE('',*,*,#736,.T.);
#941=ORIENTED_EDGE('',*,*,#737,.T.);
#942=ORIENTED_EDGE('',*,*,#738,.T.);
#943=ORIENTED_EDGE('',*,*,#739,.T.);
#944=ORIENTED_EDGE('',*,*,#740,.T.);
#945=ORIENTED_EDGE('',*,*,#741,.T.);
#946=ORIENTED_EDGE('',*,*,#742,.T.);
#947=ORIENTED_EDGE('',*,*,#743,.T.);
#948=ORIENTED_EDGE('',*,*,#744,.T.);
#949=ORIENTED_EDGE('',*,*,#745,.T.);
#950=ORIENTED_EDGE('',*,*,#746,.T.);
#951=ORIENTED_EDGE('',*,*,#747,.T.);
#952=ORIENTED_EDGE('',*,*,#748,.T.);
#953=ORIENTED_EDGE('',*,*,#749,.T.);
#954=ORIENTED_EDGE('',*,*,#750,.F.);
#955=ORIENTED_EDGE('',*,*,#751,.F.);
#956=ORIENTED_EDGE('',*,*,#752,.F.);
#957=ORIENTED_EDGE('',*,*,#753,.F.);
#958=ORIENTED_EDGE('',*,*,#754,.F.);
#959=ORIENTED_EDGE('',*,*,#755,.F.);
#960=ORIENTED_EDGE('',*,*,#756,.F.);
#961=ORIENTED_EDGE('',*,*,#757,.F.);
#962=ORIENTED_EDGE('',*,*,#758,.F.);
#963=ORIENTED_EDGE('',*,*,#759,.F.);
#964=ORIENTED_EDGE('',*,*,#760,.F.);
#965=ORIENTED_EDGE('',*,*,#761,.F.);
#966=ORIENTED_EDGE('',*,*,#762,.F.);
#967=ORIENTED_EDGE('',*,*,#763,.F.);
#968=ORIENTED_EDGE('',*,*,#764,.F.);
#969=ORIENTED_EDGE('',*,*,#765,.F.);
#970=ORIENTED_EDGE('',*,*,#766,.F.);
#971=ORIENTED_EDGE('',*,*,#767,.F.);
#972=ORIENTED_EDGE('',*,*,#768,.F.);
#973=ORIENTED_EDGE('',*,*,#769,.F.);
#974=ORIENTED_EDGE('',*,*,#770,.F.);
#975=ORIENTED_EDGE('',*,*,#771,.F.);
#976=ORIENTED_EDGE('',*,*,#772,.F.);
#977=ORIENTED_EDGE('',*,*,#773,.F.);
#978=ORIENTED_EDGE('',*,*,#774,.F.);
#979=ORIENTED_EDGE('',*,*,#775,.F.);
#980=ORIENTED_EDGE('',*,*,#776,.F.);
#981=ORIENTED_EDGE('',*,*,#777,.F.);
#982=ORIENTED_EDGE('',*,*,#753,.T.);
#983=ORIENTED_EDGE('',*,*,#776,.T.);
#984=ORIENTED_EDGE('',*,*,#778,.F.);
#985=ORIENTED_EDGE('',*,*,#779,.F.);
#986=ORIENTED_EDGE('',*,*,#774,.T.);
#987=ORIENTED_EDGE('',*,*,#773,.T.);
#988=ORIENTED_EDGE('',*,*,#780,.F.);
#989=ORIENTED_EDGE('',*,*,#781,.F.);
#990=ORIENTED_EDGE('',*,*,#759,.T.);
#991=ORIENTED_EDGE('',*,*,#758,.T.);
#992=ORIENTED_EDGE('',*,*,#782,.F.);
#993=ORIENTED_EDGE('',*,*,#783,.F.);
#994=ORIENTED_EDGE('',*,*,#768,.T.);
#995=ORIENTED_EDGE('',*,*,#767,.T.);
#996=ORIENTED_EDGE('',*,*,#784,.F.);
#997=ORIENTED_EDGE('',*,*,#751,.T.);
#998=ORIENTED_EDGE('',*,*,#750,.T.);
#999=ORIENTED_EDGE('',*,*,#752,.T.);
#1000=ORIENTED_EDGE('',*,*,#785,.F.);
#1001=ORIENTED_EDGE('',*,*,#786,.F.);
#1002=ORIENTED_EDGE('',*,*,#787,.F.);
#1003=ORIENTED_EDGE('',*,*,#788,.F.);
#1004=ORIENTED_EDGE('',*,*,#789,.F.);
#1005=ORIENTED_EDGE('',*,*,#786,.T.);
#1006=ORIENTED_EDGE('',*,*,#785,.T.);
#1007=ORIENTED_EDGE('',*,*,#789,.T.);
#1008=ORIENTED_EDGE('',*,*,#788,.T.);
#1009=ORIENTED_EDGE('',*,*,#787,.T.);
#1010=ORIENTED_EDGE('',*,*,#790,.T.);
#1011=ORIENTED_EDGE('',*,*,#791,.T.);
#1012=ORIENTED_EDGE('',*,*,#792,.T.);
#1013=ORIENTED_EDGE('',*,*,#793,.T.);
#1014=ORIENTED_EDGE('',*,*,#794,.F.);
#1015=ORIENTED_EDGE('',*,*,#795,.F.);
#1016=ORIENTED_EDGE('',*,*,#796,.F.);
#1017=ORIENTED_EDGE('',*,*,#797,.F.);
#1018=ORIENTED_EDGE('',*,*,#798,.F.);
#1019=ORIENTED_EDGE('',*,*,#799,.F.);
#1020=ORIENTED_EDGE('',*,*,#800,.F.);
#1021=ORIENTED_EDGE('',*,*,#801,.F.);
#1022=ORIENTED_EDGE('',*,*,#802,.F.);
#1023=ORIENTED_EDGE('',*,*,#803,.F.);
#1024=ORIENTED_EDGE('',*,*,#804,.F.);
#1025=ORIENTED_EDGE('',*,*,#805,.F.);
#1026=ORIENTED_EDGE('',*,*,#799,.T.);
#1027=ORIENTED_EDGE('',*,*,#798,.T.);
#1028=ORIENTED_EDGE('',*,*,#801,.T.);
#1029=ORIENTED_EDGE('',*,*,#800,.T.);
#1030=ORIENTED_EDGE('',*,*,#803,.T.);
#1031=ORIENTED_EDGE('',*,*,#802,.T.);
#1032=ORIENTED_EDGE('',*,*,#805,.T.);
#1033=ORIENTED_EDGE('',*,*,#804,.T.);
#1034=ORIENTED_EDGE('',*,*,#757,.T.);
#1035=ORIENTED_EDGE('',*,*,#756,.T.);
#1036=ORIENTED_EDGE('',*,*,#755,.T.);
#1037=ORIENTED_EDGE('',*,*,#754,.T.);
#1038=ORIENTED_EDGE('',*,*,#777,.T.);
#1039=ORIENTED_EDGE('',*,*,#778,.T.);
#1040=ORIENTED_EDGE('',*,*,#775,.T.);
#1041=ORIENTED_EDGE('',*,*,#779,.T.);
#1042=ORIENTED_EDGE('',*,*,#780,.T.);
#1043=ORIENTED_EDGE('',*,*,#772,.T.);
#1044=ORIENTED_EDGE('',*,*,#771,.T.);
#1045=ORIENTED_EDGE('',*,*,#770,.T.);
#1046=ORIENTED_EDGE('',*,*,#769,.T.);
#1047=ORIENTED_EDGE('',*,*,#783,.T.);
#1048=ORIENTED_EDGE('',*,*,#784,.T.);
#1049=ORIENTED_EDGE('',*,*,#766,.T.);
#1050=ORIENTED_EDGE('',*,*,#765,.T.);
#1051=ORIENTED_EDGE('',*,*,#764,.T.);
#1052=ORIENTED_EDGE('',*,*,#763,.T.);
#1053=ORIENTED_EDGE('',*,*,#762,.T.);
#1054=ORIENTED_EDGE('',*,*,#761,.T.);
#1055=ORIENTED_EDGE('',*,*,#760,.T.);
#1056=ORIENTED_EDGE('',*,*,#781,.T.);
#1057=ORIENTED_EDGE('',*,*,#782,.T.);
#1058=ORIENTED_EDGE('',*,*,#791,.F.);
#1059=ORIENTED_EDGE('',*,*,#790,.F.);
#1060=ORIENTED_EDGE('',*,*,#793,.F.);
#1061=ORIENTED_EDGE('',*,*,#792,.F.);
#1062=ORIENTED_EDGE('',*,*,#806,.T.);
#1063=ORIENTED_EDGE('',*,*,#807,.F.);
#1064=ORIENTED_EDGE('',*,*,#726,.F.);
#1065=ORIENTED_EDGE('',*,*,#808,.T.);
#1066=ORIENTED_EDGE('',*,*,#809,.T.);
#1067=ORIENTED_EDGE('',*,*,#810,.F.);
#1068=ORIENTED_EDGE('',*,*,#727,.F.);
#1069=ORIENTED_EDGE('',*,*,#807,.T.);
#1070=ORIENTED_EDGE('',*,*,#811,.T.);
#1071=ORIENTED_EDGE('',*,*,#812,.F.);
#1072=ORIENTED_EDGE('',*,*,#728,.F.);
#1073=ORIENTED_EDGE('',*,*,#810,.T.);
#1074=ORIENTED_EDGE('',*,*,#813,.T.);
#1075=ORIENTED_EDGE('',*,*,#814,.F.);
#1076=ORIENTED_EDGE('',*,*,#729,.F.);
#1077=ORIENTED_EDGE('',*,*,#812,.T.);
#1078=ORIENTED_EDGE('',*,*,#815,.T.);
#1079=ORIENTED_EDGE('',*,*,#816,.F.);
#1080=ORIENTED_EDGE('',*,*,#730,.F.);
#1081=ORIENTED_EDGE('',*,*,#814,.T.);
#1082=ORIENTED_EDGE('',*,*,#817,.T.);
#1083=ORIENTED_EDGE('',*,*,#818,.F.);
#1084=ORIENTED_EDGE('',*,*,#731,.F.);
#1085=ORIENTED_EDGE('',*,*,#816,.T.);
#1086=ORIENTED_EDGE('',*,*,#819,.T.);
#1087=ORIENTED_EDGE('',*,*,#820,.F.);
#1088=ORIENTED_EDGE('',*,*,#732,.F.);
#1089=ORIENTED_EDGE('',*,*,#818,.T.);
#1090=ORIENTED_EDGE('',*,*,#821,.T.);
#1091=ORIENTED_EDGE('',*,*,#822,.F.);
#1092=ORIENTED_EDGE('',*,*,#733,.F.);
#1093=ORIENTED_EDGE('',*,*,#820,.T.);
#1094=ORIENTED_EDGE('',*,*,#823,.T.);
#1095=ORIENTED_EDGE('',*,*,#824,.F.);
#1096=ORIENTED_EDGE('',*,*,#734,.F.);
#1097=ORIENTED_EDGE('',*,*,#822,.T.);
#1098=ORIENTED_EDGE('',*,*,#825,.T.);
#1099=ORIENTED_EDGE('',*,*,#826,.F.);
#1100=ORIENTED_EDGE('',*,*,#735,.F.);
#1101=ORIENTED_EDGE('',*,*,#824,.T.);
#1102=ORIENTED_EDGE('',*,*,#827,.T.);
#1103=ORIENTED_EDGE('',*,*,#828,.F.);
#1104=ORIENTED_EDGE('',*,*,#736,.F.);
#1105=ORIENTED_EDGE('',*,*,#826,.T.);
#1106=ORIENTED_EDGE('',*,*,#829,.T.);
#1107=ORIENTED_EDGE('',*,*,#830,.F.);
#1108=ORIENTED_EDGE('',*,*,#737,.F.);
#1109=ORIENTED_EDGE('',*,*,#828,.T.);
#1110=ORIENTED_EDGE('',*,*,#831,.T.);
#1111=ORIENTED_EDGE('',*,*,#832,.F.);
#1112=ORIENTED_EDGE('',*,*,#738,.F.);
#1113=ORIENTED_EDGE('',*,*,#830,.T.);
#1114=ORIENTED_EDGE('',*,*,#833,.T.);
#1115=ORIENTED_EDGE('',*,*,#834,.F.);
#1116=ORIENTED_EDGE('',*,*,#739,.F.);
#1117=ORIENTED_EDGE('',*,*,#832,.T.);
#1118=ORIENTED_EDGE('',*,*,#835,.T.);
#1119=ORIENTED_EDGE('',*,*,#836,.F.);
#1120=ORIENTED_EDGE('',*,*,#740,.F.);
#1121=ORIENTED_EDGE('',*,*,#834,.T.);
#1122=ORIENTED_EDGE('',*,*,#837,.T.);
#1123=ORIENTED_EDGE('',*,*,#838,.F.);
#1124=ORIENTED_EDGE('',*,*,#741,.F.);
#1125=ORIENTED_EDGE('',*,*,#836,.T.);
#1126=ORIENTED_EDGE('',*,*,#839,.T.);
#1127=ORIENTED_EDGE('',*,*,#840,.F.);
#1128=ORIENTED_EDGE('',*,*,#742,.F.);
#1129=ORIENTED_EDGE('',*,*,#838,.T.);
#1130=ORIENTED_EDGE('',*,*,#841,.T.);
#1131=ORIENTED_EDGE('',*,*,#842,.F.);
#1132=ORIENTED_EDGE('',*,*,#743,.F.);
#1133=ORIENTED_EDGE('',*,*,#840,.T.);
#1134=ORIENTED_EDGE('',*,*,#843,.T.);
#1135=ORIENTED_EDGE('',*,*,#844,.F.);
#1136=ORIENTED_EDGE('',*,*,#744,.F.);
#1137=ORIENTED_EDGE('',*,*,#842,.T.);
#1138=ORIENTED_EDGE('',*,*,#845,.T.);
#1139=ORIENTED_EDGE('',*,*,#846,.F.);
#1140=ORIENTED_EDGE('',*,*,#745,.F.);
#1141=ORIENTED_EDGE('',*,*,#844,.T.);
#1142=ORIENTED_EDGE('',*,*,#847,.T.);
#1143=ORIENTED_EDGE('',*,*,#848,.F.);
#1144=ORIENTED_EDGE('',*,*,#746,.F.);
#1145=ORIENTED_EDGE('',*,*,#846,.T.);
#1146=ORIENTED_EDGE('',*,*,#849,.T.);
#1147=ORIENTED_EDGE('',*,*,#850,.F.);
#1148=ORIENTED_EDGE('',*,*,#747,.F.);
#1149=ORIENTED_EDGE('',*,*,#848,.T.);
#1150=ORIENTED_EDGE('',*,*,#851,.T.);
#1151=ORIENTED_EDGE('',*,*,#852,.F.);
#1152=ORIENTED_EDGE('',*,*,#748,.F.);
#1153=ORIENTED_EDGE('',*,*,#850,.T.);
#1154=ORIENTED_EDGE('',*,*,#853,.T.);
#1155=ORIENTED_EDGE('',*,*,#808,.F.);
#1156=ORIENTED_EDGE('',*,*,#749,.F.);
#1157=ORIENTED_EDGE('',*,*,#852,.T.);
#1158=ORIENTED_EDGE('',*,*,#795,.T.);
#1159=ORIENTED_EDGE('',*,*,#794,.T.);
#1160=ORIENTED_EDGE('',*,*,#797,.T.);
#1161=ORIENTED_EDGE('',*,*,#796,.T.);
#1162=ORIENTED_EDGE('',*,*,#806,.F.);
#1163=ORIENTED_EDGE('',*,*,#853,.F.);
#1164=ORIENTED_EDGE('',*,*,#851,.F.);
#1165=ORIENTED_EDGE('',*,*,#849,.F.);
#1166=ORIENTED_EDGE('',*,*,#847,.F.);
#1167=ORIENTED_EDGE('',*,*,#845,.F.);
#1168=ORIENTED_EDGE('',*,*,#843,.F.);
#1169=ORIENTED_EDGE('',*,*,#841,.F.);
#1170=ORIENTED_EDGE('',*,*,#839,.F.);
#1171=ORIENTED_EDGE('',*,*,#837,.F.);
#1172=ORIENTED_EDGE('',*,*,#835,.F.);
#1173=ORIENTED_EDGE('',*,*,#833,.F.);
#1174=ORIENTED_EDGE('',*,*,#831,.F.);
#1175=ORIENTED_EDGE('',*,*,#829,.F.);
#1176=ORIENTED_EDGE('',*,*,#827,.F.);
#1177=ORIENTED_EDGE('',*,*,#825,.F.);
#1178=ORIENTED_EDGE('',*,*,#823,.F.);
#1179=ORIENTED_EDGE('',*,*,#821,.F.);
#1180=ORIENTED_EDGE('',*,*,#819,.F.);
#1181=ORIENTED_EDGE('',*,*,#817,.F.);
#1182=ORIENTED_EDGE('',*,*,#815,.F.);
#1183=ORIENTED_EDGE('',*,*,#813,.F.);
#1184=ORIENTED_EDGE('',*,*,#811,.F.);
#1185=ORIENTED_EDGE('',*,*,#809,.F.);
#1186=ORIENTED_EDGE('',*,*,#854,.T.);
#1187=ORIENTED_EDGE('',*,*,#855,.T.);
#1188=ORIENTED_EDGE('',*,*,#856,.T.);
#1189=ORIENTED_EDGE('',*,*,#857,.T.);
#1190=ORIENTED_EDGE('',*,*,#858,.T.);
#1191=ORIENTED_EDGE('',*,*,#859,.T.);
#1192=ORIENTED_EDGE('',*,*,#860,.T.);
#1193=ORIENTED_EDGE('',*,*,#861,.T.);
#1194=ORIENTED_EDGE('',*,*,#862,.T.);
#1195=ORIENTED_EDGE('',*,*,#863,.T.);
#1196=ORIENTED_EDGE('',*,*,#864,.T.);
#1197=ORIENTED_EDGE('',*,*,#865,.T.);
#1198=ORIENTED_EDGE('',*,*,#866,.T.);
#1199=ORIENTED_EDGE('',*,*,#867,.T.);
#1200=ORIENTED_EDGE('',*,*,#868,.T.);
#1201=ORIENTED_EDGE('',*,*,#869,.T.);
#1202=ORIENTED_EDGE('',*,*,#870,.T.);
#1203=ORIENTED_EDGE('',*,*,#871,.T.);
#1204=ORIENTED_EDGE('',*,*,#872,.T.);
#1205=ORIENTED_EDGE('',*,*,#873,.T.);
#1206=ORIENTED_EDGE('',*,*,#874,.T.);
#1207=ORIENTED_EDGE('',*,*,#875,.T.);
#1208=ORIENTED_EDGE('',*,*,#876,.T.);
#1209=ORIENTED_EDGE('',*,*,#877,.T.);
#1210=ORIENTED_EDGE('',*,*,#878,.T.);
#1211=ORIENTED_EDGE('',*,*,#879,.T.);
#1212=ORIENTED_EDGE('',*,*,#880,.T.);
#1213=ORIENTED_EDGE('',*,*,#881,.T.);
#1214=ORIENTED_EDGE('',*,*,#882,.T.);
#1215=ORIENTED_EDGE('',*,*,#883,.T.);
#1216=ORIENTED_EDGE('',*,*,#884,.T.);
#1217=ORIENTED_EDGE('',*,*,#885,.T.);
#1218=ORIENTED_EDGE('',*,*,#886,.F.);
#1219=ORIENTED_EDGE('',*,*,#887,.F.);
#1220=ORIENTED_EDGE('',*,*,#888,.F.);
#1221=ORIENTED_EDGE('',*,*,#889,.F.);
#1222=ORIENTED_EDGE('',*,*,#890,.F.);
#1223=ORIENTED_EDGE('',*,*,#891,.T.);
#1224=ORIENTED_EDGE('',*,*,#892,.T.);
#1225=ORIENTED_EDGE('',*,*,#893,.F.);
#1226=ORIENTED_EDGE('',*,*,#894,.F.);
#1227=ORIENTED_EDGE('',*,*,#895,.T.);
#1228=ORIENTED_EDGE('',*,*,#896,.T.);
#1229=ORIENTED_EDGE('',*,*,#897,.F.);
#1230=ORIENTED_EDGE('',*,*,#898,.F.);
#1231=ORIENTED_EDGE('',*,*,#899,.T.);
#1232=ORIENTED_EDGE('',*,*,#900,.T.);
#1233=ORIENTED_EDGE('',*,*,#901,.F.);
#1234=ORIENTED_EDGE('',*,*,#902,.F.);
#1235=ORIENTED_EDGE('',*,*,#903,.T.);
#1236=ORIENTED_EDGE('',*,*,#904,.T.);
#1237=ORIENTED_EDGE('',*,*,#905,.F.);
#1238=ORIENTED_EDGE('',*,*,#906,.T.);
#1239=ORIENTED_EDGE('',*,*,#907,.T.);
#1240=ORIENTED_EDGE('',*,*,#908,.T.);
#1241=ORIENTED_EDGE('',*,*,#909,.T.);
#1242=ORIENTED_EDGE('',*,*,#910,.F.);
#1243=ORIENTED_EDGE('',*,*,#911,.F.);
#1244=ORIENTED_EDGE('',*,*,#912,.F.);
#1245=ORIENTED_EDGE('',*,*,#913,.F.);
#1246=ORIENTED_EDGE('',*,*,#914,.F.);
#1247=ORIENTED_EDGE('',*,*,#915,.F.);
#1248=ORIENTED_EDGE('',*,*,#916,.F.);
#1249=ORIENTED_EDGE('',*,*,#917,.F.);
#1250=ORIENTED_EDGE('',*,*,#918,.F.);
#1251=ORIENTED_EDGE('',*,*,#919,.F.);
#1252=ORIENTED_EDGE('',*,*,#920,.F.);
#1253=ORIENTED_EDGE('',*,*,#921,.F.);
#1254=ORIENTED_EDGE('',*,*,#922,.T.);
#1255=ORIENTED_EDGE('',*,*,#923,.T.);
#1256=ORIENTED_EDGE('',*,*,#924,.T.);
#1257=ORIENTED_EDGE('',*,*,#925,.F.);
#1258=ORIENTED_EDGE('',*,*,#926,.F.);
#1259=ORIENTED_EDGE('',*,*,#927,.F.);
#1260=ORIENTED_EDGE('',*,*,#928,.F.);
#1261=ORIENTED_EDGE('',*,*,#929,.F.);
#1262=PLANE('',#1358);
#1263=PLANE('',#1371);
#1264=PLANE('',#1372);
#1265=PLANE('',#1373);
#1266=PLANE('',#1374);
#1267=PLANE('',#1375);
#1268=PLANE('',#1377);
#1269=PLANE('',#1378);
#1270=PLANE('',#1379);
#1271=PLANE('',#1380);
#1272=PLANE('',#1381);
#1273=PLANE('',#1384);
#1274=PLANE('',#1387);
#1275=PLANE('',#1390);
#1276=PLANE('',#1393);
#1277=PLANE('',#1396);
#1278=PLANE('',#1399);
#1279=PLANE('',#1402);
#1280=PLANE('',#1405);
#1281=PLANE('',#1408);
#1282=PLANE('',#1411);
#1283=PLANE('',#1414);
#1284=PLANE('',#1417);
#1285=PLANE('',#1418);
#1286=PLANE('',#1419);
#1287=PLANE('',#1420);
#1288=PLANE('',#1421);
#1289=PLANE('',#1422);
#1290=PLANE('',#1423);
#1291=PLANE('',#1424);
#1292=PLANE('',#1425);
#1293=PLANE('',#1426);
#1294=PLANE('',#1427);
#1295=PLANE('',#1428);
#1296=PLANE('',#1429);
#1297=ADVANCED_FACE('',(#92,#66,#67),#1262,.F.);
#1298=ADVANCED_FACE('',(#93),#1263,.F.);
#1299=ADVANCED_FACE('',(#94),#1264,.F.);
#1300=ADVANCED_FACE('',(#95),#1265,.F.);
#1301=ADVANCED_FACE('',(#96),#1266,.F.);
#1302=ADVANCED_FACE('',(#97,#68),#1267,.F.);
#1303=ADVANCED_FACE('',(#98),#1268,.F.);
#1304=ADVANCED_FACE('',(#99,#69,#70,#71),#1269,.F.);
#1305=ADVANCED_FACE('',(#100),#1270,.F.);
#1306=ADVANCED_FACE('',(#101),#1271,.F.);
#1307=ADVANCED_FACE('',(#102,#72),#1272,.F.);
#1308=ADVANCED_FACE('',(#103),#52,.T.);
#1309=ADVANCED_FACE('',(#104),#1273,.F.);
#1310=ADVANCED_FACE('',(#105),#53,.F.);
#1311=ADVANCED_FACE('',(#106),#1274,.F.);
#1312=ADVANCED_FACE('',(#107),#54,.T.);
#1313=ADVANCED_FACE('',(#108),#1275,.F.);
#1314=ADVANCED_FACE('',(#109),#55,.T.);
#1315=ADVANCED_FACE('',(#110),#1276,.F.);
#1316=ADVANCED_FACE('',(#111),#56,.F.);
#1317=ADVANCED_FACE('',(#112),#1277,.F.);
#1318=ADVANCED_FACE('',(#113),#57,.T.);
#1319=ADVANCED_FACE('',(#114),#1278,.F.);
#1320=ADVANCED_FACE('',(#115),#58,.T.);
#1321=ADVANCED_FACE('',(#116),#1279,.F.);
#1322=ADVANCED_FACE('',(#117),#59,.F.);
#1323=ADVANCED_FACE('',(#118),#1280,.F.);
#1324=ADVANCED_FACE('',(#119),#60,.T.);
#1325=ADVANCED_FACE('',(#120),#1281,.F.);
#1326=ADVANCED_FACE('',(#121),#61,.T.);
#1327=ADVANCED_FACE('',(#122),#1282,.F.);
#1328=ADVANCED_FACE('',(#123),#62,.F.);
#1329=ADVANCED_FACE('',(#124),#1283,.F.);
#1330=ADVANCED_FACE('',(#125),#63,.T.);
#1331=ADVANCED_FACE('',(#126),#1284,.F.);
#1332=ADVANCED_FACE('',(#127),#1285,.F.);
#1333=ADVANCED_FACE('',(#128),#1286,.T.);
#1334=ADVANCED_FACE('',(#129),#1287,.F.);
#1335=ADVANCED_FACE('',(#130),#1288,.F.);
#1336=ADVANCED_FACE('',(#131),#1289,.F.);
#1337=ADVANCED_FACE('',(#132,#73),#1290,.F.);
#1338=ADVANCED_FACE('',(#133),#1291,.F.);
#1339=ADVANCED_FACE('',(#134),#1292,.F.);
#1340=ADVANCED_FACE('',(#135),#1293,.F.);
#1341=ADVANCED_FACE('',(#136),#1294,.F.);
#1342=ADVANCED_FACE('',(#137,#74,#75,#76),#1295,.F.);
#1343=ADVANCED_FACE('',(#138,#77),#1296,.F.);
#1344=CLOSED_SHELL('',(#1297,#1298,#1299,#1300,#1301,#1302,#1303,#1304,
#1305,#1306,#1307,#1308,#1309,#1310,#1311,#1312,#1313,#1314,#1315,#1316,
#1317,#1318,#1319,#1320,#1321,#1322,#1323,#1324,#1325,#1326,#1327,#1328,
#1329,#1330,#1331,#1332,#1333));
#1345=DERIVED_UNIT_ELEMENT(#1347,1.);
#1346=DERIVED_UNIT_ELEMENT(#2276,-3.);
#1347=(
MASS_UNIT()
NAMED_UNIT(*)
SI_UNIT(.KILO.,.GRAM.)
);
#1348=DERIVED_UNIT((#1345,#1346));
#1349=MEASURE_REPRESENTATION_ITEM('density measure',
POSITIVE_RATIO_MEASURE(7850.),#1348);
#1350=PROPERTY_DEFINITION_REPRESENTATION(#1355,#1352);
#1351=PROPERTY_DEFINITION_REPRESENTATION(#1356,#1353);
#1352=REPRESENTATION('material name',(#1354),#2273);
#1353=REPRESENTATION('density',(#1349),#2273);
#1354=DESCRIPTIVE_REPRESENTATION_ITEM('Steel','Steel');
#1355=PROPERTY_DEFINITION('material property','material name',#2283);
#1356=PROPERTY_DEFINITION('material property','density of part',#2283);
#1357=AXIS2_PLACEMENT_3D('',#1743,#1431,#1432);
#1358=AXIS2_PLACEMENT_3D('',#1744,#1433,#1434);
#1359=AXIS2_PLACEMENT_3D('',#1747,#1435,#1436);
#1360=AXIS2_PLACEMENT_3D('',#1751,#1438,#1439);
#1361=AXIS2_PLACEMENT_3D('',#1755,#1441,#1442);
#1362=AXIS2_PLACEMENT_3D('',#1759,#1444,#1445);
#1363=AXIS2_PLACEMENT_3D('',#1763,#1447,#1448);
#1364=AXIS2_PLACEMENT_3D('',#1767,#1450,#1451);
#1365=AXIS2_PLACEMENT_3D('',#1771,#1453,#1454);
#1366=AXIS2_PLACEMENT_3D('',#1775,#1456,#1457);
#1367=AXIS2_PLACEMENT_3D('',#1779,#1459,#1460);
#1368=AXIS2_PLACEMENT_3D('',#1783,#1462,#1463);
#1369=AXIS2_PLACEMENT_3D('',#1787,#1465,#1466);
#1370=AXIS2_PLACEMENT_3D('',#1791,#1468,#1469);
#1371=AXIS2_PLACEMENT_3D('',#1870,#1495,#1496);
#1372=AXIS2_PLACEMENT_3D('',#1874,#1499,#1500);
#1373=AXIS2_PLACEMENT_3D('',#1878,#1503,#1504);
#1374=AXIS2_PLACEMENT_3D('',#1882,#1507,#1508);
#1375=AXIS2_PLACEMENT_3D('',#1886,#1511,#1512);
#1376=AXIS2_PLACEMENT_3D('',#1922,#1513,#1514);
#1377=AXIS2_PLACEMENT_3D('',#1923,#1515,#1516);
#1378=AXIS2_PLACEMENT_3D('',#1924,#1517,#1518);
#1379=AXIS2_PLACEMENT_3D('',#1957,#1535,#1536);
#1380=AXIS2_PLACEMENT_3D('',#1958,#1537,#1538);
#1381=AXIS2_PLACEMENT_3D('',#1959,#1539,#1540);
#1382=AXIS2_PLACEMENT_3D('',#1960,#1541,#1542);
#1383=AXIS2_PLACEMENT_3D('',#1963,#1543,#1544);
#1384=AXIS2_PLACEMENT_3D('',#1966,#1547,#1548);
#1385=AXIS2_PLACEMENT_3D('',#1970,#1551,#1552);
#1386=AXIS2_PLACEMENT_3D('',#1972,#1553,#1554);
#1387=AXIS2_PLACEMENT_3D('',#1974,#1556,#1557);
#1388=AXIS2_PLACEMENT_3D('',#1978,#1560,#1561);
#1389=AXIS2_PLACEMENT_3D('',#1980,#1562,#1563);
#1390=AXIS2_PLACEMENT_3D('',#1982,#1565,#1566);
#1391=AXIS2_PLACEMENT_3D('',#1986,#1569,#1570);
#1392=AXIS2_PLACEMENT_3D('',#1988,#1571,#1572);
#1393=AXIS2_PLACEMENT_3D('',#1990,#1574,#1575);
#1394=AXIS2_PLACEMENT_3D('',#1994,#1578,#1579);
#1395=AXIS2_PLACEMENT_3D('',#1996,#1580,#1581);
#1396=AXIS2_PLACEMENT_3D('',#1998,#1583,#1584);
#1397=AXIS2_PLACEMENT_3D('',#2002,#1587,#1588);
#1398=AXIS2_PLACEMENT_3D('',#2004,#1589,#1590);
#1399=AXIS2_PLACEMENT_3D('',#2006,#1592,#1593);
#1400=AXIS2_PLACEMENT_3D('',#2010,#1596,#1597);
#1401=AXIS2_PLACEMENT_3D('',#2012,#1598,#1599);
#1402=AXIS2_PLACEMENT_3D('',#2014,#1601,#1602);
#1403=AXIS2_PLACEMENT_3D('',#2018,#1605,#1606);
#1404=AXIS2_PLACEMENT_3D('',#2020,#1607,#1608);
#1405=AXIS2_PLACEMENT_3D('',#2022,#1610,#1611);
#1406=AXIS2_PLACEMENT_3D('',#2026,#1614,#1615);
#1407=AXIS2_PLACEMENT_3D('',#2028,#1616,#1617);
#1408=AXIS2_PLACEMENT_3D('',#2030,#1619,#1620);
#1409=AXIS2_PLACEMENT_3D('',#2034,#1623,#1624);
#1410=AXIS2_PLACEMENT_3D('',#2036,#1625,#1626);
#1411=AXIS2_PLACEMENT_3D('',#2038,#1628,#1629);
#1412=AXIS2_PLACEMENT_3D('',#2042,#1632,#1633);
#1413=AXIS2_PLACEMENT_3D('',#2044,#1634,#1635);
#1414=AXIS2_PLACEMENT_3D('',#2046,#1637,#1638);
#1415=AXIS2_PLACEMENT_3D('',#2050,#1641,#1642);
#1416=AXIS2_PLACEMENT_3D('',#2052,#1643,#1644);
#1417=AXIS2_PLACEMENT_3D('',#2054,#1646,#1647);
#1418=AXIS2_PLACEMENT_3D('',#2056,#1649,#1650);
#1419=AXIS2_PLACEMENT_3D('',#2057,#1651,#1652);
#1420=AXIS2_PLACEMENT_3D('',#2058,#1653,#1654);
#1421=AXIS2_PLACEMENT_3D('',#2067,#1659,#1660);
#1422=AXIS2_PLACEMENT_3D('',#2076,#1665,#1666);
#1423=AXIS2_PLACEMENT_3D('',#2085,#1671,#1672);
#1424=AXIS2_PLACEMENT_3D('',#2134,#1697,#1698);
#1425=AXIS2_PLACEMENT_3D('',#2143,#1703,#1704);
#1426=AXIS2_PLACEMENT_3D('',#2152,#1709,#1710);
#1427=AXIS2_PLACEMENT_3D('',#2161,#1715,#1716);
#1428=AXIS2_PLACEMENT_3D('',#2170,#1721,#1722);
#1429=AXIS2_PLACEMENT_3D('',#2203,#1739,#1740);
#1430=AXIS2_PLACEMENT_3D('',#2270,#1741,#1742);
#1431=DIRECTION('axis',(0.,0.,1.));
#1432=DIRECTION('refdir',(1.,0.,0.));
#1433=DIRECTION('center_axis',(-0.996194698091746,-0.0871557427476584,0.));
#1434=DIRECTION('ref_axis',(0.0871557427476584,-0.996194698091746,0.));
#1435=DIRECTION('center_axis',(0.996194698091746,0.0871557427476584,0.));
#1436=DIRECTION('ref_axis',(0.0871557427476584,-0.996194698091746,0.));
#1437=DIRECTION('',(0.,0.,1.));
#1438=DIRECTION('center_axis',(-0.996194698091746,-0.0871557427476584,0.));
#1439=DIRECTION('ref_axis',(0.0871557427476583,-0.996194698091746,0.));
#1440=DIRECTION('',(-0.087155742747658,0.996194698091746,0.));
#1441=DIRECTION('center_axis',(0.996194698091746,0.0871557427476584,0.));
#1442=DIRECTION('ref_axis',(-0.0871557427476584,0.996194698091746,0.));
#1443=DIRECTION('',(0.,0.,1.));
#1444=DIRECTION('center_axis',(0.996194698091746,0.0871557427476584,0.));
#1445=DIRECTION('ref_axis',(0.0871557427476584,-0.996194698091746,0.));
#1446=DIRECTION('',(0.087155742747658,-0.996194698091746,0.));
#1447=DIRECTION('center_axis',(-0.996194698091746,-0.0871557427476584,0.));
#1448=DIRECTION('ref_axis',(-0.0871557427476583,0.996194698091746,0.));
#1449=DIRECTION('',(0.,0.,1.));
#1450=DIRECTION('center_axis',(0.996194698091746,0.0871557427476584,0.));
#1451=DIRECTION('ref_axis',(-0.0871557427476584,0.996194698091746,0.));
#1452=DIRECTION('',(0.0871557427476583,-0.996194698091746,0.));
#1453=DIRECTION('center_axis',(0.996194698091746,0.0871557427476584,0.));
#1454=DIRECTION('ref_axis',(0.0871557427476584,-0.996194698091746,0.));
#1455=DIRECTION('',(0.,2.27504718160893E-16,-1.));
#1456=DIRECTION('center_axis',(-0.996194698091746,-0.0871557427476584,0.));
#1457=DIRECTION('ref_axis',(-0.0871557427476583,0.996194698091746,0.));
#1458=DIRECTION('',(0.0871557427476577,-0.996194698091746,-6.93889390390723E-16));
#1459=DIRECTION('center_axis',(0.996194698091746,0.0871557427476584,0.));
#1460=DIRECTION('ref_axis',(0.0871557427476584,-0.996194698091746,0.));
#1461=DIRECTION('',(0.,0.,-1.));
#1462=DIRECTION('center_axis',(0.996194698091746,0.0871557427476584,0.));
#1463=DIRECTION('ref_axis',(-0.0871557427476584,0.996194698091746,0.));
#1464=DIRECTION('',(-0.0871557427476577,0.996194698091746,0.));
#1465=DIRECTION('center_axis',(-0.996194698091746,-0.0871557427476584,0.));
#1466=DIRECTION('ref_axis',(-0.0871557427476584,0.996194698091746,0.));
#1467=DIRECTION('',(0.,-2.44902137784961E-16,-1.));
#1468=DIRECTION('center_axis',(0.996194698091746,0.0871557427476584,0.));
#1469=DIRECTION('ref_axis',(0.0871557427476584,-0.996194698091746,0.));
#1470=DIRECTION('',(-0.0871557427476583,0.996194698091746,0.));
#1471=DIRECTION('',(-0.0871557427476584,0.996194698091746,2.46232362970991E-16));
#1472=DIRECTION('',(0.,0.,1.));
#1473=DIRECTION('',(-0.0871557427476584,0.996194698091746,-2.46231090851976E-16));
#1474=DIRECTION('',(0.,0.,1.));
#1475=DIRECTION('',(-0.0871557427476584,0.996194698091746,0.));
#1476=DIRECTION('',(-0.0871557427476584,0.996194698091746,0.));
#1477=DIRECTION('',(0.,0.,-1.));
#1478=DIRECTION('',(-0.0871557427476584,0.996194698091746,-1.23115863454785E-16));
#1479=DIRECTION('',(0.,0.,-1.));
#1480=DIRECTION('',(-0.0871557427476584,0.996194698091746,-2.46232362969822E-16));
#1481=DIRECTION('',(0.,0.,-1.));
#1482=DIRECTION('',(0.0871557427476584,-0.996194698091746,0.));
#1483=DIRECTION('',(0.,0.,-1.));
#1484=DIRECTION('',(0.0871557427476584,-0.996194698091746,0.));
#1485=DIRECTION('',(0.,0.,-1.));
#1486=DIRECTION('',(0.0871557427476584,-0.996194698091746,0.));
#1487=DIRECTION('',(0.0871557427476584,-0.996194698091746,0.));
#1488=DIRECTION('',(3.42062408898783E-16,-3.90979122452161E-15,1.));
#1489=DIRECTION('',(0.0871557427476584,-0.996194698091746,0.));
#1490=DIRECTION('',(0.,0.,1.));
#1491=DIRECTION('',(0.0871557427476584,-0.996194698091746,0.));
#1492=DIRECTION('',(0.,0.,1.));
#1493=DIRECTION('',(0.,0.,1.));
#1494=DIRECTION('',(0.,0.,1.));
#1495=DIRECTION('center_axis',(-0.996194698091746,-0.0871557427476584,0.));
#1496=DIRECTION('ref_axis',(0.0871557427476584,-0.996194698091746,0.));
#1497=DIRECTION('',(0.,0.,1.));
#1498=DIRECTION('',(-0.0871557427476584,0.996194698091746,8.06410988729997E-15));
#1499=DIRECTION('center_axis',(-0.996194698091746,-0.0871557427476584,0.));
#1500=DIRECTION('ref_axis',(0.0871557427476584,-0.996194698091746,0.));
#1501=DIRECTION('',(0.0871557427476584,-0.996194698091746,0.));
#1502=DIRECTION('',(0.,0.,1.));
#1503=DIRECTION('center_axis',(-0.996194698091746,-0.0871557427476584,0.));
#1504=DIRECTION('ref_axis',(0.0871557427476584,-0.996194698091746,0.));
#1505=DIRECTION('',(-0.0871557427476584,0.996194698091746,-1.23115863454785E-16));
#1506=DIRECTION('',(0.,0.,-1.));
#1507=DIRECTION('center_axis',(-0.996194698091746,-0.0871557427476584,0.));
#1508=DIRECTION('ref_axis',(0.0871557427476584,-0.996194698091746,0.));
#1509=DIRECTION('',(0.,0.,-1.));
#1510=DIRECTION('',(0.0871557427476584,-0.996194698091746,0.));
#1511=DIRECTION('center_axis',(-0.996194698091746,-0.0871557427476584,0.));
#1512=DIRECTION('ref_axis',(0.0871557427476584,-0.996194698091746,0.));
#1513=DIRECTION('center_axis',(0.996194698091749,0.0871557427476175,1.51030232514E-13));
#1514=DIRECTION('ref_axis',(0.0831794629188984,-0.950745611679572,0.298603346968116));
#1515=DIRECTION('center_axis',(-0.996194698091746,-0.0871557427476584,0.));
#1516=DIRECTION('ref_axis',(0.0871557427476584,-0.996194698091746,0.));
#1517=DIRECTION('center_axis',(-0.996194698091746,-0.0871557427476584,0.));
#1518=DIRECTION('ref_axis',(0.0871557427476584,-0.996194698091746,0.));
#1519=DIRECTION('',(1.71030851007046E-17,-1.95489157239632E-16,-1.));
#1520=DIRECTION('',(-0.0871557427476584,0.996194698091746,0.));
#1521=DIRECTION('',(6.84123404028185E-17,-7.81956628958527E-16,1.));
#1522=DIRECTION('',(0.0871557427476584,-0.996194698091746,0.));
#1523=DIRECTION('',(-0.0871557427476584,0.996194698091746,0.));
#1524=DIRECTION('',(0.,0.,-1.));
#1525=DIRECTION('',(0.0871557427476584,-0.996194698091746,0.));
#1526=DIRECTION('',(0.,0.,1.));
#1527=DIRECTION('',(0.0871557427476584,-0.996194698091746,9.84929451879558E-16));
#1528=DIRECTION('',(-3.42058874503373E-16,3.90975082619723E-15,1.));
#1529=DIRECTION('',(-0.0871557427476584,0.996194698091746,0.));
#1530=DIRECTION('',(0.,0.,-1.));
#1531=DIRECTION('',(0.,0.,1.));
#1532=DIRECTION('',(-0.0871557427476584,0.996194698091746,0.));
#1533=DIRECTION('',(0.,0.,-1.));
#1534=DIRECTION('',(0.0871557427476584,-0.996194698091746,0.));
#1535=DIRECTION('center_axis',(-0.996194698091746,-0.0871557427476584,0.));
#1536=DIRECTION('ref_axis',(0.0871557427476584,-0.996194698091746,0.));
#1537=DIRECTION('center_axis',(-0.996194698091746,-0.0871557427476584,0.));
#1538=DIRECTION('ref_axis',(0.0871557427476584,-0.996194698091746,0.));
#1539=DIRECTION('center_axis',(-0.996194698091746,-0.0871557427476584,0.));
#1540=DIRECTION('ref_axis',(0.0871557427476584,-0.996194698091746,0.));
#1541=DIRECTION('center_axis',(-0.996194698091746,-0.0871557427476584,0.));
#1542=DIRECTION('ref_axis',(0.0871557427476584,-0.996194698091746,0.));
#1543=DIRECTION('center_axis',(0.996194698091746,0.0871557427476584,0.));
#1544=DIRECTION('ref_axis',(0.0871557427476584,-0.996194698091746,0.));
#1545=DIRECTION('',(-0.996194698091746,-0.0871557427476584,0.));
#1546=DIRECTION('',(-0.996194698091746,-0.0871557427476584,0.));
#1547=DIRECTION('center_axis',(0.0871557427476584,-0.996194698091746,0.));
#1548=DIRECTION('ref_axis',(0.996194698091746,0.0871557427476584,0.));
#1549=DIRECTION('',(0.,0.,1.));
#1550=DIRECTION('',(-0.996194698091746,-0.0871557427476584,0.));
#1551=DIRECTION('center_axis',(-0.996194698091746,-0.0871557427476584,0.));
#1552=DIRECTION('ref_axis',(0.0871557427476584,-0.996194698091746,0.));
#1553=DIRECTION('center_axis',(-0.996194698091746,-0.0871557427476584,0.));
#1554=DIRECTION('ref_axis',(0.0871557427476583,-0.996194698091746,0.));
#1555=DIRECTION('',(-0.996194698091746,-0.0871557427476584,0.));
#1556=DIRECTION('center_axis',(0.,0.,1.));
#1557=DIRECTION('ref_axis',(1.,0.,0.));
#1558=DIRECTION('',(-0.087155742747658,0.996194698091746,0.));
#1559=DIRECTION('',(-0.996194698091746,-0.0871557427476584,0.));
#1560=DIRECTION('center_axis',(-0.996194698091746,-0.0871557427476584,0.));
#1561=DIRECTION('ref_axis',(0.0871557427476584,-0.996194698091746,0.));
#1562=DIRECTION('center_axis',(0.996194698091746,0.0871557427476584,0.));
#1563=DIRECTION('ref_axis',(-0.0871557427476584,0.996194698091746,0.));
#1564=DIRECTION('',(-0.996194698091746,-0.0871557427476584,0.));
#1565=DIRECTION('center_axis',(0.0871557427476584,-0.996194698091746,0.));
#1566=DIRECTION('ref_axis',(0.996194698091746,0.0871557427476584,0.));
#1567=DIRECTION('',(0.,0.,1.));
#1568=DIRECTION('',(-0.996194698091746,-0.0871557427476584,0.));
#1569=DIRECTION('center_axis',(-0.996194698091746,-0.0871557427476584,0.));
#1570=DIRECTION('ref_axis',(0.0871557427476584,-0.996194698091746,0.));
#1571=DIRECTION('center_axis',(0.996194698091746,0.0871557427476584,0.));
#1572=DIRECTION('ref_axis',(0.0871557427476584,-0.996194698091746,0.));
#1573=DIRECTION('',(-0.996194698091746,-0.0871557427476584,0.));
#1574=DIRECTION('center_axis',(0.,0.,-1.));
#1575=DIRECTION('ref_axis',(-1.,0.,0.));
#1576=DIRECTION('',(0.087155742747658,-0.996194698091746,0.));
#1577=DIRECTION('',(-0.996194698091746,-0.0871557427476584,0.));
#1578=DIRECTION('center_axis',(-0.996194698091746,-0.0871557427476584,0.));
#1579=DIRECTION('ref_axis',(0.0871557427476584,-0.996194698091746,0.));
#1580=DIRECTION('center_axis',(-0.996194698091746,-0.0871557427476584,0.));
#1581=DIRECTION('ref_axis',(-0.0871557427476583,0.996194698091746,0.));
#1582=DIRECTION('',(-0.996194698091746,-0.0871557427476584,0.));
#1583=DIRECTION('center_axis',(0.0871557427476584,-0.996194698091746,0.));
#1584=DIRECTION('ref_axis',(0.996194698091746,0.0871557427476584,0.));
#1585=DIRECTION('',(0.,0.,1.));
#1586=DIRECTION('',(-0.996194698091746,-0.0871557427476584,0.));
#1587=DIRECTION('center_axis',(-0.996194698091746,-0.0871557427476584,0.));
#1588=DIRECTION('ref_axis',(0.0871557427476584,-0.996194698091746,0.));
#1589=DIRECTION('center_axis',(0.996194698091746,0.0871557427476584,0.));
#1590=DIRECTION('ref_axis',(-0.0871557427476584,0.996194698091746,0.));
#1591=DIRECTION('',(-0.996194698091746,-0.0871557427476584,0.));
#1592=DIRECTION('center_axis',(0.,0.,-1.));
#1593=DIRECTION('ref_axis',(-1.,0.,0.));
#1594=DIRECTION('',(0.0871557427476583,-0.996194698091746,0.));
#1595=DIRECTION('',(-0.996194698091746,-0.0871557427476584,0.));
#1596=DIRECTION('center_axis',(-0.996194698091746,-0.0871557427476584,0.));
#1597=DIRECTION('ref_axis',(0.0871557427476584,-0.996194698091746,0.));
#1598=DIRECTION('center_axis',(0.996194698091746,0.0871557427476584,0.));
#1599=DIRECTION('ref_axis',(0.0871557427476584,-0.996194698091746,0.));
#1600=DIRECTION('',(-0.996194698091746,-0.0871557427476584,0.));
#1601=DIRECTION('center_axis',(-0.0871557427476584,0.996194698091746,2.26638994022738E-16));
#1602=DIRECTION('ref_axis',(-0.996194698091746,-0.0871557427476584,3.08148791101958E-33));
#1603=DIRECTION('',(0.,2.27504718160893E-16,-1.));
#1604=DIRECTION('',(-0.996194698091746,-0.0871557427476584,0.));
#1605=DIRECTION('center_axis',(-0.996194698091746,-0.0871557427476584,0.));
#1606=DIRECTION('ref_axis',(0.0871557427476584,-0.996194698091746,0.));
#1607=DIRECTION('center_axis',(-0.996194698091746,-0.0871557427476584,0.));
#1608=DIRECTION('ref_axis',(-0.0871557427476583,0.996194698091746,0.));
#1609=DIRECTION('',(-0.996194698091746,-0.0871557427476584,0.));
#1610=DIRECTION('center_axis',(-6.04764452042233E-17,6.91248931769351E-16,
-1.));
#1611=DIRECTION('ref_axis',(0.,1.,6.91248931769351E-16));
#1612=DIRECTION('',(0.0871557427476577,-0.996194698091746,-6.93889390390723E-16));
#1613=DIRECTION('',(-0.996194698091746,-0.0871557427476584,0.));
#1614=DIRECTION('center_axis',(-0.996194698091746,-0.0871557427476584,0.));
#1615=DIRECTION('ref_axis',(0.0871557427476584,-0.996194698091746,0.));
#1616=DIRECTION('center_axis',(0.996194698091746,0.0871557427476584,0.));
#1617=DIRECTION('ref_axis',(0.0871557427476584,-0.996194698091746,0.));
#1618=DIRECTION('',(-0.996194698091746,-0.0871557427476584,0.));
#1619=DIRECTION('center_axis',(-0.0871557427476584,0.996194698091746,0.));
#1620=DIRECTION('ref_axis',(-0.996194698091746,-0.0871557427476584,0.));
#1621=DIRECTION('',(0.,0.,-1.));
#1622=DIRECTION('',(-0.996194698091746,-0.0871557427476584,0.));
#1623=DIRECTION('center_axis',(-0.996194698091746,-0.0871557427476584,0.));
#1624=DIRECTION('ref_axis',(0.0871557427476584,-0.996194698091746,0.));
#1625=DIRECTION('center_axis',(0.996194698091746,0.0871557427476584,0.));
#1626=DIRECTION('ref_axis',(-0.0871557427476584,0.996194698091746,0.));
#1627=DIRECTION('',(-0.996194698091746,-0.0871557427476584,0.));
#1628=DIRECTION('center_axis',(0.,0.,1.));
#1629=DIRECTION('ref_axis',(1.,0.,0.));
#1630=DIRECTION('',(-0.0871557427476577,0.996194698091746,0.));
#1631=DIRECTION('',(-0.996194698091746,-0.0871557427476584,0.));
#1632=DIRECTION('center_axis',(-0.996194698091746,-0.0871557427476584,0.));
#1633=DIRECTION('ref_axis',(0.0871557427476584,-0.996194698091746,0.));
#1634=DIRECTION('center_axis',(-0.996194698091746,-0.0871557427476584,0.));
#1635=DIRECTION('ref_axis',(-0.0871557427476584,0.996194698091746,0.));
#1636=DIRECTION('',(-0.996194698091746,-0.0871557427476584,0.));
#1637=DIRECTION('center_axis',(-0.0871557427476584,0.996194698091746,-2.43970211212712E-16));
#1638=DIRECTION('ref_axis',(-0.996194698091746,-0.0871557427476584,0.));
#1639=DIRECTION('',(0.,-2.44902137784961E-16,-1.));
#1640=DIRECTION('',(-0.996194698091746,-0.0871557427476584,0.));
#1641=DIRECTION('center_axis',(-0.996194698091746,-0.0871557427476584,0.));
#1642=DIRECTION('ref_axis',(0.0871557427476584,-0.996194698091746,0.));
#1643=DIRECTION('center_axis',(0.996194698091746,0.0871557427476584,0.));
#1644=DIRECTION('ref_axis',(0.0871557427476584,-0.996194698091746,0.));
#1645=DIRECTION('',(-0.996194698091746,-0.0871557427476584,0.));
#1646=DIRECTION('center_axis',(0.,0.,1.));
#1647=DIRECTION('ref_axis',(1.,0.,0.));
#1648=DIRECTION('',(-0.0871557427476583,0.996194698091746,0.));
#1649=DIRECTION('center_axis',(-0.996194698091746,-0.0871557427476584,0.));
#1650=DIRECTION('ref_axis',(0.0871557427476584,-0.996194698091746,0.));
#1651=DIRECTION('center_axis',(-0.996194698091746,-0.0871557427476584,0.));
#1652=DIRECTION('ref_axis',(0.0871557427476584,-0.996194698091746,0.));
#1653=DIRECTION('center_axis',(-0.996194698091746,-0.0871557427476584,0.));
#1654=DIRECTION('ref_axis',(0.0871557427476584,-0.996194698091746,0.));
#1655=DIRECTION('',(-0.0871557427476584,0.996194698091746,0.));
#1656=DIRECTION('',(0.,0.,1.));
#1657=DIRECTION('',(0.0871557427476584,-0.996194698091746,0.));
#1658=DIRECTION('',(0.,0.,-1.));
#1659=DIRECTION('center_axis',(-0.996194698091746,-0.0871557427476584,0.));
#1660=DIRECTION('ref_axis',(0.0871557427476584,-0.996194698091746,0.));
#1661=DIRECTION('',(0.,0.,1.));
#1662=DIRECTION('',(0.0871557427476584,-0.996194698091746,0.));
#1663=DIRECTION('',(0.,0.,-1.));
#1664=DIRECTION('',(-0.0871557427476584,0.996194698091746,0.));
#1665=DIRECTION('center_axis',(-0.996194698091746,-0.0871557427476584,0.));
#1666=DIRECTION('ref_axis',(0.0871557427476584,-0.996194698091746,0.));
#1667=DIRECTION('',(0.,0.,-1.));
#1668=DIRECTION('',(-0.0871557427476584,0.996194698091746,0.));
#1669=DIRECTION('',(0.,0.,1.));
#1670=DIRECTION('',(0.0871557427476584,-0.996194698091746,0.));
#1671=DIRECTION('center_axis',(-0.996194698091746,-0.0871557427476584,0.));
#1672=DIRECTION('ref_axis',(0.0871557427476584,-0.996194698091746,0.));
#1673=DIRECTION('',(-0.0871557427476584,0.996194698091746,0.));
#1674=DIRECTION('',(0.,0.,1.));
#1675=DIRECTION('',(-0.0871557427476584,0.996194698091746,0.));
#1676=DIRECTION('',(0.,0.,1.));
#1677=DIRECTION('',(-0.0871557427476584,0.996194698091746,0.));
#1678=DIRECTION('',(0.,0.,1.));
#1679=DIRECTION('',(0.0871557427476584,-0.996194698091746,0.));
#1680=DIRECTION('',(0.,0.,1.));
#1681=DIRECTION('',(0.0871557427476584,-0.996194698091746,0.));
#1682=DIRECTION('',(0.,0.,1.));
#1683=DIRECTION('',(0.0871557427476584,-0.996194698091746,0.));
#1684=DIRECTION('',(0.,0.,-1.));
#1685=DIRECTION('',(0.0871557427476584,-0.996194698091746,0.));
#1686=DIRECTION('',(0.,0.,-1.));
#1687=DIRECTION('',(0.0871557427476584,-0.996194698091746,0.));
#1688=DIRECTION('',(0.,0.,-1.));
#1689=DIRECTION('',(-0.0871557427476584,0.996194698091746,0.));
#1690=DIRECTION('',(0.,0.,-1.));
#1691=DIRECTION('',(-0.0871557427476584,0.996194698091746,0.));
#1692=DIRECTION('',(0.,0.,-1.));
#1693=DIRECTION('',(-0.0871557427476584,0.996194698091746,0.));
#1694=DIRECTION('',(0.,0.,-1.));
#1695=DIRECTION('',(0.0871557427476584,-0.996194698091746,0.));
#1696=DIRECTION('',(0.,0.,1.));
#1697=DIRECTION('center_axis',(-0.996194698091746,-0.0871557427476584,0.));
#1698=DIRECTION('ref_axis',(0.0871557427476584,-0.996194698091746,0.));
#1699=DIRECTION('',(0.0871557427476584,-0.996194698091746,0.));
#1700=DIRECTION('',(0.,0.,1.));
#1701=DIRECTION('',(0.0871557427476584,-0.996194698091746,0.));
#1702=DIRECTION('',(0.,0.,1.));
#1703=DIRECTION('center_axis',(-0.996194698091746,-0.0871557427476584,0.));
#1704=DIRECTION('ref_axis',(0.0871557427476584,-0.996194698091746,0.));
#1705=DIRECTION('',(0.,0.,1.));
#1706=DIRECTION('',(-0.0871557427476584,0.996194698091746,0.));
#1707=DIRECTION('',(0.,0.,1.));
#1708=DIRECTION('',(-0.0871557427476584,0.996194698091746,0.));
#1709=DIRECTION('center_axis',(-0.996194698091746,-0.0871557427476584,0.));
#1710=DIRECTION('ref_axis',(0.0871557427476584,-0.996194698091746,0.));
#1711=DIRECTION('',(-0.0871557427476584,0.996194698091746,0.));
#1712=DIRECTION('',(0.,0.,-1.));
#1713=DIRECTION('',(-0.0871557427476584,0.996194698091746,0.));
#1714=DIRECTION('',(0.,0.,-1.));
#1715=DIRECTION('center_axis',(-0.996194698091746,-0.0871557427476584,0.));
#1716=DIRECTION('ref_axis',(0.0871557427476584,-0.996194698091746,0.));
#1717=DIRECTION('',(0.,0.,-1.));
#1718=DIRECTION('',(0.0871557427476584,-0.996194698091746,0.));
#1719=DIRECTION('',(0.,0.,-1.));
#1720=DIRECTION('',(0.0871557427476584,-0.996194698091746,0.));
#1721=DIRECTION('center_axis',(-0.996194698091746,-0.0871557427476584,0.));
#1722=DIRECTION('ref_axis',(0.0871557427476584,-0.996194698091746,0.));
#1723=DIRECTION('',(0.,0.,-1.));
#1724=DIRECTION('',(-0.0871557427476584,0.996194698091746,0.));
#1725=DIRECTION('',(0.,0.,1.));
#1726=DIRECTION('',(0.0871557427476584,-0.996194698091746,0.));
#1727=DIRECTION('',(-0.0871557427476584,0.996194698091746,0.));
#1728=DIRECTION('',(0.,0.,-1.));
#1729=DIRECTION('',(0.0871557427476584,-0.996194698091746,0.));
#1730=DIRECTION('',(0.,0.,1.));
#1731=DIRECTION('',(0.0871557427476584,-0.996194698091746,0.));
#1732=DIRECTION('',(0.,0.,1.));
#1733=DIRECTION('',(-0.0871557427476584,0.996194698091746,0.));
#1734=DIRECTION('',(0.,0.,-1.));
#1735=DIRECTION('',(0.,0.,1.));
#1736=DIRECTION('',(-0.0871557427476584,0.996194698091746,0.));
#1737=DIRECTION('',(0.,0.,-1.));
#1738=DIRECTION('',(0.0871557427476584,-0.996194698091746,0.));
#1739=DIRECTION('center_axis',(-0.996194698091746,-0.0871557427476584,0.));
#1740=DIRECTION('ref_axis',(0.0871557427476584,-0.996194698091746,0.));
#1741=DIRECTION('center_axis',(0.996194698091744,0.0871557427476714,-7.02956186843463E-14));
#1742=DIRECTION('ref_axis',(0.0831794629191507,-0.950745611681103,0.298603346963169));
#1743=CARTESIAN_POINT('',(0.,0.,0.));
#1744=CARTESIAN_POINT('Origin',(48.5921153853774,38.3517763261492,-26.));
#1745=CARTESIAN_POINT('',(48.5921153853774,38.3517763261492,-28.));
#1746=CARTESIAN_POINT('',(48.4178038998821,40.3441657223327,-26.));
#1747=CARTESIAN_POINT('Origin',(48.5921153853774,38.3517763261492,-26.));
#1748=CARTESIAN_POINT('',(48.4178038998821,40.3441657223327,-23.5));
#1749=CARTESIAN_POINT('',(48.4178038998821,40.3441657223327,-26.));
#1750=CARTESIAN_POINT('',(48.3742260285082,40.8422630713785,-23.));
#1751=CARTESIAN_POINT('Origin',(48.3742260285082,40.8422630713785,-23.5));
#1752=CARTESIAN_POINT('',(47.154045630041,54.788988844663,-23.));
#1753=CARTESIAN_POINT('',(48.3742260285082,40.8422630713785,-23.));
#1754=CARTESIAN_POINT('',(46.9797341445457,56.7813782408465,-21.));
#1755=CARTESIAN_POINT('Origin',(47.154045630041,54.788988844663,-21.));
#1756=CARTESIAN_POINT('',(46.9797341445457,56.7813782408465,21.));
#1757=CARTESIAN_POINT('',(46.9797341445457,56.7813782408465,21.));
#1758=CARTESIAN_POINT('',(47.154045630041,54.788988844663,23.));
#1759=CARTESIAN_POINT('Origin',(47.154045630041,54.788988844663,21.));
#1760=CARTESIAN_POINT('',(48.3742260285082,40.8422630713785,23.));
#1761=CARTESIAN_POINT('',(48.3742260285082,40.8422630713785,23.));
#1762=CARTESIAN_POINT('',(48.4178038998821,40.3441657223327,23.5));
#1763=CARTESIAN_POINT('Origin',(48.3742260285082,40.8422630713785,23.5));
#1764=CARTESIAN_POINT('',(48.4178038998821,40.3441657223327,26.));
#1765=CARTESIAN_POINT('',(48.4178038998821,40.3441657223327,26.));
#1766=CARTESIAN_POINT('',(48.5921153853774,38.3517763261492,28.));
#1767=CARTESIAN_POINT('Origin',(48.5921153853774,38.3517763261492,26.));
#1768=CARTESIAN_POINT('',(50.8145868254427,12.9488115248097,28.));
#1769=CARTESIAN_POINT('',(50.8145868254427,12.9488115248097,28.));
#1770=CARTESIAN_POINT('',(50.988898310938,10.9564221286262,26.));
#1771=CARTESIAN_POINT('Origin',(50.8145868254427,12.9488115248097,26.));
#1772=CARTESIAN_POINT('',(50.988898310938,10.9564221286262,10.75));
#1773=CARTESIAN_POINT('',(50.988898310938,10.9564221286262,10.75));
#1774=CARTESIAN_POINT('',(51.0324761823118,10.4583247795803,10.25));
#1775=CARTESIAN_POINT('Origin',(51.0324761823118,10.4583247795803,10.75));
#1776=CARTESIAN_POINT('',(51.250365539181,7.96783803435094,10.25));
#1777=CARTESIAN_POINT('',(51.250365539181,7.96783803435094,10.25));
#1778=CARTESIAN_POINT('',(51.4246770246763,5.97544863816744,8.25));
#1779=CARTESIAN_POINT('Origin',(51.250365539181,7.96783803435094,8.25));
#1780=CARTESIAN_POINT('',(51.4246770246763,5.97544863816744,-2.25));
#1781=CARTESIAN_POINT('',(51.4246770246763,5.97544863816744,8.25));
#1782=CARTESIAN_POINT('',(51.250365539181,7.96783803435094,-4.25));
#1783=CARTESIAN_POINT('Origin',(51.250365539181,7.96783803435094,-2.25));
#1784=CARTESIAN_POINT('',(51.0324761823118,10.4583247795803,-4.25));
#1785=CARTESIAN_POINT('',(51.0324761823118,10.4583247795803,-4.25));
#1786=CARTESIAN_POINT('',(50.988898310938,10.9564221286262,-4.75));
#1787=CARTESIAN_POINT('Origin',(51.0324761823118,10.4583247795803,-4.75));
#1788=CARTESIAN_POINT('',(50.988898310938,10.9564221286262,-26.));
#1789=CARTESIAN_POINT('',(50.988898310938,10.9564221286262,-26.));
#1790=CARTESIAN_POINT('',(50.8145868254427,12.9488115248097,-28.));
#1791=CARTESIAN_POINT('Origin',(50.8145868254427,12.9488115248097,-26.));
#1792=CARTESIAN_POINT('',(48.5921153853774,38.3517763261492,-28.));
#1793=CARTESIAN_POINT('',(47.2911110614925,53.2223237942723,14.0032047209706));
#1794=CARTESIAN_POINT('',(47.2913397028561,53.219710411528,15.6078298724242));
#1795=CARTESIAN_POINT('Ctrl Pts',(47.2911110614925,53.2223237942723,14.0032047209706));
#1796=CARTESIAN_POINT('Ctrl Pts',(47.2665702224719,53.502826867831,14.1737234700473));
#1797=CARTESIAN_POINT('Ctrl Pts',(47.2542743983671,53.643368780455,14.438683372446));
#1798=CARTESIAN_POINT('Ctrl Pts',(47.2542743983685,53.643368780439,14.7983759132087));
#1799=CARTESIAN_POINT('Ctrl Pts',(47.2542743983699,53.6433687804224,15.1644811248751));
#1800=CARTESIAN_POINT('Ctrl Pts',(47.2666464362626,53.5019557402169,15.4343962729606));
#1801=CARTESIAN_POINT('Ctrl Pts',(47.2913397028561,53.219710411528,15.6078298724242));
#1802=CARTESIAN_POINT('',(47.5202605107381,50.6031336042465,14.0081599665515));
#1803=CARTESIAN_POINT('Ctrl Pts',(47.5202605107381,50.6031336042465,14.0081599665515));
#1804=CARTESIAN_POINT('Ctrl Pts',(47.4955672441446,50.8853789329355,13.8344348820468));
#1805=CARTESIAN_POINT('Ctrl Pts',(47.4572571144922,51.3232657185886,13.7478638248497));
#1806=CARTESIAN_POINT('Ctrl Pts',(47.4053809309712,51.9162132095013,13.747863824876));
#1807=CARTESIAN_POINT('Ctrl Pts',(47.3537587934027,52.5062569418891,13.7478638249023));
#1808=CARTESIAN_POINT('Ctrl Pts',(47.3156773051082,52.9415303448617,13.8329774569339));
#1809=CARTESIAN_POINT('Ctrl Pts',(47.2911110614925,53.2223237942723,14.0032047209706));
#1810=CARTESIAN_POINT('Ctrl Pts',(47.2913397028561,53.219710411528,15.6078298724242));
#1811=CARTESIAN_POINT('Ctrl Pts',(47.3160329694495,52.9374650828389,15.7815549569283));
#1812=CARTESIAN_POINT('Ctrl Pts',(47.3543176945067,52.4998686730384,15.868126014126));
#1813=CARTESIAN_POINT('Ctrl Pts',(47.406219282623,51.9066308062725,15.8681260140997));
#1814=CARTESIAN_POINT('Ctrl Pts',(47.4578160155962,51.3168774497378,15.8681260140734));
#1815=CARTESIAN_POINT('Ctrl Pts',(47.4958975038906,50.8816040467653,15.7830123820412));
#1816=CARTESIAN_POINT('Ctrl Pts',(47.5450299911223,50.3200171479427,15.442557853969));
#1817=CARTESIAN_POINT('Ctrl Pts',(47.5573004106318,50.1797656111714,15.1773064665291));
#1818=CARTESIAN_POINT('Ctrl Pts',(47.5573004106305,50.1797656111874,14.817613925767));
#1819=CARTESIAN_POINT('Ctrl Pts',(47.557300410629,50.1797656112039,14.4515087141006));
#1820=CARTESIAN_POINT('Ctrl Pts',(47.5449537773315,50.3208882755574,14.1815935660151));
#1821=CARTESIAN_POINT('Ctrl Pts',(47.5202605107381,50.6031336042465,14.0081599665515));
#1822=CARTESIAN_POINT('',(47.5612826938623,50.1342479055624,-5.28382830411005));
#1823=CARTESIAN_POINT('',(47.2542736736298,53.6433770642404,-5.28382830411005));
#1824=CARTESIAN_POINT('',(48.5921153853774,38.3517763261492,-5.28382830411005));
#1825=CARTESIAN_POINT('',(47.5612826938623,50.1342479055624,-12.328895227792));
#1826=CARTESIAN_POINT('',(47.5612826938623,50.1342479055624,-26.));
#1827=CARTESIAN_POINT('',(48.1753039065672,43.1159533293415,-12.328895227792));
#1828=CARTESIAN_POINT('',(48.5921153853774,38.3517763261492,-12.328895227792));
#1829=CARTESIAN_POINT('',(48.1753039065672,43.1159533293415,-15.8514286897751));
#1830=CARTESIAN_POINT('',(48.1753039065672,43.1159533293415,-26.));
#1831=CARTESIAN_POINT('',(48.4823129267998,39.606824170663,-15.8514286897751));
#1832=CARTESIAN_POINT('',(48.5921153853774,38.3517763261492,-15.8514286897751));
#1833=CARTESIAN_POINT('',(49.0963309673091,32.5885658528027,-15.8514286897751));
#1834=CARTESIAN_POINT('',(48.5921153853774,38.3517763261492,-15.8514286897751));
#1835=CARTESIAN_POINT('',(49.0963309673091,32.5885658528027,-12.328895227792));
#1836=CARTESIAN_POINT('',(49.0963309673091,32.5885658528027,-26.));
#1837=CARTESIAN_POINT('',(49.7103521799711,25.5702712770708,-12.328895227792));
#1838=CARTESIAN_POINT('',(48.5921153853774,38.3517763261492,-12.328895227792));
#1839=CARTESIAN_POINT('',(49.7103521799711,25.5702712770708,-5.28382830379402));
#1840=CARTESIAN_POINT('',(49.7103521799711,25.5702712770708,-26.));
#1841=CARTESIAN_POINT('',(50.0173612002052,22.0611421183761,-5.28382830379402));
#1842=CARTESIAN_POINT('',(48.5921153853774,38.3517763261492,-5.28382830379402));
#1843=CARTESIAN_POINT('',(50.0173612002052,22.0611421183761,5.28380847952185));
#1844=CARTESIAN_POINT('',(50.0173612002052,22.0611421183761,-26.));
#1845=CARTESIAN_POINT('',(49.7103521799711,25.5702712770711,5.28380847952185));
#1846=CARTESIAN_POINT('',(48.5921153853774,38.3517763261492,5.28380847952185));
#1847=CARTESIAN_POINT('',(49.7103521799711,25.5702712770711,12.3289118008386));
#1848=CARTESIAN_POINT('',(49.7103521799711,25.5702712770711,-26.));
#1849=CARTESIAN_POINT('',(49.0963309673091,32.5885658528027,12.3289118008386));
#1850=CARTESIAN_POINT('',(48.5921153853774,38.3517763261492,12.3289118008386));
#1851=CARTESIAN_POINT('',(49.0963309673091,32.5885658528027,15.8514452628371));
#1852=CARTESIAN_POINT('',(49.0963309673091,32.5885658528027,-26.));
#1853=CARTESIAN_POINT('',(48.7893219470337,36.0976950119697,15.8514452628371));
#1854=CARTESIAN_POINT('',(48.5921153853774,38.3517763261492,15.8514452628371));
#1855=CARTESIAN_POINT('',(48.1753039065672,43.1159533293415,15.8514452628371));
#1856=CARTESIAN_POINT('',(48.5921153853774,38.3517763261492,15.8514452628371));
#1857=CARTESIAN_POINT('',(48.1753039065672,43.1159533293415,12.3289118008389));
#1858=CARTESIAN_POINT('',(48.1753039065671,43.1159533293416,-26.));
#1859=CARTESIAN_POINT('',(47.5612826938623,50.1342479055623,12.3289118008389));
#1860=CARTESIAN_POINT('',(48.5921153853774,38.3517763261492,12.3289118008389));
#1861=CARTESIAN_POINT('',(47.5612826938623,50.1342479055623,5.28380847952219));
#1862=CARTESIAN_POINT('',(47.5612826938623,50.1342479055623,-26.));
#1863=CARTESIAN_POINT('',(47.2542736736298,53.6433770642404,5.28380847952219));
#1864=CARTESIAN_POINT('',(48.5921153853774,38.3517763261492,5.28380847952219));
#1865=CARTESIAN_POINT('',(47.2542736736298,53.6433770642403,1.76127501752238));
#1866=CARTESIAN_POINT('',(47.2542736736298,53.6433770642404,-26.));
#1867=CARTESIAN_POINT('',(47.2542736736297,53.6433770642404,-1.76125844447679));
#1868=CARTESIAN_POINT('',(47.2542736736298,53.6433770642403,-26.));
#1869=CARTESIAN_POINT('',(47.2542736736298,53.6433770642404,-26.));
#1870=CARTESIAN_POINT('Origin',(48.5921153853774,38.3517763261492,-26.));
#1871=CARTESIAN_POINT('',(47.5612826938623,50.1342479055624,-1.76125844447682));
#1872=CARTESIAN_POINT('',(47.5612826938623,50.1342479055624,-26.));
#1873=CARTESIAN_POINT('',(48.5921153853774,38.351776326149,-1.76125844447691));
#1874=CARTESIAN_POINT('Origin',(48.5921153853774,38.3517763261492,-26.));
#1875=CARTESIAN_POINT('',(47.5612826938623,50.1342479055624,1.76127501752238));
#1876=CARTESIAN_POINT('',(48.5921153853774,38.3517763261492,1.76127501752238));
#1877=CARTESIAN_POINT('',(47.5612826938623,50.1342479055623,-26.));
#1878=CARTESIAN_POINT('Origin',(48.5921153853774,38.3517763261492,-26.));
#1879=CARTESIAN_POINT('',(48.4823129267998,39.606824170663,-12.328895227792));
#1880=CARTESIAN_POINT('',(48.5921153853774,38.3517763261492,-12.328895227792));
#1881=CARTESIAN_POINT('',(48.4823129267998,39.606824170663,-26.));
#1882=CARTESIAN_POINT('Origin',(48.5921153853774,38.3517763261492,-26.));
#1883=CARTESIAN_POINT('',(48.7893219470337,36.0976950119697,12.3289118008386));
#1884=CARTESIAN_POINT('',(48.7893219470337,36.0976950119697,-26.));
#1885=CARTESIAN_POINT('',(48.5921153853774,38.3517763261492,12.3289118008386));
#1886=CARTESIAN_POINT('Origin',(48.5921153853774,38.3517763261492,-26.));
#1887=CARTESIAN_POINT('',(47.4846686727807,51.0099501736506,14.4879443442799));
#1888=CARTESIAN_POINT('',(47.3446131391118,52.6107922487774,14.4378089172769));
#1889=CARTESIAN_POINT('Ctrl Pts',(47.4846686727807,51.0099501736506,14.4879443442799));
#1890=CARTESIAN_POINT('Ctrl Pts',(47.4698323891486,51.1795296715445,14.4276069407722));
#1891=CARTESIAN_POINT('Ctrl Pts',(47.4435386330543,51.4800686789383,14.3972924965081));
#1892=CARTESIAN_POINT('Ctrl Pts',(47.4057874044978,51.911567195832,14.3972924965273));
#1893=CARTESIAN_POINT('Ctrl Pts',(47.3794428392131,52.2126869549292,14.3972924965408));
#1894=CARTESIAN_POINT('Ctrl Pts',(47.3590429492194,52.4458587645285,14.4109922934846));
#1895=CARTESIAN_POINT('Ctrl Pts',(47.3446131391118,52.6107922487774,14.4378089172769));
#1896=CARTESIAN_POINT('',(47.497777443937,50.8601162337086,15.0516764138301));
#1897=CARTESIAN_POINT('Ctrl Pts',(47.497777443937,50.8601162337086,15.0516764138301));
#1898=CARTESIAN_POINT('Ctrl Pts',(47.5038745467992,50.790426029099,14.9942538607235));
#1899=CARTESIAN_POINT('Ctrl Pts',(47.5069230982302,50.7555809267954,14.9146784444913));
#1900=CARTESIAN_POINT('Ctrl Pts',(47.5069230982297,50.7555809268006,14.8126586800937));
#1901=CARTESIAN_POINT('Ctrl Pts',(47.5069230982291,50.755580926807,14.6567141830863));
#1902=CARTESIAN_POINT('Ctrl Pts',(47.4995049564128,50.8403706757573,14.5485732328288));
#1903=CARTESIAN_POINT('Ctrl Pts',(47.4846686727807,51.0099501736506,14.4879443442799));
#1904=CARTESIAN_POINT('',(47.3269061362183,52.8131842179751,15.1280454946958));
#1905=CARTESIAN_POINT('Ctrl Pts',(47.3269061362183,52.8131842179751,15.1280454946958));
#1906=CARTESIAN_POINT('Ctrl Pts',(47.3417678244456,52.6433143442294,15.1883828982028));
#1907=CARTESIAN_POINT('Ctrl Pts',(47.3680615805399,52.3427753368356,15.2186973424677));
#1908=CARTESIAN_POINT('Ctrl Pts',(47.405787404501,51.911567195795,15.2186973424484));
#1909=CARTESIAN_POINT('Ctrl Pts',(47.432157374381,51.6101570608446,15.2186973424349));
#1910=CARTESIAN_POINT('Ctrl Pts',(47.4525572643747,51.3769852512459,15.2052890305317));
#1911=CARTESIAN_POINT('Ctrl Pts',(47.4814168845899,51.0471182827482,15.151072812866));
#1912=CARTESIAN_POINT('Ctrl Pts',(47.4916803410748,50.9298064383189,15.1088074818962));
#1913=CARTESIAN_POINT('Ctrl Pts',(47.497777443937,50.8601162337086,15.0516764138301));
#1914=CARTESIAN_POINT('',(47.3137973650619,52.9630181579178,14.5643134251456));
#1915=CARTESIAN_POINT('Ctrl Pts',(47.3137973650619,52.9630181579178,14.5643134251456));
#1916=CARTESIAN_POINT('Ctrl Pts',(47.3077002621997,53.032708362528,14.6217359782523));
#1917=CARTESIAN_POINT('Ctrl Pts',(47.3046517107688,53.0675534648309,14.7013113944844));
#1918=CARTESIAN_POINT('Ctrl Pts',(47.3046517107692,53.0675534648265,14.8033311588814));
#1919=CARTESIAN_POINT('Ctrl Pts',(47.3046517107698,53.0675534648195,14.9592756558894));
#1920=CARTESIAN_POINT('Ctrl Pts',(47.3120698525862,52.982763715869,15.067416606147));
#1921=CARTESIAN_POINT('Ctrl Pts',(47.3269061362183,52.8131842179751,15.1280454946958));
#1922=CARTESIAN_POINT('Origin',(51.0668706779447,10.0651938955255,28.1566952470272));
#1923=CARTESIAN_POINT('Origin',(48.5921153853774,38.3517763261492,-26.));
#1924=CARTESIAN_POINT('Origin',(48.5921153853774,38.3517763261492,-26.));
#1925=CARTESIAN_POINT('',(49.4033431597647,29.0794004354499,8.80634194103109));
#1926=CARTESIAN_POINT('',(49.4033431597647,29.0794004354499,-8.80636176626706));
#1927=CARTESIAN_POINT('',(49.4033431597647,29.0794004354499,-26.));
#1928=CARTESIAN_POINT('',(47.8682917141239,46.6251187465528,-8.80636176626706));
#1929=CARTESIAN_POINT('',(48.5921153853774,38.3517763261492,-8.80636176626706));
#1930=CARTESIAN_POINT('',(47.8682917141239,46.6251187465528,8.80634194103109));
#1931=CARTESIAN_POINT('',(47.8682917141239,46.6251187465528,-26.));
#1932=CARTESIAN_POINT('',(48.5921153853774,38.3517763261492,8.8063419410311));
#1933=CARTESIAN_POINT('',(48.4823129268687,39.6068241698756,1.76127501752302));
#1934=CARTESIAN_POINT('',(48.1753039066361,43.1159533285539,1.76127501752302));
#1935=CARTESIAN_POINT('',(48.5921153853774,38.3517763261492,1.76127501752302));
#1936=CARTESIAN_POINT('',(48.4823129268687,39.6068241698756,5.28380847952219));
#1937=CARTESIAN_POINT('',(48.4823129268687,39.6068241698756,-26.));
#1938=CARTESIAN_POINT('',(48.1753039066361,43.1159533285539,5.28380847952219));
#1939=CARTESIAN_POINT('',(48.5921153853774,38.3517763261492,5.28380847952219));
#1940=CARTESIAN_POINT('',(48.1753039066361,43.1159533285539,-26.));
#1941=CARTESIAN_POINT('',(48.7893219470751,36.0976950114964,-1.76125844479251));
#1942=CARTESIAN_POINT('',(49.0963309673091,32.5885658528027,-1.7612584447925));
#1943=CARTESIAN_POINT('',(48.5921153853774,38.3517763261492,-1.76125844479251));
#1944=CARTESIAN_POINT('',(48.7893219470751,36.0976950114964,-5.28382830411005));
#1945=CARTESIAN_POINT('',(48.7893219470751,36.0976950114963,-26.));
#1946=CARTESIAN_POINT('',(49.0963309673091,32.5885658528027,-5.28382830411005));
#1947=CARTESIAN_POINT('',(48.5921153853774,38.3517763261492,-5.28382830411005));
#1948=CARTESIAN_POINT('',(49.0963309673091,32.5885658528027,-26.));
#1949=CARTESIAN_POINT('',(48.7893219471026,36.0976950111822,1.76127501720667));
#1950=CARTESIAN_POINT('',(48.7893219471026,36.0976950111822,5.28380847920583));
#1951=CARTESIAN_POINT('',(48.7893219471026,36.0976950111822,-26.));
#1952=CARTESIAN_POINT('',(49.0963309673367,32.5885658524868,1.76127501720667));
#1953=CARTESIAN_POINT('',(48.5921153853774,38.3517763261492,1.76127501720667));
#1954=CARTESIAN_POINT('',(49.0963309673367,32.5885658524868,5.28380847920583));
#1955=CARTESIAN_POINT('',(49.0963309673367,32.5885658524868,-26.));
#1956=CARTESIAN_POINT('',(48.5921153853774,38.3517763261492,5.28380847920583));
#1957=CARTESIAN_POINT('Origin',(48.5921153853774,38.3517763261492,-26.));
#1958=CARTESIAN_POINT('Origin',(48.5921153853774,38.3517763261492,-26.));
#1959=CARTESIAN_POINT('Origin',(48.5921153853774,38.3517763261492,-26.));
#1960=CARTESIAN_POINT('Origin',(48.5921153853774,38.3517763261492,-26.));
#1961=CARTESIAN_POINT('',(48.0940180363315,38.3081984547753,-28.));
#1962=CARTESIAN_POINT('',(47.9197065508362,40.3005878509588,-26.));
#1963=CARTESIAN_POINT('Origin',(48.0940180363315,38.3081984547753,-26.));
#1964=CARTESIAN_POINT('',(48.4178038998821,40.3441657223327,-26.));
#1965=CARTESIAN_POINT('',(48.5921153853774,38.3517763261492,-28.));
#1966=CARTESIAN_POINT('Origin',(48.4178038998821,40.3441657223327,-26.));
#1967=CARTESIAN_POINT('',(47.9197065508362,40.3005878509588,-23.5));
#1968=CARTESIAN_POINT('',(47.9197065508362,40.3005878509588,-26.));
#1969=CARTESIAN_POINT('',(48.4178038998821,40.3441657223327,-23.5));
#1970=CARTESIAN_POINT('Origin',(48.3742260285082,40.8422630713785,-23.5));
#1971=CARTESIAN_POINT('',(47.8761286794624,40.7986852000047,-23.));
#1972=CARTESIAN_POINT('Origin',(47.8761286794624,40.7986852000047,-23.5));
#1973=CARTESIAN_POINT('',(48.3742260285082,40.8422630713785,-23.));
#1974=CARTESIAN_POINT('Origin',(48.3742260285082,40.8422630713785,-23.));
#1975=CARTESIAN_POINT('',(46.6559482809952,54.7454109732892,-23.));
#1976=CARTESIAN_POINT('',(47.8761286794624,40.7986852000047,-23.));
#1977=CARTESIAN_POINT('',(47.154045630041,54.788988844663,-23.));
#1978=CARTESIAN_POINT('Origin',(47.154045630041,54.788988844663,-21.));
#1979=CARTESIAN_POINT('',(46.4816367954998,56.7378003694726,-21.));
#1980=CARTESIAN_POINT('Origin',(46.6559482809952,54.7454109732892,-21.));
#1981=CARTESIAN_POINT('',(46.9797341445457,56.7813782408465,-21.));
#1982=CARTESIAN_POINT('Origin',(46.9797341445457,56.7813782408465,21.));
#1983=CARTESIAN_POINT('',(46.4816367954998,56.7378003694726,21.));
#1984=CARTESIAN_POINT('',(46.4816367954998,56.7378003694726,21.));
#1985=CARTESIAN_POINT('',(46.9797341445457,56.7813782408465,21.));
#1986=CARTESIAN_POINT('Origin',(47.154045630041,54.788988844663,21.));
#1987=CARTESIAN_POINT('',(46.6559482809952,54.7454109732892,23.));
#1988=CARTESIAN_POINT('Origin',(46.6559482809952,54.7454109732892,21.));
#1989=CARTESIAN_POINT('',(47.154045630041,54.788988844663,23.));
#1990=CARTESIAN_POINT('Origin',(48.3742260285082,40.8422630713785,23.));
#1991=CARTESIAN_POINT('',(47.8761286794624,40.7986852000047,23.));
#1992=CARTESIAN_POINT('',(47.8761286794624,40.7986852000047,23.));
#1993=CARTESIAN_POINT('',(48.3742260285082,40.8422630713785,23.));
#1994=CARTESIAN_POINT('Origin',(48.3742260285082,40.8422630713785,23.5));
#1995=CARTESIAN_POINT('',(47.9197065508362,40.3005878509588,23.5));
#1996=CARTESIAN_POINT('Origin',(47.8761286794624,40.7986852000047,23.5));
#1997=CARTESIAN_POINT('',(48.4178038998821,40.3441657223327,23.5));
#1998=CARTESIAN_POINT('Origin',(48.4178038998821,40.3441657223327,26.));
#1999=CARTESIAN_POINT('',(47.9197065508362,40.3005878509588,26.));
#2000=CARTESIAN_POINT('',(47.9197065508362,40.3005878509588,26.));
#2001=CARTESIAN_POINT('',(48.4178038998821,40.3441657223327,26.));
#2002=CARTESIAN_POINT('Origin',(48.5921153853774,38.3517763261492,26.));
#2003=CARTESIAN_POINT('',(48.0940180363315,38.3081984547753,28.));
#2004=CARTESIAN_POINT('Origin',(48.0940180363315,38.3081984547753,26.));
#2005=CARTESIAN_POINT('',(48.5921153853774,38.3517763261492,28.));
#2006=CARTESIAN_POINT('Origin',(50.8145868254427,12.9488115248097,28.));
#2007=CARTESIAN_POINT('',(50.3164894763968,12.9052336534358,28.));
#2008=CARTESIAN_POINT('',(50.3164894763968,12.9052336534358,28.));
#2009=CARTESIAN_POINT('',(50.8145868254427,12.9488115248097,28.));
#2010=CARTESIAN_POINT('Origin',(50.8145868254427,12.9488115248097,26.));
#2011=CARTESIAN_POINT('',(50.4908009618921,10.9128442572523,26.));
#2012=CARTESIAN_POINT('Origin',(50.3164894763968,12.9052336534358,26.));
#2013=CARTESIAN_POINT('',(50.988898310938,10.9564221286262,26.));
#2014=CARTESIAN_POINT('Origin',(50.988898310938,10.9564221286262,10.75));
#2015=CARTESIAN_POINT('',(50.4908009618921,10.9128442572523,10.75));
#2016=CARTESIAN_POINT('',(50.4908009618921,10.9128442572523,10.75));
#2017=CARTESIAN_POINT('',(50.988898310938,10.9564221286262,10.75));
#2018=CARTESIAN_POINT('Origin',(51.0324761823118,10.4583247795803,10.75));
#2019=CARTESIAN_POINT('',(50.5343788332659,10.4147469082065,10.25));
#2020=CARTESIAN_POINT('Origin',(50.5343788332659,10.4147469082065,10.75));
#2021=CARTESIAN_POINT('',(51.0324761823118,10.4583247795803,10.25));
#2022=CARTESIAN_POINT('Origin',(51.250365539181,7.96783803435094,10.25));
#2023=CARTESIAN_POINT('',(50.7522681901351,7.92426016297711,10.25));
#2024=CARTESIAN_POINT('',(50.7522681901351,7.92426016297711,10.25));
#2025=CARTESIAN_POINT('',(51.250365539181,7.96783803435094,10.25));
#2026=CARTESIAN_POINT('Origin',(51.250365539181,7.96783803435094,8.25));
#2027=CARTESIAN_POINT('',(50.9265796756304,5.93187076679362,8.25));
#2028=CARTESIAN_POINT('Origin',(50.7522681901351,7.92426016297711,8.25));
#2029=CARTESIAN_POINT('',(51.4246770246763,5.97544863816744,8.25));
#2030=CARTESIAN_POINT('Origin',(51.4246770246763,5.97544863816744,8.25));
#2031=CARTESIAN_POINT('',(50.9265796756304,5.93187076679362,-2.25));
#2032=CARTESIAN_POINT('',(50.9265796756304,5.93187076679362,8.25));
#2033=CARTESIAN_POINT('',(51.4246770246763,5.97544863816744,-2.25));
#2034=CARTESIAN_POINT('Origin',(51.250365539181,7.96783803435094,-2.25));
#2035=CARTESIAN_POINT('',(50.7522681901351,7.92426016297711,-4.25));
#2036=CARTESIAN_POINT('Origin',(50.7522681901351,7.92426016297711,-2.25));
#2037=CARTESIAN_POINT('',(51.250365539181,7.96783803435094,-4.25));
#2038=CARTESIAN_POINT('Origin',(51.0324761823118,10.4583247795803,-4.25));
#2039=CARTESIAN_POINT('',(50.5343788332659,10.4147469082065,-4.25));
#2040=CARTESIAN_POINT('',(50.5343788332659,10.4147469082065,-4.25));
#2041=CARTESIAN_POINT('',(51.0324761823118,10.4583247795803,-4.25));
#2042=CARTESIAN_POINT('Origin',(51.0324761823118,10.4583247795803,-4.75));
#2043=CARTESIAN_POINT('',(50.4908009618921,10.9128442572523,-4.75));
#2044=CARTESIAN_POINT('Origin',(50.5343788332659,10.4147469082065,-4.75));
#2045=CARTESIAN_POINT('',(50.988898310938,10.9564221286262,-4.75));
#2046=CARTESIAN_POINT('Origin',(50.988898310938,10.9564221286262,-26.));
#2047=CARTESIAN_POINT('',(50.4908009618921,10.9128442572523,-26.));
#2048=CARTESIAN_POINT('',(50.4908009618921,10.9128442572523,-26.));
#2049=CARTESIAN_POINT('',(50.988898310938,10.9564221286262,-26.));
#2050=CARTESIAN_POINT('Origin',(50.8145868254427,12.9488115248097,-26.));
#2051=CARTESIAN_POINT('',(50.3164894763968,12.9052336534358,-28.));
#2052=CARTESIAN_POINT('Origin',(50.3164894763968,12.9052336534358,-26.));
#2053=CARTESIAN_POINT('',(50.8145868254427,12.9488115248097,-28.));
#2054=CARTESIAN_POINT('Origin',(48.5921153853774,38.3517763261492,-28.));
#2055=CARTESIAN_POINT('',(48.0940180363315,38.3081984547753,-28.));
#2056=CARTESIAN_POINT('Origin',(48.5921153853774,38.3517763261492,-26.));
#2057=CARTESIAN_POINT('Origin',(48.0940180363315,38.3081984547753,-26.));
#2058=CARTESIAN_POINT('Origin',(48.641925120282,38.3561341132866,-26.));
#2059=CARTESIAN_POINT('',(49.1461407022413,32.5929236396242,1.76127501720669));
#2060=CARTESIAN_POINT('',(48.8391316820072,36.1020527983195,1.76127501720668));
#2061=CARTESIAN_POINT('',(48.641925120282,38.3561341132866,1.76127501720669));
#2062=CARTESIAN_POINT('',(48.8391316820072,36.1020527983195,5.28380847920584));
#2063=CARTESIAN_POINT('',(48.8391316820072,36.1020527983195,-26.));
#2064=CARTESIAN_POINT('',(49.1461407022413,32.5929236396242,5.28380847920584));
#2065=CARTESIAN_POINT('',(48.641925120282,38.3561341132866,5.28380847920584));
#2066=CARTESIAN_POINT('',(49.1461407022413,32.5929236396242,-26.));
#2067=CARTESIAN_POINT('Origin',(48.641925120282,38.3561341132866,-26.));
#2068=CARTESIAN_POINT('',(48.8391316819797,36.1020527986338,-5.28382830411004));
#2069=CARTESIAN_POINT('',(48.8391316819797,36.1020527986338,-1.76125844479249));
#2070=CARTESIAN_POINT('',(48.8391316819797,36.1020527986338,-26.));
#2071=CARTESIAN_POINT('',(49.1461407022137,32.5929236399401,-1.76125844479249));
#2072=CARTESIAN_POINT('',(48.641925120282,38.3561341132866,-1.76125844479249));
#2073=CARTESIAN_POINT('',(49.1461407022137,32.5929236399401,-5.28382830411004));
#2074=CARTESIAN_POINT('',(49.1461407022137,32.5929236399401,-26.));
#2075=CARTESIAN_POINT('',(48.641925120282,38.3561341132866,-5.28382830411004));
#2076=CARTESIAN_POINT('Origin',(48.641925120282,38.3561341132866,-26.));
#2077=CARTESIAN_POINT('',(48.5321226617733,39.6111819570129,5.2838084795222));
#2078=CARTESIAN_POINT('',(48.5321226617733,39.6111819570129,1.76127501752304));
#2079=CARTESIAN_POINT('',(48.5321226617733,39.6111819570129,-26.));
#2080=CARTESIAN_POINT('',(48.2251136415406,43.1203111156913,1.76127501752304));
#2081=CARTESIAN_POINT('',(48.641925120282,38.3561341132866,1.76127501752304));
#2082=CARTESIAN_POINT('',(48.2251136415406,43.1203111156913,5.2838084795222));
#2083=CARTESIAN_POINT('',(48.2251136415406,43.1203111156913,-26.));
#2084=CARTESIAN_POINT('',(48.641925120282,38.3561341132866,5.2838084795222));
#2085=CARTESIAN_POINT('Origin',(48.641925120282,38.3561341132866,-26.));
#2086=CARTESIAN_POINT('',(48.5321226617044,39.6111819578004,-15.8514286897751));
#2087=CARTESIAN_POINT('',(48.2251136414717,43.1203111164788,-15.8514286897751));
#2088=CARTESIAN_POINT('',(48.641925120282,38.3561341132866,-15.8514286897751));
#2089=CARTESIAN_POINT('',(48.2251136414717,43.1203111164788,-12.328895227792));
#2090=CARTESIAN_POINT('',(48.2251136414717,43.1203111164788,-26.));
#2091=CARTESIAN_POINT('',(47.6110924287669,50.1386056926997,-12.328895227792));
#2092=CARTESIAN_POINT('',(48.641925120282,38.3561341132866,-12.328895227792));
#2093=CARTESIAN_POINT('',(47.6110924287669,50.1386056926997,-1.7612584444768));
#2094=CARTESIAN_POINT('',(47.6110924287669,50.1386056926997,-26.));
#2095=CARTESIAN_POINT('',(47.3040834085343,53.6477348513777,-1.76125844447677));
#2096=CARTESIAN_POINT('',(48.641925120282,38.3561341132866,-1.7612584444768));
#2097=CARTESIAN_POINT('',(47.3040834085343,53.6477348513777,1.7612750175224));
#2098=CARTESIAN_POINT('',(47.3040834085343,53.6477348513777,-26.));
#2099=CARTESIAN_POINT('',(47.6110924287669,50.1386056926997,1.7612750175224));
#2100=CARTESIAN_POINT('',(48.641925120282,38.3561341132866,1.7612750175224));
#2101=CARTESIAN_POINT('',(47.6110924287669,50.1386056926997,12.3289118008389));
#2102=CARTESIAN_POINT('',(47.6110924287669,50.1386056926997,-26.));
#2103=CARTESIAN_POINT('',(48.2251136414717,43.1203111164788,12.3289118008389));
#2104=CARTESIAN_POINT('',(48.641925120282,38.3561341132866,12.3289118008389));
#2105=CARTESIAN_POINT('',(48.2251136414717,43.1203111164788,15.8514452628371));
#2106=CARTESIAN_POINT('',(48.2251136414717,43.1203111164788,-26.));
#2107=CARTESIAN_POINT('',(48.8391316819383,36.1020527991071,15.8514452628371));
#2108=CARTESIAN_POINT('',(48.641925120282,38.3561341132866,15.8514452628371));
#2109=CARTESIAN_POINT('',(48.8391316819383,36.1020527991071,12.3289118008386));
#2110=CARTESIAN_POINT('',(48.8391316819383,36.1020527991071,-26.));
#2111=CARTESIAN_POINT('',(49.7601619148757,25.5746290642084,12.3289118008386));
#2112=CARTESIAN_POINT('',(48.641925120282,38.3561341132866,12.3289118008386));
#2113=CARTESIAN_POINT('',(49.7601619148757,25.5746290642084,5.28380847952187));
#2114=CARTESIAN_POINT('',(49.7601619148757,25.5746290642084,-26.));
#2115=CARTESIAN_POINT('',(50.0671709351098,22.0654999055135,5.28380847952187));
#2116=CARTESIAN_POINT('',(48.641925120282,38.3561341132866,5.28380847952187));
#2117=CARTESIAN_POINT('',(50.0671709351098,22.0654999055135,-5.28382830379401));
#2118=CARTESIAN_POINT('',(50.0671709351098,22.0654999055135,-26.));
#2119=CARTESIAN_POINT('',(49.7601619148757,25.5746290642081,-5.28382830379401));
#2120=CARTESIAN_POINT('',(48.641925120282,38.3561341132866,-5.28382830379401));
#2121=CARTESIAN_POINT('',(49.7601619148757,25.5746290642081,-12.328895227792));
#2122=CARTESIAN_POINT('',(49.7601619148757,25.5746290642081,-26.));
#2123=CARTESIAN_POINT('',(48.5321226617044,39.6111819578004,-12.328895227792));
#2124=CARTESIAN_POINT('',(48.641925120282,38.3561341132866,-12.328895227792));
#2125=CARTESIAN_POINT('',(48.5321226617044,39.6111819578004,-26.));
#2126=CARTESIAN_POINT('',(49.4531528946693,29.0837582225873,-8.80636176626705));
#2127=CARTESIAN_POINT('',(47.9181014490285,46.6294765336902,-8.80636176626705));
#2128=CARTESIAN_POINT('',(48.641925120282,38.3561341132866,-8.80636176626705));
#2129=CARTESIAN_POINT('',(49.4531528946693,29.0837582225873,8.80634194103111));
#2130=CARTESIAN_POINT('',(49.4531528946693,29.0837582225873,-26.));
#2131=CARTESIAN_POINT('',(47.9181014490285,46.6294765336901,8.8063419410311));
#2132=CARTESIAN_POINT('',(48.641925120282,38.3561341132866,8.8063419410311));
#2133=CARTESIAN_POINT('',(47.9181014490285,46.6294765336902,-26.));
#2134=CARTESIAN_POINT('Origin',(48.641925120282,38.3561341132866,-26.));
#2135=CARTESIAN_POINT('',(47.3040834085343,53.6477348513777,1.7612750175224));
#2136=CARTESIAN_POINT('',(47.6110924287669,50.1386056926997,1.7612750175224));
#2137=CARTESIAN_POINT('',(48.641925120282,38.3561341132866,1.7612750175224));
#2138=CARTESIAN_POINT('',(47.3040834085343,53.6477348513777,5.2838084795222));
#2139=CARTESIAN_POINT('',(47.3040834085343,53.6477348513777,-26.));
#2140=CARTESIAN_POINT('',(47.6110924287669,50.1386056926997,5.2838084795222));
#2141=CARTESIAN_POINT('',(48.641925120282,38.3561341132866,5.2838084795222));
#2142=CARTESIAN_POINT('',(47.6110924287669,50.1386056926997,-26.));
#2143=CARTESIAN_POINT('Origin',(48.641925120282,38.3561341132866,-26.));
#2144=CARTESIAN_POINT('',(47.6110924287669,50.1386056926997,-5.28382830411004));
#2145=CARTESIAN_POINT('',(47.6110924287669,50.1386056926997,-1.7612584444768));
#2146=CARTESIAN_POINT('',(47.6110924287669,50.1386056926997,-26.));
#2147=CARTESIAN_POINT('',(47.3040834085343,53.6477348513777,-5.28382830411004));
#2148=CARTESIAN_POINT('',(48.641925120282,38.3561341132866,-5.28382830411004));
#2149=CARTESIAN_POINT('',(47.3040834085343,53.6477348513777,-1.76125844447677));
#2150=CARTESIAN_POINT('',(47.3040834085343,53.6477348513777,-26.));
#2151=CARTESIAN_POINT('',(48.641925120282,38.3561341132866,-1.7612584444768));
#2152=CARTESIAN_POINT('Origin',(48.641925120282,38.3561341132866,-26.));
#2153=CARTESIAN_POINT('',(49.1461407022137,32.5929236399401,-12.328895227792));
#2154=CARTESIAN_POINT('',(48.5321226617044,39.6111819578004,-12.328895227792));
#2155=CARTESIAN_POINT('',(48.641925120282,38.3561341132866,-12.328895227792));
#2156=CARTESIAN_POINT('',(49.1461407022137,32.5929236399401,-15.8514286897751));
#2157=CARTESIAN_POINT('',(49.1461407022137,32.5929236399401,-26.));
#2158=CARTESIAN_POINT('',(48.5321226617044,39.6111819578004,-15.8514286897751));
#2159=CARTESIAN_POINT('',(48.641925120282,38.3561341132866,-15.8514286897751));
#2160=CARTESIAN_POINT('',(48.5321226617044,39.6111819578004,-26.));
#2161=CARTESIAN_POINT('Origin',(48.641925120282,38.3561341132866,-26.));
#2162=CARTESIAN_POINT('',(48.8391316819383,36.1020527991071,15.8514452628371));
#2163=CARTESIAN_POINT('',(48.8391316819383,36.1020527991071,12.3289118008386));
#2164=CARTESIAN_POINT('',(48.8391316819383,36.1020527991071,-26.));
#2165=CARTESIAN_POINT('',(49.1461407022137,32.5929236399401,15.8514452628371));
#2166=CARTESIAN_POINT('',(48.641925120282,38.3561341132866,15.8514452628371));
#2167=CARTESIAN_POINT('',(49.1461407022137,32.5929236399401,12.3289118008386));
#2168=CARTESIAN_POINT('',(49.1461407022137,32.5929236399401,-26.));
#2169=CARTESIAN_POINT('',(48.641925120282,38.3561341132866,12.3289118008386));
#2170=CARTESIAN_POINT('Origin',(48.641925120282,38.3561341132866,-26.));
#2171=CARTESIAN_POINT('',(49.4531528946693,29.0837582225873,8.80634194103111));
#2172=CARTESIAN_POINT('',(49.4531528946693,29.0837582225873,-8.80636176626705));
#2173=CARTESIAN_POINT('',(49.4531528946693,29.0837582225873,-26.));
#2174=CARTESIAN_POINT('',(47.9181014490285,46.6294765336902,-8.80636176626705));
#2175=CARTESIAN_POINT('',(48.641925120282,38.3561341132866,-8.80636176626705));
#2176=CARTESIAN_POINT('',(47.9181014490285,46.6294765336901,8.8063419410311));
#2177=CARTESIAN_POINT('',(47.9181014490285,46.6294765336902,-26.));
#2178=CARTESIAN_POINT('',(48.641925120282,38.3561341132866,8.8063419410311));
#2179=CARTESIAN_POINT('',(48.5321226617733,39.6111819570129,1.76127501752304));
#2180=CARTESIAN_POINT('',(48.2251136415406,43.1203111156913,1.76127501752304));
#2181=CARTESIAN_POINT('',(48.641925120282,38.3561341132866,1.76127501752304));
#2182=CARTESIAN_POINT('',(48.5321226617733,39.6111819570129,5.2838084795222));
#2183=CARTESIAN_POINT('',(48.5321226617733,39.6111819570129,-26.));
#2184=CARTESIAN_POINT('',(48.2251136415406,43.1203111156913,5.2838084795222));
#2185=CARTESIAN_POINT('',(48.641925120282,38.3561341132866,5.2838084795222));
#2186=CARTESIAN_POINT('',(48.2251136415406,43.1203111156913,-26.));
#2187=CARTESIAN_POINT('',(48.8391316819797,36.1020527986338,-1.76125844479249));
#2188=CARTESIAN_POINT('',(49.1461407022137,32.5929236399401,-1.76125844479249));
#2189=CARTESIAN_POINT('',(48.641925120282,38.3561341132866,-1.76125844479249));
#2190=CARTESIAN_POINT('',(48.8391316819797,36.1020527986338,-5.28382830411004));
#2191=CARTESIAN_POINT('',(48.8391316819797,36.1020527986338,-26.));
#2192=CARTESIAN_POINT('',(49.1461407022137,32.5929236399401,-5.28382830411004));
#2193=CARTESIAN_POINT('',(48.641925120282,38.3561341132866,-5.28382830411004));
#2194=CARTESIAN_POINT('',(49.1461407022137,32.5929236399401,-26.));
#2195=CARTESIAN_POINT('',(48.8391316820072,36.1020527983195,1.76127501720668));
#2196=CARTESIAN_POINT('',(48.8391316820072,36.1020527983195,5.28380847920584));
#2197=CARTESIAN_POINT('',(48.8391316820072,36.1020527983195,-26.));
#2198=CARTESIAN_POINT('',(49.1461407022413,32.5929236396242,1.76127501720669));
#2199=CARTESIAN_POINT('',(48.641925120282,38.3561341132866,1.76127501720669));
#2200=CARTESIAN_POINT('',(49.1461407022413,32.5929236396242,5.28380847920584));
#2201=CARTESIAN_POINT('',(49.1461407022413,32.5929236396242,-26.));
#2202=CARTESIAN_POINT('',(48.641925120282,38.3561341132866,5.28380847920584));
#2203=CARTESIAN_POINT('Origin',(48.641925120282,38.3561341132866,-26.));
#2204=CARTESIAN_POINT('',(47.5700702456426,50.6074913913838,14.0081599665516));
#2205=CARTESIAN_POINT('',(47.3409207963971,53.2266815814097,14.0032047209706));
#2206=CARTESIAN_POINT('Ctrl Pts',(47.5700702456426,50.6074913913839,14.0081599665516));
#2207=CARTESIAN_POINT('Ctrl Pts',(47.5453769790492,50.8897367200729,13.8344348820468));
#2208=CARTESIAN_POINT('Ctrl Pts',(47.5070668493967,51.327623505726,13.7478638248497));
#2209=CARTESIAN_POINT('Ctrl Pts',(47.4551906658757,51.9205709966387,13.7478638248761));
#2210=CARTESIAN_POINT('Ctrl Pts',(47.4035685283073,52.5106147290265,13.7478638249024));
#2211=CARTESIAN_POINT('Ctrl Pts',(47.3654870400128,52.9458881319991,13.8329774569339));
#2212=CARTESIAN_POINT('Ctrl Pts',(47.3409207963971,53.2266815814097,14.0032047209706));
#2213=CARTESIAN_POINT('',(47.3411494377607,53.2240681986654,15.6078298724242));
#2214=CARTESIAN_POINT('Ctrl Pts',(47.3409207963971,53.2266815814097,14.0032047209706));
#2215=CARTESIAN_POINT('Ctrl Pts',(47.3163799573765,53.5071846549684,14.1737234700473));
#2216=CARTESIAN_POINT('Ctrl Pts',(47.3040841332717,53.6477265675924,14.438683372446));
#2217=CARTESIAN_POINT('Ctrl Pts',(47.3040841332731,53.6477265675764,14.7983759132087));
#2218=CARTESIAN_POINT('Ctrl Pts',(47.3040841332745,53.6477265675598,15.1644811248751));
#2219=CARTESIAN_POINT('Ctrl Pts',(47.3164561711672,53.5063135273543,15.4343962729606));
#2220=CARTESIAN_POINT('Ctrl Pts',(47.3411494377606,53.2240681986654,15.6078298724242));
#2221=CARTESIAN_POINT('Ctrl Pts',(47.3411494377606,53.2240681986654,15.6078298724242));
#2222=CARTESIAN_POINT('Ctrl Pts',(47.3658427043541,52.9418228699763,15.7815549569283));
#2223=CARTESIAN_POINT('Ctrl Pts',(47.4041274294113,52.5042264601758,15.868126014126));
#2224=CARTESIAN_POINT('Ctrl Pts',(47.4560290175276,51.9109885934099,15.8681260140997));
#2225=CARTESIAN_POINT('Ctrl Pts',(47.5076257505007,51.3212352368752,15.8681260140734));
#2226=CARTESIAN_POINT('Ctrl Pts',(47.5457072387952,50.8859618339027,15.7830123820412));
#2227=CARTESIAN_POINT('Ctrl Pts',(47.570273482411,50.6051683844914,15.6127851180051));
#2228=CARTESIAN_POINT('Ctrl Pts',(47.5948397260268,50.3243749350801,15.442557853969));
#2229=CARTESIAN_POINT('Ctrl Pts',(47.6071101455364,50.1841233983087,15.1773064665291));
#2230=CARTESIAN_POINT('Ctrl Pts',(47.607110145535,50.1841233983248,14.817613925767));
#2231=CARTESIAN_POINT('Ctrl Pts',(47.6071101455336,50.1841233983413,14.4515087141007));
#2232=CARTESIAN_POINT('Ctrl Pts',(47.5947635122361,50.3252460626948,14.1815935660151));
#2233=CARTESIAN_POINT('Ctrl Pts',(47.5700702456426,50.6074913913839,14.0081599665516));
#2234=CARTESIAN_POINT('',(47.5344784076853,51.014307960788,14.4879443442799));
#2235=CARTESIAN_POINT('',(47.3944228740164,52.6151500359148,14.4378089172769));
#2236=CARTESIAN_POINT('Ctrl Pts',(47.5344784076853,51.014307960788,14.4879443442799));
#2237=CARTESIAN_POINT('Ctrl Pts',(47.5196421240531,51.1838874586819,14.4276069407723));
#2238=CARTESIAN_POINT('Ctrl Pts',(47.4933483679589,51.4844264660757,14.3972924965081));
#2239=CARTESIAN_POINT('Ctrl Pts',(47.4555971394024,51.9159249829694,14.3972924965273));
#2240=CARTESIAN_POINT('Ctrl Pts',(47.4292525741177,52.2170447420666,14.3972924965408));
#2241=CARTESIAN_POINT('Ctrl Pts',(47.408852684124,52.4502165516658,14.4109922934846));
#2242=CARTESIAN_POINT('Ctrl Pts',(47.3944228740164,52.6151500359148,14.4378089172769));
#2243=CARTESIAN_POINT('',(47.5475871788416,50.8644740208459,15.0516764138301));
#2244=CARTESIAN_POINT('Ctrl Pts',(47.5475871788416,50.8644740208459,15.0516764138301));
#2245=CARTESIAN_POINT('Ctrl Pts',(47.5536842817038,50.7947838162364,14.9942538607235));
#2246=CARTESIAN_POINT('Ctrl Pts',(47.5567328331347,50.7599387139328,14.9146784444913));
#2247=CARTESIAN_POINT('Ctrl Pts',(47.5567328331343,50.759938713938,14.8126586800937));
#2248=CARTESIAN_POINT('Ctrl Pts',(47.5567328331337,50.7599387139443,14.6567141830863));
#2249=CARTESIAN_POINT('Ctrl Pts',(47.5493146913173,50.8447284628947,14.5485732328288));
#2250=CARTESIAN_POINT('Ctrl Pts',(47.5344784076853,51.014307960788,14.4879443442799));
#2251=CARTESIAN_POINT('',(47.3767158711229,52.8175420051125,15.1280454946958));
#2252=CARTESIAN_POINT('Ctrl Pts',(47.3767158711229,52.8175420051125,15.1280454946958));
#2253=CARTESIAN_POINT('Ctrl Pts',(47.3915775593502,52.6476721313667,15.1883828982028));
#2254=CARTESIAN_POINT('Ctrl Pts',(47.4178713154445,52.3471331239729,15.2186973424677));
#2255=CARTESIAN_POINT('Ctrl Pts',(47.4555971394056,51.9159249829324,15.2186973424484));
#2256=CARTESIAN_POINT('Ctrl Pts',(47.4819671092856,51.614514847982,15.2186973424349));
#2257=CARTESIAN_POINT('Ctrl Pts',(47.5023669992793,51.3813430383833,15.2052890305317));
#2258=CARTESIAN_POINT('Ctrl Pts',(47.5167968093869,51.2164095541344,15.1781809216989));
#2259=CARTESIAN_POINT('Ctrl Pts',(47.5312266194945,51.0514760698855,15.151072812866));
#2260=CARTESIAN_POINT('Ctrl Pts',(47.5414900759794,50.9341642254563,15.1088074818962));
#2261=CARTESIAN_POINT('Ctrl Pts',(47.5475871788416,50.8644740208459,15.0516764138301));
#2262=CARTESIAN_POINT('',(47.3636070999665,52.9673759450552,14.5643134251456));
#2263=CARTESIAN_POINT('Ctrl Pts',(47.3636070999665,52.9673759450552,14.5643134251456));
#2264=CARTESIAN_POINT('Ctrl Pts',(47.3575099971043,53.0370661496654,14.6217359782523));
#2265=CARTESIAN_POINT('Ctrl Pts',(47.3544614456734,53.0719112519683,14.7013113944844));
#2266=CARTESIAN_POINT('Ctrl Pts',(47.3544614456738,53.0719112519638,14.8033311588814));
#2267=CARTESIAN_POINT('Ctrl Pts',(47.3544614456744,53.0719112519569,14.9592756558894));
#2268=CARTESIAN_POINT('Ctrl Pts',(47.3618795874907,52.9871215030064,15.067416606147));
#2269=CARTESIAN_POINT('Ctrl Pts',(47.3767158711229,52.8175420051125,15.1280454946958));
#2270=CARTESIAN_POINT('Origin',(51.11668040903,10.0695517263788,28.156695233052));
#2271=UNCERTAINTY_MEASURE_WITH_UNIT(LENGTH_MEASURE(0.01),#2275,
'DISTANCE_ACCURACY_VALUE',
'Maximum model space distance between geometric entities at asserted c
onnectivities');
#2272=UNCERTAINTY_MEASURE_WITH_UNIT(LENGTH_MEASURE(0.01),#2275,
'DISTANCE_ACCURACY_VALUE',
'Maximum model space distance between geometric entities at asserted c
onnectivities');
#2273=(
GEOMETRIC_REPRESENTATION_CONTEXT(3)
GLOBAL_UNCERTAINTY_ASSIGNED_CONTEXT((#2271))
GLOBAL_UNIT_ASSIGNED_CONTEXT((#2275,#2277,#2278))
REPRESENTATION_CONTEXT('','3D')
);
#2274=(
GEOMETRIC_REPRESENTATION_CONTEXT(3)
GLOBAL_UNCERTAINTY_ASSIGNED_CONTEXT((#2272))
GLOBAL_UNIT_ASSIGNED_CONTEXT((#2275,#2277,#2278))
REPRESENTATION_CONTEXT('','3D')
);
#2275=(
LENGTH_UNIT()
NAMED_UNIT(*)
SI_UNIT(.MILLI.,.METRE.)
);
#2276=(
LENGTH_UNIT()
NAMED_UNIT(*)
SI_UNIT($,.METRE.)
);
#2277=(
NAMED_UNIT(*)
PLANE_ANGLE_UNIT()
SI_UNIT($,.RADIAN.)
);
#2278=(
NAMED_UNIT(*)
SI_UNIT($,.STERADIAN.)
SOLID_ANGLE_UNIT()
);
#2279=SHAPE_DEFINITION_REPRESENTATION(#2280,#2281);
#2280=PRODUCT_DEFINITION_SHAPE('',$,#2283);
#2281=SHAPE_REPRESENTATION('',(#1357,#23,#24,#25,#26,#27,#28,#29,#30,#31,
#32),#2273);
#2282=PRODUCT_DEFINITION_CONTEXT('part definition',#2287,'design');
#2283=PRODUCT_DEFINITION('2026-09-17-21-43-45-822','AprilTag 0',#2284,#2282);
#2284=PRODUCT_DEFINITION_FORMATION('',$,#2289);
#2285=PRODUCT_RELATED_PRODUCT_CATEGORY('AprilTag 0','AprilTag 0',(#2289));
#2286=APPLICATION_PROTOCOL_DEFINITION('international standard',
'automotive_design',2009,#2287);
#2287=APPLICATION_CONTEXT(
'Core Data for Automotive Mechanical Design Process');
#2288=PRODUCT_CONTEXT('part definition',#2287,'mechanical');
#2289=PRODUCT('2026-09-17-21-43-45-822','AprilTag 0',$,(#2288));
#2290=PRESENTATION_STYLE_ASSIGNMENT((#2294));
#2291=PRESENTATION_STYLE_ASSIGNMENT((#2295));
#2292=PRESENTATION_STYLE_ASSIGNMENT((#2296));
#2293=PRESENTATION_STYLE_ASSIGNMENT((#2297));
#2294=SURFACE_STYLE_USAGE(.BOTH.,#2298);
#2295=SURFACE_STYLE_USAGE(.BOTH.,#2299);
#2296=SURFACE_STYLE_USAGE(.BOTH.,#2300);
#2297=SURFACE_STYLE_USAGE(.BOTH.,#2301);
#2298=SURFACE_SIDE_STYLE('',(#2302));
#2299=SURFACE_SIDE_STYLE('',(#2303));
#2300=SURFACE_SIDE_STYLE('',(#2304));
#2301=SURFACE_SIDE_STYLE('',(#2305));
#2302=SURFACE_STYLE_FILL_AREA(#2306);
#2303=SURFACE_STYLE_FILL_AREA(#2307);
#2304=SURFACE_STYLE_FILL_AREA(#2308);
#2305=SURFACE_STYLE_FILL_AREA(#2309);
#2306=FILL_AREA_STYLE('Steel - Satin',(#2310));
#2307=FILL_AREA_STYLE('Polycarbonate (Clear)',(#2311));
#2308=FILL_AREA_STYLE('Opaque(213,0,50) (1)',(#2312));
#2309=FILL_AREA_STYLE('Opaque(213,0,50) (1) (1)',(#2313));
#2310=FILL_AREA_STYLE_COLOUR('Steel - Satin',#2314);
#2311=FILL_AREA_STYLE_COLOUR('Polycarbonate (Clear)',#2315);
#2312=FILL_AREA_STYLE_COLOUR('Opaque(213,0,50) (1)',#2316);
#2313=FILL_AREA_STYLE_COLOUR('Opaque(213,0,50) (1) (1)',#2317);
#2314=COLOUR_RGB('Steel - Satin',0.627450980392157,0.627450980392157,0.627450980392157);
#2315=COLOUR_RGB('Polycarbonate (Clear)',0.964705882352941,0.964705882352941,
0.952941176470588);
#2316=COLOUR_RGB('Opaque(213,0,50) (1)',0.,0.,0.);
#2317=COLOUR_RGB('Opaque(213,0,50) (1) (1)',1.,1.,1.);
ENDSEC;
END-ISO-10303-21;
