ISO-10303-21;
HEADER;
/* Generated by software containing ST-Developer
 * from STEP Tools, Inc. (www.steptools.com) 
 */

FILE_DESCRIPTION(
/* description */ (''),
/* implementation_level */ '2;1');

FILE_NAME(
/* name */ 'AprilTag 4.step',
/* time_stamp */ '2026-09-17T17:52:13-04:00',
/* author */ (''),
/* organization */ (''),
/* preprocessor_version */ 'ST-DEVELOPER v20.2',
/* originating_system */ 'Autodesk Translation Framework v15.15.0.0',
/* authorisation */ '');

FILE_SCHEMA (('AUTOMOTIVE_DESIGN { 1 0 10303 214 3 1 1 }'));
ENDSEC;

DATA;
#10=MECHANICAL_DESIGN_GEOMETRIC_PRESENTATION_REPRESENTATION('',(#33,#34,
#35,#36,#37,#38,#39,#40,#41,#42,#43,#44,#45,#46),#2298);
#11=SHAPE_REPRESENTATION_RELATIONSHIP('SRR','None',#2305,#12);
#12=ADVANCED_BREP_SHAPE_REPRESENTATION('',(#47),#2297);
#13=OPEN_SHELL('',(#1412));
#14=OPEN_SHELL('',(#1413));
#15=OPEN_SHELL('',(#1414));
#16=OPEN_SHELL('',(#1415));
#17=OPEN_SHELL('',(#1416));
#18=OPEN_SHELL('',(#1417));
#19=OPEN_SHELL('',(#1418));
#20=OPEN_SHELL('',(#1419));
#21=OPEN_SHELL('',(#1420));
#22=OPEN_SHELL('',(#1421));
#23=SHELL_BASED_SURFACE_MODEL('Body2',(#13));
#24=SHELL_BASED_SURFACE_MODEL('Body3',(#14));
#25=SHELL_BASED_SURFACE_MODEL('Body4',(#15));
#26=SHELL_BASED_SURFACE_MODEL('Body5',(#16));
#27=SHELL_BASED_SURFACE_MODEL('Body6',(#17));
#28=SHELL_BASED_SURFACE_MODEL('Body7',(#18));
#29=SHELL_BASED_SURFACE_MODEL('Body8',(#19));
#30=SHELL_BASED_SURFACE_MODEL('Body9',(#20));
#31=SHELL_BASED_SURFACE_MODEL('Body10',(#21));
#32=SHELL_BASED_SURFACE_MODEL('Body11',(#22));
#33=STYLED_ITEM('',(#2315),#47);
#34=STYLED_ITEM('',(#2316),#23);
#35=STYLED_ITEM('',(#2316),#24);
#36=STYLED_ITEM('',(#2316),#25);
#37=STYLED_ITEM('',(#2316),#26);
#38=STYLED_ITEM('',(#2317),#27);
#39=STYLED_ITEM('',(#2317),#1417);
#40=STYLED_ITEM('',(#2314),#28);
#41=STYLED_ITEM('',(#2317),#1418);
#42=STYLED_ITEM('',(#2314),#29);
#43=STYLED_ITEM('',(#2317),#30);
#44=STYLED_ITEM('',(#2317),#1420);
#45=STYLED_ITEM('',(#2314),#31);
#46=STYLED_ITEM('',(#2317),#32);
#47=MANIFOLD_SOLID_BREP('Body1',#1422);
#48=CYLINDRICAL_SURFACE('',#1459,2.);
#49=CYLINDRICAL_SURFACE('',#1462,0.499999999999999);
#50=CYLINDRICAL_SURFACE('',#1465,2.);
#51=CYLINDRICAL_SURFACE('',#1468,2.);
#52=CYLINDRICAL_SURFACE('',#1471,0.499999999999999);
#53=CYLINDRICAL_SURFACE('',#1474,2.);
#54=CYLINDRICAL_SURFACE('',#1477,2.);
#55=CYLINDRICAL_SURFACE('',#1480,0.499999999999999);
#56=CYLINDRICAL_SURFACE('',#1483,2.);
#57=CYLINDRICAL_SURFACE('',#1486,2.);
#58=CYLINDRICAL_SURFACE('',#1489,0.500000000000001);
#59=CYLINDRICAL_SURFACE('',#1492,2.);
#60=FACE_BOUND('',#120,.T.);
#61=FACE_BOUND('',#121,.T.);
#62=FACE_BOUND('',#127,.T.);
#63=FACE_BOUND('',#129,.T.);
#64=FACE_BOUND('',#131,.T.);
#65=FACE_BOUND('',#132,.T.);
#66=FACE_BOUND('',#133,.T.);
#67=FACE_BOUND('',#167,.T.);
#68=FACE_BOUND('',#169,.T.);
#69=FACE_BOUND('',#175,.T.);
#70=FACE_BOUND('',#176,.T.);
#71=FACE_BOUND('',#177,.T.);
#72=FACE_OUTER_BOUND('',#119,.T.);
#73=FACE_OUTER_BOUND('',#122,.T.);
#74=FACE_OUTER_BOUND('',#123,.T.);
#75=FACE_OUTER_BOUND('',#124,.T.);
#76=FACE_OUTER_BOUND('',#125,.T.);
#77=FACE_OUTER_BOUND('',#126,.T.);
#78=FACE_OUTER_BOUND('',#128,.T.);
#79=FACE_OUTER_BOUND('',#130,.T.);
#80=FACE_OUTER_BOUND('',#134,.T.);
#81=FACE_OUTER_BOUND('',#135,.T.);
#82=FACE_OUTER_BOUND('',#136,.T.);
#83=FACE_OUTER_BOUND('',#137,.T.);
#84=FACE_OUTER_BOUND('',#138,.T.);
#85=FACE_OUTER_BOUND('',#139,.T.);
#86=FACE_OUTER_BOUND('',#140,.T.);
#87=FACE_OUTER_BOUND('',#141,.T.);
#88=FACE_OUTER_BOUND('',#142,.T.);
#89=FACE_OUTER_BOUND('',#143,.T.);
#90=FACE_OUTER_BOUND('',#144,.T.);
#91=FACE_OUTER_BOUND('',#145,.T.);
#92=FACE_OUTER_BOUND('',#146,.T.);
#93=FACE_OUTER_BOUND('',#147,.T.);
#94=FACE_OUTER_BOUND('',#148,.T.);
#95=FACE_OUTER_BOUND('',#149,.T.);
#96=FACE_OUTER_BOUND('',#150,.T.);
#97=FACE_OUTER_BOUND('',#151,.T.);
#98=FACE_OUTER_BOUND('',#152,.T.);
#99=FACE_OUTER_BOUND('',#153,.T.);
#100=FACE_OUTER_BOUND('',#154,.T.);
#101=FACE_OUTER_BOUND('',#155,.T.);
#102=FACE_OUTER_BOUND('',#156,.T.);
#103=FACE_OUTER_BOUND('',#157,.T.);
#104=FACE_OUTER_BOUND('',#158,.T.);
#105=FACE_OUTER_BOUND('',#159,.T.);
#106=FACE_OUTER_BOUND('',#160,.T.);
#107=FACE_OUTER_BOUND('',#161,.T.);
#108=FACE_OUTER_BOUND('',#162,.T.);
#109=FACE_OUTER_BOUND('',#163,.T.);
#110=FACE_OUTER_BOUND('',#164,.T.);
#111=FACE_OUTER_BOUND('',#165,.T.);
#112=FACE_OUTER_BOUND('',#166,.T.);
#113=FACE_OUTER_BOUND('',#168,.T.);
#114=FACE_OUTER_BOUND('',#170,.T.);
#115=FACE_OUTER_BOUND('',#171,.T.);
#116=FACE_OUTER_BOUND('',#172,.T.);
#117=FACE_OUTER_BOUND('',#173,.T.);
#118=FACE_OUTER_BOUND('',#174,.T.);
#119=EDGE_LOOP('',(#990,#991,#992,#993,#994,#995,#996,#997,#998,#999,#1000,
#1001,#1002,#1003,#1004,#1005,#1006,#1007,#1008,#1009,#1010,#1011,#1012,
#1013));
#120=EDGE_LOOP('',(#1014,#1015,#1016,#1017,#1018,#1019,#1020,#1021,#1022,
#1023,#1024));
#121=EDGE_LOOP('',(#1025,#1026,#1027,#1028,#1029,#1030,#1031,#1032,#1033,
#1034,#1035,#1036,#1037,#1038,#1039,#1040,#1041,#1042,#1043,#1044,#1045,
#1046,#1047,#1048));
#122=EDGE_LOOP('',(#1049,#1050,#1051,#1052));
#123=EDGE_LOOP('',(#1053,#1054,#1055,#1056));
#124=EDGE_LOOP('',(#1057,#1058,#1059,#1060));
#125=EDGE_LOOP('',(#1061,#1062,#1063,#1064));
#126=EDGE_LOOP('',(#1065,#1066,#1067,#1068,#1069,#1070,#1071,#1072,#1073,
#1074,#1075));
#127=EDGE_LOOP('',(#1076,#1077,#1078));
#128=EDGE_LOOP('',(#1079,#1080,#1081,#1082,#1083,#1084,#1085,#1086,#1087,
#1088,#1089,#1090,#1091,#1092,#1093,#1094,#1095,#1096,#1097,#1098,#1099,
#1100,#1101,#1102));
#129=EDGE_LOOP('',(#1103,#1104,#1105,#1106));
#130=EDGE_LOOP('',(#1107,#1108,#1109,#1110));
#131=EDGE_LOOP('',(#1111,#1112,#1113,#1114));
#132=EDGE_LOOP('',(#1115,#1116,#1117,#1118));
#133=EDGE_LOOP('',(#1119,#1120,#1121,#1122));
#134=EDGE_LOOP('',(#1123,#1124,#1125,#1126));
#135=EDGE_LOOP('',(#1127,#1128,#1129,#1130));
#136=EDGE_LOOP('',(#1131,#1132,#1133));
#137=EDGE_LOOP('',(#1134,#1135,#1136,#1137));
#138=EDGE_LOOP('',(#1138,#1139,#1140,#1141));
#139=EDGE_LOOP('',(#1142,#1143,#1144,#1145));
#140=EDGE_LOOP('',(#1146,#1147,#1148,#1149));
#141=EDGE_LOOP('',(#1150,#1151,#1152,#1153));
#142=EDGE_LOOP('',(#1154,#1155,#1156,#1157));
#143=EDGE_LOOP('',(#1158,#1159,#1160,#1161));
#144=EDGE_LOOP('',(#1162,#1163,#1164,#1165));
#145=EDGE_LOOP('',(#1166,#1167,#1168,#1169));
#146=EDGE_LOOP('',(#1170,#1171,#1172,#1173));
#147=EDGE_LOOP('',(#1174,#1175,#1176,#1177));
#148=EDGE_LOOP('',(#1178,#1179,#1180,#1181));
#149=EDGE_LOOP('',(#1182,#1183,#1184,#1185));
#150=EDGE_LOOP('',(#1186,#1187,#1188,#1189));
#151=EDGE_LOOP('',(#1190,#1191,#1192,#1193));
#152=EDGE_LOOP('',(#1194,#1195,#1196,#1197));
#153=EDGE_LOOP('',(#1198,#1199,#1200,#1201));
#154=EDGE_LOOP('',(#1202,#1203,#1204,#1205));
#155=EDGE_LOOP('',(#1206,#1207,#1208,#1209));
#156=EDGE_LOOP('',(#1210,#1211,#1212,#1213));
#157=EDGE_LOOP('',(#1214,#1215,#1216,#1217));
#158=EDGE_LOOP('',(#1218,#1219,#1220,#1221));
#159=EDGE_LOOP('',(#1222,#1223,#1224,#1225));
#160=EDGE_LOOP('',(#1226,#1227,#1228,#1229));
#161=EDGE_LOOP('',(#1230,#1231,#1232,#1233));
#162=EDGE_LOOP('',(#1234,#1235,#1236,#1237,#1238,#1239,#1240,#1241,#1242,
#1243,#1244,#1245,#1246,#1247,#1248,#1249,#1250,#1251,#1252,#1253,#1254,
#1255,#1256,#1257));
#163=EDGE_LOOP('',(#1258,#1259,#1260,#1261));
#164=EDGE_LOOP('',(#1262,#1263,#1264,#1265));
#165=EDGE_LOOP('',(#1266,#1267,#1268,#1269));
#166=EDGE_LOOP('',(#1270,#1271,#1272,#1273,#1274,#1275,#1276,#1277,#1278,
#1279,#1280,#1281,#1282,#1283,#1284,#1285,#1286,#1287,#1288,#1289));
#167=EDGE_LOOP('',(#1290,#1291,#1292,#1293));
#168=EDGE_LOOP('',(#1294,#1295,#1296,#1297,#1298,#1299,#1300,#1301,#1302,
#1303,#1304));
#169=EDGE_LOOP('',(#1305,#1306,#1307));
#170=EDGE_LOOP('',(#1308,#1309,#1310,#1311));
#171=EDGE_LOOP('',(#1312,#1313,#1314,#1315));
#172=EDGE_LOOP('',(#1316,#1317,#1318,#1319));
#173=EDGE_LOOP('',(#1320,#1321,#1322,#1323));
#174=EDGE_LOOP('',(#1324,#1325,#1326,#1327));
#175=EDGE_LOOP('',(#1328,#1329,#1330,#1331));
#176=EDGE_LOOP('',(#1332,#1333,#1334,#1335));
#177=EDGE_LOOP('',(#1336,#1337,#1338,#1339));
#178=LINE('',#1849,#370);
#179=LINE('',#1853,#371);
#180=LINE('',#1857,#372);
#181=LINE('',#1861,#373);
#182=LINE('',#1865,#374);
#183=LINE('',#1869,#375);
#184=LINE('',#1873,#376);
#185=LINE('',#1877,#377);
#186=LINE('',#1881,#378);
#187=LINE('',#1885,#379);
#188=LINE('',#1889,#380);
#189=LINE('',#1892,#381);
#190=LINE('',#1895,#382);
#191=LINE('',#1897,#383);
#192=LINE('',#1899,#384);
#193=LINE('',#1901,#385);
#194=LINE('',#1903,#386);
#195=LINE('',#1905,#387);
#196=LINE('',#1907,#388);
#197=LINE('',#1909,#389);
#198=LINE('',#1911,#390);
#199=LINE('',#1913,#391);
#200=LINE('',#1914,#392);
#201=LINE('',#1917,#393);
#202=LINE('',#1919,#394);
#203=LINE('',#1921,#395);
#204=LINE('',#1923,#396);
#205=LINE('',#1925,#397);
#206=LINE('',#1927,#398);
#207=LINE('',#1929,#399);
#208=LINE('',#1931,#400);
#209=LINE('',#1933,#401);
#210=LINE('',#1935,#402);
#211=LINE('',#1937,#403);
#212=LINE('',#1939,#404);
#213=LINE('',#1941,#405);
#214=LINE('',#1943,#406);
#215=LINE('',#1945,#407);
#216=LINE('',#1947,#408);
#217=LINE('',#1949,#409);
#218=LINE('',#1951,#410);
#219=LINE('',#1953,#411);
#220=LINE('',#1955,#412);
#221=LINE('',#1957,#413);
#222=LINE('',#1959,#414);
#223=LINE('',#1961,#415);
#224=LINE('',#1962,#416);
#225=LINE('',#1965,#417);
#226=LINE('',#1966,#418);
#227=LINE('',#1969,#419);
#228=LINE('',#1970,#420);
#229=LINE('',#1973,#421);
#230=LINE('',#1974,#422);
#231=LINE('',#1977,#423);
#232=LINE('',#1978,#424);
#233=LINE('',#1982,#425);
#234=LINE('',#1984,#426);
#235=LINE('',#1985,#427);
#236=LINE('',#1989,#428);
#237=LINE('',#1991,#429);
#238=LINE('',#1993,#430);
#239=LINE('',#1994,#431);
#240=LINE('',#1998,#432);
#241=LINE('',#2000,#433);
#242=LINE('',#2002,#434);
#243=LINE('',#2003,#435);
#244=LINE('',#2006,#436);
#245=LINE('',#2008,#437);
#246=LINE('',#2010,#438);
#247=LINE('',#2011,#439);
#248=LINE('',#2014,#440);
#249=LINE('',#2016,#441);
#250=LINE('',#2018,#442);
#251=LINE('',#2019,#443);
#252=LINE('',#2027,#444);
#253=LINE('',#2028,#445);
#254=LINE('',#2031,#446);
#255=LINE('',#2032,#447);
#256=LINE('',#2036,#448);
#257=LINE('',#2039,#449);
#258=LINE('',#2040,#450);
#259=LINE('',#2044,#451);
#260=LINE('',#2047,#452);
#261=LINE('',#2048,#453);
#262=LINE('',#2052,#454);
#263=LINE('',#2055,#455);
#264=LINE('',#2056,#456);
#265=LINE('',#2060,#457);
#266=LINE('',#2063,#458);
#267=LINE('',#2064,#459);
#268=LINE('',#2068,#460);
#269=LINE('',#2071,#461);
#270=LINE('',#2072,#462);
#271=LINE('',#2076,#463);
#272=LINE('',#2079,#464);
#273=LINE('',#2080,#465);
#274=LINE('',#2084,#466);
#275=LINE('',#2087,#467);
#276=LINE('',#2088,#468);
#277=LINE('',#2092,#469);
#278=LINE('',#2095,#470);
#279=LINE('',#2096,#471);
#280=LINE('',#2100,#472);
#281=LINE('',#2103,#473);
#282=LINE('',#2104,#474);
#283=LINE('',#2108,#475);
#284=LINE('',#2111,#476);
#285=LINE('',#2112,#477);
#286=LINE('',#2116,#478);
#287=LINE('',#2118,#479);
#288=LINE('',#2124,#480);
#289=LINE('',#2126,#481);
#290=LINE('',#2128,#482);
#291=LINE('',#2129,#483);
#292=LINE('',#2133,#484);
#293=LINE('',#2135,#485);
#294=LINE('',#2137,#486);
#295=LINE('',#2138,#487);
#296=LINE('',#2142,#488);
#297=LINE('',#2144,#489);
#298=LINE('',#2146,#490);
#299=LINE('',#2147,#491);
#300=LINE('',#2151,#492);
#301=LINE('',#2153,#493);
#302=LINE('',#2155,#494);
#303=LINE('',#2157,#495);
#304=LINE('',#2159,#496);
#305=LINE('',#2161,#497);
#306=LINE('',#2163,#498);
#307=LINE('',#2165,#499);
#308=LINE('',#2167,#500);
#309=LINE('',#2169,#501);
#310=LINE('',#2171,#502);
#311=LINE('',#2173,#503);
#312=LINE('',#2175,#504);
#313=LINE('',#2177,#505);
#314=LINE('',#2179,#506);
#315=LINE('',#2181,#507);
#316=LINE('',#2183,#508);
#317=LINE('',#2185,#509);
#318=LINE('',#2187,#510);
#319=LINE('',#2188,#511);
#320=LINE('',#2191,#512);
#321=LINE('',#2193,#513);
#322=LINE('',#2195,#514);
#323=LINE('',#2196,#515);
#324=LINE('',#2200,#516);
#325=LINE('',#2202,#517);
#326=LINE('',#2204,#518);
#327=LINE('',#2206,#519);
#328=LINE('',#2208,#520);
#329=LINE('',#2210,#521);
#330=LINE('',#2212,#522);
#331=LINE('',#2214,#523);
#332=LINE('',#2216,#524);
#333=LINE('',#2218,#525);
#334=LINE('',#2219,#526);
#335=LINE('',#2222,#527);
#336=LINE('',#2224,#528);
#337=LINE('',#2225,#529);
#338=LINE('',#2229,#530);
#339=LINE('',#2231,#531);
#340=LINE('',#2233,#532);
#341=LINE('',#2234,#533);
#342=LINE('',#2238,#534);
#343=LINE('',#2240,#535);
#344=LINE('',#2242,#536);
#345=LINE('',#2243,#537);
#346=LINE('',#2247,#538);
#347=LINE('',#2249,#539);
#348=LINE('',#2251,#540);
#349=LINE('',#2252,#541);
#350=LINE('',#2256,#542);
#351=LINE('',#2258,#543);
#352=LINE('',#2260,#544);
#353=LINE('',#2261,#545);
#354=LINE('',#2265,#546);
#355=LINE('',#2267,#547);
#356=LINE('',#2269,#548);
#357=LINE('',#2270,#549);
#358=LINE('',#2273,#550);
#359=LINE('',#2275,#551);
#360=LINE('',#2277,#552);
#361=LINE('',#2278,#553);
#362=LINE('',#2281,#554);
#363=LINE('',#2283,#555);
#364=LINE('',#2285,#556);
#365=LINE('',#2286,#557);
#366=LINE('',#2289,#558);
#367=LINE('',#2291,#559);
#368=LINE('',#2293,#560);
#369=LINE('',#2294,#561);
#370=VECTOR('',#1513,1000.);
#371=VECTOR('',#1516,1000.);
#372=VECTOR('',#1519,1000.);
#373=VECTOR('',#1522,1000.);
#374=VECTOR('',#1525,1000.);
#375=VECTOR('',#1528,1000.);
#376=VECTOR('',#1531,1000.);
#377=VECTOR('',#1534,1000.);
#378=VECTOR('',#1537,1000.);
#379=VECTOR('',#1540,1000.);
#380=VECTOR('',#1543,1000.);
#381=VECTOR('',#1546,1000.);
#382=VECTOR('',#1547,1000.);
#383=VECTOR('',#1548,1000.);
#384=VECTOR('',#1549,1000.);
#385=VECTOR('',#1550,1000.);
#386=VECTOR('',#1551,1000.);
#387=VECTOR('',#1552,1000.);
#388=VECTOR('',#1553,1000.);
#389=VECTOR('',#1554,1000.);
#390=VECTOR('',#1555,1000.);
#391=VECTOR('',#1556,1000.);
#392=VECTOR('',#1557,1000.);
#393=VECTOR('',#1558,1000.);
#394=VECTOR('',#1559,1000.);
#395=VECTOR('',#1560,1000.);
#396=VECTOR('',#1561,1000.);
#397=VECTOR('',#1562,1000.);
#398=VECTOR('',#1563,1000.);
#399=VECTOR('',#1564,1000.);
#400=VECTOR('',#1565,1000.);
#401=VECTOR('',#1566,1000.);
#402=VECTOR('',#1567,1000.);
#403=VECTOR('',#1568,1000.);
#404=VECTOR('',#1569,1000.);
#405=VECTOR('',#1570,1000.);
#406=VECTOR('',#1571,1000.);
#407=VECTOR('',#1572,1000.);
#408=VECTOR('',#1573,1000.);
#409=VECTOR('',#1574,1000.);
#410=VECTOR('',#1575,1000.);
#411=VECTOR('',#1576,1000.);
#412=VECTOR('',#1577,1000.);
#413=VECTOR('',#1578,1000.);
#414=VECTOR('',#1579,1000.);
#415=VECTOR('',#1580,1000.);
#416=VECTOR('',#1581,1000.);
#417=VECTOR('',#1584,1000.);
#418=VECTOR('',#1585,1000.);
#419=VECTOR('',#1588,1000.);
#420=VECTOR('',#1589,1000.);
#421=VECTOR('',#1592,1000.);
#422=VECTOR('',#1593,1000.);
#423=VECTOR('',#1596,1000.);
#424=VECTOR('',#1597,1000.);
#425=VECTOR('',#1600,1000.);
#426=VECTOR('',#1601,1000.);
#427=VECTOR('',#1602,1000.);
#428=VECTOR('',#1605,1000.);
#429=VECTOR('',#1606,1000.);
#430=VECTOR('',#1607,1000.);
#431=VECTOR('',#1608,1000.);
#432=VECTOR('',#1611,1000.);
#433=VECTOR('',#1612,1000.);
#434=VECTOR('',#1613,1000.);
#435=VECTOR('',#1614,1000.);
#436=VECTOR('',#1615,1000.);
#437=VECTOR('',#1616,1000.);
#438=VECTOR('',#1617,1000.);
#439=VECTOR('',#1618,1000.);
#440=VECTOR('',#1619,1000.);
#441=VECTOR('',#1620,1000.);
#442=VECTOR('',#1621,1000.);
#443=VECTOR('',#1622,1000.);
#444=VECTOR('',#1633,1000.);
#445=VECTOR('',#1634,1000.);
#446=VECTOR('',#1637,1000.);
#447=VECTOR('',#1638,1000.);
#448=VECTOR('',#1643,1000.);
#449=VECTOR('',#1646,1000.);
#450=VECTOR('',#1647,1000.);
#451=VECTOR('',#1652,1000.);
#452=VECTOR('',#1655,1000.);
#453=VECTOR('',#1656,1000.);
#454=VECTOR('',#1661,1000.);
#455=VECTOR('',#1664,1000.);
#456=VECTOR('',#1665,1000.);
#457=VECTOR('',#1670,1000.);
#458=VECTOR('',#1673,1000.);
#459=VECTOR('',#1674,1000.);
#460=VECTOR('',#1679,1000.);
#461=VECTOR('',#1682,1000.);
#462=VECTOR('',#1683,1000.);
#463=VECTOR('',#1688,1000.);
#464=VECTOR('',#1691,1000.);
#465=VECTOR('',#1692,1000.);
#466=VECTOR('',#1697,1000.);
#467=VECTOR('',#1700,1000.);
#468=VECTOR('',#1701,1000.);
#469=VECTOR('',#1706,1000.);
#470=VECTOR('',#1709,1000.);
#471=VECTOR('',#1710,1000.);
#472=VECTOR('',#1715,1000.);
#473=VECTOR('',#1718,1000.);
#474=VECTOR('',#1719,1000.);
#475=VECTOR('',#1724,1000.);
#476=VECTOR('',#1727,1000.);
#477=VECTOR('',#1728,1000.);
#478=VECTOR('',#1733,1000.);
#479=VECTOR('',#1736,1000.);
#480=VECTOR('',#1743,1000.);
#481=VECTOR('',#1744,1000.);
#482=VECTOR('',#1745,1000.);
#483=VECTOR('',#1746,1000.);
#484=VECTOR('',#1749,1000.);
#485=VECTOR('',#1750,1000.);
#486=VECTOR('',#1751,1000.);
#487=VECTOR('',#1752,1000.);
#488=VECTOR('',#1755,1000.);
#489=VECTOR('',#1756,1000.);
#490=VECTOR('',#1757,1000.);
#491=VECTOR('',#1758,1000.);
#492=VECTOR('',#1761,1000.);
#493=VECTOR('',#1762,1000.);
#494=VECTOR('',#1763,1000.);
#495=VECTOR('',#1764,1000.);
#496=VECTOR('',#1765,1000.);
#497=VECTOR('',#1766,1000.);
#498=VECTOR('',#1767,1000.);
#499=VECTOR('',#1768,1000.);
#500=VECTOR('',#1769,1000.);
#501=VECTOR('',#1770,1000.);
#502=VECTOR('',#1771,1000.);
#503=VECTOR('',#1772,1000.);
#504=VECTOR('',#1773,1000.);
#505=VECTOR('',#1774,1000.);
#506=VECTOR('',#1775,1000.);
#507=VECTOR('',#1776,1000.);
#508=VECTOR('',#1777,1000.);
#509=VECTOR('',#1778,1000.);
#510=VECTOR('',#1779,1000.);
#511=VECTOR('',#1780,1000.);
#512=VECTOR('',#1781,1000.);
#513=VECTOR('',#1782,1000.);
#514=VECTOR('',#1783,1000.);
#515=VECTOR('',#1784,1000.);
#516=VECTOR('',#1787,1000.);
#517=VECTOR('',#1788,1000.);
#518=VECTOR('',#1789,1000.);
#519=VECTOR('',#1790,1000.);
#520=VECTOR('',#1791,1000.);
#521=VECTOR('',#1792,1000.);
#522=VECTOR('',#1793,1000.);
#523=VECTOR('',#1794,1000.);
#524=VECTOR('',#1795,1000.);
#525=VECTOR('',#1796,1000.);
#526=VECTOR('',#1797,1000.);
#527=VECTOR('',#1798,1000.);
#528=VECTOR('',#1799,1000.);
#529=VECTOR('',#1800,1000.);
#530=VECTOR('',#1803,1000.);
#531=VECTOR('',#1804,1000.);
#532=VECTOR('',#1805,1000.);
#533=VECTOR('',#1806,1000.);
#534=VECTOR('',#1809,1000.);
#535=VECTOR('',#1810,1000.);
#536=VECTOR('',#1811,1000.);
#537=VECTOR('',#1812,1000.);
#538=VECTOR('',#1815,1000.);
#539=VECTOR('',#1816,1000.);
#540=VECTOR('',#1817,1000.);
#541=VECTOR('',#1818,1000.);
#542=VECTOR('',#1821,1000.);
#543=VECTOR('',#1822,1000.);
#544=VECTOR('',#1823,1000.);
#545=VECTOR('',#1824,1000.);
#546=VECTOR('',#1827,1000.);
#547=VECTOR('',#1828,1000.);
#548=VECTOR('',#1829,1000.);
#549=VECTOR('',#1830,1000.);
#550=VECTOR('',#1831,1000.);
#551=VECTOR('',#1832,1000.);
#552=VECTOR('',#1833,1000.);
#553=VECTOR('',#1834,1000.);
#554=VECTOR('',#1835,1000.);
#555=VECTOR('',#1836,1000.);
#556=VECTOR('',#1837,1000.);
#557=VECTOR('',#1838,1000.);
#558=VECTOR('',#1839,1000.);
#559=VECTOR('',#1840,1000.);
#560=VECTOR('',#1841,1000.);
#561=VECTOR('',#1842,1000.);
#562=CIRCLE('',#1437,2.);
#563=CIRCLE('',#1438,0.499999999999999);
#564=CIRCLE('',#1439,2.);
#565=CIRCLE('',#1440,2.);
#566=CIRCLE('',#1441,0.499999999999999);
#567=CIRCLE('',#1442,2.);
#568=CIRCLE('',#1443,2.);
#569=CIRCLE('',#1444,0.499999999999999);
#570=CIRCLE('',#1445,2.);
#571=CIRCLE('',#1446,2.);
#572=CIRCLE('',#1447,0.500000000000001);
#573=CIRCLE('',#1448,2.);
#574=CIRCLE('',#1460,2.);
#575=CIRCLE('',#1463,0.499999999999999);
#576=CIRCLE('',#1466,2.);
#577=CIRCLE('',#1469,2.);
#578=CIRCLE('',#1472,0.499999999999999);
#579=CIRCLE('',#1475,2.);
#580=CIRCLE('',#1478,2.);
#581=CIRCLE('',#1481,0.499999999999999);
#582=CIRCLE('',#1484,2.);
#583=CIRCLE('',#1487,2.);
#584=CIRCLE('',#1490,0.500000000000001);
#585=CIRCLE('',#1493,2.);
#586=VERTEX_POINT('',#1845);
#587=VERTEX_POINT('',#1846);
#588=VERTEX_POINT('',#1848);
#589=VERTEX_POINT('',#1850);
#590=VERTEX_POINT('',#1852);
#591=VERTEX_POINT('',#1854);
#592=VERTEX_POINT('',#1856);
#593=VERTEX_POINT('',#1858);
#594=VERTEX_POINT('',#1860);
#595=VERTEX_POINT('',#1862);
#596=VERTEX_POINT('',#1864);
#597=VERTEX_POINT('',#1866);
#598=VERTEX_POINT('',#1868);
#599=VERTEX_POINT('',#1870);
#600=VERTEX_POINT('',#1872);
#601=VERTEX_POINT('',#1874);
#602=VERTEX_POINT('',#1876);
#603=VERTEX_POINT('',#1878);
#604=VERTEX_POINT('',#1880);
#605=VERTEX_POINT('',#1882);
#606=VERTEX_POINT('',#1884);
#607=VERTEX_POINT('',#1886);
#608=VERTEX_POINT('',#1888);
#609=VERTEX_POINT('',#1890);
#610=VERTEX_POINT('',#1893);
#611=VERTEX_POINT('',#1894);
#612=VERTEX_POINT('',#1896);
#613=VERTEX_POINT('',#1898);
#614=VERTEX_POINT('',#1900);
#615=VERTEX_POINT('',#1902);
#616=VERTEX_POINT('',#1904);
#617=VERTEX_POINT('',#1906);
#618=VERTEX_POINT('',#1908);
#619=VERTEX_POINT('',#1910);
#620=VERTEX_POINT('',#1912);
#621=VERTEX_POINT('',#1915);
#622=VERTEX_POINT('',#1916);
#623=VERTEX_POINT('',#1918);
#624=VERTEX_POINT('',#1920);
#625=VERTEX_POINT('',#1922);
#626=VERTEX_POINT('',#1924);
#627=VERTEX_POINT('',#1926);
#628=VERTEX_POINT('',#1928);
#629=VERTEX_POINT('',#1930);
#630=VERTEX_POINT('',#1932);
#631=VERTEX_POINT('',#1934);
#632=VERTEX_POINT('',#1936);
#633=VERTEX_POINT('',#1938);
#634=VERTEX_POINT('',#1940);
#635=VERTEX_POINT('',#1942);
#636=VERTEX_POINT('',#1944);
#637=VERTEX_POINT('',#1946);
#638=VERTEX_POINT('',#1948);
#639=VERTEX_POINT('',#1950);
#640=VERTEX_POINT('',#1952);
#641=VERTEX_POINT('',#1954);
#642=VERTEX_POINT('',#1956);
#643=VERTEX_POINT('',#1958);
#644=VERTEX_POINT('',#1960);
#645=VERTEX_POINT('',#1964);
#646=VERTEX_POINT('',#1968);
#647=VERTEX_POINT('',#1972);
#648=VERTEX_POINT('',#1976);
#649=VERTEX_POINT('',#1980);
#650=VERTEX_POINT('',#1981);
#651=VERTEX_POINT('',#1983);
#652=VERTEX_POINT('',#1987);
#653=VERTEX_POINT('',#1988);
#654=VERTEX_POINT('',#1990);
#655=VERTEX_POINT('',#1992);
#656=VERTEX_POINT('',#1996);
#657=VERTEX_POINT('',#1997);
#658=VERTEX_POINT('',#1999);
#659=VERTEX_POINT('',#2001);
#660=VERTEX_POINT('',#2004);
#661=VERTEX_POINT('',#2005);
#662=VERTEX_POINT('',#2007);
#663=VERTEX_POINT('',#2009);
#664=VERTEX_POINT('',#2012);
#665=VERTEX_POINT('',#2013);
#666=VERTEX_POINT('',#2015);
#667=VERTEX_POINT('',#2017);
#668=VERTEX_POINT('',#2024);
#669=VERTEX_POINT('',#2025);
#670=VERTEX_POINT('',#2030);
#671=VERTEX_POINT('',#2034);
#672=VERTEX_POINT('',#2038);
#673=VERTEX_POINT('',#2042);
#674=VERTEX_POINT('',#2046);
#675=VERTEX_POINT('',#2050);
#676=VERTEX_POINT('',#2054);
#677=VERTEX_POINT('',#2058);
#678=VERTEX_POINT('',#2062);
#679=VERTEX_POINT('',#2066);
#680=VERTEX_POINT('',#2070);
#681=VERTEX_POINT('',#2074);
#682=VERTEX_POINT('',#2078);
#683=VERTEX_POINT('',#2082);
#684=VERTEX_POINT('',#2086);
#685=VERTEX_POINT('',#2090);
#686=VERTEX_POINT('',#2094);
#687=VERTEX_POINT('',#2098);
#688=VERTEX_POINT('',#2102);
#689=VERTEX_POINT('',#2106);
#690=VERTEX_POINT('',#2110);
#691=VERTEX_POINT('',#2114);
#692=VERTEX_POINT('',#2122);
#693=VERTEX_POINT('',#2123);
#694=VERTEX_POINT('',#2125);
#695=VERTEX_POINT('',#2127);
#696=VERTEX_POINT('',#2131);
#697=VERTEX_POINT('',#2132);
#698=VERTEX_POINT('',#2134);
#699=VERTEX_POINT('',#2136);
#700=VERTEX_POINT('',#2140);
#701=VERTEX_POINT('',#2141);
#702=VERTEX_POINT('',#2143);
#703=VERTEX_POINT('',#2145);
#704=VERTEX_POINT('',#2149);
#705=VERTEX_POINT('',#2150);
#706=VERTEX_POINT('',#2152);
#707=VERTEX_POINT('',#2154);
#708=VERTEX_POINT('',#2156);
#709=VERTEX_POINT('',#2158);
#710=VERTEX_POINT('',#2160);
#711=VERTEX_POINT('',#2162);
#712=VERTEX_POINT('',#2164);
#713=VERTEX_POINT('',#2166);
#714=VERTEX_POINT('',#2168);
#715=VERTEX_POINT('',#2170);
#716=VERTEX_POINT('',#2172);
#717=VERTEX_POINT('',#2174);
#718=VERTEX_POINT('',#2176);
#719=VERTEX_POINT('',#2178);
#720=VERTEX_POINT('',#2180);
#721=VERTEX_POINT('',#2182);
#722=VERTEX_POINT('',#2184);
#723=VERTEX_POINT('',#2186);
#724=VERTEX_POINT('',#2189);
#725=VERTEX_POINT('',#2190);
#726=VERTEX_POINT('',#2192);
#727=VERTEX_POINT('',#2194);
#728=VERTEX_POINT('',#2198);
#729=VERTEX_POINT('',#2199);
#730=VERTEX_POINT('',#2201);
#731=VERTEX_POINT('',#2203);
#732=VERTEX_POINT('',#2205);
#733=VERTEX_POINT('',#2207);
#734=VERTEX_POINT('',#2209);
#735=VERTEX_POINT('',#2211);
#736=VERTEX_POINT('',#2213);
#737=VERTEX_POINT('',#2215);
#738=VERTEX_POINT('',#2217);
#739=VERTEX_POINT('',#2220);
#740=VERTEX_POINT('',#2221);
#741=VERTEX_POINT('',#2223);
#742=VERTEX_POINT('',#2227);
#743=VERTEX_POINT('',#2228);
#744=VERTEX_POINT('',#2230);
#745=VERTEX_POINT('',#2232);
#746=VERTEX_POINT('',#2236);
#747=VERTEX_POINT('',#2237);
#748=VERTEX_POINT('',#2239);
#749=VERTEX_POINT('',#2241);
#750=VERTEX_POINT('',#2245);
#751=VERTEX_POINT('',#2246);
#752=VERTEX_POINT('',#2248);
#753=VERTEX_POINT('',#2250);
#754=VERTEX_POINT('',#2254);
#755=VERTEX_POINT('',#2255);
#756=VERTEX_POINT('',#2257);
#757=VERTEX_POINT('',#2259);
#758=VERTEX_POINT('',#2263);
#759=VERTEX_POINT('',#2264);
#760=VERTEX_POINT('',#2266);
#761=VERTEX_POINT('',#2268);
#762=VERTEX_POINT('',#2271);
#763=VERTEX_POINT('',#2272);
#764=VERTEX_POINT('',#2274);
#765=VERTEX_POINT('',#2276);
#766=VERTEX_POINT('',#2279);
#767=VERTEX_POINT('',#2280);
#768=VERTEX_POINT('',#2282);
#769=VERTEX_POINT('',#2284);
#770=VERTEX_POINT('',#2287);
#771=VERTEX_POINT('',#2288);
#772=VERTEX_POINT('',#2290);
#773=VERTEX_POINT('',#2292);
#774=EDGE_CURVE('',#586,#587,#562,.T.);
#775=EDGE_CURVE('',#587,#588,#178,.T.);
#776=EDGE_CURVE('',#588,#589,#563,.T.);
#777=EDGE_CURVE('',#589,#590,#179,.T.);
#778=EDGE_CURVE('',#590,#591,#564,.T.);
#779=EDGE_CURVE('',#591,#592,#180,.T.);
#780=EDGE_CURVE('',#592,#593,#565,.T.);
#781=EDGE_CURVE('',#593,#594,#181,.T.);
#782=EDGE_CURVE('',#594,#595,#566,.T.);
#783=EDGE_CURVE('',#595,#596,#182,.T.);
#784=EDGE_CURVE('',#596,#597,#567,.T.);
#785=EDGE_CURVE('',#597,#598,#183,.T.);
#786=EDGE_CURVE('',#598,#599,#568,.T.);
#787=EDGE_CURVE('',#599,#600,#184,.T.);
#788=EDGE_CURVE('',#600,#601,#569,.T.);
#789=EDGE_CURVE('',#601,#602,#185,.T.);
#790=EDGE_CURVE('',#602,#603,#570,.T.);
#791=EDGE_CURVE('',#603,#604,#186,.T.);
#792=EDGE_CURVE('',#604,#605,#571,.T.);
#793=EDGE_CURVE('',#605,#606,#187,.T.);
#794=EDGE_CURVE('',#606,#607,#572,.T.);
#795=EDGE_CURVE('',#607,#608,#188,.T.);
#796=EDGE_CURVE('',#608,#609,#573,.T.);
#797=EDGE_CURVE('',#609,#586,#189,.T.);
#798=EDGE_CURVE('',#610,#611,#190,.T.);
#799=EDGE_CURVE('',#612,#610,#191,.T.);
#800=EDGE_CURVE('',#613,#612,#192,.T.);
#801=EDGE_CURVE('',#614,#613,#193,.T.);
#802=EDGE_CURVE('',#615,#614,#194,.T.);
#803=EDGE_CURVE('',#616,#615,#195,.T.);
#804=EDGE_CURVE('',#617,#616,#196,.T.);
#805=EDGE_CURVE('',#618,#617,#197,.T.);
#806=EDGE_CURVE('',#619,#618,#198,.T.);
#807=EDGE_CURVE('',#620,#619,#199,.T.);
#808=EDGE_CURVE('',#611,#620,#200,.T.);
#809=EDGE_CURVE('',#621,#622,#201,.T.);
#810=EDGE_CURVE('',#623,#621,#202,.T.);
#811=EDGE_CURVE('',#624,#623,#203,.T.);
#812=EDGE_CURVE('',#625,#624,#204,.T.);
#813=EDGE_CURVE('',#626,#625,#205,.T.);
#814=EDGE_CURVE('',#627,#626,#206,.T.);
#815=EDGE_CURVE('',#628,#627,#207,.T.);
#816=EDGE_CURVE('',#629,#628,#208,.T.);
#817=EDGE_CURVE('',#630,#629,#209,.T.);
#818=EDGE_CURVE('',#631,#630,#210,.T.);
#819=EDGE_CURVE('',#632,#631,#211,.T.);
#820=EDGE_CURVE('',#633,#632,#212,.T.);
#821=EDGE_CURVE('',#634,#633,#213,.T.);
#822=EDGE_CURVE('',#635,#634,#214,.T.);
#823=EDGE_CURVE('',#636,#635,#215,.T.);
#824=EDGE_CURVE('',#637,#636,#216,.T.);
#825=EDGE_CURVE('',#638,#637,#217,.T.);
#826=EDGE_CURVE('',#639,#638,#218,.T.);
#827=EDGE_CURVE('',#640,#639,#219,.T.);
#828=EDGE_CURVE('',#641,#640,#220,.T.);
#829=EDGE_CURVE('',#642,#641,#221,.T.);
#830=EDGE_CURVE('',#643,#642,#222,.T.);
#831=EDGE_CURVE('',#644,#643,#223,.T.);
#832=EDGE_CURVE('',#622,#644,#224,.T.);
#833=EDGE_CURVE('',#621,#645,#225,.T.);
#834=EDGE_CURVE('',#645,#644,#226,.T.);
#835=EDGE_CURVE('',#640,#646,#227,.T.);
#836=EDGE_CURVE('',#646,#638,#228,.T.);
#837=EDGE_CURVE('',#647,#628,#229,.T.);
#838=EDGE_CURVE('',#630,#647,#230,.T.);
#839=EDGE_CURVE('',#636,#648,#231,.T.);
#840=EDGE_CURVE('',#648,#634,#232,.T.);
#841=EDGE_CURVE('',#649,#650,#233,.T.);
#842=EDGE_CURVE('',#651,#649,#234,.T.);
#843=EDGE_CURVE('',#650,#651,#235,.T.);
#844=EDGE_CURVE('',#652,#653,#236,.T.);
#845=EDGE_CURVE('',#654,#652,#237,.T.);
#846=EDGE_CURVE('',#655,#654,#238,.T.);
#847=EDGE_CURVE('',#653,#655,#239,.T.);
#848=EDGE_CURVE('',#656,#657,#240,.T.);
#849=EDGE_CURVE('',#658,#656,#241,.T.);
#850=EDGE_CURVE('',#659,#658,#242,.T.);
#851=EDGE_CURVE('',#657,#659,#243,.T.);
#852=EDGE_CURVE('',#660,#661,#244,.T.);
#853=EDGE_CURVE('',#662,#660,#245,.T.);
#854=EDGE_CURVE('',#663,#662,#246,.T.);
#855=EDGE_CURVE('',#661,#663,#247,.T.);
#856=EDGE_CURVE('',#664,#665,#248,.T.);
#857=EDGE_CURVE('',#666,#664,#249,.T.);
#858=EDGE_CURVE('',#667,#666,#250,.T.);
#859=EDGE_CURVE('',#665,#667,#251,.T.);
#860=EDGE_CURVE('',#668,#669,#574,.T.);
#861=EDGE_CURVE('',#587,#669,#252,.T.);
#862=EDGE_CURVE('',#586,#668,#253,.T.);
#863=EDGE_CURVE('',#669,#670,#254,.T.);
#864=EDGE_CURVE('',#588,#670,#255,.T.);
#865=EDGE_CURVE('',#670,#671,#575,.T.);
#866=EDGE_CURVE('',#589,#671,#256,.T.);
#867=EDGE_CURVE('',#671,#672,#257,.T.);
#868=EDGE_CURVE('',#590,#672,#258,.T.);
#869=EDGE_CURVE('',#672,#673,#576,.T.);
#870=EDGE_CURVE('',#591,#673,#259,.T.);
#871=EDGE_CURVE('',#673,#674,#260,.T.);
#872=EDGE_CURVE('',#592,#674,#261,.T.);
#873=EDGE_CURVE('',#674,#675,#577,.T.);
#874=EDGE_CURVE('',#593,#675,#262,.T.);
#875=EDGE_CURVE('',#675,#676,#263,.T.);
#876=EDGE_CURVE('',#594,#676,#264,.T.);
#877=EDGE_CURVE('',#676,#677,#578,.T.);
#878=EDGE_CURVE('',#595,#677,#265,.T.);
#879=EDGE_CURVE('',#677,#678,#266,.T.);
#880=EDGE_CURVE('',#596,#678,#267,.T.);
#881=EDGE_CURVE('',#678,#679,#579,.T.);
#882=EDGE_CURVE('',#597,#679,#268,.T.);
#883=EDGE_CURVE('',#679,#680,#269,.T.);
#884=EDGE_CURVE('',#598,#680,#270,.T.);
#885=EDGE_CURVE('',#680,#681,#580,.T.);
#886=EDGE_CURVE('',#599,#681,#271,.T.);
#887=EDGE_CURVE('',#681,#682,#272,.T.);
#888=EDGE_CURVE('',#600,#682,#273,.T.);
#889=EDGE_CURVE('',#682,#683,#581,.T.);
#890=EDGE_CURVE('',#601,#683,#274,.T.);
#891=EDGE_CURVE('',#683,#684,#275,.T.);
#892=EDGE_CURVE('',#602,#684,#276,.T.);
#893=EDGE_CURVE('',#684,#685,#582,.T.);
#894=EDGE_CURVE('',#603,#685,#277,.T.);
#895=EDGE_CURVE('',#685,#686,#278,.T.);
#896=EDGE_CURVE('',#604,#686,#279,.T.);
#897=EDGE_CURVE('',#686,#687,#583,.T.);
#898=EDGE_CURVE('',#605,#687,#280,.T.);
#899=EDGE_CURVE('',#687,#688,#281,.T.);
#900=EDGE_CURVE('',#606,#688,#282,.T.);
#901=EDGE_CURVE('',#688,#689,#584,.T.);
#902=EDGE_CURVE('',#607,#689,#283,.T.);
#903=EDGE_CURVE('',#689,#690,#284,.T.);
#904=EDGE_CURVE('',#608,#690,#285,.T.);
#905=EDGE_CURVE('',#690,#691,#585,.T.);
#906=EDGE_CURVE('',#609,#691,#286,.T.);
#907=EDGE_CURVE('',#691,#668,#287,.T.);
#908=EDGE_CURVE('',#692,#693,#288,.T.);
#909=EDGE_CURVE('',#693,#694,#289,.T.);
#910=EDGE_CURVE('',#694,#695,#290,.T.);
#911=EDGE_CURVE('',#695,#692,#291,.T.);
#912=EDGE_CURVE('',#696,#697,#292,.T.);
#913=EDGE_CURVE('',#697,#698,#293,.T.);
#914=EDGE_CURVE('',#698,#699,#294,.T.);
#915=EDGE_CURVE('',#699,#696,#295,.T.);
#916=EDGE_CURVE('',#700,#701,#296,.T.);
#917=EDGE_CURVE('',#701,#702,#297,.T.);
#918=EDGE_CURVE('',#702,#703,#298,.T.);
#919=EDGE_CURVE('',#703,#700,#299,.T.);
#920=EDGE_CURVE('',#704,#705,#300,.T.);
#921=EDGE_CURVE('',#705,#706,#301,.T.);
#922=EDGE_CURVE('',#706,#707,#302,.T.);
#923=EDGE_CURVE('',#707,#708,#303,.T.);
#924=EDGE_CURVE('',#708,#709,#304,.T.);
#925=EDGE_CURVE('',#709,#710,#305,.T.);
#926=EDGE_CURVE('',#710,#711,#306,.T.);
#927=EDGE_CURVE('',#711,#712,#307,.T.);
#928=EDGE_CURVE('',#712,#713,#308,.T.);
#929=EDGE_CURVE('',#713,#714,#309,.T.);
#930=EDGE_CURVE('',#714,#715,#310,.T.);
#931=EDGE_CURVE('',#715,#716,#311,.T.);
#932=EDGE_CURVE('',#716,#717,#312,.T.);
#933=EDGE_CURVE('',#717,#718,#313,.T.);
#934=EDGE_CURVE('',#718,#719,#314,.T.);
#935=EDGE_CURVE('',#719,#720,#315,.T.);
#936=EDGE_CURVE('',#720,#721,#316,.T.);
#937=EDGE_CURVE('',#721,#722,#317,.T.);
#938=EDGE_CURVE('',#722,#723,#318,.T.);
#939=EDGE_CURVE('',#723,#704,#319,.T.);
#940=EDGE_CURVE('',#724,#725,#320,.T.);
#941=EDGE_CURVE('',#726,#724,#321,.T.);
#942=EDGE_CURVE('',#727,#726,#322,.T.);
#943=EDGE_CURVE('',#725,#727,#323,.T.);
#944=EDGE_CURVE('',#728,#729,#324,.T.);
#945=EDGE_CURVE('',#729,#730,#325,.T.);
#946=EDGE_CURVE('',#730,#731,#326,.T.);
#947=EDGE_CURVE('',#731,#732,#327,.T.);
#948=EDGE_CURVE('',#732,#733,#328,.T.);
#949=EDGE_CURVE('',#733,#734,#329,.T.);
#950=EDGE_CURVE('',#734,#735,#330,.T.);
#951=EDGE_CURVE('',#735,#736,#331,.T.);
#952=EDGE_CURVE('',#736,#737,#332,.T.);
#953=EDGE_CURVE('',#737,#738,#333,.T.);
#954=EDGE_CURVE('',#738,#728,#334,.T.);
#955=EDGE_CURVE('',#739,#740,#335,.T.);
#956=EDGE_CURVE('',#741,#739,#336,.T.);
#957=EDGE_CURVE('',#740,#741,#337,.T.);
#958=EDGE_CURVE('',#742,#743,#338,.T.);
#959=EDGE_CURVE('',#742,#744,#339,.T.);
#960=EDGE_CURVE('',#744,#745,#340,.T.);
#961=EDGE_CURVE('',#743,#745,#341,.T.);
#962=EDGE_CURVE('',#746,#747,#342,.T.);
#963=EDGE_CURVE('',#747,#748,#343,.T.);
#964=EDGE_CURVE('',#749,#748,#344,.T.);
#965=EDGE_CURVE('',#746,#749,#345,.T.);
#966=EDGE_CURVE('',#750,#751,#346,.T.);
#967=EDGE_CURVE('',#750,#752,#347,.T.);
#968=EDGE_CURVE('',#752,#753,#348,.T.);
#969=EDGE_CURVE('',#751,#753,#349,.T.);
#970=EDGE_CURVE('',#754,#755,#350,.T.);
#971=EDGE_CURVE('',#754,#756,#351,.T.);
#972=EDGE_CURVE('',#756,#757,#352,.T.);
#973=EDGE_CURVE('',#755,#757,#353,.T.);
#974=EDGE_CURVE('',#758,#759,#354,.T.);
#975=EDGE_CURVE('',#759,#760,#355,.T.);
#976=EDGE_CURVE('',#760,#761,#356,.T.);
#977=EDGE_CURVE('',#761,#758,#357,.T.);
#978=EDGE_CURVE('',#762,#763,#358,.T.);
#979=EDGE_CURVE('',#764,#762,#359,.T.);
#980=EDGE_CURVE('',#765,#764,#360,.T.);
#981=EDGE_CURVE('',#763,#765,#361,.T.);
#982=EDGE_CURVE('',#766,#767,#362,.T.);
#983=EDGE_CURVE('',#768,#766,#363,.T.);
#984=EDGE_CURVE('',#769,#768,#364,.T.);
#985=EDGE_CURVE('',#767,#769,#365,.T.);
#986=EDGE_CURVE('',#770,#771,#366,.T.);
#987=EDGE_CURVE('',#772,#770,#367,.T.);
#988=EDGE_CURVE('',#773,#772,#368,.T.);
#989=EDGE_CURVE('',#771,#773,#369,.T.);
#990=ORIENTED_EDGE('',*,*,#774,.T.);
#991=ORIENTED_EDGE('',*,*,#775,.T.);
#992=ORIENTED_EDGE('',*,*,#776,.T.);
#993=ORIENTED_EDGE('',*,*,#777,.T.);
#994=ORIENTED_EDGE('',*,*,#778,.T.);
#995=ORIENTED_EDGE('',*,*,#779,.T.);
#996=ORIENTED_EDGE('',*,*,#780,.T.);
#997=ORIENTED_EDGE('',*,*,#781,.T.);
#998=ORIENTED_EDGE('',*,*,#782,.T.);
#999=ORIENTED_EDGE('',*,*,#783,.T.);
#1000=ORIENTED_EDGE('',*,*,#784,.T.);
#1001=ORIENTED_EDGE('',*,*,#785,.T.);
#1002=ORIENTED_EDGE('',*,*,#786,.T.);
#1003=ORIENTED_EDGE('',*,*,#787,.T.);
#1004=ORIENTED_EDGE('',*,*,#788,.T.);
#1005=ORIENTED_EDGE('',*,*,#789,.T.);
#1006=ORIENTED_EDGE('',*,*,#790,.T.);
#1007=ORIENTED_EDGE('',*,*,#791,.T.);
#1008=ORIENTED_EDGE('',*,*,#792,.T.);
#1009=ORIENTED_EDGE('',*,*,#793,.T.);
#1010=ORIENTED_EDGE('',*,*,#794,.T.);
#1011=ORIENTED_EDGE('',*,*,#795,.T.);
#1012=ORIENTED_EDGE('',*,*,#796,.T.);
#1013=ORIENTED_EDGE('',*,*,#797,.T.);
#1014=ORIENTED_EDGE('',*,*,#798,.F.);
#1015=ORIENTED_EDGE('',*,*,#799,.F.);
#1016=ORIENTED_EDGE('',*,*,#800,.F.);
#1017=ORIENTED_EDGE('',*,*,#801,.F.);
#1018=ORIENTED_EDGE('',*,*,#802,.F.);
#1019=ORIENTED_EDGE('',*,*,#803,.F.);
#1020=ORIENTED_EDGE('',*,*,#804,.F.);
#1021=ORIENTED_EDGE('',*,*,#805,.F.);
#1022=ORIENTED_EDGE('',*,*,#806,.F.);
#1023=ORIENTED_EDGE('',*,*,#807,.F.);
#1024=ORIENTED_EDGE('',*,*,#808,.F.);
#1025=ORIENTED_EDGE('',*,*,#809,.F.);
#1026=ORIENTED_EDGE('',*,*,#810,.F.);
#1027=ORIENTED_EDGE('',*,*,#811,.F.);
#1028=ORIENTED_EDGE('',*,*,#812,.F.);
#1029=ORIENTED_EDGE('',*,*,#813,.F.);
#1030=ORIENTED_EDGE('',*,*,#814,.F.);
#1031=ORIENTED_EDGE('',*,*,#815,.F.);
#1032=ORIENTED_EDGE('',*,*,#816,.F.);
#1033=ORIENTED_EDGE('',*,*,#817,.F.);
#1034=ORIENTED_EDGE('',*,*,#818,.F.);
#1035=ORIENTED_EDGE('',*,*,#819,.F.);
#1036=ORIENTED_EDGE('',*,*,#820,.F.);
#1037=ORIENTED_EDGE('',*,*,#821,.F.);
#1038=ORIENTED_EDGE('',*,*,#822,.F.);
#1039=ORIENTED_EDGE('',*,*,#823,.F.);
#1040=ORIENTED_EDGE('',*,*,#824,.F.);
#1041=ORIENTED_EDGE('',*,*,#825,.F.);
#1042=ORIENTED_EDGE('',*,*,#826,.F.);
#1043=ORIENTED_EDGE('',*,*,#827,.F.);
#1044=ORIENTED_EDGE('',*,*,#828,.F.);
#1045=ORIENTED_EDGE('',*,*,#829,.F.);
#1046=ORIENTED_EDGE('',*,*,#830,.F.);
#1047=ORIENTED_EDGE('',*,*,#831,.F.);
#1048=ORIENTED_EDGE('',*,*,#832,.F.);
#1049=ORIENTED_EDGE('',*,*,#833,.F.);
#1050=ORIENTED_EDGE('',*,*,#809,.T.);
#1051=ORIENTED_EDGE('',*,*,#832,.T.);
#1052=ORIENTED_EDGE('',*,*,#834,.F.);
#1053=ORIENTED_EDGE('',*,*,#835,.F.);
#1054=ORIENTED_EDGE('',*,*,#827,.T.);
#1055=ORIENTED_EDGE('',*,*,#826,.T.);
#1056=ORIENTED_EDGE('',*,*,#836,.F.);
#1057=ORIENTED_EDGE('',*,*,#817,.T.);
#1058=ORIENTED_EDGE('',*,*,#816,.T.);
#1059=ORIENTED_EDGE('',*,*,#837,.F.);
#1060=ORIENTED_EDGE('',*,*,#838,.F.);
#1061=ORIENTED_EDGE('',*,*,#839,.F.);
#1062=ORIENTED_EDGE('',*,*,#823,.T.);
#1063=ORIENTED_EDGE('',*,*,#822,.T.);
#1064=ORIENTED_EDGE('',*,*,#840,.F.);
#1065=ORIENTED_EDGE('',*,*,#799,.T.);
#1066=ORIENTED_EDGE('',*,*,#798,.T.);
#1067=ORIENTED_EDGE('',*,*,#808,.T.);
#1068=ORIENTED_EDGE('',*,*,#807,.T.);
#1069=ORIENTED_EDGE('',*,*,#806,.T.);
#1070=ORIENTED_EDGE('',*,*,#805,.T.);
#1071=ORIENTED_EDGE('',*,*,#804,.T.);
#1072=ORIENTED_EDGE('',*,*,#803,.T.);
#1073=ORIENTED_EDGE('',*,*,#802,.T.);
#1074=ORIENTED_EDGE('',*,*,#801,.T.);
#1075=ORIENTED_EDGE('',*,*,#800,.T.);
#1076=ORIENTED_EDGE('',*,*,#841,.F.);
#1077=ORIENTED_EDGE('',*,*,#842,.F.);
#1078=ORIENTED_EDGE('',*,*,#843,.F.);
#1079=ORIENTED_EDGE('',*,*,#824,.T.);
#1080=ORIENTED_EDGE('',*,*,#839,.T.);
#1081=ORIENTED_EDGE('',*,*,#840,.T.);
#1082=ORIENTED_EDGE('',*,*,#821,.T.);
#1083=ORIENTED_EDGE('',*,*,#820,.T.);
#1084=ORIENTED_EDGE('',*,*,#819,.T.);
#1085=ORIENTED_EDGE('',*,*,#818,.T.);
#1086=ORIENTED_EDGE('',*,*,#838,.T.);
#1087=ORIENTED_EDGE('',*,*,#837,.T.);
#1088=ORIENTED_EDGE('',*,*,#815,.T.);
#1089=ORIENTED_EDGE('',*,*,#814,.T.);
#1090=ORIENTED_EDGE('',*,*,#813,.T.);
#1091=ORIENTED_EDGE('',*,*,#812,.T.);
#1092=ORIENTED_EDGE('',*,*,#811,.T.);
#1093=ORIENTED_EDGE('',*,*,#810,.T.);
#1094=ORIENTED_EDGE('',*,*,#833,.T.);
#1095=ORIENTED_EDGE('',*,*,#834,.T.);
#1096=ORIENTED_EDGE('',*,*,#831,.T.);
#1097=ORIENTED_EDGE('',*,*,#830,.T.);
#1098=ORIENTED_EDGE('',*,*,#829,.T.);
#1099=ORIENTED_EDGE('',*,*,#828,.T.);
#1100=ORIENTED_EDGE('',*,*,#835,.T.);
#1101=ORIENTED_EDGE('',*,*,#836,.T.);
#1102=ORIENTED_EDGE('',*,*,#825,.T.);
#1103=ORIENTED_EDGE('',*,*,#844,.F.);
#1104=ORIENTED_EDGE('',*,*,#845,.F.);
#1105=ORIENTED_EDGE('',*,*,#846,.F.);
#1106=ORIENTED_EDGE('',*,*,#847,.F.);
#1107=ORIENTED_EDGE('',*,*,#845,.T.);
#1108=ORIENTED_EDGE('',*,*,#844,.T.);
#1109=ORIENTED_EDGE('',*,*,#847,.T.);
#1110=ORIENTED_EDGE('',*,*,#846,.T.);
#1111=ORIENTED_EDGE('',*,*,#848,.F.);
#1112=ORIENTED_EDGE('',*,*,#849,.F.);
#1113=ORIENTED_EDGE('',*,*,#850,.F.);
#1114=ORIENTED_EDGE('',*,*,#851,.F.);
#1115=ORIENTED_EDGE('',*,*,#852,.F.);
#1116=ORIENTED_EDGE('',*,*,#853,.F.);
#1117=ORIENTED_EDGE('',*,*,#854,.F.);
#1118=ORIENTED_EDGE('',*,*,#855,.F.);
#1119=ORIENTED_EDGE('',*,*,#856,.F.);
#1120=ORIENTED_EDGE('',*,*,#857,.F.);
#1121=ORIENTED_EDGE('',*,*,#858,.F.);
#1122=ORIENTED_EDGE('',*,*,#859,.F.);
#1123=ORIENTED_EDGE('',*,*,#857,.T.);
#1124=ORIENTED_EDGE('',*,*,#856,.T.);
#1125=ORIENTED_EDGE('',*,*,#859,.T.);
#1126=ORIENTED_EDGE('',*,*,#858,.T.);
#1127=ORIENTED_EDGE('',*,*,#849,.T.);
#1128=ORIENTED_EDGE('',*,*,#848,.T.);
#1129=ORIENTED_EDGE('',*,*,#851,.T.);
#1130=ORIENTED_EDGE('',*,*,#850,.T.);
#1131=ORIENTED_EDGE('',*,*,#842,.T.);
#1132=ORIENTED_EDGE('',*,*,#841,.T.);
#1133=ORIENTED_EDGE('',*,*,#843,.T.);
#1134=ORIENTED_EDGE('',*,*,#860,.T.);
#1135=ORIENTED_EDGE('',*,*,#861,.F.);
#1136=ORIENTED_EDGE('',*,*,#774,.F.);
#1137=ORIENTED_EDGE('',*,*,#862,.T.);
#1138=ORIENTED_EDGE('',*,*,#863,.T.);
#1139=ORIENTED_EDGE('',*,*,#864,.F.);
#1140=ORIENTED_EDGE('',*,*,#775,.F.);
#1141=ORIENTED_EDGE('',*,*,#861,.T.);
#1142=ORIENTED_EDGE('',*,*,#865,.T.);
#1143=ORIENTED_EDGE('',*,*,#866,.F.);
#1144=ORIENTED_EDGE('',*,*,#776,.F.);
#1145=ORIENTED_EDGE('',*,*,#864,.T.);
#1146=ORIENTED_EDGE('',*,*,#867,.T.);
#1147=ORIENTED_EDGE('',*,*,#868,.F.);
#1148=ORIENTED_EDGE('',*,*,#777,.F.);
#1149=ORIENTED_EDGE('',*,*,#866,.T.);
#1150=ORIENTED_EDGE('',*,*,#869,.T.);
#1151=ORIENTED_EDGE('',*,*,#870,.F.);
#1152=ORIENTED_EDGE('',*,*,#778,.F.);
#1153=ORIENTED_EDGE('',*,*,#868,.T.);
#1154=ORIENTED_EDGE('',*,*,#871,.T.);
#1155=ORIENTED_EDGE('',*,*,#872,.F.);
#1156=ORIENTED_EDGE('',*,*,#779,.F.);
#1157=ORIENTED_EDGE('',*,*,#870,.T.);
#1158=ORIENTED_EDGE('',*,*,#873,.T.);
#1159=ORIENTED_EDGE('',*,*,#874,.F.);
#1160=ORIENTED_EDGE('',*,*,#780,.F.);
#1161=ORIENTED_EDGE('',*,*,#872,.T.);
#1162=ORIENTED_EDGE('',*,*,#875,.T.);
#1163=ORIENTED_EDGE('',*,*,#876,.F.);
#1164=ORIENTED_EDGE('',*,*,#781,.F.);
#1165=ORIENTED_EDGE('',*,*,#874,.T.);
#1166=ORIENTED_EDGE('',*,*,#877,.T.);
#1167=ORIENTED_EDGE('',*,*,#878,.F.);
#1168=ORIENTED_EDGE('',*,*,#782,.F.);
#1169=ORIENTED_EDGE('',*,*,#876,.T.);
#1170=ORIENTED_EDGE('',*,*,#879,.T.);
#1171=ORIENTED_EDGE('',*,*,#880,.F.);
#1172=ORIENTED_EDGE('',*,*,#783,.F.);
#1173=ORIENTED_EDGE('',*,*,#878,.T.);
#1174=ORIENTED_EDGE('',*,*,#881,.T.);
#1175=ORIENTED_EDGE('',*,*,#882,.F.);
#1176=ORIENTED_EDGE('',*,*,#784,.F.);
#1177=ORIENTED_EDGE('',*,*,#880,.T.);
#1178=ORIENTED_EDGE('',*,*,#883,.T.);
#1179=ORIENTED_EDGE('',*,*,#884,.F.);
#1180=ORIENTED_EDGE('',*,*,#785,.F.);
#1181=ORIENTED_EDGE('',*,*,#882,.T.);
#1182=ORIENTED_EDGE('',*,*,#885,.T.);
#1183=ORIENTED_EDGE('',*,*,#886,.F.);
#1184=ORIENTED_EDGE('',*,*,#786,.F.);
#1185=ORIENTED_EDGE('',*,*,#884,.T.);
#1186=ORIENTED_EDGE('',*,*,#887,.T.);
#1187=ORIENTED_EDGE('',*,*,#888,.F.);
#1188=ORIENTED_EDGE('',*,*,#787,.F.);
#1189=ORIENTED_EDGE('',*,*,#886,.T.);
#1190=ORIENTED_EDGE('',*,*,#889,.T.);
#1191=ORIENTED_EDGE('',*,*,#890,.F.);
#1192=ORIENTED_EDGE('',*,*,#788,.F.);
#1193=ORIENTED_EDGE('',*,*,#888,.T.);
#1194=ORIENTED_EDGE('',*,*,#891,.T.);
#1195=ORIENTED_EDGE('',*,*,#892,.F.);
#1196=ORIENTED_EDGE('',*,*,#789,.F.);
#1197=ORIENTED_EDGE('',*,*,#890,.T.);
#1198=ORIENTED_EDGE('',*,*,#893,.T.);
#1199=ORIENTED_EDGE('',*,*,#894,.F.);
#1200=ORIENTED_EDGE('',*,*,#790,.F.);
#1201=ORIENTED_EDGE('',*,*,#892,.T.);
#1202=ORIENTED_EDGE('',*,*,#895,.T.);
#1203=ORIENTED_EDGE('',*,*,#896,.F.);
#1204=ORIENTED_EDGE('',*,*,#791,.F.);
#1205=ORIENTED_EDGE('',*,*,#894,.T.);
#1206=ORIENTED_EDGE('',*,*,#897,.T.);
#1207=ORIENTED_EDGE('',*,*,#898,.F.);
#1208=ORIENTED_EDGE('',*,*,#792,.F.);
#1209=ORIENTED_EDGE('',*,*,#896,.T.);
#1210=ORIENTED_EDGE('',*,*,#899,.T.);
#1211=ORIENTED_EDGE('',*,*,#900,.F.);
#1212=ORIENTED_EDGE('',*,*,#793,.F.);
#1213=ORIENTED_EDGE('',*,*,#898,.T.);
#1214=ORIENTED_EDGE('',*,*,#901,.T.);
#1215=ORIENTED_EDGE('',*,*,#902,.F.);
#1216=ORIENTED_EDGE('',*,*,#794,.F.);
#1217=ORIENTED_EDGE('',*,*,#900,.T.);
#1218=ORIENTED_EDGE('',*,*,#903,.T.);
#1219=ORIENTED_EDGE('',*,*,#904,.F.);
#1220=ORIENTED_EDGE('',*,*,#795,.F.);
#1221=ORIENTED_EDGE('',*,*,#902,.T.);
#1222=ORIENTED_EDGE('',*,*,#905,.T.);
#1223=ORIENTED_EDGE('',*,*,#906,.F.);
#1224=ORIENTED_EDGE('',*,*,#796,.F.);
#1225=ORIENTED_EDGE('',*,*,#904,.T.);
#1226=ORIENTED_EDGE('',*,*,#907,.T.);
#1227=ORIENTED_EDGE('',*,*,#862,.F.);
#1228=ORIENTED_EDGE('',*,*,#797,.F.);
#1229=ORIENTED_EDGE('',*,*,#906,.T.);
#1230=ORIENTED_EDGE('',*,*,#853,.T.);
#1231=ORIENTED_EDGE('',*,*,#852,.T.);
#1232=ORIENTED_EDGE('',*,*,#855,.T.);
#1233=ORIENTED_EDGE('',*,*,#854,.T.);
#1234=ORIENTED_EDGE('',*,*,#860,.F.);
#1235=ORIENTED_EDGE('',*,*,#907,.F.);
#1236=ORIENTED_EDGE('',*,*,#905,.F.);
#1237=ORIENTED_EDGE('',*,*,#903,.F.);
#1238=ORIENTED_EDGE('',*,*,#901,.F.);
#1239=ORIENTED_EDGE('',*,*,#899,.F.);
#1240=ORIENTED_EDGE('',*,*,#897,.F.);
#1241=ORIENTED_EDGE('',*,*,#895,.F.);
#1242=ORIENTED_EDGE('',*,*,#893,.F.);
#1243=ORIENTED_EDGE('',*,*,#891,.F.);
#1244=ORIENTED_EDGE('',*,*,#889,.F.);
#1245=ORIENTED_EDGE('',*,*,#887,.F.);
#1246=ORIENTED_EDGE('',*,*,#885,.F.);
#1247=ORIENTED_EDGE('',*,*,#883,.F.);
#1248=ORIENTED_EDGE('',*,*,#881,.F.);
#1249=ORIENTED_EDGE('',*,*,#879,.F.);
#1250=ORIENTED_EDGE('',*,*,#877,.F.);
#1251=ORIENTED_EDGE('',*,*,#875,.F.);
#1252=ORIENTED_EDGE('',*,*,#873,.F.);
#1253=ORIENTED_EDGE('',*,*,#871,.F.);
#1254=ORIENTED_EDGE('',*,*,#869,.F.);
#1255=ORIENTED_EDGE('',*,*,#867,.F.);
#1256=ORIENTED_EDGE('',*,*,#865,.F.);
#1257=ORIENTED_EDGE('',*,*,#863,.F.);
#1258=ORIENTED_EDGE('',*,*,#908,.T.);
#1259=ORIENTED_EDGE('',*,*,#909,.T.);
#1260=ORIENTED_EDGE('',*,*,#910,.T.);
#1261=ORIENTED_EDGE('',*,*,#911,.T.);
#1262=ORIENTED_EDGE('',*,*,#912,.T.);
#1263=ORIENTED_EDGE('',*,*,#913,.T.);
#1264=ORIENTED_EDGE('',*,*,#914,.T.);
#1265=ORIENTED_EDGE('',*,*,#915,.T.);
#1266=ORIENTED_EDGE('',*,*,#916,.T.);
#1267=ORIENTED_EDGE('',*,*,#917,.T.);
#1268=ORIENTED_EDGE('',*,*,#918,.T.);
#1269=ORIENTED_EDGE('',*,*,#919,.T.);
#1270=ORIENTED_EDGE('',*,*,#920,.T.);
#1271=ORIENTED_EDGE('',*,*,#921,.T.);
#1272=ORIENTED_EDGE('',*,*,#922,.T.);
#1273=ORIENTED_EDGE('',*,*,#923,.T.);
#1274=ORIENTED_EDGE('',*,*,#924,.T.);
#1275=ORIENTED_EDGE('',*,*,#925,.T.);
#1276=ORIENTED_EDGE('',*,*,#926,.T.);
#1277=ORIENTED_EDGE('',*,*,#927,.T.);
#1278=ORIENTED_EDGE('',*,*,#928,.T.);
#1279=ORIENTED_EDGE('',*,*,#929,.T.);
#1280=ORIENTED_EDGE('',*,*,#930,.T.);
#1281=ORIENTED_EDGE('',*,*,#931,.T.);
#1282=ORIENTED_EDGE('',*,*,#932,.T.);
#1283=ORIENTED_EDGE('',*,*,#933,.T.);
#1284=ORIENTED_EDGE('',*,*,#934,.T.);
#1285=ORIENTED_EDGE('',*,*,#935,.T.);
#1286=ORIENTED_EDGE('',*,*,#936,.T.);
#1287=ORIENTED_EDGE('',*,*,#937,.T.);
#1288=ORIENTED_EDGE('',*,*,#938,.T.);
#1289=ORIENTED_EDGE('',*,*,#939,.T.);
#1290=ORIENTED_EDGE('',*,*,#940,.F.);
#1291=ORIENTED_EDGE('',*,*,#941,.F.);
#1292=ORIENTED_EDGE('',*,*,#942,.F.);
#1293=ORIENTED_EDGE('',*,*,#943,.F.);
#1294=ORIENTED_EDGE('',*,*,#944,.T.);
#1295=ORIENTED_EDGE('',*,*,#945,.T.);
#1296=ORIENTED_EDGE('',*,*,#946,.T.);
#1297=ORIENTED_EDGE('',*,*,#947,.T.);
#1298=ORIENTED_EDGE('',*,*,#948,.T.);
#1299=ORIENTED_EDGE('',*,*,#949,.T.);
#1300=ORIENTED_EDGE('',*,*,#950,.T.);
#1301=ORIENTED_EDGE('',*,*,#951,.T.);
#1302=ORIENTED_EDGE('',*,*,#952,.T.);
#1303=ORIENTED_EDGE('',*,*,#953,.T.);
#1304=ORIENTED_EDGE('',*,*,#954,.T.);
#1305=ORIENTED_EDGE('',*,*,#955,.F.);
#1306=ORIENTED_EDGE('',*,*,#956,.F.);
#1307=ORIENTED_EDGE('',*,*,#957,.F.);
#1308=ORIENTED_EDGE('',*,*,#958,.F.);
#1309=ORIENTED_EDGE('',*,*,#959,.T.);
#1310=ORIENTED_EDGE('',*,*,#960,.T.);
#1311=ORIENTED_EDGE('',*,*,#961,.F.);
#1312=ORIENTED_EDGE('',*,*,#962,.T.);
#1313=ORIENTED_EDGE('',*,*,#963,.T.);
#1314=ORIENTED_EDGE('',*,*,#964,.F.);
#1315=ORIENTED_EDGE('',*,*,#965,.F.);
#1316=ORIENTED_EDGE('',*,*,#966,.F.);
#1317=ORIENTED_EDGE('',*,*,#967,.T.);
#1318=ORIENTED_EDGE('',*,*,#968,.T.);
#1319=ORIENTED_EDGE('',*,*,#969,.F.);
#1320=ORIENTED_EDGE('',*,*,#970,.F.);
#1321=ORIENTED_EDGE('',*,*,#971,.T.);
#1322=ORIENTED_EDGE('',*,*,#972,.T.);
#1323=ORIENTED_EDGE('',*,*,#973,.F.);
#1324=ORIENTED_EDGE('',*,*,#974,.T.);
#1325=ORIENTED_EDGE('',*,*,#975,.T.);
#1326=ORIENTED_EDGE('',*,*,#976,.T.);
#1327=ORIENTED_EDGE('',*,*,#977,.T.);
#1328=ORIENTED_EDGE('',*,*,#978,.F.);
#1329=ORIENTED_EDGE('',*,*,#979,.F.);
#1330=ORIENTED_EDGE('',*,*,#980,.F.);
#1331=ORIENTED_EDGE('',*,*,#981,.F.);
#1332=ORIENTED_EDGE('',*,*,#982,.F.);
#1333=ORIENTED_EDGE('',*,*,#983,.F.);
#1334=ORIENTED_EDGE('',*,*,#984,.F.);
#1335=ORIENTED_EDGE('',*,*,#985,.F.);
#1336=ORIENTED_EDGE('',*,*,#986,.F.);
#1337=ORIENTED_EDGE('',*,*,#987,.F.);
#1338=ORIENTED_EDGE('',*,*,#988,.F.);
#1339=ORIENTED_EDGE('',*,*,#989,.F.);
#1340=PLANE('',#1436);
#1341=PLANE('',#1449);
#1342=PLANE('',#1450);
#1343=PLANE('',#1451);
#1344=PLANE('',#1452);
#1345=PLANE('',#1453);
#1346=PLANE('',#1454);
#1347=PLANE('',#1455);
#1348=PLANE('',#1456);
#1349=PLANE('',#1457);
#1350=PLANE('',#1458);
#1351=PLANE('',#1461);
#1352=PLANE('',#1464);
#1353=PLANE('',#1467);
#1354=PLANE('',#1470);
#1355=PLANE('',#1473);
#1356=PLANE('',#1476);
#1357=PLANE('',#1479);
#1358=PLANE('',#1482);
#1359=PLANE('',#1485);
#1360=PLANE('',#1488);
#1361=PLANE('',#1491);
#1362=PLANE('',#1494);
#1363=PLANE('',#1495);
#1364=PLANE('',#1496);
#1365=PLANE('',#1497);
#1366=PLANE('',#1498);
#1367=PLANE('',#1499);
#1368=PLANE('',#1500);
#1369=PLANE('',#1501);
#1370=PLANE('',#1502);
#1371=PLANE('',#1503);
#1372=PLANE('',#1504);
#1373=PLANE('',#1505);
#1374=PLANE('',#1506);
#1375=ADVANCED_FACE('',(#72,#60,#61),#1340,.F.);
#1376=ADVANCED_FACE('',(#73),#1341,.F.);
#1377=ADVANCED_FACE('',(#74),#1342,.F.);
#1378=ADVANCED_FACE('',(#75),#1343,.F.);
#1379=ADVANCED_FACE('',(#76),#1344,.F.);
#1380=ADVANCED_FACE('',(#77,#62),#1345,.F.);
#1381=ADVANCED_FACE('',(#78,#63),#1346,.F.);
#1382=ADVANCED_FACE('',(#79,#64,#65,#66),#1347,.F.);
#1383=ADVANCED_FACE('',(#80),#1348,.F.);
#1384=ADVANCED_FACE('',(#81),#1349,.F.);
#1385=ADVANCED_FACE('',(#82),#1350,.F.);
#1386=ADVANCED_FACE('',(#83),#48,.T.);
#1387=ADVANCED_FACE('',(#84),#1351,.F.);
#1388=ADVANCED_FACE('',(#85),#49,.F.);
#1389=ADVANCED_FACE('',(#86),#1352,.F.);
#1390=ADVANCED_FACE('',(#87),#50,.T.);
#1391=ADVANCED_FACE('',(#88),#1353,.F.);
#1392=ADVANCED_FACE('',(#89),#51,.T.);
#1393=ADVANCED_FACE('',(#90),#1354,.F.);
#1394=ADVANCED_FACE('',(#91),#52,.F.);
#1395=ADVANCED_FACE('',(#92),#1355,.F.);
#1396=ADVANCED_FACE('',(#93),#53,.T.);
#1397=ADVANCED_FACE('',(#94),#1356,.F.);
#1398=ADVANCED_FACE('',(#95),#54,.T.);
#1399=ADVANCED_FACE('',(#96),#1357,.F.);
#1400=ADVANCED_FACE('',(#97),#55,.F.);
#1401=ADVANCED_FACE('',(#98),#1358,.F.);
#1402=ADVANCED_FACE('',(#99),#56,.T.);
#1403=ADVANCED_FACE('',(#100),#1359,.F.);
#1404=ADVANCED_FACE('',(#101),#57,.T.);
#1405=ADVANCED_FACE('',(#102),#1360,.F.);
#1406=ADVANCED_FACE('',(#103),#58,.F.);
#1407=ADVANCED_FACE('',(#104),#1361,.F.);
#1408=ADVANCED_FACE('',(#105),#59,.T.);
#1409=ADVANCED_FACE('',(#106),#1362,.F.);
#1410=ADVANCED_FACE('',(#107),#1363,.F.);
#1411=ADVANCED_FACE('',(#108),#1364,.T.);
#1412=ADVANCED_FACE('',(#109),#1365,.F.);
#1413=ADVANCED_FACE('',(#110),#1366,.F.);
#1414=ADVANCED_FACE('',(#111),#1367,.F.);
#1415=ADVANCED_FACE('',(#112,#67),#1368,.F.);
#1416=ADVANCED_FACE('',(#113,#68),#1369,.F.);
#1417=ADVANCED_FACE('',(#114),#1370,.F.);
#1418=ADVANCED_FACE('',(#115),#1371,.F.);
#1419=ADVANCED_FACE('',(#116),#1372,.F.);
#1420=ADVANCED_FACE('',(#117),#1373,.F.);
#1421=ADVANCED_FACE('',(#118,#69,#70,#71),#1374,.F.);
#1422=CLOSED_SHELL('',(#1375,#1376,#1377,#1378,#1379,#1380,#1381,#1382,
#1383,#1384,#1385,#1386,#1387,#1388,#1389,#1390,#1391,#1392,#1393,#1394,
#1395,#1396,#1397,#1398,#1399,#1400,#1401,#1402,#1403,#1404,#1405,#1406,
#1407,#1408,#1409,#1410,#1411));
#1423=DERIVED_UNIT_ELEMENT(#1425,1.);
#1424=DERIVED_UNIT_ELEMENT(#2300,-3.);
#1425=(
MASS_UNIT()
NAMED_UNIT(*)
SI_UNIT(.KILO.,.GRAM.)
);
#1426=DERIVED_UNIT((#1423,#1424));
#1427=MEASURE_REPRESENTATION_ITEM('density measure',
POSITIVE_RATIO_MEASURE(7850.),#1426);
#1428=PROPERTY_DEFINITION_REPRESENTATION(#1433,#1430);
#1429=PROPERTY_DEFINITION_REPRESENTATION(#1434,#1431);
#1430=REPRESENTATION('material name',(#1432),#2297);
#1431=REPRESENTATION('density',(#1427),#2297);
#1432=DESCRIPTIVE_REPRESENTATION_ITEM('Steel','Steel');
#1433=PROPERTY_DEFINITION('material property','material name',#2307);
#1434=PROPERTY_DEFINITION('material property','density of part',#2307);
#1435=AXIS2_PLACEMENT_3D('',#1843,#1507,#1508);
#1436=AXIS2_PLACEMENT_3D('',#1844,#1509,#1510);
#1437=AXIS2_PLACEMENT_3D('',#1847,#1511,#1512);
#1438=AXIS2_PLACEMENT_3D('',#1851,#1514,#1515);
#1439=AXIS2_PLACEMENT_3D('',#1855,#1517,#1518);
#1440=AXIS2_PLACEMENT_3D('',#1859,#1520,#1521);
#1441=AXIS2_PLACEMENT_3D('',#1863,#1523,#1524);
#1442=AXIS2_PLACEMENT_3D('',#1867,#1526,#1527);
#1443=AXIS2_PLACEMENT_3D('',#1871,#1529,#1530);
#1444=AXIS2_PLACEMENT_3D('',#1875,#1532,#1533);
#1445=AXIS2_PLACEMENT_3D('',#1879,#1535,#1536);
#1446=AXIS2_PLACEMENT_3D('',#1883,#1538,#1539);
#1447=AXIS2_PLACEMENT_3D('',#1887,#1541,#1542);
#1448=AXIS2_PLACEMENT_3D('',#1891,#1544,#1545);
#1449=AXIS2_PLACEMENT_3D('',#1963,#1582,#1583);
#1450=AXIS2_PLACEMENT_3D('',#1967,#1586,#1587);
#1451=AXIS2_PLACEMENT_3D('',#1971,#1590,#1591);
#1452=AXIS2_PLACEMENT_3D('',#1975,#1594,#1595);
#1453=AXIS2_PLACEMENT_3D('',#1979,#1598,#1599);
#1454=AXIS2_PLACEMENT_3D('',#1986,#1603,#1604);
#1455=AXIS2_PLACEMENT_3D('',#1995,#1609,#1610);
#1456=AXIS2_PLACEMENT_3D('',#2020,#1623,#1624);
#1457=AXIS2_PLACEMENT_3D('',#2021,#1625,#1626);
#1458=AXIS2_PLACEMENT_3D('',#2022,#1627,#1628);
#1459=AXIS2_PLACEMENT_3D('',#2023,#1629,#1630);
#1460=AXIS2_PLACEMENT_3D('',#2026,#1631,#1632);
#1461=AXIS2_PLACEMENT_3D('',#2029,#1635,#1636);
#1462=AXIS2_PLACEMENT_3D('',#2033,#1639,#1640);
#1463=AXIS2_PLACEMENT_3D('',#2035,#1641,#1642);
#1464=AXIS2_PLACEMENT_3D('',#2037,#1644,#1645);
#1465=AXIS2_PLACEMENT_3D('',#2041,#1648,#1649);
#1466=AXIS2_PLACEMENT_3D('',#2043,#1650,#1651);
#1467=AXIS2_PLACEMENT_3D('',#2045,#1653,#1654);
#1468=AXIS2_PLACEMENT_3D('',#2049,#1657,#1658);
#1469=AXIS2_PLACEMENT_3D('',#2051,#1659,#1660);
#1470=AXIS2_PLACEMENT_3D('',#2053,#1662,#1663);
#1471=AXIS2_PLACEMENT_3D('',#2057,#1666,#1667);
#1472=AXIS2_PLACEMENT_3D('',#2059,#1668,#1669);
#1473=AXIS2_PLACEMENT_3D('',#2061,#1671,#1672);
#1474=AXIS2_PLACEMENT_3D('',#2065,#1675,#1676);
#1475=AXIS2_PLACEMENT_3D('',#2067,#1677,#1678);
#1476=AXIS2_PLACEMENT_3D('',#2069,#1680,#1681);
#1477=AXIS2_PLACEMENT_3D('',#2073,#1684,#1685);
#1478=AXIS2_PLACEMENT_3D('',#2075,#1686,#1687);
#1479=AXIS2_PLACEMENT_3D('',#2077,#1689,#1690);
#1480=AXIS2_PLACEMENT_3D('',#2081,#1693,#1694);
#1481=AXIS2_PLACEMENT_3D('',#2083,#1695,#1696);
#1482=AXIS2_PLACEMENT_3D('',#2085,#1698,#1699);
#1483=AXIS2_PLACEMENT_3D('',#2089,#1702,#1703);
#1484=AXIS2_PLACEMENT_3D('',#2091,#1704,#1705);
#1485=AXIS2_PLACEMENT_3D('',#2093,#1707,#1708);
#1486=AXIS2_PLACEMENT_3D('',#2097,#1711,#1712);
#1487=AXIS2_PLACEMENT_3D('',#2099,#1713,#1714);
#1488=AXIS2_PLACEMENT_3D('',#2101,#1716,#1717);
#1489=AXIS2_PLACEMENT_3D('',#2105,#1720,#1721);
#1490=AXIS2_PLACEMENT_3D('',#2107,#1722,#1723);
#1491=AXIS2_PLACEMENT_3D('',#2109,#1725,#1726);
#1492=AXIS2_PLACEMENT_3D('',#2113,#1729,#1730);
#1493=AXIS2_PLACEMENT_3D('',#2115,#1731,#1732);
#1494=AXIS2_PLACEMENT_3D('',#2117,#1734,#1735);
#1495=AXIS2_PLACEMENT_3D('',#2119,#1737,#1738);
#1496=AXIS2_PLACEMENT_3D('',#2120,#1739,#1740);
#1497=AXIS2_PLACEMENT_3D('',#2121,#1741,#1742);
#1498=AXIS2_PLACEMENT_3D('',#2130,#1747,#1748);
#1499=AXIS2_PLACEMENT_3D('',#2139,#1753,#1754);
#1500=AXIS2_PLACEMENT_3D('',#2148,#1759,#1760);
#1501=AXIS2_PLACEMENT_3D('',#2197,#1785,#1786);
#1502=AXIS2_PLACEMENT_3D('',#2226,#1801,#1802);
#1503=AXIS2_PLACEMENT_3D('',#2235,#1807,#1808);
#1504=AXIS2_PLACEMENT_3D('',#2244,#1813,#1814);
#1505=AXIS2_PLACEMENT_3D('',#2253,#1819,#1820);
#1506=AXIS2_PLACEMENT_3D('',#2262,#1825,#1826);
#1507=DIRECTION('axis',(0.,0.,1.));
#1508=DIRECTION('refdir',(1.,0.,0.));
#1509=DIRECTION('center_axis',(-0.996194698091746,-0.0871557427476584,0.));
#1510=DIRECTION('ref_axis',(0.0871557427476584,-0.996194698091746,0.));
#1511=DIRECTION('center_axis',(0.996194698091746,0.0871557427476584,0.));
#1512=DIRECTION('ref_axis',(0.0871557427476584,-0.996194698091746,0.));
#1513=DIRECTION('',(0.,0.,1.));
#1514=DIRECTION('center_axis',(-0.996194698091746,-0.0871557427476584,0.));
#1515=DIRECTION('ref_axis',(0.0871557427476583,-0.996194698091746,0.));
#1516=DIRECTION('',(-0.087155742747658,0.996194698091746,0.));
#1517=DIRECTION('center_axis',(0.996194698091746,0.0871557427476584,0.));
#1518=DIRECTION('ref_axis',(-0.0871557427476584,0.996194698091746,0.));
#1519=DIRECTION('',(0.,0.,1.));
#1520=DIRECTION('center_axis',(0.996194698091746,0.0871557427476584,0.));
#1521=DIRECTION('ref_axis',(0.0871557427476584,-0.996194698091746,0.));
#1522=DIRECTION('',(0.087155742747658,-0.996194698091746,0.));
#1523=DIRECTION('center_axis',(-0.996194698091746,-0.0871557427476584,0.));
#1524=DIRECTION('ref_axis',(-0.0871557427476583,0.996194698091746,0.));
#1525=DIRECTION('',(0.,0.,1.));
#1526=DIRECTION('center_axis',(0.996194698091746,0.0871557427476584,0.));
#1527=DIRECTION('ref_axis',(-0.0871557427476584,0.996194698091746,0.));
#1528=DIRECTION('',(0.0871557427476583,-0.996194698091746,0.));
#1529=DIRECTION('center_axis',(0.996194698091746,0.0871557427476584,0.));
#1530=DIRECTION('ref_axis',(0.0871557427476584,-0.996194698091746,0.));
#1531=DIRECTION('',(0.,2.27504718160893E-16,-1.));
#1532=DIRECTION('center_axis',(-0.996194698091746,-0.0871557427476584,0.));
#1533=DIRECTION('ref_axis',(-0.0871557427476583,0.996194698091746,0.));
#1534=DIRECTION('',(0.0871557427476577,-0.996194698091746,-6.93889390390723E-16));
#1535=DIRECTION('center_axis',(0.996194698091746,0.0871557427476584,0.));
#1536=DIRECTION('ref_axis',(0.0871557427476584,-0.996194698091746,0.));
#1537=DIRECTION('',(0.,0.,-1.));
#1538=DIRECTION('center_axis',(0.996194698091746,0.0871557427476584,0.));
#1539=DIRECTION('ref_axis',(-0.0871557427476584,0.996194698091746,0.));
#1540=DIRECTION('',(-0.0871557427476577,0.996194698091746,0.));
#1541=DIRECTION('center_axis',(-0.996194698091746,-0.0871557427476584,0.));
#1542=DIRECTION('ref_axis',(-0.0871557427476584,0.996194698091746,0.));
#1543=DIRECTION('',(0.,-2.44902137784961E-16,-1.));
#1544=DIRECTION('center_axis',(0.996194698091746,0.0871557427476584,0.));
#1545=DIRECTION('ref_axis',(0.0871557427476584,-0.996194698091746,0.));
#1546=DIRECTION('',(-0.0871557427476583,0.996194698091746,0.));
#1547=DIRECTION('',(0.,0.,-1.));
#1548=DIRECTION('',(0.0871557427476584,-0.996194698091746,0.));
#1549=DIRECTION('',(4.79664652470061E-16,-5.48259206551863E-15,-1.));
#1550=DIRECTION('',(0.0871557427476584,-0.996194698091746,0.));
#1551=DIRECTION('',(0.0752364875039457,-0.859956987246148,0.504790502123998));
#1552=DIRECTION('',(0.,0.,1.));
#1553=DIRECTION('',(-0.0871557427476584,0.996194698091746,0.));
#1554=DIRECTION('',(0.,0.,1.));
#1555=DIRECTION('',(-0.0865896414310829,0.989724130434626,-0.113790947057574));
#1556=DIRECTION('',(0.,0.,-1.));
#1557=DIRECTION('',(-0.0871557427476584,0.996194698091746,0.));
#1558=DIRECTION('',(0.,0.,-1.));
#1559=DIRECTION('',(0.,0.,-1.));
#1560=DIRECTION('',(0.0871557427476584,-0.996194698091746,0.));
#1561=DIRECTION('',(0.,0.,-1.));
#1562=DIRECTION('',(0.0871557427476584,-0.996194698091746,0.));
#1563=DIRECTION('',(-4.59963242357112E-7,5.25740391748947E-6,-0.999999999986074));
#1564=DIRECTION('',(0.0871557427473945,-0.996194698088729,2.46073574156116E-6));
#1565=DIRECTION('',(0.0871557427476584,-0.996194698091746,0.));
#1566=DIRECTION('',(0.,0.,1.));
#1567=DIRECTION('',(0.0871557427476584,-0.996194698091746,0.));
#1568=DIRECTION('',(0.,0.,1.));
#1569=DIRECTION('',(0.0871557427476584,-0.996194698091746,0.));
#1570=DIRECTION('',(0.,0.,1.));
#1571=DIRECTION('',(0.,0.,1.));
#1572=DIRECTION('',(-0.0871557427476584,0.996194698091746,0.));
#1573=DIRECTION('',(0.,0.,1.));
#1574=DIRECTION('',(-0.0871557427476584,0.996194698091746,0.));
#1575=DIRECTION('',(0.,0.,1.));
#1576=DIRECTION('',(-0.0871557427476584,0.996194698091746,0.));
#1577=DIRECTION('',(-0.0871557427476584,0.996194698091746,0.));
#1578=DIRECTION('',(0.,0.,-1.));
#1579=DIRECTION('',(-0.0871557427476584,0.996194698091746,0.));
#1580=DIRECTION('',(0.,0.,-1.));
#1581=DIRECTION('',(-0.0871557427476584,0.996194698091746,0.));
#1582=DIRECTION('center_axis',(-0.996194698091746,-0.0871557427476584,0.));
#1583=DIRECTION('ref_axis',(0.0871557427476584,-0.996194698091746,0.));
#1584=DIRECTION('',(-0.0871557427476584,0.996194698091746,0.));
#1585=DIRECTION('',(0.,0.,-1.));
#1586=DIRECTION('center_axis',(-0.996194698091746,-0.0871557427476584,0.));
#1587=DIRECTION('ref_axis',(0.0871557427476584,-0.996194698091746,0.));
#1588=DIRECTION('',(0.,0.,1.));
#1589=DIRECTION('',(-0.0871557427476584,0.996194698091746,0.));
#1590=DIRECTION('center_axis',(-0.996194698091746,-0.0871557427476584,0.));
#1591=DIRECTION('ref_axis',(0.0871557427476584,-0.996194698091746,0.));
#1592=DIRECTION('',(0.,0.,1.));
#1593=DIRECTION('',(0.0871557427476584,-0.996194698091746,0.));
#1594=DIRECTION('center_axis',(-0.996194698091746,-0.0871557427476584,0.));
#1595=DIRECTION('ref_axis',(0.0871557427476584,-0.996194698091746,0.));
#1596=DIRECTION('',(0.,0.,1.));
#1597=DIRECTION('',(-0.0871557427476584,0.996194698091746,0.));
#1598=DIRECTION('center_axis',(-0.996194698091746,-0.0871557427476584,0.));
#1599=DIRECTION('ref_axis',(0.0871557427476584,-0.996194698091746,0.));
#1600=DIRECTION('',(-0.0871557427476584,0.996194698091746,0.));
#1601=DIRECTION('',(0.,0.,-1.));
#1602=DIRECTION('',(0.0754878933008784,-0.862830568654305,0.499824957120673));
#1603=DIRECTION('center_axis',(-0.996194698091746,-0.0871557427476584,0.));
#1604=DIRECTION('ref_axis',(0.0871557427476584,-0.996194698091746,0.));
#1605=DIRECTION('',(-0.0871557427476584,0.996194698091746,-1.96985076219958E-16));
#1606=DIRECTION('',(0.,0.,-1.));
#1607=DIRECTION('',(0.0871557427476584,-0.996194698091746,0.));
#1608=DIRECTION('',(0.,0.,1.));
#1609=DIRECTION('center_axis',(-0.996194698091746,-0.0871557427476584,0.));
#1610=DIRECTION('ref_axis',(0.0871557427476584,-0.996194698091746,0.));
#1611=DIRECTION('',(0.,0.,-1.));
#1612=DIRECTION('',(0.0871557427476584,-0.996194698091746,0.));
#1613=DIRECTION('',(0.,0.,1.));
#1614=DIRECTION('',(-0.0871557427476584,0.996194698091746,-1.23116181485203E-16));
#1615=DIRECTION('',(0.,0.,1.));
#1616=DIRECTION('',(-0.0871557427476584,0.996194698091746,0.));
#1617=DIRECTION('',(0.,0.,-1.));
#1618=DIRECTION('',(0.0871557427476584,-0.996194698091746,0.));
#1619=DIRECTION('',(0.0871557427476584,-0.996194698091746,0.));
#1620=DIRECTION('',(0.,0.,1.));
#1621=DIRECTION('',(-0.0871557427476584,0.996194698091746,-1.23116181485484E-16));
#1622=DIRECTION('',(0.,0.,-1.));
#1623=DIRECTION('center_axis',(-0.996194698091746,-0.0871557427476584,0.));
#1624=DIRECTION('ref_axis',(0.0871557427476584,-0.996194698091746,0.));
#1625=DIRECTION('center_axis',(-0.996194698091746,-0.0871557427476584,0.));
#1626=DIRECTION('ref_axis',(0.0871557427476584,-0.996194698091746,0.));
#1627=DIRECTION('center_axis',(-0.996194698091746,-0.0871557427476584,0.));
#1628=DIRECTION('ref_axis',(0.0871557427476584,-0.996194698091746,0.));
#1629=DIRECTION('center_axis',(-0.996194698091746,-0.0871557427476584,0.));
#1630=DIRECTION('ref_axis',(0.0871557427476584,-0.996194698091746,0.));
#1631=DIRECTION('center_axis',(0.996194698091746,0.0871557427476584,0.));
#1632=DIRECTION('ref_axis',(0.0871557427476584,-0.996194698091746,0.));
#1633=DIRECTION('',(-0.996194698091746,-0.0871557427476584,0.));
#1634=DIRECTION('',(-0.996194698091746,-0.0871557427476584,0.));
#1635=DIRECTION('center_axis',(0.0871557427476584,-0.996194698091746,0.));
#1636=DIRECTION('ref_axis',(0.996194698091746,0.0871557427476584,0.));
#1637=DIRECTION('',(0.,0.,1.));
#1638=DIRECTION('',(-0.996194698091746,-0.0871557427476584,0.));
#1639=DIRECTION('center_axis',(-0.996194698091746,-0.0871557427476584,0.));
#1640=DIRECTION('ref_axis',(0.0871557427476584,-0.996194698091746,0.));
#1641=DIRECTION('center_axis',(-0.996194698091746,-0.0871557427476584,0.));
#1642=DIRECTION('ref_axis',(0.0871557427476583,-0.996194698091746,0.));
#1643=DIRECTION('',(-0.996194698091746,-0.0871557427476584,0.));
#1644=DIRECTION('center_axis',(0.,0.,1.));
#1645=DIRECTION('ref_axis',(1.,0.,0.));
#1646=DIRECTION('',(-0.087155742747658,0.996194698091746,0.));
#1647=DIRECTION('',(-0.996194698091746,-0.0871557427476584,0.));
#1648=DIRECTION('center_axis',(-0.996194698091746,-0.0871557427476584,0.));
#1649=DIRECTION('ref_axis',(0.0871557427476584,-0.996194698091746,0.));
#1650=DIRECTION('center_axis',(0.996194698091746,0.0871557427476584,0.));
#1651=DIRECTION('ref_axis',(-0.0871557427476584,0.996194698091746,0.));
#1652=DIRECTION('',(-0.996194698091746,-0.0871557427476584,0.));
#1653=DIRECTION('center_axis',(0.0871557427476584,-0.996194698091746,0.));
#1654=DIRECTION('ref_axis',(0.996194698091746,0.0871557427476584,0.));
#1655=DIRECTION('',(0.,0.,1.));
#1656=DIRECTION('',(-0.996194698091746,-0.0871557427476584,0.));
#1657=DIRECTION('center_axis',(-0.996194698091746,-0.0871557427476584,0.));
#1658=DIRECTION('ref_axis',(0.0871557427476584,-0.996194698091746,0.));
#1659=DIRECTION('center_axis',(0.996194698091746,0.0871557427476584,0.));
#1660=DIRECTION('ref_axis',(0.0871557427476584,-0.996194698091746,0.));
#1661=DIRECTION('',(-0.996194698091746,-0.0871557427476584,0.));
#1662=DIRECTION('center_axis',(0.,0.,-1.));
#1663=DIRECTION('ref_axis',(-1.,0.,0.));
#1664=DIRECTION('',(0.087155742747658,-0.996194698091746,0.));
#1665=DIRECTION('',(-0.996194698091746,-0.0871557427476584,0.));
#1666=DIRECTION('center_axis',(-0.996194698091746,-0.0871557427476584,0.));
#1667=DIRECTION('ref_axis',(0.0871557427476584,-0.996194698091746,0.));
#1668=DIRECTION('center_axis',(-0.996194698091746,-0.0871557427476584,0.));
#1669=DIRECTION('ref_axis',(-0.0871557427476583,0.996194698091746,0.));
#1670=DIRECTION('',(-0.996194698091746,-0.0871557427476584,0.));
#1671=DIRECTION('center_axis',(0.0871557427476584,-0.996194698091746,0.));
#1672=DIRECTION('ref_axis',(0.996194698091746,0.0871557427476584,0.));
#1673=DIRECTION('',(0.,0.,1.));
#1674=DIRECTION('',(-0.996194698091746,-0.0871557427476584,0.));
#1675=DIRECTION('center_axis',(-0.996194698091746,-0.0871557427476584,0.));
#1676=DIRECTION('ref_axis',(0.0871557427476584,-0.996194698091746,0.));
#1677=DIRECTION('center_axis',(0.996194698091746,0.0871557427476584,0.));
#1678=DIRECTION('ref_axis',(-0.0871557427476584,0.996194698091746,0.));
#1679=DIRECTION('',(-0.996194698091746,-0.0871557427476584,0.));
#1680=DIRECTION('center_axis',(0.,0.,-1.));
#1681=DIRECTION('ref_axis',(-1.,0.,0.));
#1682=DIRECTION('',(0.0871557427476583,-0.996194698091746,0.));
#1683=DIRECTION('',(-0.996194698091746,-0.0871557427476584,0.));
#1684=DIRECTION('center_axis',(-0.996194698091746,-0.0871557427476584,0.));
#1685=DIRECTION('ref_axis',(0.0871557427476584,-0.996194698091746,0.));
#1686=DIRECTION('center_axis',(0.996194698091746,0.0871557427476584,0.));
#1687=DIRECTION('ref_axis',(0.0871557427476584,-0.996194698091746,0.));
#1688=DIRECTION('',(-0.996194698091746,-0.0871557427476584,0.));
#1689=DIRECTION('center_axis',(-0.0871557427476584,0.996194698091746,2.26638994022738E-16));
#1690=DIRECTION('ref_axis',(-0.996194698091746,-0.0871557427476584,3.08148791101958E-33));
#1691=DIRECTION('',(0.,2.27504718160893E-16,-1.));
#1692=DIRECTION('',(-0.996194698091746,-0.0871557427476584,0.));
#1693=DIRECTION('center_axis',(-0.996194698091746,-0.0871557427476584,0.));
#1694=DIRECTION('ref_axis',(0.0871557427476584,-0.996194698091746,0.));
#1695=DIRECTION('center_axis',(-0.996194698091746,-0.0871557427476584,0.));
#1696=DIRECTION('ref_axis',(-0.0871557427476583,0.996194698091746,0.));
#1697=DIRECTION('',(-0.996194698091746,-0.0871557427476584,0.));
#1698=DIRECTION('center_axis',(-6.04764452042233E-17,6.91248931769351E-16,
-1.));
#1699=DIRECTION('ref_axis',(0.,1.,6.91248931769351E-16));
#1700=DIRECTION('',(0.0871557427476577,-0.996194698091746,-6.93889390390723E-16));
#1701=DIRECTION('',(-0.996194698091746,-0.0871557427476584,0.));
#1702=DIRECTION('center_axis',(-0.996194698091746,-0.0871557427476584,0.));
#1703=DIRECTION('ref_axis',(0.0871557427476584,-0.996194698091746,0.));
#1704=DIRECTION('center_axis',(0.996194698091746,0.0871557427476584,0.));
#1705=DIRECTION('ref_axis',(0.0871557427476584,-0.996194698091746,0.));
#1706=DIRECTION('',(-0.996194698091746,-0.0871557427476584,0.));
#1707=DIRECTION('center_axis',(-0.0871557427476584,0.996194698091746,0.));
#1708=DIRECTION('ref_axis',(-0.996194698091746,-0.0871557427476584,0.));
#1709=DIRECTION('',(0.,0.,-1.));
#1710=DIRECTION('',(-0.996194698091746,-0.0871557427476584,0.));
#1711=DIRECTION('center_axis',(-0.996194698091746,-0.0871557427476584,0.));
#1712=DIRECTION('ref_axis',(0.0871557427476584,-0.996194698091746,0.));
#1713=DIRECTION('center_axis',(0.996194698091746,0.0871557427476584,0.));
#1714=DIRECTION('ref_axis',(-0.0871557427476584,0.996194698091746,0.));
#1715=DIRECTION('',(-0.996194698091746,-0.0871557427476584,0.));
#1716=DIRECTION('center_axis',(0.,0.,1.));
#1717=DIRECTION('ref_axis',(1.,0.,0.));
#1718=DIRECTION('',(-0.0871557427476577,0.996194698091746,0.));
#1719=DIRECTION('',(-0.996194698091746,-0.0871557427476584,0.));
#1720=DIRECTION('center_axis',(-0.996194698091746,-0.0871557427476584,0.));
#1721=DIRECTION('ref_axis',(0.0871557427476584,-0.996194698091746,0.));
#1722=DIRECTION('center_axis',(-0.996194698091746,-0.0871557427476584,0.));
#1723=DIRECTION('ref_axis',(-0.0871557427476584,0.996194698091746,0.));
#1724=DIRECTION('',(-0.996194698091746,-0.0871557427476584,0.));
#1725=DIRECTION('center_axis',(-0.0871557427476584,0.996194698091746,-2.43970211212712E-16));
#1726=DIRECTION('ref_axis',(-0.996194698091746,-0.0871557427476584,0.));
#1727=DIRECTION('',(0.,-2.44902137784961E-16,-1.));
#1728=DIRECTION('',(-0.996194698091746,-0.0871557427476584,0.));
#1729=DIRECTION('center_axis',(-0.996194698091746,-0.0871557427476584,0.));
#1730=DIRECTION('ref_axis',(0.0871557427476584,-0.996194698091746,0.));
#1731=DIRECTION('center_axis',(0.996194698091746,0.0871557427476584,0.));
#1732=DIRECTION('ref_axis',(0.0871557427476584,-0.996194698091746,0.));
#1733=DIRECTION('',(-0.996194698091746,-0.0871557427476584,0.));
#1734=DIRECTION('center_axis',(0.,0.,1.));
#1735=DIRECTION('ref_axis',(1.,0.,0.));
#1736=DIRECTION('',(-0.0871557427476583,0.996194698091746,0.));
#1737=DIRECTION('center_axis',(-0.996194698091746,-0.0871557427476584,0.));
#1738=DIRECTION('ref_axis',(0.0871557427476584,-0.996194698091746,0.));
#1739=DIRECTION('center_axis',(-0.996194698091746,-0.0871557427476584,0.));
#1740=DIRECTION('ref_axis',(0.0871557427476584,-0.996194698091746,0.));
#1741=DIRECTION('center_axis',(-0.996194698091746,-0.0871557427476584,0.));
#1742=DIRECTION('ref_axis',(0.0871557427476584,-0.996194698091746,0.));
#1743=DIRECTION('',(0.0871557427476584,-0.996194698091746,0.));
#1744=DIRECTION('',(0.,0.,-1.));
#1745=DIRECTION('',(-0.0871557427476584,0.996194698091746,0.));
#1746=DIRECTION('',(0.,0.,1.));
#1747=DIRECTION('center_axis',(-0.996194698091746,-0.0871557427476584,0.));
#1748=DIRECTION('ref_axis',(0.0871557427476584,-0.996194698091746,0.));
#1749=DIRECTION('',(0.,0.,1.));
#1750=DIRECTION('',(0.0871557427476584,-0.996194698091746,0.));
#1751=DIRECTION('',(0.,0.,-1.));
#1752=DIRECTION('',(-0.0871557427476584,0.996194698091746,0.));
#1753=DIRECTION('center_axis',(-0.996194698091746,-0.0871557427476584,0.));
#1754=DIRECTION('ref_axis',(0.0871557427476584,-0.996194698091746,0.));
#1755=DIRECTION('',(-0.0871557427476584,0.996194698091746,0.));
#1756=DIRECTION('',(0.,0.,1.));
#1757=DIRECTION('',(0.0871557427476584,-0.996194698091746,0.));
#1758=DIRECTION('',(0.,0.,-1.));
#1759=DIRECTION('center_axis',(-0.996194698091746,-0.0871557427476584,0.));
#1760=DIRECTION('ref_axis',(0.0871557427476584,-0.996194698091746,0.));
#1761=DIRECTION('',(0.,0.,1.));
#1762=DIRECTION('',(-0.0871557427476584,0.996194698091746,0.));
#1763=DIRECTION('',(0.,0.,1.));
#1764=DIRECTION('',(0.0871557427476584,-0.996194698091746,0.));
#1765=DIRECTION('',(0.,0.,1.));
#1766=DIRECTION('',(0.0871557427476584,-0.996194698091746,0.));
#1767=DIRECTION('',(0.,0.,1.));
#1768=DIRECTION('',(0.0871557427473945,-0.996194698088729,2.46073574156116E-6));
#1769=DIRECTION('',(-4.59963242357112E-7,5.25740391748947E-6,-0.999999999986074));
#1770=DIRECTION('',(0.0871557427476584,-0.996194698091746,0.));
#1771=DIRECTION('',(0.,0.,-1.));
#1772=DIRECTION('',(0.0871557427476584,-0.996194698091746,0.));
#1773=DIRECTION('',(0.,0.,-1.));
#1774=DIRECTION('',(-0.0871557427476584,0.996194698091746,0.));
#1775=DIRECTION('',(0.,0.,-1.));
#1776=DIRECTION('',(-0.0871557427476584,0.996194698091746,0.));
#1777=DIRECTION('',(0.,0.,-1.));
#1778=DIRECTION('',(-0.0871557427476584,0.996194698091746,0.));
#1779=DIRECTION('',(0.,0.,1.));
#1780=DIRECTION('',(-0.0871557427476584,0.996194698091746,0.));
#1781=DIRECTION('',(-0.0871557427476584,0.996194698091746,0.));
#1782=DIRECTION('',(0.,0.,-1.));
#1783=DIRECTION('',(0.0871557427476584,-0.996194698091746,0.));
#1784=DIRECTION('',(0.,0.,1.));
#1785=DIRECTION('center_axis',(-0.996194698091746,-0.0871557427476584,0.));
#1786=DIRECTION('ref_axis',(0.0871557427476584,-0.996194698091746,0.));
#1787=DIRECTION('',(0.0871557427476584,-0.996194698091746,0.));
#1788=DIRECTION('',(0.,0.,-1.));
#1789=DIRECTION('',(-0.0871557427476584,0.996194698091746,0.));
#1790=DIRECTION('',(0.,0.,-1.));
#1791=DIRECTION('',(-0.0865896414310829,0.989724130434626,-0.113790947057574));
#1792=DIRECTION('',(0.,0.,1.));
#1793=DIRECTION('',(-0.0871557427476584,0.996194698091746,0.));
#1794=DIRECTION('',(0.,0.,1.));
#1795=DIRECTION('',(0.0752364875039457,-0.859956987246148,0.504790502123998));
#1796=DIRECTION('',(0.0871557427476584,-0.996194698091746,0.));
#1797=DIRECTION('',(0.,0.,-1.));
#1798=DIRECTION('',(-0.0871557427476584,0.996194698091746,0.));
#1799=DIRECTION('',(0.,0.,-1.));
#1800=DIRECTION('',(0.0754878933008784,-0.862830568654305,0.499824957120673));
#1801=DIRECTION('center_axis',(-0.996194698091746,-0.0871557427476584,0.));
#1802=DIRECTION('ref_axis',(0.0871557427476584,-0.996194698091746,0.));
#1803=DIRECTION('',(0.,0.,1.));
#1804=DIRECTION('',(-0.0871557427476584,0.996194698091746,0.));
#1805=DIRECTION('',(0.,0.,1.));
#1806=DIRECTION('',(-0.0871557427476584,0.996194698091746,0.));
#1807=DIRECTION('center_axis',(-0.996194698091746,-0.0871557427476584,0.));
#1808=DIRECTION('ref_axis',(0.0871557427476584,-0.996194698091746,0.));
#1809=DIRECTION('',(0.,0.,1.));
#1810=DIRECTION('',(0.0871557427476584,-0.996194698091746,0.));
#1811=DIRECTION('',(0.,0.,1.));
#1812=DIRECTION('',(0.0871557427476584,-0.996194698091746,0.));
#1813=DIRECTION('center_axis',(-0.996194698091746,-0.0871557427476584,0.));
#1814=DIRECTION('ref_axis',(0.0871557427476584,-0.996194698091746,0.));
#1815=DIRECTION('',(-0.0871557427476584,0.996194698091746,0.));
#1816=DIRECTION('',(0.,0.,-1.));
#1817=DIRECTION('',(-0.0871557427476584,0.996194698091746,0.));
#1818=DIRECTION('',(0.,0.,-1.));
#1819=DIRECTION('center_axis',(-0.996194698091746,-0.0871557427476584,0.));
#1820=DIRECTION('ref_axis',(0.0871557427476584,-0.996194698091746,0.));
#1821=DIRECTION('',(0.,0.,1.));
#1822=DIRECTION('',(-0.0871557427476584,0.996194698091746,0.));
#1823=DIRECTION('',(0.,0.,1.));
#1824=DIRECTION('',(-0.0871557427476584,0.996194698091746,0.));
#1825=DIRECTION('center_axis',(-0.996194698091746,-0.0871557427476584,0.));
#1826=DIRECTION('ref_axis',(0.0871557427476584,-0.996194698091746,0.));
#1827=DIRECTION('',(0.,0.,-1.));
#1828=DIRECTION('',(-0.0871557427476584,0.996194698091746,0.));
#1829=DIRECTION('',(0.,0.,1.));
#1830=DIRECTION('',(0.0871557427476584,-0.996194698091746,0.));
#1831=DIRECTION('',(0.,0.,-1.));
#1832=DIRECTION('',(0.0871557427476584,-0.996194698091746,0.));
#1833=DIRECTION('',(0.,0.,1.));
#1834=DIRECTION('',(-0.0871557427476584,0.996194698091746,0.));
#1835=DIRECTION('',(0.,0.,1.));
#1836=DIRECTION('',(-0.0871557427476584,0.996194698091746,0.));
#1837=DIRECTION('',(0.,0.,-1.));
#1838=DIRECTION('',(0.0871557427476584,-0.996194698091746,0.));
#1839=DIRECTION('',(0.0871557427476584,-0.996194698091746,0.));
#1840=DIRECTION('',(0.,0.,1.));
#1841=DIRECTION('',(-0.0871557427476584,0.996194698091746,0.));
#1842=DIRECTION('',(0.,0.,-1.));
#1843=CARTESIAN_POINT('',(0.,0.,0.));
#1844=CARTESIAN_POINT('Origin',(48.5921153853774,38.3517763261492,-26.));
#1845=CARTESIAN_POINT('',(48.5921153853774,38.3517763261492,-28.));
#1846=CARTESIAN_POINT('',(48.4178038998821,40.3441657223327,-26.));
#1847=CARTESIAN_POINT('Origin',(48.5921153853774,38.3517763261492,-26.));
#1848=CARTESIAN_POINT('',(48.4178038998821,40.3441657223327,-23.5));
#1849=CARTESIAN_POINT('',(48.4178038998821,40.3441657223327,-26.));
#1850=CARTESIAN_POINT('',(48.3742260285082,40.8422630713785,-23.));
#1851=CARTESIAN_POINT('Origin',(48.3742260285082,40.8422630713785,-23.5));
#1852=CARTESIAN_POINT('',(47.154045630041,54.788988844663,-23.));
#1853=CARTESIAN_POINT('',(48.3742260285082,40.8422630713785,-23.));
#1854=CARTESIAN_POINT('',(46.9797341445457,56.7813782408465,-21.));
#1855=CARTESIAN_POINT('Origin',(47.154045630041,54.788988844663,-21.));
#1856=CARTESIAN_POINT('',(46.9797341445457,56.7813782408465,21.));
#1857=CARTESIAN_POINT('',(46.9797341445457,56.7813782408465,21.));
#1858=CARTESIAN_POINT('',(47.154045630041,54.788988844663,23.));
#1859=CARTESIAN_POINT('Origin',(47.154045630041,54.788988844663,21.));
#1860=CARTESIAN_POINT('',(48.3742260285082,40.8422630713785,23.));
#1861=CARTESIAN_POINT('',(48.3742260285082,40.8422630713785,23.));
#1862=CARTESIAN_POINT('',(48.4178038998821,40.3441657223327,23.5));
#1863=CARTESIAN_POINT('Origin',(48.3742260285082,40.8422630713785,23.5));
#1864=CARTESIAN_POINT('',(48.4178038998821,40.3441657223327,26.));
#1865=CARTESIAN_POINT('',(48.4178038998821,40.3441657223327,26.));
#1866=CARTESIAN_POINT('',(48.5921153853774,38.3517763261492,28.));
#1867=CARTESIAN_POINT('Origin',(48.5921153853774,38.3517763261492,26.));
#1868=CARTESIAN_POINT('',(50.8145868254427,12.9488115248097,28.));
#1869=CARTESIAN_POINT('',(50.8145868254427,12.9488115248097,28.));
#1870=CARTESIAN_POINT('',(50.988898310938,10.9564221286262,26.));
#1871=CARTESIAN_POINT('Origin',(50.8145868254427,12.9488115248097,26.));
#1872=CARTESIAN_POINT('',(50.988898310938,10.9564221286262,10.75));
#1873=CARTESIAN_POINT('',(50.988898310938,10.9564221286262,10.75));
#1874=CARTESIAN_POINT('',(51.0324761823118,10.4583247795803,10.25));
#1875=CARTESIAN_POINT('Origin',(51.0324761823118,10.4583247795803,10.75));
#1876=CARTESIAN_POINT('',(51.250365539181,7.96783803435094,10.25));
#1877=CARTESIAN_POINT('',(51.250365539181,7.96783803435094,10.25));
#1878=CARTESIAN_POINT('',(51.4246770246763,5.97544863816744,8.25));
#1879=CARTESIAN_POINT('Origin',(51.250365539181,7.96783803435094,8.25));
#1880=CARTESIAN_POINT('',(51.4246770246763,5.97544863816744,-2.25));
#1881=CARTESIAN_POINT('',(51.4246770246763,5.97544863816744,8.25));
#1882=CARTESIAN_POINT('',(51.250365539181,7.96783803435094,-4.25));
#1883=CARTESIAN_POINT('Origin',(51.250365539181,7.96783803435094,-2.25));
#1884=CARTESIAN_POINT('',(51.0324761823118,10.4583247795803,-4.25));
#1885=CARTESIAN_POINT('',(51.0324761823118,10.4583247795803,-4.25));
#1886=CARTESIAN_POINT('',(50.988898310938,10.9564221286262,-4.75));
#1887=CARTESIAN_POINT('Origin',(51.0324761823118,10.4583247795803,-4.75));
#1888=CARTESIAN_POINT('',(50.988898310938,10.9564221286262,-26.));
#1889=CARTESIAN_POINT('',(50.988898310938,10.9564221286262,-26.));
#1890=CARTESIAN_POINT('',(50.8145868254427,12.9488115248097,-28.));
#1891=CARTESIAN_POINT('Origin',(50.8145868254427,12.9488115248097,-26.));
#1892=CARTESIAN_POINT('',(48.5921153853774,38.3517763261492,-28.));
#1893=CARTESIAN_POINT('',(47.5418808829905,50.3560116185953,14.6121183574961));
#1894=CARTESIAN_POINT('',(47.5418808829905,50.3560116185953,14.0294397602638));
#1895=CARTESIAN_POINT('',(47.5418808829905,50.3560116185953,-26.));
#1896=CARTESIAN_POINT('',(47.47735321103,51.0935662840792,14.6121183574961));
#1897=CARTESIAN_POINT('',(48.5921153853774,38.3517763261492,14.6121183574961));
#1898=CARTESIAN_POINT('',(47.47735321103,51.0935662840793,15.8681273996809));
#1899=CARTESIAN_POINT('',(47.4773532110301,51.093566284079,-26.0000000000001));
#1900=CARTESIAN_POINT('',(47.4336573071872,51.5930127504195,15.8681273996809));
#1901=CARTESIAN_POINT('',(48.5921153853774,38.3517763261492,15.8681273996809));
#1902=CARTESIAN_POINT('',(47.2542754600513,53.6433566453484,14.6645856649222));
#1903=CARTESIAN_POINT('',(46.7068291289966,59.900696842259,10.9915578893423));
#1904=CARTESIAN_POINT('',(47.2542754600513,53.6433566453484,14.0294397602868));
#1905=CARTESIAN_POINT('',(47.2542754600513,53.6433566453484,-26.));
#1906=CARTESIAN_POINT('',(47.4336573071825,51.593012750473,14.0294397602868));
#1907=CARTESIAN_POINT('',(48.5921153853774,38.3517763261492,14.0294397602868));
#1908=CARTESIAN_POINT('',(47.4336573071825,51.5930127504731,13.7093891851199));
#1909=CARTESIAN_POINT('',(47.4336573071825,51.593012750473,-26.));
#1910=CARTESIAN_POINT('',(47.47735321103,51.0935662840795,13.7668117382009));
#1911=CARTESIAN_POINT('',(48.1858539606889,42.995365658933,14.6978812051977));
#1912=CARTESIAN_POINT('',(47.47735321103,51.0935662840795,14.0294397602638));
#1913=CARTESIAN_POINT('',(47.47735321103,51.0935662840795,-26.));
#1914=CARTESIAN_POINT('',(48.5921153853774,38.3517763261492,14.0294397602638));
#1915=CARTESIAN_POINT('',(50.0173622607763,22.0611299959931,1.761266731315));
#1916=CARTESIAN_POINT('',(50.0173622607763,22.0611299959931,-5.28380019268327));
#1917=CARTESIAN_POINT('',(50.0173622607763,22.0611299959931,-26.));
#1918=CARTESIAN_POINT('',(50.0173622607763,22.0611299959931,5.28380019329816));
#1919=CARTESIAN_POINT('',(50.0173622607763,22.0611299959931,-26.));
#1920=CARTESIAN_POINT('',(49.7103532405422,25.5702591546881,5.28380019329816));
#1921=CARTESIAN_POINT('',(48.5921153853774,38.3517763261492,5.28380019329816));
#1922=CARTESIAN_POINT('',(49.7103532405422,25.5702591546881,12.328903514615));
#1923=CARTESIAN_POINT('',(49.7103532405422,25.5702591546881,-26.));
#1924=CARTESIAN_POINT('',(49.0963320278388,32.5885537308923,12.328903514615));
#1925=CARTESIAN_POINT('',(48.5921153853774,38.3517763261492,12.328903514615));
#1926=CARTESIAN_POINT('',(49.0963336480827,32.58853521142,15.8514543127085));
#1927=CARTESIAN_POINT('',(49.096314397938,32.5887552415803,-26.0000305304426));
#1928=CARTESIAN_POINT('',(48.4823139873708,39.6068120482803,15.8514369766147));
#1929=CARTESIAN_POINT('',(48.5921064096141,38.3518789195933,15.8514400764694));
#1930=CARTESIAN_POINT('',(48.1753049671658,43.1159412066441,15.8514369766147));
#1931=CARTESIAN_POINT('',(48.5921153853774,38.3517763261492,15.8514369766147));
#1932=CARTESIAN_POINT('',(48.1753049671658,43.1159412066441,12.3289035146151));
#1933=CARTESIAN_POINT('',(48.1753049671658,43.1159412066441,-26.));
#1934=CARTESIAN_POINT('',(47.5612837544334,50.1342357831795,12.3289035146151));
#1935=CARTESIAN_POINT('',(48.5921153853774,38.3517763261492,12.3289035146151));
#1936=CARTESIAN_POINT('',(47.5612837544334,50.1342357831795,5.28380019329827));
#1937=CARTESIAN_POINT('',(47.5612837544334,50.1342357831795,-26.));
#1938=CARTESIAN_POINT('',(47.2542747342008,53.6433649418575,5.28380019329827));
#1939=CARTESIAN_POINT('',(48.5921153853774,38.3517763261492,5.28380019329827));
#1940=CARTESIAN_POINT('',(47.2542747342008,53.6433649418575,1.76126673131511));
#1941=CARTESIAN_POINT('',(47.2542747342008,53.6433649418575,-26.));
#1942=CARTESIAN_POINT('',(47.2542747342008,53.6433649418575,-5.28380019268326));
#1943=CARTESIAN_POINT('',(47.2542747342008,53.6433649418575,-26.));
#1944=CARTESIAN_POINT('',(47.5612837544334,50.1342357831794,-5.28380019268326));
#1945=CARTESIAN_POINT('',(48.5921153853774,38.3517763261492,-5.28380019268326));
#1946=CARTESIAN_POINT('',(47.5612837544334,50.1342357831794,-12.3289035139999));
#1947=CARTESIAN_POINT('',(47.5612837544334,50.1342357831794,-26.));
#1948=CARTESIAN_POINT('',(48.1753049671658,43.1159412066441,-12.3289035139999));
#1949=CARTESIAN_POINT('',(48.5921153853774,38.3517763261492,-12.3289035139999));
#1950=CARTESIAN_POINT('',(48.1753049671658,43.1159412066441,-15.8514369759998));
#1951=CARTESIAN_POINT('',(48.1753049671658,43.1159412066441,-26.));
#1952=CARTESIAN_POINT('',(48.4823139873709,39.6068120482802,-15.8514369759998));
#1953=CARTESIAN_POINT('',(48.5921153853774,38.3517763261492,-15.8514369759998));
#1954=CARTESIAN_POINT('',(48.7893230076049,36.097682889586,-15.8514369759998));
#1955=CARTESIAN_POINT('',(48.5921153853774,38.3517763261492,-15.8514369759998));
#1956=CARTESIAN_POINT('',(48.7893230076049,36.097682889586,-12.328903514));
#1957=CARTESIAN_POINT('',(48.7893230076049,36.097682889586,-26.));
#1958=CARTESIAN_POINT('',(49.7103532405422,25.5702591546881,-12.328903514));
#1959=CARTESIAN_POINT('',(48.5921153853774,38.3517763261492,-12.328903514));
#1960=CARTESIAN_POINT('',(49.7103532405422,25.5702591546881,-5.28380019268326));
#1961=CARTESIAN_POINT('',(49.7103532405422,25.5702591546881,-26.));
#1962=CARTESIAN_POINT('',(48.5921153853774,38.3517763261492,-5.28380019268327));
#1963=CARTESIAN_POINT('Origin',(48.5921153853774,38.3517763261492,-26.));
#1964=CARTESIAN_POINT('',(49.7103532405422,25.5702591546881,1.76126673131499));
#1965=CARTESIAN_POINT('',(48.5921153853774,38.3517763261492,1.76126673131499));
#1966=CARTESIAN_POINT('',(49.7103532405422,25.5702591546881,-26.));
#1967=CARTESIAN_POINT('Origin',(48.5921153853774,38.3517763261492,-26.));
#1968=CARTESIAN_POINT('',(48.4823139873709,39.6068120482802,-12.3289035139999));
#1969=CARTESIAN_POINT('',(48.4823139873709,39.6068120482802,-26.));
#1970=CARTESIAN_POINT('',(48.5921153853774,38.3517763261492,-12.3289035139999));
#1971=CARTESIAN_POINT('Origin',(48.5921153853774,38.3517763261492,-26.));
#1972=CARTESIAN_POINT('',(48.4823139873708,39.6068120482803,12.3289035146151));
#1973=CARTESIAN_POINT('',(48.4823139873708,39.6068120482803,-26.));
#1974=CARTESIAN_POINT('',(48.5921153853774,38.3517763261492,12.3289035146151));
#1975=CARTESIAN_POINT('Origin',(48.5921153853774,38.3517763261492,-26.));
#1976=CARTESIAN_POINT('',(47.5612837544334,50.1342357831794,1.7612667313151));
#1977=CARTESIAN_POINT('',(47.5612837544334,50.1342357831794,-26.));
#1978=CARTESIAN_POINT('',(48.5921153853774,38.3517763261492,1.7612667313151));
#1979=CARTESIAN_POINT('Origin',(48.5921153853774,38.3517763261492,-26.));
#1980=CARTESIAN_POINT('',(47.433657307186,51.5930127504327,14.6121183575717));
#1981=CARTESIAN_POINT('',(47.3283552598304,52.7966206592952,14.6121183575717));
#1982=CARTESIAN_POINT('',(48.5921153853774,38.3517763261492,14.6121183575717));
#1983=CARTESIAN_POINT('',(47.433657307186,51.5930127504327,15.3093505759151));
#1984=CARTESIAN_POINT('',(47.433657307186,51.5930127504327,-26.));
#1985=CARTESIAN_POINT('',(46.7440715318568,59.4750142296856,10.7434239681722));
#1986=CARTESIAN_POINT('Origin',(48.5921153853774,38.3517763261492,-26.));
#1987=CARTESIAN_POINT('',(49.4033442203357,29.0793883130671,-8.80633365499883));
#1988=CARTESIAN_POINT('',(47.8682927746949,46.6251066241713,-8.80633365499883));
#1989=CARTESIAN_POINT('',(48.5921153853774,38.3517763261492,-8.80633365499884));
#1990=CARTESIAN_POINT('',(49.4033442203357,29.0793883130671,8.76091627797477));
#1991=CARTESIAN_POINT('',(49.4033442203357,29.0793883130671,-26.));
#1992=CARTESIAN_POINT('',(47.8682927746949,46.6251066241713,8.76091627797477));
#1993=CARTESIAN_POINT('',(48.5921153853774,38.3517763261492,8.76091627797477));
#1994=CARTESIAN_POINT('',(47.8682927746949,46.6251066241713,-26.));
#1995=CARTESIAN_POINT('Origin',(48.5921153853774,38.3517763261492,-26.));
#1996=CARTESIAN_POINT('',(48.7893230076461,36.0976828891142,-1.76126673068344));
#1997=CARTESIAN_POINT('',(48.7893230076461,36.0976828891142,-5.28380019268326));
#1998=CARTESIAN_POINT('',(48.7893230076461,36.0976828891142,-26.));
#1999=CARTESIAN_POINT('',(48.1753049671795,43.1159412064868,-1.76126673068344));
#2000=CARTESIAN_POINT('',(48.5921153853774,38.3517763261492,-1.76126673068344));
#2001=CARTESIAN_POINT('',(48.1753049671795,43.1159412064868,-5.28380019268326));
#2002=CARTESIAN_POINT('',(48.1753049671795,43.1159412064868,-26.));
#2003=CARTESIAN_POINT('',(48.5921153853774,38.3517763261492,-5.28380019268326));
#2004=CARTESIAN_POINT('',(48.7894101633889,36.0966866944161,-1.76126673068344));
#2005=CARTESIAN_POINT('',(48.7894101633889,36.0966866944161,5.28383659063325));
#2006=CARTESIAN_POINT('',(48.7894101633889,36.0966866944161,-26.));
#2007=CARTESIAN_POINT('',(49.0963320278802,32.5885537304191,-1.76126673068344));
#2008=CARTESIAN_POINT('',(48.5921153853774,38.3517763261492,-1.76126673068344));
#2009=CARTESIAN_POINT('',(49.0963320278802,32.5885537304191,5.28383659063325));
#2010=CARTESIAN_POINT('',(49.0963320278802,32.5885537304191,-26.));
#2011=CARTESIAN_POINT('',(48.5921153853774,38.3517763261492,5.28383659063325));
#2012=CARTESIAN_POINT('',(48.1753049671658,43.1159412066441,5.28383659079101));
#2013=CARTESIAN_POINT('',(48.4823139873984,39.6068120479657,5.28383659079101));
#2014=CARTESIAN_POINT('',(48.5921153853774,38.3517763261492,5.28383659079101));
#2015=CARTESIAN_POINT('',(48.1753049671658,43.1159412066441,1.76126673147287));
#2016=CARTESIAN_POINT('',(48.1753049671658,43.1159412066441,-26.));
#2017=CARTESIAN_POINT('',(48.4823139873984,39.6068120479657,1.76126673147287));
#2018=CARTESIAN_POINT('',(48.5921153853774,38.3517763261492,1.76126673147287));
#2019=CARTESIAN_POINT('',(48.4823139873984,39.6068120479657,-26.));
#2020=CARTESIAN_POINT('Origin',(48.5921153853774,38.3517763261492,-26.));
#2021=CARTESIAN_POINT('Origin',(48.5921153853774,38.3517763261492,-26.));
#2022=CARTESIAN_POINT('Origin',(48.5921153853774,38.3517763261492,-26.));
#2023=CARTESIAN_POINT('Origin',(48.5921153853774,38.3517763261492,-26.));
#2024=CARTESIAN_POINT('',(48.0940180363315,38.3081984547753,-28.));
#2025=CARTESIAN_POINT('',(47.9197065508362,40.3005878509588,-26.));
#2026=CARTESIAN_POINT('Origin',(48.0940180363315,38.3081984547753,-26.));
#2027=CARTESIAN_POINT('',(48.4178038998821,40.3441657223327,-26.));
#2028=CARTESIAN_POINT('',(48.5921153853774,38.3517763261492,-28.));
#2029=CARTESIAN_POINT('Origin',(48.4178038998821,40.3441657223327,-26.));
#2030=CARTESIAN_POINT('',(47.9197065508362,40.3005878509588,-23.5));
#2031=CARTESIAN_POINT('',(47.9197065508362,40.3005878509588,-26.));
#2032=CARTESIAN_POINT('',(48.4178038998821,40.3441657223327,-23.5));
#2033=CARTESIAN_POINT('Origin',(48.3742260285082,40.8422630713785,-23.5));
#2034=CARTESIAN_POINT('',(47.8761286794624,40.7986852000047,-23.));
#2035=CARTESIAN_POINT('Origin',(47.8761286794624,40.7986852000047,-23.5));
#2036=CARTESIAN_POINT('',(48.3742260285082,40.8422630713785,-23.));
#2037=CARTESIAN_POINT('Origin',(48.3742260285082,40.8422630713785,-23.));
#2038=CARTESIAN_POINT('',(46.6559482809952,54.7454109732892,-23.));
#2039=CARTESIAN_POINT('',(47.8761286794624,40.7986852000047,-23.));
#2040=CARTESIAN_POINT('',(47.154045630041,54.788988844663,-23.));
#2041=CARTESIAN_POINT('Origin',(47.154045630041,54.788988844663,-21.));
#2042=CARTESIAN_POINT('',(46.4816367954998,56.7378003694726,-21.));
#2043=CARTESIAN_POINT('Origin',(46.6559482809952,54.7454109732892,-21.));
#2044=CARTESIAN_POINT('',(46.9797341445457,56.7813782408465,-21.));
#2045=CARTESIAN_POINT('Origin',(46.9797341445457,56.7813782408465,21.));
#2046=CARTESIAN_POINT('',(46.4816367954998,56.7378003694726,21.));
#2047=CARTESIAN_POINT('',(46.4816367954998,56.7378003694726,21.));
#2048=CARTESIAN_POINT('',(46.9797341445457,56.7813782408465,21.));
#2049=CARTESIAN_POINT('Origin',(47.154045630041,54.788988844663,21.));
#2050=CARTESIAN_POINT('',(46.6559482809952,54.7454109732892,23.));
#2051=CARTESIAN_POINT('Origin',(46.6559482809952,54.7454109732892,21.));
#2052=CARTESIAN_POINT('',(47.154045630041,54.788988844663,23.));
#2053=CARTESIAN_POINT('Origin',(48.3742260285082,40.8422630713785,23.));
#2054=CARTESIAN_POINT('',(47.8761286794624,40.7986852000047,23.));
#2055=CARTESIAN_POINT('',(47.8761286794624,40.7986852000047,23.));
#2056=CARTESIAN_POINT('',(48.3742260285082,40.8422630713785,23.));
#2057=CARTESIAN_POINT('Origin',(48.3742260285082,40.8422630713785,23.5));
#2058=CARTESIAN_POINT('',(47.9197065508362,40.3005878509588,23.5));
#2059=CARTESIAN_POINT('Origin',(47.8761286794624,40.7986852000047,23.5));
#2060=CARTESIAN_POINT('',(48.4178038998821,40.3441657223327,23.5));
#2061=CARTESIAN_POINT('Origin',(48.4178038998821,40.3441657223327,26.));
#2062=CARTESIAN_POINT('',(47.9197065508362,40.3005878509588,26.));
#2063=CARTESIAN_POINT('',(47.9197065508362,40.3005878509588,26.));
#2064=CARTESIAN_POINT('',(48.4178038998821,40.3441657223327,26.));
#2065=CARTESIAN_POINT('Origin',(48.5921153853774,38.3517763261492,26.));
#2066=CARTESIAN_POINT('',(48.0940180363315,38.3081984547753,28.));
#2067=CARTESIAN_POINT('Origin',(48.0940180363315,38.3081984547753,26.));
#2068=CARTESIAN_POINT('',(48.5921153853774,38.3517763261492,28.));
#2069=CARTESIAN_POINT('Origin',(50.8145868254427,12.9488115248097,28.));
#2070=CARTESIAN_POINT('',(50.3164894763968,12.9052336534358,28.));
#2071=CARTESIAN_POINT('',(50.3164894763968,12.9052336534358,28.));
#2072=CARTESIAN_POINT('',(50.8145868254427,12.9488115248097,28.));
#2073=CARTESIAN_POINT('Origin',(50.8145868254427,12.9488115248097,26.));
#2074=CARTESIAN_POINT('',(50.4908009618921,10.9128442572523,26.));
#2075=CARTESIAN_POINT('Origin',(50.3164894763968,12.9052336534358,26.));
#2076=CARTESIAN_POINT('',(50.988898310938,10.9564221286262,26.));
#2077=CARTESIAN_POINT('Origin',(50.988898310938,10.9564221286262,10.75));
#2078=CARTESIAN_POINT('',(50.4908009618921,10.9128442572523,10.75));
#2079=CARTESIAN_POINT('',(50.4908009618921,10.9128442572523,10.75));
#2080=CARTESIAN_POINT('',(50.988898310938,10.9564221286262,10.75));
#2081=CARTESIAN_POINT('Origin',(51.0324761823118,10.4583247795803,10.75));
#2082=CARTESIAN_POINT('',(50.5343788332659,10.4147469082065,10.25));
#2083=CARTESIAN_POINT('Origin',(50.5343788332659,10.4147469082065,10.75));
#2084=CARTESIAN_POINT('',(51.0324761823118,10.4583247795803,10.25));
#2085=CARTESIAN_POINT('Origin',(51.250365539181,7.96783803435094,10.25));
#2086=CARTESIAN_POINT('',(50.7522681901351,7.92426016297711,10.25));
#2087=CARTESIAN_POINT('',(50.7522681901351,7.92426016297711,10.25));
#2088=CARTESIAN_POINT('',(51.250365539181,7.96783803435094,10.25));
#2089=CARTESIAN_POINT('Origin',(51.250365539181,7.96783803435094,8.25));
#2090=CARTESIAN_POINT('',(50.9265796756304,5.93187076679362,8.25));
#2091=CARTESIAN_POINT('Origin',(50.7522681901351,7.92426016297711,8.25));
#2092=CARTESIAN_POINT('',(51.4246770246763,5.97544863816744,8.25));
#2093=CARTESIAN_POINT('Origin',(51.4246770246763,5.97544863816744,8.25));
#2094=CARTESIAN_POINT('',(50.9265796756304,5.93187076679362,-2.25));
#2095=CARTESIAN_POINT('',(50.9265796756304,5.93187076679362,8.25));
#2096=CARTESIAN_POINT('',(51.4246770246763,5.97544863816744,-2.25));
#2097=CARTESIAN_POINT('Origin',(51.250365539181,7.96783803435094,-2.25));
#2098=CARTESIAN_POINT('',(50.7522681901351,7.92426016297711,-4.25));
#2099=CARTESIAN_POINT('Origin',(50.7522681901351,7.92426016297711,-2.25));
#2100=CARTESIAN_POINT('',(51.250365539181,7.96783803435094,-4.25));
#2101=CARTESIAN_POINT('Origin',(51.0324761823118,10.4583247795803,-4.25));
#2102=CARTESIAN_POINT('',(50.5343788332659,10.4147469082065,-4.25));
#2103=CARTESIAN_POINT('',(50.5343788332659,10.4147469082065,-4.25));
#2104=CARTESIAN_POINT('',(51.0324761823118,10.4583247795803,-4.25));
#2105=CARTESIAN_POINT('Origin',(51.0324761823118,10.4583247795803,-4.75));
#2106=CARTESIAN_POINT('',(50.4908009618921,10.9128442572523,-4.75));
#2107=CARTESIAN_POINT('Origin',(50.5343788332659,10.4147469082065,-4.75));
#2108=CARTESIAN_POINT('',(50.988898310938,10.9564221286262,-4.75));
#2109=CARTESIAN_POINT('Origin',(50.988898310938,10.9564221286262,-26.));
#2110=CARTESIAN_POINT('',(50.4908009618921,10.9128442572523,-26.));
#2111=CARTESIAN_POINT('',(50.4908009618921,10.9128442572523,-26.));
#2112=CARTESIAN_POINT('',(50.988898310938,10.9564221286262,-26.));
#2113=CARTESIAN_POINT('Origin',(50.8145868254427,12.9488115248097,-26.));
#2114=CARTESIAN_POINT('',(50.3164894763968,12.9052336534358,-28.));
#2115=CARTESIAN_POINT('Origin',(50.3164894763968,12.9052336534358,-26.));
#2116=CARTESIAN_POINT('',(50.8145868254427,12.9488115248097,-28.));
#2117=CARTESIAN_POINT('Origin',(48.5921153853774,38.3517763261492,-28.));
#2118=CARTESIAN_POINT('',(48.0940180363315,38.3081984547753,-28.));
#2119=CARTESIAN_POINT('Origin',(48.5921153853774,38.3517763261492,-26.));
#2120=CARTESIAN_POINT('Origin',(48.0940180363315,38.3081984547753,-26.));
#2121=CARTESIAN_POINT('Origin',(48.641925120282,38.3561341132866,-26.));
#2122=CARTESIAN_POINT('',(48.2251147020841,43.1202989936242,-1.76126673068343));
#2123=CARTESIAN_POINT('',(48.8391327425507,36.1020406762515,-1.76126673068343));
#2124=CARTESIAN_POINT('',(48.641925120282,38.3561341132866,-1.76126673068343));
#2125=CARTESIAN_POINT('',(48.8391327425507,36.1020406762515,-5.28380019268326));
#2126=CARTESIAN_POINT('',(48.8391327425507,36.1020406762515,-26.));
#2127=CARTESIAN_POINT('',(48.2251147020841,43.1202989936242,-5.28380019268326));
#2128=CARTESIAN_POINT('',(48.641925120282,38.3561341132866,-5.28380019268326));
#2129=CARTESIAN_POINT('',(48.2251147020841,43.1202989936242,-26.));
#2130=CARTESIAN_POINT('Origin',(48.641925120282,38.3561341132866,-26.));
#2131=CARTESIAN_POINT('',(48.2251147020703,43.1202989937814,1.76126673147288));
#2132=CARTESIAN_POINT('',(48.2251147020703,43.1202989937814,5.28383659079103));
#2133=CARTESIAN_POINT('',(48.2251147020703,43.1202989937814,-26.));
#2134=CARTESIAN_POINT('',(48.532123722303,39.6111698351031,5.28383659079103));
#2135=CARTESIAN_POINT('',(48.641925120282,38.3561341132866,5.28383659079103));
#2136=CARTESIAN_POINT('',(48.532123722303,39.6111698351031,1.76126673147288));
#2137=CARTESIAN_POINT('',(48.532123722303,39.6111698351031,-26.));
#2138=CARTESIAN_POINT('',(48.641925120282,38.3561341132866,1.76126673147288));
#2139=CARTESIAN_POINT('Origin',(48.641925120282,38.3561341132866,-26.));
#2140=CARTESIAN_POINT('',(49.1461417627848,32.5929115175565,-1.76126673068342));
#2141=CARTESIAN_POINT('',(48.8392198982935,36.1010444815535,-1.76126673068343));
#2142=CARTESIAN_POINT('',(48.641925120282,38.3561341132866,-1.76126673068342));
#2143=CARTESIAN_POINT('',(48.8392198982935,36.1010444815535,5.28383659063326));
#2144=CARTESIAN_POINT('',(48.8392198982935,36.1010444815535,-26.));
#2145=CARTESIAN_POINT('',(49.1461417627848,32.5929115175565,5.28383659063326));
#2146=CARTESIAN_POINT('',(48.641925120282,38.3561341132866,5.28383659063326));
#2147=CARTESIAN_POINT('',(49.1461417627848,32.5929115175565,-26.));
#2148=CARTESIAN_POINT('Origin',(48.641925120282,38.3561341132866,-26.));
#2149=CARTESIAN_POINT('',(47.611093489338,50.1385935703168,-12.3289035139999));
#2150=CARTESIAN_POINT('',(47.611093489338,50.1385935703168,1.76126673131512));
#2151=CARTESIAN_POINT('',(47.611093489338,50.1385935703168,-26.));
#2152=CARTESIAN_POINT('',(47.3040844691054,53.6477227289949,1.76126673131512));
#2153=CARTESIAN_POINT('',(48.641925120282,38.3561341132866,1.76126673131512));
#2154=CARTESIAN_POINT('',(47.3040844691054,53.6477227289949,5.28380019329829));
#2155=CARTESIAN_POINT('',(47.3040844691054,53.6477227289949,-26.));
#2156=CARTESIAN_POINT('',(47.611093489338,50.1385935703169,5.28380019329829));
#2157=CARTESIAN_POINT('',(48.641925120282,38.3561341132866,5.28380019329829));
#2158=CARTESIAN_POINT('',(47.611093489338,50.1385935703169,12.3289035146151));
#2159=CARTESIAN_POINT('',(47.611093489338,50.1385935703169,-26.));
#2160=CARTESIAN_POINT('',(48.5321237222754,39.6111698354176,12.3289035146151));
#2161=CARTESIAN_POINT('',(48.641925120282,38.3561341132866,12.3289035146151));
#2162=CARTESIAN_POINT('',(48.5321237222754,39.6111698354176,15.8514369766147));
#2163=CARTESIAN_POINT('',(48.5321237222754,39.6111698354176,-26.));
#2164=CARTESIAN_POINT('',(49.1461433829873,32.5928929985573,15.8514543127085));
#2165=CARTESIAN_POINT('',(48.6419161445187,38.3562367067307,15.8514400764694));
#2166=CARTESIAN_POINT('',(49.1461417627434,32.5929115180297,12.328903514615));
#2167=CARTESIAN_POINT('',(49.1461241328426,32.5931130287177,-26.0000305304426));
#2168=CARTESIAN_POINT('',(49.7601629754468,25.5746169418254,12.328903514615));
#2169=CARTESIAN_POINT('',(48.641925120282,38.3561341132866,12.328903514615));
#2170=CARTESIAN_POINT('',(49.7601629754468,25.5746169418255,5.28380019329818));
#2171=CARTESIAN_POINT('',(49.7601629754468,25.5746169418254,-26.));
#2172=CARTESIAN_POINT('',(50.0671719956808,22.0654877831305,5.28380019329818));
#2173=CARTESIAN_POINT('',(48.641925120282,38.3561341132866,5.28380019329818));
#2174=CARTESIAN_POINT('',(50.0671719956808,22.0654877831305,1.76126673131501));
#2175=CARTESIAN_POINT('',(50.0671719956808,22.0654877831305,-26.));
#2176=CARTESIAN_POINT('',(49.7601629754468,25.5746169418254,1.76126673131501));
#2177=CARTESIAN_POINT('',(48.641925120282,38.3561341132866,1.76126673131501));
#2178=CARTESIAN_POINT('',(49.7601629754468,25.5746169418254,-12.328903514));
#2179=CARTESIAN_POINT('',(49.7601629754468,25.5746169418254,-26.));
#2180=CARTESIAN_POINT('',(48.8391327425094,36.1020406767233,-12.328903514));
#2181=CARTESIAN_POINT('',(48.641925120282,38.3561341132866,-12.328903514));
#2182=CARTESIAN_POINT('',(48.8391327425094,36.1020406767233,-15.8514369759998));
#2183=CARTESIAN_POINT('',(48.8391327425094,36.1020406767233,-26.));
#2184=CARTESIAN_POINT('',(48.5321237222754,39.6111698354176,-15.8514369759998));
#2185=CARTESIAN_POINT('',(48.641925120282,38.3561341132866,-15.8514369759998));
#2186=CARTESIAN_POINT('',(48.5321237222754,39.6111698354176,-12.3289035139999));
#2187=CARTESIAN_POINT('',(48.5321237222754,39.6111698354176,-26.));
#2188=CARTESIAN_POINT('',(48.641925120282,38.3561341132866,-12.3289035139999));
#2189=CARTESIAN_POINT('',(49.4531539552403,29.0837461002045,-8.80633365499883));
#2190=CARTESIAN_POINT('',(47.9181025095995,46.6294644113086,-8.80633365499883));
#2191=CARTESIAN_POINT('',(48.641925120282,38.3561341132866,-8.80633365499883));
#2192=CARTESIAN_POINT('',(49.4531539552403,29.0837461002045,8.76091627797478));
#2193=CARTESIAN_POINT('',(49.4531539552403,29.0837461002045,-26.));
#2194=CARTESIAN_POINT('',(47.9181025095995,46.6294644113086,8.76091627797478));
#2195=CARTESIAN_POINT('',(48.641925120282,38.3561341132866,8.76091627797478));
#2196=CARTESIAN_POINT('',(47.9181025095995,46.6294644113086,-26.));
#2197=CARTESIAN_POINT('Origin',(48.641925120282,38.3561341132866,-26.));
#2198=CARTESIAN_POINT('',(47.5271629459346,51.0979240712166,14.6121183574961));
#2199=CARTESIAN_POINT('',(47.5916906178951,50.3603694057327,14.6121183574961));
#2200=CARTESIAN_POINT('',(48.641925120282,38.3561341132866,14.6121183574961));
#2201=CARTESIAN_POINT('',(47.5916906178951,50.3603694057327,14.0294397602638));
#2202=CARTESIAN_POINT('',(47.5916906178951,50.3603694057327,-26.));
#2203=CARTESIAN_POINT('',(47.5271629459346,51.0979240712168,14.0294397602638));
#2204=CARTESIAN_POINT('',(48.641925120282,38.3561341132866,14.0294397602638));
#2205=CARTESIAN_POINT('',(47.5271629459346,51.0979240712168,13.7668117382009));
#2206=CARTESIAN_POINT('',(47.5271629459346,51.0979240712168,-26.));
#2207=CARTESIAN_POINT('',(47.4834670420871,51.5973705376104,13.7093891851199));
#2208=CARTESIAN_POINT('',(48.2356636955935,42.9997234460704,14.6978812051977));
#2209=CARTESIAN_POINT('',(47.4834670420871,51.5973705376104,14.0294397602868));
#2210=CARTESIAN_POINT('',(47.4834670420871,51.5973705376104,-26.));
#2211=CARTESIAN_POINT('',(47.3040851949559,53.6477144324858,14.0294397602868));
#2212=CARTESIAN_POINT('',(48.641925120282,38.3561341132866,14.0294397602868));
#2213=CARTESIAN_POINT('',(47.3040851949559,53.6477144324858,14.6645856649222));
#2214=CARTESIAN_POINT('',(47.3040851949559,53.6477144324858,-26.));
#2215=CARTESIAN_POINT('',(47.4834670420918,51.5973705375568,15.8681273996809));
#2216=CARTESIAN_POINT('',(46.7566388639012,59.9050546293963,10.9915578893423));
#2217=CARTESIAN_POINT('',(47.5271629459346,51.0979240712166,15.8681273996809));
#2218=CARTESIAN_POINT('',(48.641925120282,38.3561341132866,15.8681273996809));
#2219=CARTESIAN_POINT('',(47.5271629459346,51.0979240712166,-26.));
#2220=CARTESIAN_POINT('',(47.4834670420906,51.5973705375701,14.6121183575717));
#2221=CARTESIAN_POINT('',(47.378164994735,52.8009784464326,14.6121183575717));
#2222=CARTESIAN_POINT('',(48.641925120282,38.3561341132866,14.6121183575717));
#2223=CARTESIAN_POINT('',(47.4834670420906,51.5973705375701,15.3093505759151));
#2224=CARTESIAN_POINT('',(47.4834670420906,51.5973705375701,-26.));
#2225=CARTESIAN_POINT('',(46.7938812667614,59.4793720168229,10.7434239681722));
#2226=CARTESIAN_POINT('Origin',(48.641925120282,38.3561341132866,-26.));
#2227=CARTESIAN_POINT('',(47.611093489338,50.1385935703168,-5.28380019268326));
#2228=CARTESIAN_POINT('',(47.611093489338,50.1385935703168,1.76126673131512));
#2229=CARTESIAN_POINT('',(47.611093489338,50.1385935703168,-26.));
#2230=CARTESIAN_POINT('',(47.3040844691054,53.6477227289949,-5.28380019268326));
#2231=CARTESIAN_POINT('',(48.641925120282,38.3561341132866,-5.28380019268326));
#2232=CARTESIAN_POINT('',(47.3040844691054,53.6477227289949,1.76126673131512));
#2233=CARTESIAN_POINT('',(47.3040844691054,53.6477227289949,-26.));
#2234=CARTESIAN_POINT('',(48.641925120282,38.3561341132866,1.76126673131512));
#2235=CARTESIAN_POINT('Origin',(48.641925120282,38.3561341132866,-26.));
#2236=CARTESIAN_POINT('',(48.2251147020703,43.1202989937814,12.3289035146151));
#2237=CARTESIAN_POINT('',(48.2251147020703,43.1202989937814,15.8514369766147));
#2238=CARTESIAN_POINT('',(48.2251147020703,43.1202989937814,-26.));
#2239=CARTESIAN_POINT('',(48.5321237222754,39.6111698354176,15.8514369766147));
#2240=CARTESIAN_POINT('',(48.641925120282,38.3561341132866,15.8514369766147));
#2241=CARTESIAN_POINT('',(48.5321237222754,39.6111698354176,12.3289035146151));
#2242=CARTESIAN_POINT('',(48.5321237222754,39.6111698354176,-26.));
#2243=CARTESIAN_POINT('',(48.641925120282,38.3561341132866,12.3289035146151));
#2244=CARTESIAN_POINT('Origin',(48.641925120282,38.3561341132866,-26.));
#2245=CARTESIAN_POINT('',(50.0671719956808,22.0654877831305,1.76126673131501));
#2246=CARTESIAN_POINT('',(49.7601629754468,25.5746169418254,1.76126673131501));
#2247=CARTESIAN_POINT('',(48.641925120282,38.3561341132866,1.76126673131501));
#2248=CARTESIAN_POINT('',(50.0671719956808,22.0654877831305,-5.28380019268326));
#2249=CARTESIAN_POINT('',(50.0671719956808,22.0654877831305,-26.));
#2250=CARTESIAN_POINT('',(49.7601629754468,25.5746169418254,-5.28380019268326));
#2251=CARTESIAN_POINT('',(48.641925120282,38.3561341132866,-5.28380019268326));
#2252=CARTESIAN_POINT('',(49.7601629754468,25.5746169418254,-26.));
#2253=CARTESIAN_POINT('Origin',(48.641925120282,38.3561341132866,-26.));
#2254=CARTESIAN_POINT('',(48.5321237222754,39.6111698354176,-15.8514369759998));
#2255=CARTESIAN_POINT('',(48.5321237222754,39.6111698354176,-12.3289035139999));
#2256=CARTESIAN_POINT('',(48.5321237222754,39.6111698354176,-26.));
#2257=CARTESIAN_POINT('',(48.2251147020703,43.1202989937814,-15.8514369759998));
#2258=CARTESIAN_POINT('',(48.641925120282,38.3561341132866,-15.8514369759998));
#2259=CARTESIAN_POINT('',(48.2251147020703,43.1202989937814,-12.3289035139999));
#2260=CARTESIAN_POINT('',(48.2251147020703,43.1202989937814,-26.));
#2261=CARTESIAN_POINT('',(48.641925120282,38.3561341132866,-12.3289035139999));
#2262=CARTESIAN_POINT('Origin',(48.641925120282,38.3561341132866,-26.));
#2263=CARTESIAN_POINT('',(49.4531539552403,29.0837461002045,8.76091627797478));
#2264=CARTESIAN_POINT('',(49.4531539552403,29.0837461002045,-8.80633365499883));
#2265=CARTESIAN_POINT('',(49.4531539552403,29.0837461002045,-26.));
#2266=CARTESIAN_POINT('',(47.9181025095995,46.6294644113086,-8.80633365499883));
#2267=CARTESIAN_POINT('',(48.641925120282,38.3561341132866,-8.80633365499883));
#2268=CARTESIAN_POINT('',(47.9181025095995,46.6294644113086,8.76091627797478));
#2269=CARTESIAN_POINT('',(47.9181025095995,46.6294644113086,-26.));
#2270=CARTESIAN_POINT('',(48.641925120282,38.3561341132866,8.76091627797478));
#2271=CARTESIAN_POINT('',(48.8391327425507,36.1020406762515,-1.76126673068343));
#2272=CARTESIAN_POINT('',(48.8391327425507,36.1020406762515,-5.28380019268326));
#2273=CARTESIAN_POINT('',(48.8391327425507,36.1020406762515,-26.));
#2274=CARTESIAN_POINT('',(48.2251147020841,43.1202989936242,-1.76126673068343));
#2275=CARTESIAN_POINT('',(48.641925120282,38.3561341132866,-1.76126673068343));
#2276=CARTESIAN_POINT('',(48.2251147020841,43.1202989936242,-5.28380019268326));
#2277=CARTESIAN_POINT('',(48.2251147020841,43.1202989936242,-26.));
#2278=CARTESIAN_POINT('',(48.641925120282,38.3561341132866,-5.28380019268326));
#2279=CARTESIAN_POINT('',(48.8392198982935,36.1010444815535,-1.76126673068343));
#2280=CARTESIAN_POINT('',(48.8392198982935,36.1010444815535,5.28383659063326));
#2281=CARTESIAN_POINT('',(48.8392198982935,36.1010444815535,-26.));
#2282=CARTESIAN_POINT('',(49.1461417627848,32.5929115175565,-1.76126673068342));
#2283=CARTESIAN_POINT('',(48.641925120282,38.3561341132866,-1.76126673068342));
#2284=CARTESIAN_POINT('',(49.1461417627848,32.5929115175565,5.28383659063326));
#2285=CARTESIAN_POINT('',(49.1461417627848,32.5929115175565,-26.));
#2286=CARTESIAN_POINT('',(48.641925120282,38.3561341132866,5.28383659063326));
#2287=CARTESIAN_POINT('',(48.2251147020703,43.1202989937814,5.28383659079103));
#2288=CARTESIAN_POINT('',(48.532123722303,39.6111698351031,5.28383659079103));
#2289=CARTESIAN_POINT('',(48.641925120282,38.3561341132866,5.28383659079103));
#2290=CARTESIAN_POINT('',(48.2251147020703,43.1202989937814,1.76126673147288));
#2291=CARTESIAN_POINT('',(48.2251147020703,43.1202989937814,-26.));
#2292=CARTESIAN_POINT('',(48.532123722303,39.6111698351031,1.76126673147288));
#2293=CARTESIAN_POINT('',(48.641925120282,38.3561341132866,1.76126673147288));
#2294=CARTESIAN_POINT('',(48.532123722303,39.6111698351031,-26.));
#2295=UNCERTAINTY_MEASURE_WITH_UNIT(LENGTH_MEASURE(0.01),#2299,
'DISTANCE_ACCURACY_VALUE',
'Maximum model space distance between geometric entities at asserted c
onnectivities');
#2296=UNCERTAINTY_MEASURE_WITH_UNIT(LENGTH_MEASURE(0.01),#2299,
'DISTANCE_ACCURACY_VALUE',
'Maximum model space distance between geometric entities at asserted c
onnectivities');
#2297=(
GEOMETRIC_REPRESENTATION_CONTEXT(3)
GLOBAL_UNCERTAINTY_ASSIGNED_CONTEXT((#2295))
GLOBAL_UNIT_ASSIGNED_CONTEXT((#2299,#2301,#2302))
REPRESENTATION_CONTEXT('','3D')
);
#2298=(
GEOMETRIC_REPRESENTATION_CONTEXT(3)
GLOBAL_UNCERTAINTY_ASSIGNED_CONTEXT((#2296))
GLOBAL_UNIT_ASSIGNED_CONTEXT((#2299,#2301,#2302))
REPRESENTATION_CONTEXT('','3D')
);
#2299=(
LENGTH_UNIT()
NAMED_UNIT(*)
SI_UNIT(.MILLI.,.METRE.)
);
#2300=(
LENGTH_UNIT()
NAMED_UNIT(*)
SI_UNIT($,.METRE.)
);
#2301=(
NAMED_UNIT(*)
PLANE_ANGLE_UNIT()
SI_UNIT($,.RADIAN.)
);
#2302=(
NAMED_UNIT(*)
SI_UNIT($,.STERADIAN.)
SOLID_ANGLE_UNIT()
);
#2303=SHAPE_DEFINITION_REPRESENTATION(#2304,#2305);
#2304=PRODUCT_DEFINITION_SHAPE('',$,#2307);
#2305=SHAPE_REPRESENTATION('',(#1435,#23,#24,#25,#26,#27,#28,#29,#30,#31,
#32),#2297);
#2306=PRODUCT_DEFINITION_CONTEXT('part definition',#2311,'design');
#2307=PRODUCT_DEFINITION('2026-09-17-21-43-54-674','AprilTag 4',#2308,#2306);
#2308=PRODUCT_DEFINITION_FORMATION('',$,#2313);
#2309=PRODUCT_RELATED_PRODUCT_CATEGORY('AprilTag 4','AprilTag 4',(#2313));
#2310=APPLICATION_PROTOCOL_DEFINITION('international standard',
'automotive_design',2009,#2311);
#2311=APPLICATION_CONTEXT(
'Core Data for Automotive Mechanical Design Process');
#2312=PRODUCT_CONTEXT('part definition',#2311,'mechanical');
#2313=PRODUCT('2026-09-17-21-43-54-674','AprilTag 4',$,(#2312));
#2314=PRESENTATION_STYLE_ASSIGNMENT((#2318));
#2315=PRESENTATION_STYLE_ASSIGNMENT((#2319));
#2316=PRESENTATION_STYLE_ASSIGNMENT((#2320));
#2317=PRESENTATION_STYLE_ASSIGNMENT((#2321));
#2318=SURFACE_STYLE_USAGE(.BOTH.,#2322);
#2319=SURFACE_STYLE_USAGE(.BOTH.,#2323);
#2320=SURFACE_STYLE_USAGE(.BOTH.,#2324);
#2321=SURFACE_STYLE_USAGE(.BOTH.,#2325);
#2322=SURFACE_SIDE_STYLE('',(#2326));
#2323=SURFACE_SIDE_STYLE('',(#2327));
#2324=SURFACE_SIDE_STYLE('',(#2328));
#2325=SURFACE_SIDE_STYLE('',(#2329));
#2326=SURFACE_STYLE_FILL_AREA(#2330);
#2327=SURFACE_STYLE_FILL_AREA(#2331);
#2328=SURFACE_STYLE_FILL_AREA(#2332);
#2329=SURFACE_STYLE_FILL_AREA(#2333);
#2330=FILL_AREA_STYLE('Steel - Satin',(#2334));
#2331=FILL_AREA_STYLE('Polycarbonate (Clear)',(#2335));
#2332=FILL_AREA_STYLE('Opaque(213,0,50) (1)',(#2336));
#2333=FILL_AREA_STYLE('Opaque(213,0,50) (1) (1)',(#2337));
#2334=FILL_AREA_STYLE_COLOUR('Steel - Satin',#2338);
#2335=FILL_AREA_STYLE_COLOUR('Polycarbonate (Clear)',#2339);
#2336=FILL_AREA_STYLE_COLOUR('Opaque(213,0,50) (1)',#2340);
#2337=FILL_AREA_STYLE_COLOUR('Opaque(213,0,50) (1) (1)',#2341);
#2338=COLOUR_RGB('Steel - Satin',0.627450980392157,0.627450980392157,0.627450980392157);
#2339=COLOUR_RGB('Polycarbonate (Clear)',0.964705882352941,0.964705882352941,
0.952941176470588);
#2340=COLOUR_RGB('Opaque(213,0,50) (1)',0.,0.,0.);
#2341=COLOUR_RGB('Opaque(213,0,50) (1) (1)',1.,1.,1.);
ENDSEC;
END-ISO-10303-21;
