ISO-10303-21;
HEADER;
/* Generated by software containing ST-Developer
 * from STEP Tools, Inc. (www.steptools.com) 
 */

FILE_DESCRIPTION(
/* description */ (''),
/* implementation_level */ '2;1');

FILE_NAME(
/* name */ 'Blue Matchloader - Moving.step',
/* time_stamp */ '2026-09-17T17:53:12-04:00',
/* author */ (''),
/* organization */ (''),
/* preprocessor_version */ 'ST-DEVELOPER v20.2',
/* originating_system */ 'Autodesk Translation Framework v15.15.0.0',
/* authorisation */ '');

FILE_SCHEMA (('AUTOMOTIVE_DESIGN { 1 0 10303 214 3 1 1 }'));
ENDSEC;

DATA;
#10=MECHANICAL_DESIGN_GEOMETRIC_PRESENTATION_REPRESENTATION('',(#234,#235,
#236,#237,#238,#239,#240,#241,#242,#243,#244,#245,#246,#247),#12956);
#11=CONTEXT_DEPENDENT_OVER_RIDING_STYLED_ITEM('',(#13061),#13008,#247,(#57));
#12=CONTEXT_DEPENDENT_OVER_RIDING_STYLED_ITEM('',(#13061),#13014,#247,(#70));
#13=CONTEXT_DEPENDENT_OVER_RIDING_STYLED_ITEM('',(#13061),#13014,#247,(#71));
#14=CONTEXT_DEPENDENT_OVER_RIDING_STYLED_ITEM('',(#13061),#13014,#247,(#75));
#15=CONTEXT_DEPENDENT_OVER_RIDING_STYLED_ITEM('',(#13061),#13014,#247,(#76));
#16=CONTEXT_DEPENDENT_OVER_RIDING_STYLED_ITEM('',(#13061),#13012,#247,(#73));
#17=CONTEXT_DEPENDENT_OVER_RIDING_STYLED_ITEM('',(#13061),#13015,#247,(#77));
#18=CONTEXT_DEPENDENT_OVER_RIDING_STYLED_ITEM('',(#13061),#13015,#247,(#78));
#19=CONTEXT_DEPENDENT_OVER_RIDING_STYLED_ITEM('',(#13061),#13015,#247,(#79));
#20=CONTEXT_DEPENDENT_OVER_RIDING_STYLED_ITEM('',(#13061),#13015,#247,(#80));
#21=CONTEXT_DEPENDENT_OVER_RIDING_STYLED_ITEM('',(#13061),#13010,#247,(#59));
#22=CONTEXT_DEPENDENT_OVER_RIDING_STYLED_ITEM('',(#13061),#13010,#247,(#62));
#23=CONTEXT_DEPENDENT_OVER_RIDING_STYLED_ITEM('',(#13061),#13010,#247,(#65));
#24=CONTEXT_DEPENDENT_OVER_RIDING_STYLED_ITEM('',(#13061),#13010,#247,(#68));
#25=CONTEXT_DEPENDENT_OVER_RIDING_STYLED_ITEM('',(#13062),#13011,#247,(#60));
#26=CONTEXT_DEPENDENT_OVER_RIDING_STYLED_ITEM('',(#13062),#13011,#247,(#63));
#27=CONTEXT_DEPENDENT_OVER_RIDING_STYLED_ITEM('',(#13062),#13011,#247,(#66));
#28=CONTEXT_DEPENDENT_OVER_RIDING_STYLED_ITEM('',(#13062),#13011,#247,(#69));
#29=MAPPED_ITEM('',#30,#7366);
#30=REPRESENTATION_MAP(#7366,#13006);
#31=ITEM_DEFINED_TRANSFORMATION($,$,#6677,#7341);
#32=ITEM_DEFINED_TRANSFORMATION($,$,#6986,#7342);
#33=ITEM_DEFINED_TRANSFORMATION($,$,#7067,#7343);
#34=ITEM_DEFINED_TRANSFORMATION($,$,#7136,#7344);
#35=ITEM_DEFINED_TRANSFORMATION($,$,#7145,#7345);
#36=ITEM_DEFINED_TRANSFORMATION($,$,#7067,#7346);
#37=ITEM_DEFINED_TRANSFORMATION($,$,#7136,#7347);
#38=ITEM_DEFINED_TRANSFORMATION($,$,#7145,#7348);
#39=ITEM_DEFINED_TRANSFORMATION($,$,#7067,#7349);
#40=ITEM_DEFINED_TRANSFORMATION($,$,#7136,#7350);
#41=ITEM_DEFINED_TRANSFORMATION($,$,#7145,#7351);
#42=ITEM_DEFINED_TRANSFORMATION($,$,#7067,#7352);
#43=ITEM_DEFINED_TRANSFORMATION($,$,#7136,#7353);
#44=ITEM_DEFINED_TRANSFORMATION($,$,#7145,#7354);
#45=ITEM_DEFINED_TRANSFORMATION($,$,#7323,#7355);
#46=ITEM_DEFINED_TRANSFORMATION($,$,#7323,#7356);
#47=ITEM_DEFINED_TRANSFORMATION($,$,#7254,#7357);
#48=ITEM_DEFINED_TRANSFORMATION($,$,#7234,#7358);
#49=ITEM_DEFINED_TRANSFORMATION($,$,#7254,#7359);
#50=ITEM_DEFINED_TRANSFORMATION($,$,#7323,#7360);
#51=ITEM_DEFINED_TRANSFORMATION($,$,#7323,#7361);
#52=ITEM_DEFINED_TRANSFORMATION($,$,#7332,#7362);
#53=ITEM_DEFINED_TRANSFORMATION($,$,#7332,#7363);
#54=ITEM_DEFINED_TRANSFORMATION($,$,#7332,#7364);
#55=ITEM_DEFINED_TRANSFORMATION($,$,#7332,#7365);
#56=(
REPRESENTATION_RELATIONSHIP($,$,#13007,#13006)
REPRESENTATION_RELATIONSHIP_WITH_TRANSFORMATION(#31)
SHAPE_REPRESENTATION_RELATIONSHIP()
);
#57=(
REPRESENTATION_RELATIONSHIP($,$,#13008,#13006)
REPRESENTATION_RELATIONSHIP_WITH_TRANSFORMATION(#32)
SHAPE_REPRESENTATION_RELATIONSHIP()
);
#58=(
REPRESENTATION_RELATIONSHIP($,$,#13009,#13006)
REPRESENTATION_RELATIONSHIP_WITH_TRANSFORMATION(#33)
SHAPE_REPRESENTATION_RELATIONSHIP()
);
#59=(
REPRESENTATION_RELATIONSHIP($,$,#13010,#13006)
REPRESENTATION_RELATIONSHIP_WITH_TRANSFORMATION(#34)
SHAPE_REPRESENTATION_RELATIONSHIP()
);
#60=(
REPRESENTATION_RELATIONSHIP($,$,#13011,#13006)
REPRESENTATION_RELATIONSHIP_WITH_TRANSFORMATION(#35)
SHAPE_REPRESENTATION_RELATIONSHIP()
);
#61=(
REPRESENTATION_RELATIONSHIP($,$,#13009,#13006)
REPRESENTATION_RELATIONSHIP_WITH_TRANSFORMATION(#36)
SHAPE_REPRESENTATION_RELATIONSHIP()
);
#62=(
REPRESENTATION_RELATIONSHIP($,$,#13010,#13006)
REPRESENTATION_RELATIONSHIP_WITH_TRANSFORMATION(#37)
SHAPE_REPRESENTATION_RELATIONSHIP()
);
#63=(
REPRESENTATION_RELATIONSHIP($,$,#13011,#13006)
REPRESENTATION_RELATIONSHIP_WITH_TRANSFORMATION(#38)
SHAPE_REPRESENTATION_RELATIONSHIP()
);
#64=(
REPRESENTATION_RELATIONSHIP($,$,#13009,#13006)
REPRESENTATION_RELATIONSHIP_WITH_TRANSFORMATION(#39)
SHAPE_REPRESENTATION_RELATIONSHIP()
);
#65=(
REPRESENTATION_RELATIONSHIP($,$,#13010,#13006)
REPRESENTATION_RELATIONSHIP_WITH_TRANSFORMATION(#40)
SHAPE_REPRESENTATION_RELATIONSHIP()
);
#66=(
REPRESENTATION_RELATIONSHIP($,$,#13011,#13006)
REPRESENTATION_RELATIONSHIP_WITH_TRANSFORMATION(#41)
SHAPE_REPRESENTATION_RELATIONSHIP()
);
#67=(
REPRESENTATION_RELATIONSHIP($,$,#13009,#13006)
REPRESENTATION_RELATIONSHIP_WITH_TRANSFORMATION(#42)
SHAPE_REPRESENTATION_RELATIONSHIP()
);
#68=(
REPRESENTATION_RELATIONSHIP($,$,#13010,#13006)
REPRESENTATION_RELATIONSHIP_WITH_TRANSFORMATION(#43)
SHAPE_REPRESENTATION_RELATIONSHIP()
);
#69=(
REPRESENTATION_RELATIONSHIP($,$,#13011,#13006)
REPRESENTATION_RELATIONSHIP_WITH_TRANSFORMATION(#44)
SHAPE_REPRESENTATION_RELATIONSHIP()
);
#70=(
REPRESENTATION_RELATIONSHIP($,$,#13014,#13006)
REPRESENTATION_RELATIONSHIP_WITH_TRANSFORMATION(#45)
SHAPE_REPRESENTATION_RELATIONSHIP()
);
#71=(
REPRESENTATION_RELATIONSHIP($,$,#13014,#13006)
REPRESENTATION_RELATIONSHIP_WITH_TRANSFORMATION(#46)
SHAPE_REPRESENTATION_RELATIONSHIP()
);
#72=(
REPRESENTATION_RELATIONSHIP($,$,#13013,#13006)
REPRESENTATION_RELATIONSHIP_WITH_TRANSFORMATION(#47)
SHAPE_REPRESENTATION_RELATIONSHIP()
);
#73=(
REPRESENTATION_RELATIONSHIP($,$,#13012,#13006)
REPRESENTATION_RELATIONSHIP_WITH_TRANSFORMATION(#48)
SHAPE_REPRESENTATION_RELATIONSHIP()
);
#74=(
REPRESENTATION_RELATIONSHIP($,$,#13013,#13006)
REPRESENTATION_RELATIONSHIP_WITH_TRANSFORMATION(#49)
SHAPE_REPRESENTATION_RELATIONSHIP()
);
#75=(
REPRESENTATION_RELATIONSHIP($,$,#13014,#13006)
REPRESENTATION_RELATIONSHIP_WITH_TRANSFORMATION(#50)
SHAPE_REPRESENTATION_RELATIONSHIP()
);
#76=(
REPRESENTATION_RELATIONSHIP($,$,#13014,#13006)
REPRESENTATION_RELATIONSHIP_WITH_TRANSFORMATION(#51)
SHAPE_REPRESENTATION_RELATIONSHIP()
);
#77=(
REPRESENTATION_RELATIONSHIP($,$,#13015,#13006)
REPRESENTATION_RELATIONSHIP_WITH_TRANSFORMATION(#52)
SHAPE_REPRESENTATION_RELATIONSHIP()
);
#78=(
REPRESENTATION_RELATIONSHIP($,$,#13015,#13006)
REPRESENTATION_RELATIONSHIP_WITH_TRANSFORMATION(#53)
SHAPE_REPRESENTATION_RELATIONSHIP()
);
#79=(
REPRESENTATION_RELATIONSHIP($,$,#13015,#13006)
REPRESENTATION_RELATIONSHIP_WITH_TRANSFORMATION(#54)
SHAPE_REPRESENTATION_RELATIONSHIP()
);
#80=(
REPRESENTATION_RELATIONSHIP($,$,#13015,#13006)
REPRESENTATION_RELATIONSHIP_WITH_TRANSFORMATION(#55)
SHAPE_REPRESENTATION_RELATIONSHIP()
);
#81=CONTEXT_DEPENDENT_SHAPE_REPRESENTATION(#56,#12981);
#82=CONTEXT_DEPENDENT_SHAPE_REPRESENTATION(#57,#12982);
#83=CONTEXT_DEPENDENT_SHAPE_REPRESENTATION(#58,#12983);
#84=CONTEXT_DEPENDENT_SHAPE_REPRESENTATION(#59,#12984);
#85=CONTEXT_DEPENDENT_SHAPE_REPRESENTATION(#60,#12985);
#86=CONTEXT_DEPENDENT_SHAPE_REPRESENTATION(#61,#12986);
#87=CONTEXT_DEPENDENT_SHAPE_REPRESENTATION(#62,#12987);
#88=CONTEXT_DEPENDENT_SHAPE_REPRESENTATION(#63,#12988);
#89=CONTEXT_DEPENDENT_SHAPE_REPRESENTATION(#64,#12989);
#90=CONTEXT_DEPENDENT_SHAPE_REPRESENTATION(#65,#12990);
#91=CONTEXT_DEPENDENT_SHAPE_REPRESENTATION(#66,#12991);
#92=CONTEXT_DEPENDENT_SHAPE_REPRESENTATION(#67,#12992);
#93=CONTEXT_DEPENDENT_SHAPE_REPRESENTATION(#68,#12993);
#94=CONTEXT_DEPENDENT_SHAPE_REPRESENTATION(#69,#12994);
#95=CONTEXT_DEPENDENT_SHAPE_REPRESENTATION(#70,#12995);
#96=CONTEXT_DEPENDENT_SHAPE_REPRESENTATION(#71,#12996);
#97=CONTEXT_DEPENDENT_SHAPE_REPRESENTATION(#72,#12997);
#98=CONTEXT_DEPENDENT_SHAPE_REPRESENTATION(#73,#12998);
#99=CONTEXT_DEPENDENT_SHAPE_REPRESENTATION(#74,#12999);
#100=CONTEXT_DEPENDENT_SHAPE_REPRESENTATION(#75,#13000);
#101=CONTEXT_DEPENDENT_SHAPE_REPRESENTATION(#76,#13001);
#102=CONTEXT_DEPENDENT_SHAPE_REPRESENTATION(#77,#13002);
#103=CONTEXT_DEPENDENT_SHAPE_REPRESENTATION(#78,#13003);
#104=CONTEXT_DEPENDENT_SHAPE_REPRESENTATION(#79,#13004);
#105=CONTEXT_DEPENDENT_SHAPE_REPRESENTATION(#80,#13005);
#106=NEXT_ASSEMBLY_USAGE_OCCURRENCE('276-9250-031_Blue Loader:1',
'276-9250-031_Blue Loader:1','276-9250-031_Blue Loader:1',#13017,#13018,
'276-9250-031_Blue Loader:1');
#107=NEXT_ASSEMBLY_USAGE_OCCURRENCE('276-9250-032:1','276-9250-032:1',
'276-9250-032:1',#13017,#13019,'276-9250-032:1');
#108=NEXT_ASSEMBLY_USAGE_OCCURRENCE('SBT0832_276-4993-001:1',
'SBT0832_276-4993-001:1','SBT0832_276-4993-001:1',#13017,#13020,
'SBT0832_276-4993-001:1');
#109=NEXT_ASSEMBLY_USAGE_OCCURRENCE('276-9250-036:1','276-9250-036:1',
'276-9250-036:1',#13017,#13021,'276-9250-036:1');
#110=NEXT_ASSEMBLY_USAGE_OCCURRENCE('NNY_Imperial_275-1027-001:1',
'NNY_Imperial_275-1027-001:1','NNY_Imperial_275-1027-001:1',#13017,#13022,
'NNY_Imperial_275-1027-001:1');
#111=NEXT_ASSEMBLY_USAGE_OCCURRENCE('SBT0832_276-4993-001:2',
'SBT0832_276-4993-001:2','SBT0832_276-4993-001:2',#13017,#13020,
'SBT0832_276-4993-001:2');
#112=NEXT_ASSEMBLY_USAGE_OCCURRENCE('276-9250-036:2','276-9250-036:2',
'276-9250-036:2',#13017,#13021,'276-9250-036:2');
#113=NEXT_ASSEMBLY_USAGE_OCCURRENCE('NNY_Imperial_275-1027-001:2',
'NNY_Imperial_275-1027-001:2','NNY_Imperial_275-1027-001:2',#13017,#13022,
'NNY_Imperial_275-1027-001:2');
#114=NEXT_ASSEMBLY_USAGE_OCCURRENCE('SBT0832_276-4993-001:3',
'SBT0832_276-4993-001:3','SBT0832_276-4993-001:3',#13017,#13020,
'SBT0832_276-4993-001:3');
#115=NEXT_ASSEMBLY_USAGE_OCCURRENCE('276-9250-036:3','276-9250-036:3',
'276-9250-036:3',#13017,#13021,'276-9250-036:3');
#116=NEXT_ASSEMBLY_USAGE_OCCURRENCE('NNY_Imperial_275-1027-001:3',
'NNY_Imperial_275-1027-001:3','NNY_Imperial_275-1027-001:3',#13017,#13022,
'NNY_Imperial_275-1027-001:3');
#117=NEXT_ASSEMBLY_USAGE_OCCURRENCE('SBT0832_276-4993-001:4',
'SBT0832_276-4993-001:4','SBT0832_276-4993-001:4',#13017,#13020,
'SBT0832_276-4993-001:4');
#118=NEXT_ASSEMBLY_USAGE_OCCURRENCE('276-9250-036:4','276-9250-036:4',
'276-9250-036:4',#13017,#13021,'276-9250-036:4');
#119=NEXT_ASSEMBLY_USAGE_OCCURRENCE('NNY_Imperial_275-1027-001:4',
'NNY_Imperial_275-1027-001:4','NNY_Imperial_275-1027-001:4',#13017,#13022,
'NNY_Imperial_275-1027-001:4');
#120=NEXT_ASSEMBLY_USAGE_OCCURRENCE('276-9250-033:1','276-9250-033:1',
'276-9250-033:1',#13017,#13025,'276-9250-033:1');
#121=NEXT_ASSEMBLY_USAGE_OCCURRENCE('276-9250-033:2','276-9250-033:2',
'276-9250-033:2',#13017,#13025,'276-9250-033:2');
#122=NEXT_ASSEMBLY_USAGE_OCCURRENCE('SBT0832_276-5007-001:1',
'SBT0832_276-5007-001:1','SBT0832_276-5007-001:1',#13017,#13024,
'SBT0832_276-5007-001:1');
#123=NEXT_ASSEMBLY_USAGE_OCCURRENCE('276-9250-034:1','276-9250-034:1',
'276-9250-034:1',#13017,#13023,'276-9250-034:1');
#124=NEXT_ASSEMBLY_USAGE_OCCURRENCE('SBT0832_276-5007-001:2',
'SBT0832_276-5007-001:2','SBT0832_276-5007-001:2',#13017,#13024,
'SBT0832_276-5007-001:2');
#125=NEXT_ASSEMBLY_USAGE_OCCURRENCE('276-9250-033:3','276-9250-033:3',
'276-9250-033:3',#13017,#13025,'276-9250-033:3');
#126=NEXT_ASSEMBLY_USAGE_OCCURRENCE('276-9250-033:4','276-9250-033:4',
'276-9250-033:4',#13017,#13025,'276-9250-033:4');
#127=NEXT_ASSEMBLY_USAGE_OCCURRENCE('276-9250-035:1','276-9250-035:1',
'276-9250-035:1',#13017,#13026,'276-9250-035:1');
#128=NEXT_ASSEMBLY_USAGE_OCCURRENCE('276-9250-035:2','276-9250-035:2',
'276-9250-035:2',#13017,#13026,'276-9250-035:2');
#129=NEXT_ASSEMBLY_USAGE_OCCURRENCE('276-9250-035:3','276-9250-035:3',
'276-9250-035:3',#13017,#13026,'276-9250-035:3');
#130=NEXT_ASSEMBLY_USAGE_OCCURRENCE('276-9250-035:4','276-9250-035:4',
'276-9250-035:4',#13017,#13026,'276-9250-035:4');
#131=(
BOUNDED_SURFACE()
B_SPLINE_SURFACE(3,2,((#12291,#12292,#12293),(#12294,#12295,#12296),(#12297,
#12298,#12299),(#12300,#12301,#12302),(#12303,#12304,#12305),(#12306,#12307,
#12308)),.UNSPECIFIED.,.F.,.F.,.F.)
B_SPLINE_SURFACE_WITH_KNOTS((4,2,4),(3,3),(0.0168742686947416,0.0192919765160078,
0.021709684337274),(0.,1.),.UNSPECIFIED.)
GEOMETRIC_REPRESENTATION_ITEM()
RATIONAL_B_SPLINE_SURFACE(((1.,0.804105679343578,1.),(1.,0.811547273192625,
1.),(1.,0.818008954875519,1.),(1.,0.818159384579312,1.),(1.,0.8117616509948,
1.),(1.,0.804105679343578,1.)))
REPRESENTATION_ITEM('')
SURFACE()
);
#132=(
BOUNDED_SURFACE()
B_SPLINE_SURFACE(3,2,((#12309,#12310,#12311),(#12312,#12313,#12314),(#12315,
#12316,#12317),(#12318,#12319,#12320),(#12321,#12322,#12323),(#12324,#12325,
#12326)),.UNSPECIFIED.,.F.,.F.,.F.)
B_SPLINE_SURFACE_WITH_KNOTS((4,2,4),(3,3),(0.00197554743205663,0.00444599250651409,
0.00691643758097155),(0.,1.),.UNSPECIFIED.)
GEOMETRIC_REPRESENTATION_ITEM()
RATIONAL_B_SPLINE_SURFACE(((1.,0.804105679343578,1.),(1.,0.811708343216139,
1.),(1.,0.818084878200439,1.),(1.,0.818084878198959,1.),(1.,0.811708343217249,
1.),(1.,0.804105679343579,1.)))
REPRESENTATION_ITEM('')
SURFACE()
);
#133=(
BOUNDED_SURFACE()
B_SPLINE_SURFACE(3,2,((#12329,#12330,#12331),(#12332,#12333,#12334),(#12335,
#12336,#12337),(#12338,#12339,#12340),(#12341,#12342,#12343),(#12344,#12345,
#12346)),.UNSPECIFIED.,.F.,.F.,.F.)
B_SPLINE_SURFACE_WITH_KNOTS((4,2,4),(3,3),(0.00197554743205663,0.00444599250651409,
0.00691643758097155),(0.,1.),.UNSPECIFIED.)
GEOMETRIC_REPRESENTATION_ITEM()
RATIONAL_B_SPLINE_SURFACE(((1.,0.804105679343581,1.),(1.,0.811708343215999,
1.),(1.,0.818084878200625,1.),(1.,0.818084878198775,1.),(1.,0.811708343217387,
1.),(1.,0.804105679343581,1.)))
REPRESENTATION_ITEM('')
SURFACE()
);
#134=(
BOUNDED_SURFACE()
B_SPLINE_SURFACE(3,2,((#12348,#12349,#12350),(#12351,#12352,#12353),(#12354,
#12355,#12356),(#12357,#12358,#12359),(#12360,#12361,#12362),(#12363,#12364,
#12365)),.UNSPECIFIED.,.F.,.F.,.F.)
B_SPLINE_SURFACE_WITH_KNOTS((4,2,4),(3,3),(0.0168603334635164,0.0192778286301921,
0.0216953237968677),(0.,1.),.UNSPECIFIED.)
GEOMETRIC_REPRESENTATION_ITEM()
RATIONAL_B_SPLINE_SURFACE(((1.,0.804105679343581,1.),(1.,0.811546460517071,
1.),(1.,0.818007542864968,1.),(1.,0.818160743497566,1.),(1.,0.811762304411819,
1.),(1.,0.804105679343581,1.)))
REPRESENTATION_ITEM('')
SURFACE()
);
#135=(
BOUNDED_SURFACE()
B_SPLINE_SURFACE(3,2,((#12373,#12374,#12375),(#12376,#12377,#12378),(#12379,
#12380,#12381),(#12382,#12383,#12384),(#12385,#12386,#12387),(#12388,#12389,
#12390)),.UNSPECIFIED.,.F.,.F.,.F.)
B_SPLINE_SURFACE_WITH_KNOTS((4,2,4),(3,3),(0.00197554743205663,0.00444599250651409,
0.00691643758097155),(0.,1.),.UNSPECIFIED.)
GEOMETRIC_REPRESENTATION_ITEM()
RATIONAL_B_SPLINE_SURFACE(((1.,0.804105679343579,1.),(1.,0.811708343216624,
1.),(1.,0.818084878199792,1.),(1.,0.818084878199607,1.),(1.,0.811708343216763,
1.),(1.,0.804105679343578,1.)))
REPRESENTATION_ITEM('')
SURFACE()
);
#136=(
BOUNDED_SURFACE()
B_SPLINE_SURFACE(3,2,((#12392,#12393,#12394),(#12395,#12396,#12397),(#12398,
#12399,#12400),(#12401,#12402,#12403),(#12404,#12405,#12406),(#12407,#12408,
#12409)),.UNSPECIFIED.,.F.,.F.,.F.)
B_SPLINE_SURFACE_WITH_KNOTS((4,2,4),(3,3),(0.00197554743205663,0.00444599250651409,
0.00691643758097155),(0.,1.),.UNSPECIFIED.)
GEOMETRIC_REPRESENTATION_ITEM()
RATIONAL_B_SPLINE_SURFACE(((1.,0.804105679343579,1.),(1.,0.81170834321725,
1.),(1.,0.818084878198958,1.),(1.,0.818084878200438,1.),(1.,0.811708343216138,
1.),(1.,0.804105679343578,1.)))
REPRESENTATION_ITEM('')
SURFACE()
);
#137=(
BOUNDED_SURFACE()
B_SPLINE_SURFACE(3,2,((#12413,#12414,#12415),(#12416,#12417,#12418),(#12419,
#12420,#12421),(#12422,#12423,#12424),(#12425,#12426,#12427),(#12428,#12429,
#12430)),.UNSPECIFIED.,.F.,.F.,.F.)
B_SPLINE_SURFACE_WITH_KNOTS((4,2,4),(3,3),(0.00197554743205664,0.00444599250651409,
0.00691643758097155),(0.,1.),.UNSPECIFIED.)
GEOMETRIC_REPRESENTATION_ITEM()
RATIONAL_B_SPLINE_SURFACE(((1.,0.804105679343581,1.),(1.,0.811708343217181,
1.),(1.,0.818084878199053,1.),(1.,0.818084878200347,1.),(1.,0.811708343216207,
1.),(1.,0.804105679343581,1.)))
REPRESENTATION_ITEM('')
SURFACE()
);
#138=(
BOUNDED_SURFACE()
B_SPLINE_SURFACE(3,2,((#12431,#12432,#12433),(#12434,#12435,#12436),(#12437,
#12438,#12439),(#12440,#12441,#12442),(#12443,#12444,#12445),(#12446,#12447,
#12448)),.UNSPECIFIED.,.F.,.F.,.F.)
B_SPLINE_SURFACE_WITH_KNOTS((4,2,4),(3,3),(0.00197554743205663,0.00444599250651409,
0.00691643758097155),(0.,1.),.UNSPECIFIED.)
GEOMETRIC_REPRESENTATION_ITEM()
RATIONAL_B_SPLINE_SURFACE(((1.,0.804105679343581,1.),(1.,0.811708343217805,
1.),(1.,0.818084878198221,1.),(1.,0.818084878201181,1.),(1.,0.811708343215581,
1.),(1.,0.804105679343581,1.)))
REPRESENTATION_ITEM('')
SURFACE()
);
#139=(
BOUNDED_SURFACE()
B_SPLINE_SURFACE(3,2,((#12455,#12456,#12457),(#12458,#12459,#12460),(#12461,
#12462,#12463),(#12464,#12465,#12466),(#12467,#12468,#12469),(#12470,#12471,
#12472)),.UNSPECIFIED.,.F.,.F.,.F.)
B_SPLINE_SURFACE_WITH_KNOTS((4,2,4),(3,3),(0.00197554743205663,0.00444599250651409,
0.00691643758097155),(0.,1.),.UNSPECIFIED.)
GEOMETRIC_REPRESENTATION_ITEM()
RATIONAL_B_SPLINE_SURFACE(((1.,0.804105679343578,1.),(1.,0.811708343217387,
1.),(1.,0.818084878198774,1.),(1.,0.818084878200624,1.),(1.,0.811708343215999,
1.),(1.,0.804105679343579,1.)))
REPRESENTATION_ITEM('')
SURFACE()
);
#140=(
BOUNDED_SURFACE()
B_SPLINE_SURFACE(3,2,((#12474,#12475,#12476),(#12477,#12478,#12479),(#12480,
#12481,#12482),(#12483,#12484,#12485),(#12486,#12487,#12488),(#12489,#12490,
#12491)),.UNSPECIFIED.,.F.,.F.,.F.)
B_SPLINE_SURFACE_WITH_KNOTS((4,2,4),(3,3),(0.0168666433166254,0.0192841276319088,
0.0217016119471923),(0.,1.),.UNSPECIFIED.)
GEOMETRIC_REPRESENTATION_ITEM()
RATIONAL_B_SPLINE_SURFACE(((1.,0.804105679343578,1.),(1.,0.811546436214141,
1.),(1.,0.818007530874077,1.),(1.,0.818160755039399,1.),(1.,0.811762312711286,
1.),(1.,0.804105679343578,1.)))
REPRESENTATION_ITEM('')
SURFACE()
);
#141=(
BOUNDED_SURFACE()
B_SPLINE_SURFACE(3,2,((#12493,#12494,#12495),(#12496,#12497,#12498),(#12499,
#12500,#12501),(#12502,#12503,#12504),(#12505,#12506,#12507),(#12508,#12509,
#12510)),.UNSPECIFIED.,.F.,.F.,.F.)
B_SPLINE_SURFACE_WITH_KNOTS((4,2,4),(3,3),(0.0168679589520908,0.0192856775917605,
0.0217033962314302),(0.,1.),.UNSPECIFIED.)
GEOMETRIC_REPRESENTATION_ITEM()
RATIONAL_B_SPLINE_SURFACE(((1.,0.804105679343581,1.),(1.,0.811547297391939,
1.),(1.,0.818008966754365,1.),(1.,0.818159373137235,1.),(1.,0.811761642781573,
1.),(1.,0.804105679343581,1.)))
REPRESENTATION_ITEM('')
SURFACE()
);
#142=(
BOUNDED_SURFACE()
B_SPLINE_SURFACE(3,2,((#12511,#12512,#12513),(#12514,#12515,#12516),(#12517,
#12518,#12519),(#12520,#12521,#12522),(#12523,#12524,#12525),(#12526,#12527,
#12528)),.UNSPECIFIED.,.F.,.F.,.F.)
B_SPLINE_SURFACE_WITH_KNOTS((4,2,4),(3,3),(0.00197554743205663,0.00444599250651409,
0.00691643758097155),(0.,1.),.UNSPECIFIED.)
GEOMETRIC_REPRESENTATION_ITEM()
RATIONAL_B_SPLINE_SURFACE(((1.,0.804105679343581,1.),(1.,0.811708343216207,
1.),(1.,0.818084878200347,1.),(1.,0.818084878199053,1.),(1.,0.81170834321718,
1.),(1.,0.804105679343581,1.)))
REPRESENTATION_ITEM('')
SURFACE()
);
#143=SPHERICAL_SURFACE('',#7103,4.47305775918353);
#144=SPHERICAL_SURFACE('',#7146,0.1);
#145=SPHERICAL_SURFACE('',#7150,0.1);
#146=SPHERICAL_SURFACE('',#7154,0.1);
#147=SPHERICAL_SURFACE('',#7158,0.1);
#148=SPHERICAL_SURFACE('',#7162,0.1);
#149=SPHERICAL_SURFACE('',#7166,0.1);
#150=SPHERICAL_SURFACE('',#7206,0.1);
#151=SPHERICAL_SURFACE('',#7215,0.1);
#152=SPHERICAL_SURFACE('',#7217,0.1);
#153=SPHERICAL_SURFACE('',#7225,0.1);
#154=SPHERICAL_SURFACE('',#7227,0.1);
#155=SPHERICAL_SURFACE('',#7231,0.1);
#156=SPHERICAL_SURFACE('',#7290,4.47305775918353);
#157=CONICAL_SURFACE('',#7097,1.675,1.0471975511966);
#158=CONICAL_SURFACE('',#7099,2.0828,0.78539816339745);
#159=CONICAL_SURFACE('',#7112,1.675,1.0471975511966);
#160=CONICAL_SURFACE('',#7113,1.675,1.0471975511966);
#161=CONICAL_SURFACE('',#7114,1.675,1.0471975511966);
#162=CONICAL_SURFACE('',#7115,1.675,1.0471975511966);
#163=CONICAL_SURFACE('',#7116,1.675,1.0471975511966);
#164=CONICAL_SURFACE('',#7193,5.04098953786192,1.22544664249144);
#165=CONICAL_SURFACE('',#7194,4.165625,1.22544664249144);
#166=CONICAL_SURFACE('',#7235,5.84999999999999,0.78539816339744);
#167=CONICAL_SURFACE('',#7238,6.35,0.785398163397439);
#168=CONICAL_SURFACE('',#7246,1880.72646534635,1.08210413623649);
#169=CONICAL_SURFACE('',#7250,1.7272,1.08210413623649);
#170=CONICAL_SURFACE('',#7284,1.675,1.0471975511966);
#171=CONICAL_SURFACE('',#7286,2.0828,0.785398163397452);
#172=CONICAL_SURFACE('',#7299,1.675,1.0471975511966);
#173=CONICAL_SURFACE('',#7300,1.675,1.0471975511966);
#174=CONICAL_SURFACE('',#7301,1.675,1.0471975511966);
#175=CONICAL_SURFACE('',#7302,1.675,1.0471975511966);
#176=CONICAL_SURFACE('',#7303,1.675,1.0471975511966);
#177=TOROIDAL_SURFACE('',#7068,2.05794948949489,0.1);
#178=TOROIDAL_SURFACE('',#7072,3.86,0.1);
#179=TOROIDAL_SURFACE('',#7077,3.86,0.1);
#180=TOROIDAL_SURFACE('',#7081,1.66637864376269,0.1);
#181=TOROIDAL_SURFACE('',#7085,1.9828,0.1);
#182=TOROIDAL_SURFACE('',#7170,2.1828,0.1);
#183=TOROIDAL_SURFACE('',#7175,2.1828,0.1);
#184=TOROIDAL_SURFACE('',#7180,4.26330617869193,0.1);
#185=TOROIDAL_SURFACE('',#7185,4.11330147412887,0.3);
#186=TOROIDAL_SURFACE('',#7190,3.1734375,0.9921875);
#187=TOROIDAL_SURFACE('',#7255,2.05794948949489,0.1);
#188=TOROIDAL_SURFACE('',#7259,3.86,0.1);
#189=TOROIDAL_SURFACE('',#7264,3.86,0.1);
#190=TOROIDAL_SURFACE('',#7268,1.66637864376269,0.1);
#191=TOROIDAL_SURFACE('',#7272,1.9828,0.1);
#192=SHAPE_REPRESENTATION_RELATIONSHIP('SRR','None',#13007,#201);
#193=SHAPE_REPRESENTATION_RELATIONSHIP('SRR','None',#13008,#202);
#194=SHAPE_REPRESENTATION_RELATIONSHIP('SRR','None',#13009,#203);
#195=SHAPE_REPRESENTATION_RELATIONSHIP('SRR','None',#13010,#204);
#196=SHAPE_REPRESENTATION_RELATIONSHIP('SRR','None',#13011,#205);
#197=SHAPE_REPRESENTATION_RELATIONSHIP('SRR','None',#13012,#206);
#198=SHAPE_REPRESENTATION_RELATIONSHIP('SRR','None',#13013,#207);
#199=SHAPE_REPRESENTATION_RELATIONSHIP('SRR','None',#13014,#208);
#200=SHAPE_REPRESENTATION_RELATIONSHIP('SRR','None',#13015,#209);
#201=ADVANCED_BREP_SHAPE_REPRESENTATION('',(#248,#249,#250,#251,#252),#12947);
#202=ADVANCED_BREP_SHAPE_REPRESENTATION('',(#253),#12948);
#203=ADVANCED_BREP_SHAPE_REPRESENTATION('',(#254),#12949);
#204=ADVANCED_BREP_SHAPE_REPRESENTATION('',(#255),#12950);
#205=ADVANCED_BREP_SHAPE_REPRESENTATION('',(#256),#12951);
#206=ADVANCED_BREP_SHAPE_REPRESENTATION('',(#257),#12952);
#207=ADVANCED_BREP_SHAPE_REPRESENTATION('',(#258),#12953);
#208=ADVANCED_BREP_SHAPE_REPRESENTATION('',(#259),#12954);
#209=ADVANCED_BREP_SHAPE_REPRESENTATION('',(#260),#12955);
#210=B_SPLINE_SURFACE_WITH_KNOTS('',3,1,((#9970,#9971),(#9972,#9973),(#9974,
#9975),(#9976,#9977)),.UNSPECIFIED.,.F.,.F.,.F.,(4,4),(2,2),(0.,1.),(0.,
0.00120000000000596),.UNSPECIFIED.);
#211=B_SPLINE_SURFACE_WITH_KNOTS('',3,1,((#9995,#9996),(#9997,#9998),(#9999,
#10000),(#10001,#10002)),.UNSPECIFIED.,.F.,.F.,.F.,(4,4),(2,2),(0.,1.),
(0.,0.00120000000004913),.UNSPECIFIED.);
#212=B_SPLINE_SURFACE_WITH_KNOTS('',3,1,((#10036,#10037),(#10038,#10039),
(#10040,#10041),(#10042,#10043)),.UNSPECIFIED.,.F.,.F.,.F.,(4,4),(2,2),
(0.,1.),(0.,0.00120000000043272),.UNSPECIFIED.);
#213=B_SPLINE_SURFACE_WITH_KNOTS('',3,1,((#10061,#10062),(#10063,#10064),
(#10065,#10066),(#10067,#10068)),.UNSPECIFIED.,.F.,.F.,.F.,(4,4),(2,2),
(0.,1.),(0.,0.00120000000011594),.UNSPECIFIED.);
#214=B_SPLINE_SURFACE_WITH_KNOTS('',3,1,((#10182,#10183),(#10184,#10185),
(#10186,#10187),(#10188,#10189)),.UNSPECIFIED.,.F.,.F.,.F.,(4,4),(2,2),
(7.,7.99902120692785),(0.,0.00120000000015118),.UNSPECIFIED.);
#215=B_SPLINE_SURFACE_WITH_KNOTS('',3,1,((#10207,#10208),(#10209,#10210),
(#10211,#10212),(#10213,#10214)),.UNSPECIFIED.,.F.,.F.,.F.,(4,4),(2,2),
(5.,6.),(0.,0.00120000000015561),.UNSPECIFIED.);
#216=B_SPLINE_SURFACE_WITH_KNOTS('',3,1,((#10248,#10249),(#10250,#10251),
(#10252,#10253),(#10254,#10255)),.UNSPECIFIED.,.F.,.F.,.F.,(4,4),(2,2),
(3.,4.),(0.,0.00120000000000703),.UNSPECIFIED.);
#217=B_SPLINE_SURFACE_WITH_KNOTS('',3,1,((#10273,#10274),(#10275,#10276),
(#10277,#10278),(#10279,#10280)),.UNSPECIFIED.,.F.,.F.,.F.,(4,4),(2,2),
(1.,2.),(0.,0.00120000000028151),.UNSPECIFIED.);
#218=B_SPLINE_SURFACE_WITH_KNOTS('',3,1,((#10351,#10352),(#10353,#10354),
(#10355,#10356),(#10357,#10358),(#10359,#10360),(#10361,#10362),(#10363,
#10364),(#10365,#10366),(#10367,#10368)),.UNSPECIFIED.,.F.,.F.,.F.,(4,1,
1,1,1,1,4),(2,2),(0.,0.125,0.25,0.5,0.75,0.875,1.),(0.,0.00120000000002715),
 .UNSPECIFIED.);
#219=B_SPLINE_SURFACE_WITH_KNOTS('',3,1,((#10399,#10400),(#10401,#10402),
(#10403,#10404),(#10405,#10406),(#10407,#10408),(#10409,#10410),(#10411,
#10412),(#10413,#10414),(#10415,#10416)),.UNSPECIFIED.,.F.,.F.,.F.,(4,1,
1,1,1,1,4),(2,2),(0.,0.125,0.25,0.5,0.75,0.875,1.),(0.,0.00120000000005609),
 .UNSPECIFIED.);
#220=B_SPLINE_SURFACE_WITH_KNOTS('',3,1,((#10460,#10461),(#10462,#10463),
(#10464,#10465),(#10466,#10467),(#10468,#10469),(#10470,#10471),(#10472,
#10473),(#10474,#10475),(#10476,#10477)),.UNSPECIFIED.,.F.,.F.,.F.,(4,1,
1,1,1,1,4),(2,2),(0.,0.125,0.25,0.5,0.75,0.875,1.),(0.,0.00120000000019898),
 .UNSPECIFIED.);
#221=B_SPLINE_SURFACE_WITH_KNOTS('',3,1,((#10505,#10506),(#10507,#10508),
(#10509,#10510),(#10511,#10512),(#10513,#10514),(#10515,#10516),(#10517,
#10518),(#10519,#10520),(#10521,#10522)),.UNSPECIFIED.,.F.,.F.,.F.,(4,1,
1,1,1,1,4),(2,2),(0.,0.125,0.25,0.5,0.75,0.875,1.),(0.,0.00120000000011045),
 .UNSPECIFIED.);
#222=B_SPLINE_SURFACE_WITH_KNOTS('',3,1,((#10562,#10563),(#10564,#10565),
(#10566,#10567),(#10568,#10569)),.UNSPECIFIED.,.F.,.F.,.F.,(4,4),(2,2),
(7.,8.),(0.,0.00120000000011492),.UNSPECIFIED.);
#223=B_SPLINE_SURFACE_WITH_KNOTS('',3,1,((#10587,#10588),(#10589,#10590),
(#10591,#10592),(#10593,#10594)),.UNSPECIFIED.,.F.,.F.,.F.,(4,4),(2,2),
(5.,6.),(0.,0.00120000000019818),.UNSPECIFIED.);
#224=B_SPLINE_SURFACE_WITH_KNOTS('',3,1,((#10628,#10629),(#10630,#10631),
(#10632,#10633),(#10634,#10635)),.UNSPECIFIED.,.F.,.F.,.F.,(4,4),(2,2),
(3.,4.),(0.,0.00120000000000812),.UNSPECIFIED.);
#225=B_SPLINE_SURFACE_WITH_KNOTS('',3,1,((#10653,#10654),(#10655,#10656),
(#10657,#10658),(#10659,#10660)),.UNSPECIFIED.,.F.,.F.,.F.,(4,4),(2,2),
(1.,2.),(0.,0.00120000000000594),.UNSPECIFIED.);
#226=B_SPLINE_SURFACE_WITH_KNOTS('',3,1,((#10705,#10706),(#10707,#10708),
(#10709,#10710),(#10711,#10712)),.UNSPECIFIED.,.F.,.F.,.F.,(4,4),(2,2),
(0.,1.),(0.,0.0012000000005833),.UNSPECIFIED.);
#227=B_SPLINE_SURFACE_WITH_KNOTS('',3,1,((#10733,#10734),(#10735,#10736),
(#10737,#10738),(#10739,#10740)),.UNSPECIFIED.,.F.,.F.,.F.,(4,4),(2,2),
(0.,0.99902120692785),(0.,0.00120000000030279),.UNSPECIFIED.);
#228=B_SPLINE_SURFACE_WITH_KNOTS('',3,1,((#10770,#10771),(#10772,#10773),
(#10774,#10775),(#10776,#10777),(#10778,#10779),(#10780,#10781),(#10782,
#10783),(#10784,#10785),(#10786,#10787)),.UNSPECIFIED.,.F.,.F.,.F.,(4,1,
1,1,1,1,4),(2,2),(7.,7.12488720061248,7.24977440122496,7.49954880244991,
7.74932320367487,7.87421040428735,7.99909760489983),(0.,0.00120000000025919),
 .UNSPECIFIED.);
#229=B_SPLINE_SURFACE_WITH_KNOTS('',3,1,((#10815,#10816),(#10817,#10818),
(#10819,#10820),(#10821,#10822),(#10823,#10824),(#10825,#10826),(#10827,
#10828),(#10829,#10830),(#10831,#10832)),.UNSPECIFIED.,.F.,.F.,.F.,(4,1,
1,1,1,1,4),(2,2),(5.,5.125,5.25,5.5,5.75,5.875,6.),(0.,0.00120000000014216),
 .UNSPECIFIED.);
#230=B_SPLINE_SURFACE_WITH_KNOTS('',3,1,((#10876,#10877),(#10878,#10879),
(#10880,#10881),(#10882,#10883),(#10884,#10885),(#10886,#10887),(#10888,
#10889),(#10890,#10891),(#10892,#10893)),.UNSPECIFIED.,.F.,.F.,.F.,(4,1,
1,1,1,1,4),(2,2),(3.,3.125,3.25,3.5,3.75,3.875,4.),(0.,0.00120000000007504),
 .UNSPECIFIED.);
#231=B_SPLINE_SURFACE_WITH_KNOTS('',3,1,((#10921,#10922),(#10923,#10924),
(#10925,#10926),(#10927,#10928),(#10929,#10930),(#10931,#10932),(#10933,
#10934),(#10935,#10936),(#10937,#10938)),.UNSPECIFIED.,.F.,.F.,.F.,(4,1,
1,1,1,1,4),(2,2),(1.,1.125,1.25,1.5,1.75,1.875,2.),(0.,0.00120000000032308),
 .UNSPECIFIED.);
#232=B_SPLINE_SURFACE_WITH_KNOTS('',3,1,((#10978,#10979),(#10980,#10981),
(#10982,#10983),(#10984,#10985)),.UNSPECIFIED.,.F.,.F.,.F.,(4,4),(2,2),
(0.,1.),(0.,0.00120000000036274),.UNSPECIFIED.);
#233=B_SPLINE_SURFACE_WITH_KNOTS('',3,1,((#11003,#11004),(#11005,#11006),
(#11007,#11008),(#11009,#11010)),.UNSPECIFIED.,.F.,.F.,.F.,(4,4),(2,2),
(0.,1.),(0.,0.00120000000000596),.UNSPECIFIED.);
#234=STYLED_ITEM('',(#13063),#248);
#235=STYLED_ITEM('',(#13064),#249);
#236=STYLED_ITEM('',(#13064),#250);
#237=STYLED_ITEM('',(#13060),#251);
#238=STYLED_ITEM('',(#13065),#252);
#239=STYLED_ITEM('',(#13061),#253);
#240=STYLED_ITEM('',(#13062),#254);
#241=STYLED_ITEM('',(#13061),#255);
#242=STYLED_ITEM('',(#13062),#256);
#243=STYLED_ITEM('',(#13061),#257);
#244=STYLED_ITEM('',(#13062),#258);
#245=STYLED_ITEM('',(#13061),#259);
#246=STYLED_ITEM('',(#13061),#260);
#247=STYLED_ITEM('',(#13066),#29);
#248=MANIFOLD_SOLID_BREP('Body1',#6563);
#249=MANIFOLD_SOLID_BREP('Body2',#6564);
#250=MANIFOLD_SOLID_BREP('Body3',#6565);
#251=MANIFOLD_SOLID_BREP('Body4',#6566);
#252=MANIFOLD_SOLID_BREP('Body5',#6567);
#253=MANIFOLD_SOLID_BREP('Body1',#6568);
#254=MANIFOLD_SOLID_BREP('Body1',#6569);
#255=MANIFOLD_SOLID_BREP('Body1',#6570);
#256=MANIFOLD_SOLID_BREP('Body1',#6571);
#257=MANIFOLD_SOLID_BREP('Body1',#6572);
#258=MANIFOLD_SOLID_BREP('Body1',#6573);
#259=MANIFOLD_SOLID_BREP('Body1',#6574);
#260=MANIFOLD_SOLID_BREP('Body1',#6575);
#261=B_SPLINE_CURVE_WITH_KNOTS('',3,(#9444,#9445,#9446,#9447,#9448,#9449,
#9450,#9451,#9452,#9453,#9454,#9455,#9456,#9457,#9458,#9459),
 .UNSPECIFIED.,.F.,.F.,(4,3,3,3,3,4),(0.000658192462180927,0.0442150941234483,
1.04421509412345,1.05115412511449,2.05115412511449,2.06259544582356),
 .UNSPECIFIED.);
#262=B_SPLINE_CURVE_WITH_KNOTS('',3,(#9462,#9463,#9464,#9465,#9466,#9467,
#9468,#9469,#9470,#9471,#9472,#9473,#9474,#9475,#9476,#9477,#9478,#9479,
#9480,#9481,#9482,#9483,#9484,#9485,#9486,#9487,#9488,#9489,#9490,#9491,
#9492,#9493,#9494,#9495,#9496,#9497,#9498,#9499,#9500,#9501,#9502,#9503,
#9504,#9505,#9506,#9507),.UNSPECIFIED.,.F.,.F.,(4,3,3,3,3,3,3,3,3,3,3,3,
3,3,3,4),(0.000658192462180927,0.0442150941234483,0.169215094123448,0.294215094123448,
0.544215094123448,0.794215094123448,0.919215094123448,1.04421509412345,
1.05115412511449,1.17615412511449,1.30115412511449,1.55115412511449,1.80115412511449,
1.92615412511449,2.05115412511449,2.06335937784606),.UNSPECIFIED.);
#263=B_SPLINE_CURVE_WITH_KNOTS('',3,(#9509,#9510,#9511,#9512,#9513,#9514,
#9515,#9516,#9517,#9518,#9519,#9520,#9521,#9522,#9523,#9524,#9525,#9526,
#9527,#9528,#9529,#9530,#9531,#9532,#9533,#9534,#9535,#9536,#9537,#9538,
#9539,#9540,#9541,#9542,#9543,#9544,#9545,#9546,#9547,#9548,#9549,#9550,
#9551,#9552,#9553,#9554),.UNSPECIFIED.,.F.,.F.,(4,3,3,3,3,3,3,3,3,3,3,3,
3,3,3,4),(0.000658192462180927,0.0331962871130648,0.158196287113065,0.283196287113065,
0.533196287113065,0.783196287113065,0.908196287113065,1.03319628711307,
1.05519375548058,1.18019375548058,1.30519375548058,1.55519375548058,1.80519375548058,
1.93019375548058,2.05519375548058,2.07939189035014),.UNSPECIFIED.);
#264=B_SPLINE_CURVE_WITH_KNOTS('',3,(#9556,#9557,#9558,#9559,#9560,#9561,
#9562,#9563,#9564,#9565,#9566,#9567,#9568,#9569,#9570,#9571),
 .UNSPECIFIED.,.F.,.F.,(4,3,3,3,3,4),(0.000658192462180927,0.0331962871130655,
1.03319628711307,1.05519375548058,2.05519375548058,2.07939189035015),
 .UNSPECIFIED.);
#265=B_SPLINE_CURVE_WITH_KNOTS('',3,(#9694,#9695,#9696,#9697,#9698,#9699,
#9700,#9701,#9702,#9703,#9704,#9705,#9706,#9707,#9708,#9709),
 .UNSPECIFIED.,.F.,.F.,(4,3,3,3,3,4),(-0.0843744793566993,-0.0520660090289305,
0.94793399097107,0.969931438577581,1.96993143857758,1.99435921247712),
 .UNSPECIFIED.);
#266=B_SPLINE_CURVE_WITH_KNOTS('',3,(#9711,#9712,#9713,#9714,#9715,#9716,
#9717,#9718,#9719,#9720,#9721,#9722,#9723,#9724,#9725,#9726,#9727,#9728,
#9729,#9730,#9731,#9732,#9733,#9734,#9735,#9736,#9737,#9738,#9739,#9740,
#9741,#9742,#9743,#9744,#9745,#9746,#9747,#9748,#9749,#9750,#9751,#9752,
#9753,#9754,#9755,#9756),.UNSPECIFIED.,.F.,.F.,(4,3,3,3,3,3,3,3,3,3,3,3,
3,3,3,4),(-0.0843744793566993,-0.0520660090289305,0.0729339909710696,0.19793399097107,
0.44793399097107,0.69793399097107,0.82293399097107,0.94793399097107,0.969931438577581,
1.09493143857758,1.21993143857758,1.46993143857758,1.71993143857758,1.84493143857758,
1.96993143857758,1.99435921247712),.UNSPECIFIED.);
#267=B_SPLINE_CURVE_WITH_KNOTS('',3,(#9759,#9760,#9761,#9762,#9763,#9764,
#9765,#9766,#9767,#9768,#9769,#9770,#9771,#9772,#9773,#9774,#9775,#9776,
#9777,#9778,#9779,#9780,#9781,#9782,#9783,#9784,#9785,#9786,#9787,#9788,
#9789,#9790,#9791,#9792,#9793,#9794,#9795,#9796,#9797,#9798,#9799,#9800,
#9801),.UNSPECIFIED.,.F.,.F.,(4,3,3,3,3,3,3,3,3,3,3,3,3,3,4),(-0.0843744793566993,
-0.0408175776954321,0.0841824223045675,0.209182422304568,0.459182422304568,
0.709182422304568,0.834182422304568,0.959182422304568,0.966120073164336,
1.09100727377681,1.21589447438929,1.46566887561425,1.71544327683921,1.84033047745169,
1.96521767806416),.UNSPECIFIED.);
#268=B_SPLINE_CURVE_WITH_KNOTS('',3,(#9805,#9806,#9807,#9808,#9809,#9810,
#9811,#9812,#9813,#9814,#9815,#9816,#9817),.UNSPECIFIED.,.F.,.F.,(4,3,3,
3,4),(-0.0843744793566993,-0.0408175776954321,0.959182422304568,0.966120073164336,
1.96514128009219),.UNSPECIFIED.);
#269=B_SPLINE_CURVE_WITH_KNOTS('',3,(#9979,#9980,#9981,#9982),
 .UNSPECIFIED.,.F.,.F.,(4,4),(1.,2.),.UNSPECIFIED.);
#270=B_SPLINE_CURVE_WITH_KNOTS('',3,(#9985,#9986,#9987,#9988),
 .UNSPECIFIED.,.F.,.F.,(4,4),(1.,2.),.UNSPECIFIED.);
#271=B_SPLINE_CURVE_WITH_KNOTS('',3,(#10004,#10005,#10006,#10007),
 .UNSPECIFIED.,.F.,.F.,(4,4),(3.,4.),.UNSPECIFIED.);
#272=B_SPLINE_CURVE_WITH_KNOTS('',3,(#10010,#10011,#10012,#10013),
 .UNSPECIFIED.,.F.,.F.,(4,4),(3.,4.),.UNSPECIFIED.);
#273=B_SPLINE_CURVE_WITH_KNOTS('',3,(#10045,#10046,#10047,#10048),
 .UNSPECIFIED.,.F.,.F.,(4,4),(5.,6.),.UNSPECIFIED.);
#274=B_SPLINE_CURVE_WITH_KNOTS('',3,(#10051,#10052,#10053,#10054),
 .UNSPECIFIED.,.F.,.F.,(4,4),(5.,6.),.UNSPECIFIED.);
#275=B_SPLINE_CURVE_WITH_KNOTS('',3,(#10070,#10071,#10072,#10073),
 .UNSPECIFIED.,.F.,.F.,(4,4),(7.,8.),.UNSPECIFIED.);
#276=B_SPLINE_CURVE_WITH_KNOTS('',3,(#10076,#10077,#10078,#10079),
 .UNSPECIFIED.,.F.,.F.,(4,4),(7.,8.),.UNSPECIFIED.);
#277=B_SPLINE_CURVE_WITH_KNOTS('',3,(#10191,#10192,#10193,#10194),
 .UNSPECIFIED.,.F.,.F.,(4,4),(7.,7.99902120692785),.UNSPECIFIED.);
#278=B_SPLINE_CURVE_WITH_KNOTS('',3,(#10197,#10198,#10199,#10200),
 .UNSPECIFIED.,.F.,.F.,(4,4),(7.,7.99902120692785),.UNSPECIFIED.);
#279=B_SPLINE_CURVE_WITH_KNOTS('',3,(#10216,#10217,#10218,#10219),
 .UNSPECIFIED.,.F.,.F.,(4,4),(5.,6.),.UNSPECIFIED.);
#280=B_SPLINE_CURVE_WITH_KNOTS('',3,(#10222,#10223,#10224,#10225),
 .UNSPECIFIED.,.F.,.F.,(4,4),(5.,6.),.UNSPECIFIED.);
#281=B_SPLINE_CURVE_WITH_KNOTS('',3,(#10257,#10258,#10259,#10260),
 .UNSPECIFIED.,.F.,.F.,(4,4),(3.,4.),.UNSPECIFIED.);
#282=B_SPLINE_CURVE_WITH_KNOTS('',3,(#10263,#10264,#10265,#10266),
 .UNSPECIFIED.,.F.,.F.,(4,4),(3.,4.),.UNSPECIFIED.);
#283=B_SPLINE_CURVE_WITH_KNOTS('',3,(#10282,#10283,#10284,#10285),
 .UNSPECIFIED.,.F.,.F.,(4,4),(1.,2.),.UNSPECIFIED.);
#284=B_SPLINE_CURVE_WITH_KNOTS('',3,(#10288,#10289,#10290,#10291),
 .UNSPECIFIED.,.F.,.F.,(4,4),(1.,2.),.UNSPECIFIED.);
#285=B_SPLINE_CURVE_WITH_KNOTS('',3,(#10373,#10374,#10375,#10376,#10377,
#10378,#10379,#10380,#10381),.UNSPECIFIED.,.F.,.F.,(4,1,1,1,1,1,4),(1.,
1.125,1.25,1.5,1.75,1.875,2.),.UNSPECIFIED.);
#286=B_SPLINE_CURVE_WITH_KNOTS('',3,(#10384,#10385,#10386,#10387,#10388,
#10389,#10390,#10391,#10392),.UNSPECIFIED.,.F.,.F.,(4,1,1,1,1,1,4),(1.,
1.125,1.25,1.5,1.75,1.875,2.),.UNSPECIFIED.);
#287=B_SPLINE_CURVE_WITH_KNOTS('',3,(#10418,#10419,#10420,#10421,#10422,
#10423,#10424,#10425,#10426),.UNSPECIFIED.,.F.,.F.,(4,1,1,1,1,1,4),(3.,
3.125,3.25,3.5,3.75,3.875,4.),.UNSPECIFIED.);
#288=B_SPLINE_CURVE_WITH_KNOTS('',3,(#10429,#10430,#10431,#10432,#10433,
#10434,#10435,#10436,#10437),.UNSPECIFIED.,.F.,.F.,(4,1,1,1,1,1,4),(3.,
3.125,3.25,3.5,3.75,3.875,4.),.UNSPECIFIED.);
#289=B_SPLINE_CURVE_WITH_KNOTS('',3,(#10479,#10480,#10481,#10482,#10483,
#10484,#10485,#10486,#10487),.UNSPECIFIED.,.F.,.F.,(4,1,1,1,1,1,4),(5.,
5.125,5.25,5.5,5.75,5.875,6.),.UNSPECIFIED.);
#290=B_SPLINE_CURVE_WITH_KNOTS('',3,(#10490,#10491,#10492,#10493,#10494,
#10495,#10496,#10497,#10498),.UNSPECIFIED.,.F.,.F.,(4,1,1,1,1,1,4),(5.,
5.125,5.25,5.5,5.75,5.875,6.),.UNSPECIFIED.);
#291=B_SPLINE_CURVE_WITH_KNOTS('',3,(#10524,#10525,#10526,#10527,#10528,
#10529,#10530,#10531,#10532),.UNSPECIFIED.,.F.,.F.,(4,1,1,1,1,1,4),(7.,
7.125,7.25,7.5,7.75,7.875,8.),.UNSPECIFIED.);
#292=B_SPLINE_CURVE_WITH_KNOTS('',3,(#10535,#10536,#10537,#10538,#10539,
#10540,#10541,#10542,#10543),.UNSPECIFIED.,.F.,.F.,(4,1,1,1,1,1,4),(7.,
7.125,7.25,7.5,7.75,7.875,8.),.UNSPECIFIED.);
#293=B_SPLINE_CURVE_WITH_KNOTS('',3,(#10571,#10572,#10573,#10574),
 .UNSPECIFIED.,.F.,.F.,(4,4),(7.,8.),.UNSPECIFIED.);
#294=B_SPLINE_CURVE_WITH_KNOTS('',3,(#10577,#10578,#10579,#10580),
 .UNSPECIFIED.,.F.,.F.,(4,4),(7.,8.),.UNSPECIFIED.);
#295=B_SPLINE_CURVE_WITH_KNOTS('',3,(#10596,#10597,#10598,#10599),
 .UNSPECIFIED.,.F.,.F.,(4,4),(5.,6.),.UNSPECIFIED.);
#296=B_SPLINE_CURVE_WITH_KNOTS('',3,(#10602,#10603,#10604,#10605),
 .UNSPECIFIED.,.F.,.F.,(4,4),(5.,6.),.UNSPECIFIED.);
#297=B_SPLINE_CURVE_WITH_KNOTS('',3,(#10637,#10638,#10639,#10640),
 .UNSPECIFIED.,.F.,.F.,(4,4),(3.,4.),.UNSPECIFIED.);
#298=B_SPLINE_CURVE_WITH_KNOTS('',3,(#10643,#10644,#10645,#10646),
 .UNSPECIFIED.,.F.,.F.,(4,4),(3.,4.),.UNSPECIFIED.);
#299=B_SPLINE_CURVE_WITH_KNOTS('',3,(#10662,#10663,#10664,#10665),
 .UNSPECIFIED.,.F.,.F.,(4,4),(1.,2.),.UNSPECIFIED.);
#300=B_SPLINE_CURVE_WITH_KNOTS('',3,(#10668,#10669,#10670,#10671),
 .UNSPECIFIED.,.F.,.F.,(4,4),(1.,2.),.UNSPECIFIED.);
#301=B_SPLINE_CURVE_WITH_KNOTS('',3,(#10717,#10718,#10719,#10720),
 .UNSPECIFIED.,.F.,.F.,(4,4),(5.,6.),.UNSPECIFIED.);
#302=B_SPLINE_CURVE_WITH_KNOTS('',3,(#10723,#10724,#10725,#10726),
 .UNSPECIFIED.,.F.,.F.,(4,4),(5.,6.),.UNSPECIFIED.);
#303=B_SPLINE_CURVE_WITH_KNOTS('',3,(#10742,#10743,#10744,#10745),
 .UNSPECIFIED.,.F.,.F.,(4,4),(7.,7.99902120692785),.UNSPECIFIED.);
#304=B_SPLINE_CURVE_WITH_KNOTS('',3,(#10748,#10749,#10750,#10751),
 .UNSPECIFIED.,.F.,.F.,(4,4),(7.,7.99902120692785),.UNSPECIFIED.);
#305=B_SPLINE_CURVE_WITH_KNOTS('',3,(#10789,#10790,#10791,#10792,#10793,
#10794,#10795,#10796,#10797),.UNSPECIFIED.,.F.,.F.,(4,1,1,1,1,1,4),(7.,
7.12488720061248,7.24977440122496,7.49954880244991,7.74932320367487,7.87421040428735,
7.99909760489983),.UNSPECIFIED.);
#306=B_SPLINE_CURVE_WITH_KNOTS('',3,(#10800,#10801,#10802,#10803,#10804,
#10805,#10806,#10807,#10808),.UNSPECIFIED.,.F.,.F.,(4,1,1,1,1,1,4),(7.,
7.12488720061248,7.24977440122496,7.49954880244991,7.74932320367487,7.87421040428735,
7.99909760489983),.UNSPECIFIED.);
#307=B_SPLINE_CURVE_WITH_KNOTS('',3,(#10834,#10835,#10836,#10837,#10838,
#10839,#10840,#10841,#10842),.UNSPECIFIED.,.F.,.F.,(4,1,1,1,1,1,4),(5.,
5.125,5.25,5.5,5.75,5.875,6.),.UNSPECIFIED.);
#308=B_SPLINE_CURVE_WITH_KNOTS('',3,(#10845,#10846,#10847,#10848,#10849,
#10850,#10851,#10852,#10853),.UNSPECIFIED.,.F.,.F.,(4,1,1,1,1,1,4),(5.,
5.125,5.25,5.5,5.75,5.875,6.),.UNSPECIFIED.);
#309=B_SPLINE_CURVE_WITH_KNOTS('',3,(#10895,#10896,#10897,#10898,#10899,
#10900,#10901,#10902,#10903),.UNSPECIFIED.,.F.,.F.,(4,1,1,1,1,1,4),(3.,
3.125,3.25,3.5,3.75,3.875,4.),.UNSPECIFIED.);
#310=B_SPLINE_CURVE_WITH_KNOTS('',3,(#10906,#10907,#10908,#10909,#10910,
#10911,#10912,#10913,#10914),.UNSPECIFIED.,.F.,.F.,(4,1,1,1,1,1,4),(3.,
3.125,3.25,3.5,3.75,3.875,4.),.UNSPECIFIED.);
#311=B_SPLINE_CURVE_WITH_KNOTS('',3,(#10940,#10941,#10942,#10943,#10944,
#10945,#10946,#10947,#10948),.UNSPECIFIED.,.F.,.F.,(4,1,1,1,1,1,4),(1.,
1.125,1.25,1.5,1.75,1.875,2.),.UNSPECIFIED.);
#312=B_SPLINE_CURVE_WITH_KNOTS('',3,(#10951,#10952,#10953,#10954,#10955,
#10956,#10957,#10958,#10959),.UNSPECIFIED.,.F.,.F.,(4,1,1,1,1,1,4),(1.,
1.125,1.25,1.5,1.75,1.875,2.),.UNSPECIFIED.);
#313=B_SPLINE_CURVE_WITH_KNOTS('',3,(#10987,#10988,#10989,#10990),
 .UNSPECIFIED.,.F.,.F.,(4,4),(1.,2.),.UNSPECIFIED.);
#314=B_SPLINE_CURVE_WITH_KNOTS('',3,(#10993,#10994,#10995,#10996),
 .UNSPECIFIED.,.F.,.F.,(4,4),(1.,2.),.UNSPECIFIED.);
#315=B_SPLINE_CURVE_WITH_KNOTS('',3,(#11012,#11013,#11014,#11015),
 .UNSPECIFIED.,.F.,.F.,(4,4),(3.,4.),.UNSPECIFIED.);
#316=B_SPLINE_CURVE_WITH_KNOTS('',3,(#11018,#11019,#11020,#11021),
 .UNSPECIFIED.,.F.,.F.,(4,4),(3.,4.),.UNSPECIFIED.);
#317=B_SPLINE_CURVE_WITH_KNOTS('',3,(#11326,#11327,#11328,#11329,#11330,
#11331,#11332,#11333,#11334,#11335,#11336,#11337,#11338,#11339),
 .UNSPECIFIED.,.F.,.F.,(4,2,2,2,2,2,4),(0.0357576186558073,0.0536140284240054,
0.0756000511168042,0.097586073809603,0.119572096502402,0.141558119195201,
0.159414528963339),.UNSPECIFIED.);
#318=B_SPLINE_CURVE_WITH_KNOTS('',3,(#11348,#11349,#11350,#11351,#11352,
#11353,#11354,#11355),.UNSPECIFIED.,.F.,.F.,(4,2,2,4),(0.0120867907359311,
0.0222775202698846,0.0325318503254156,0.0427861803809466),.UNSPECIFIED.);
#319=B_SPLINE_CURVE_WITH_KNOTS('',3,(#11357,#11358,#11359,#11360,#11361,
#11362,#11363,#11364),.UNSPECIFIED.,.F.,.F.,(4,2,2,4),(0.0427861803809466,
0.0530405104364776,0.0632948404920087,0.0734855700259622),.UNSPECIFIED.);
#320=B_SPLINE_CURVE_WITH_KNOTS('',3,(#11373,#11374,#11375,#11376,#11377,
#11378,#11379,#11380),.UNSPECIFIED.,.F.,.F.,(4,2,2,4),(0.0120867907359304,
0.0222775202698846,0.0325318503254156,0.0427861803809466),.UNSPECIFIED.);
#321=B_SPLINE_CURVE_WITH_KNOTS('',3,(#11382,#11383,#11384,#11385,#11386,
#11387,#11388,#11389),.UNSPECIFIED.,.F.,.F.,(4,2,2,4),(0.0427861803809466,
0.0530405104364776,0.0632948404920086,0.0734855700259616),.UNSPECIFIED.);
#322=B_SPLINE_CURVE_WITH_KNOTS('',3,(#11392,#11393,#11394,#11395,#11396,
#11397,#11398,#11399,#11400,#11401,#11402,#11403,#11404,#11405),
 .UNSPECIFIED.,.F.,.F.,(4,2,2,2,2,2,4),(-0.159414528963338,-0.141558119195201,
-0.119572096502402,-0.0975860738096032,-0.0756000511168043,-0.0536140284240055,
-0.0357576186558065),.UNSPECIFIED.);
#323=B_SPLINE_CURVE_WITH_KNOTS('',3,(#11430,#11431,#11432,#11433,#11434,
#11435,#11436,#11437),.UNSPECIFIED.,.F.,.F.,(4,2,2,4),(0.0120867907359308,
0.0222775202698846,0.0325318503254156,0.0427861803809466),.UNSPECIFIED.);
#324=B_SPLINE_CURVE_WITH_KNOTS('',3,(#11439,#11440,#11441,#11442,#11443,
#11444,#11445,#11446,#11447,#11448,#11449,#11450,#11451,#11452),
 .UNSPECIFIED.,.F.,.F.,(4,2,2,2,2,2,4),(-0.498771178715801,-0.480914768947664,
-0.458928746254865,-0.436942723562066,-0.414956700869268,-0.392970678176469,
-0.375114268408332),.UNSPECIFIED.);
#325=B_SPLINE_CURVE_WITH_KNOTS('',3,(#11453,#11454,#11455,#11456,#11457,
#11458,#11459,#11460),.UNSPECIFIED.,.F.,.F.,(4,2,2,4),(0.0427861803809466,
0.0530405104364776,0.0632948404920086,0.0734855700259616),.UNSPECIFIED.);
#326=B_SPLINE_CURVE_WITH_KNOTS('',3,(#11463,#11464,#11465,#11466,#11467,
#11468,#11469,#11470,#11471,#11472,#11473,#11474,#11475,#11476),
 .UNSPECIFIED.,.F.,.F.,(4,2,2,2,2,2,4),(-0.498771178715802,-0.480914768947664,
-0.458928746254865,-0.436942723562067,-0.414956700869268,-0.392970678176469,
-0.375114268408332),.UNSPECIFIED.);
#327=B_SPLINE_CURVE_WITH_KNOTS('',3,(#11477,#11478,#11479,#11480,#11481,
#11482,#11483,#11484),.UNSPECIFIED.,.F.,.F.,(4,2,2,4),(0.0427861803809466,
0.0530405104364776,0.0632948404920086,0.0734855700259622),.UNSPECIFIED.);
#328=B_SPLINE_CURVE_WITH_KNOTS('',3,(#11487,#11488,#11489,#11490,#11491,
#11492,#11493,#11494,#11495,#11496,#11497,#11498,#11499,#11500),
 .UNSPECIFIED.,.F.,.F.,(4,2,2,2,2,2,4),(-0.498771178715802,-0.480914768947664,
-0.458928746254865,-0.436942723562067,-0.414956700869268,-0.392970678176469,
-0.375114268408332),.UNSPECIFIED.);
#329=B_SPLINE_CURVE_WITH_KNOTS('',3,(#11501,#11502,#11503,#11504,#11505,
#11506,#11507,#11508),.UNSPECIFIED.,.F.,.F.,(4,2,2,4),(0.0120867907359308,
0.0222775202698846,0.0325318503254156,0.0427861803809466),.UNSPECIFIED.);
#330=B_SPLINE_CURVE_WITH_KNOTS('',3,(#11511,#11512,#11513,#11514,#11515,
#11516,#11517,#11518),.UNSPECIFIED.,.F.,.F.,(4,2,2,4),(0.012086790735931,
0.0222775202698846,0.0325318503254156,0.0427861803809466),.UNSPECIFIED.);
#331=B_SPLINE_CURVE_WITH_KNOTS('',3,(#11520,#11521,#11522,#11523,#11524,
#11525,#11526,#11527,#11528,#11529,#11530,#11531,#11532,#11533),
 .UNSPECIFIED.,.F.,.F.,(4,2,2,2,2,2,4),(-0.498771178715802,-0.480914768947664,
-0.458928746254865,-0.436942723562067,-0.414956700869268,-0.392970678176469,
-0.375114268408331),.UNSPECIFIED.);
#332=B_SPLINE_CURVE_WITH_KNOTS('',3,(#11534,#11535,#11536,#11537,#11538,
#11539,#11540,#11541),.UNSPECIFIED.,.F.,.F.,(4,2,2,4),(0.0427861803809466,
0.0530405104364776,0.0632948404920086,0.0734855700259625),.UNSPECIFIED.);
#333=B_SPLINE_CURVE_WITH_KNOTS('',3,(#11543,#11544,#11545,#11546,#11547,
#11548,#11549,#11550),.UNSPECIFIED.,.F.,.F.,(4,2,2,4),(0.0120867907359316,
0.0222775202698846,0.0325318503254156,0.0427861803809466),.UNSPECIFIED.);
#334=B_SPLINE_CURVE_WITH_KNOTS('',3,(#11551,#11552,#11553,#11554,#11555,
#11556,#11557,#11558),.UNSPECIFIED.,.F.,.F.,(4,2,2,4),(0.0427861803809466,
0.0530405104364776,0.0632948404920086,0.0734855700259624),.UNSPECIFIED.);
#335=B_SPLINE_CURVE_WITH_KNOTS('',3,(#11687,#11688,#11689,#11690,#11691,
#11692,#11693,#11694,#11695,#11696,#11697,#11698,#11699,#11700,#11701,#11702,
#11703,#11704,#11705,#11706,#11707,#11708,#11709,#11710,#11711),
 .UNSPECIFIED.,.F.,.F.,(4,3,3,3,3,3,3,3,4),(0.,0.000911177807528531,0.00182477645336657,
0.002488028736862,0.0024910290712251,0.00312968244277038,0.0037911704981218,
0.0045041619684026,0.004976057473724),.UNSPECIFIED.);
#336=B_SPLINE_CURVE_WITH_KNOTS('',3,(#11713,#11714,#11715,#11716,#11717,
#11718,#11719,#11720,#11721,#11722,#11723,#11724,#11725,#11726,#11727,#11728,
#11729,#11730,#11731,#11732,#11733,#11734,#11735,#11736,#11737),
 .UNSPECIFIED.,.F.,.F.,(4,3,3,3,3,3,3,3,4),(0.,0.00109871440031317,0.00248805615429491,
0.00250715958506726,0.00305545117671824,0.00362418205510799,0.00420805936016624,
0.00482074885362435,0.00497611230858982),.UNSPECIFIED.);
#337=B_SPLINE_CURVE_WITH_KNOTS('',3,(#11738,#11739,#11740,#11741,#11742,
#11743,#11744,#11745,#11746,#11747,#11748,#11749,#11750,#11751,#11752,#11753,
#11754,#11755,#11756,#11757,#11758,#11759,#11760,#11761,#11762),
 .UNSPECIFIED.,.F.,.F.,(4,3,3,3,3,3,3,3,4),(0.,0.000911177807397428,0.0018247764532198,
0.002488028736862,0.0024910290712251,0.00312968244277634,0.00379117049812302,
0.00450416196839062,0.00497605747372399),.UNSPECIFIED.);
#338=B_SPLINE_CURVE_WITH_KNOTS('',3,(#11764,#11765,#11766,#11767,#11768,
#11769,#11770,#11771,#11772,#11773,#11774,#11775,#11776,#11777,#11778,#11779,
#11780,#11781,#11782,#11783,#11784,#11785,#11786,#11787,#11788),
 .UNSPECIFIED.,.F.,.F.,(4,3,3,3,3,3,3,3,4),(0.,0.000911177807541019,0.00182477645345802,
0.002488028736862,0.0024910290712251,0.00312968244278615,0.00379117049815489,
0.00450416196845386,0.004976057473724),.UNSPECIFIED.);
#339=B_SPLINE_CURVE_WITH_KNOTS('',3,(#11789,#11790,#11791,#11792,#11793,
#11794,#11795,#11796,#11797,#11798,#11799,#11800,#11801,#11802,#11803,#11804,
#11805,#11806,#11807,#11808,#11809,#11810,#11811,#11812,#11813,#11814,#11815,
#11816),.UNSPECIFIED.,.F.,.F.,(4,3,3,3,3,3,3,3,3,4),(0.,0.00100495952436756,
0.00214250238381036,0.0024880013582946,0.00250686340298699,0.00305387187238141,
0.00362135595372928,0.00420401872733834,0.004815651051951,0.00497600271658919),
 .UNSPECIFIED.);
#340=B_SPLINE_CURVE_WITH_KNOTS('',3,(#11817,#11818,#11819,#11820,#11821,
#11822,#11823,#11824,#11825,#11826,#11827,#11828,#11829,#11830,#11831,#11832,
#11833,#11834,#11835,#11836,#11837,#11838,#11839,#11840,#11841),
 .UNSPECIFIED.,.F.,.F.,(4,3,3,3,3,3,3,3,4),(0.,0.000911177807446039,0.00182477645333071,
0.002488028736862,0.0024910290712251,0.00312968244278611,0.00379117049814878,
0.00450416196843663,0.004976057473724),.UNSPECIFIED.);
#341=B_SPLINE_CURVE_WITH_KNOTS('',3,(#11844,#11845,#11846,#11847,#11848,
#11849,#11850,#11851,#11852,#11853,#11854,#11855,#11856,#11857,#11858,#11859,
#11860,#11861,#11862,#11863,#11864,#11865,#11866,#11867,#11868),
 .UNSPECIFIED.,.F.,.F.,(4,3,3,3,3,3,3,3,4),(1.65120005651865E-20,0.000911177807580532,
0.00182477645360208,0.002488028736862,0.0024910290712251,0.00312968244280747,
0.00379117049819511,0.00450416196850804,0.004976057473724),
 .UNSPECIFIED.);
#342=B_SPLINE_CURVE_WITH_KNOTS('',3,(#11869,#11870,#11871,#11872,#11873,
#11874,#11875,#11876,#11877,#11878,#11879,#11880,#11881,#11882,#11883,#11884,
#11885,#11886,#11887,#11888,#11889,#11890,#11891,#11892,#11893,#11894,#11895,
#11896),.UNSPECIFIED.,.F.,.F.,(4,3,3,3,3,3,3,3,3,4),(0.,0.00100493041081369,
0.00214237431393231,0.0024880013582946,0.00250686096323744,0.00305387838016351,
0.00362137281517384,0.00420404717921303,0.00481569309532472,0.0049760027165892),
 .UNSPECIFIED.);
#343=B_SPLINE_CURVE_WITH_KNOTS('',3,(#11897,#11898,#11899,#11900,#11901,
#11902,#11903,#11904,#11905,#11906,#11907,#11908,#11909,#11910,#11911,#11912,
#11913,#11914,#11915,#11916,#11917,#11918,#11919,#11920,#11921),
 .UNSPECIFIED.,.F.,.F.,(4,3,3,3,3,3,3,3,4),(0.,0.000911177807582606,0.00182477645357963,
0.002488028736862,0.00249102907122509,0.00312968244279894,0.00379117049818201,
0.0045041619684987,0.004976057473724),.UNSPECIFIED.);
#344=B_SPLINE_CURVE_WITH_KNOTS('',3,(#11924,#11925,#11926,#11927,#11928,
#11929,#11930,#11931,#11932,#11933,#11934,#11935,#11936,#11937,#11938,#11939,
#11940,#11941,#11942,#11943,#11944,#11945,#11946,#11947,#11948),
 .UNSPECIFIED.,.F.,.F.,(4,3,3,3,3,3,3,3,4),(0.,0.000911177807432385,0.00182477645333161,
0.002488028736862,0.0024910290712251,0.00312968244279139,0.00379117049815568,
0.00450416196844058,0.004976057473724),.UNSPECIFIED.);
#345=B_SPLINE_CURVE_WITH_KNOTS('',3,(#11950,#11951,#11952,#11953,#11954,
#11955,#11956,#11957,#11958,#11959,#11960,#11961,#11962,#11963,#11964,#11965,
#11966,#11967,#11968,#11969,#11970,#11971,#11972,#11973,#11974),
 .UNSPECIFIED.,.F.,.F.,(4,3,3,3,3,3,3,3,4),(0.,0.001098654624037,0.00248805615429491,
0.00250715712278126,0.00305545779661489,0.00362419917266558,0.00420808822057556,
0.00482079146116917,0.00497611230858982),.UNSPECIFIED.);
#346=B_SPLINE_CURVE_WITH_KNOTS('',3,(#11975,#11976,#11977,#11978,#11979,
#11980,#11981,#11982,#11983,#11984,#11985,#11986,#11987,#11988,#11989,#11990,
#11991,#11992,#11993,#11994,#11995,#11996,#11997,#11998,#11999),
 .UNSPECIFIED.,.F.,.F.,(4,3,3,3,3,3,3,3,4),(0.,0.000911177807407148,0.00182477645320689,
0.002488028736862,0.0024910290712251,0.00312968244276977,0.00379117049812134,
0.0045041619684037,0.004976057473724),.UNSPECIFIED.);
#347=B_SPLINE_CURVE_WITH_KNOTS('',3,(#12007,#12008,#12009,#12010,#12011,
#12012,#12013,#12014,#12015,#12016,#12017,#12018,#12019,#12020,#12021,#12022,
#12023,#12024,#12025),.UNSPECIFIED.,.F.,.F.,(4,3,3,3,3,3,4),(0.,0.000884874089258585,
0.00172427869934723,0.0024741763003269,0.00330716634524048,0.00418232872557931,
0.0049483526006538),.UNSPECIFIED.);
#348=B_SPLINE_CURVE_WITH_KNOTS('',3,(#12028,#12029,#12030,#12031,#12032,
#12033,#12034,#12035,#12036,#12037,#12038,#12039,#12040,#12041,#12042,#12043,
#12044,#12045,#12046),.UNSPECIFIED.,.F.,.F.,(4,3,3,3,3,3,4),(0.,0.000884874089284807,
0.00172427869940226,0.0024741763003269,0.00330716634525705,0.00418232872560838,
0.0049483526006538),.UNSPECIFIED.);
#349=B_SPLINE_CURVE_WITH_KNOTS('',3,(#12051,#12052,#12053,#12054,#12055,
#12056,#12057,#12058,#12059,#12060,#12061,#12062,#12063,#12064,#12065,#12066,
#12067,#12068,#12069,#12070,#12071,#12072,#12073,#12074,#12075),
 .UNSPECIFIED.,.F.,.F.,(4,3,3,3,3,3,3,3,4),(0.,0.000652240784284736,0.0012917799199783,
0.0019150382410251,0.00245817389773381,0.00247413317360499,0.00359353381628476,
0.0046279290251561,0.00494826634720997),.UNSPECIFIED.);
#350=B_SPLINE_CURVE_WITH_KNOTS('',3,(#12077,#12078,#12079,#12080,#12081,
#12082,#12083,#12084,#12085,#12086,#12087,#12088,#12089,#12090,#12091,#12092,
#12093,#12094,#12095,#12096,#12097,#12098,#12099,#12100,#12101),
 .UNSPECIFIED.,.F.,.F.,(4,3,3,3,3,3,3,3,4),(0.,0.000651020896952238,0.00128906525141505,
0.00191047309362458,0.00245846517098121,0.00247421949752907,0.00343600030486715,
0.00439861596201698,0.00494843899505814),.UNSPECIFIED.);
#351=B_SPLINE_CURVE_WITH_KNOTS('',3,(#12106,#12107,#12108,#12109,#12110,
#12111,#12112,#12113,#12114,#12115,#12116,#12117,#12118,#12119,#12120,#12121,
#12122,#12123,#12124),.UNSPECIFIED.,.F.,.F.,(4,3,3,3,3,3,4),(1.35525271560688E-20,
0.000884874089234898,0.00172427869928681,0.0024741763003269,0.00330716634520169,
0.00418232872551053,0.00494835260065381),.UNSPECIFIED.);
#352=B_SPLINE_CURVE_WITH_KNOTS('',3,(#12126,#12127,#12128,#12129,#12130,
#12131,#12132,#12133,#12134,#12135,#12136,#12137,#12138,#12139,#12140,#12141,
#12142,#12143,#12144),.UNSPECIFIED.,.F.,.F.,(4,3,3,3,3,3,4),(0.,0.000884874089268872,
0.00172427869936488,0.0024741763003269,0.0033071663452397,0.0041823287255788,
0.0049483526006538),.UNSPECIFIED.);
#353=B_SPLINE_CURVE_WITH_KNOTS('',3,(#12149,#12150,#12151,#12152,#12153,
#12154,#12155,#12156,#12157,#12158,#12159,#12160,#12161,#12162,#12163,#12164,
#12165,#12166,#12167),.UNSPECIFIED.,.F.,.F.,(4,3,3,3,3,3,4),(0.,0.000884874089311674,
0.00172427869946661,0.0024741763003269,0.00330716634530666,0.00418232872569918,
0.0049483526006538),.UNSPECIFIED.);
#354=B_SPLINE_CURVE_WITH_KNOTS('',3,(#12169,#12170,#12171,#12172,#12173,
#12174,#12175,#12176,#12177,#12178,#12179,#12180,#12181,#12182,#12183,#12184,
#12185,#12186,#12187),.UNSPECIFIED.,.F.,.F.,(4,3,3,3,3,3,4),(0.,0.000884874089230849,
0.00172427869927844,0.0024741763003269,0.00330716634519572,0.00418232872549917,
0.0049483526006538),.UNSPECIFIED.);
#355=B_SPLINE_CURVE_WITH_KNOTS('',3,(#12191,#12192,#12193,#12194,#12195,
#12196,#12197,#12198,#12199,#12200,#12201,#12202,#12203,#12204,#12205,#12206,
#12207,#12208,#12209,#12210,#12211,#12212,#12213,#12214,#12215),
 .UNSPECIFIED.,.F.,.F.,(4,3,3,3,3,3,3,3,4),(0.,0.000651039595350744,0.00128910150369475,
0.00191052573864071,0.00245846759192853,0.00247421949752907,0.003435953557566,
0.00439854218351336,0.00494843899505814),.UNSPECIFIED.);
#356=B_SPLINE_CURVE_WITH_KNOTS('',3,(#12218,#12219,#12220,#12221,#12222,
#12223,#12224,#12225,#12226,#12227,#12228,#12229,#12230,#12231,#12232,#12233,
#12234,#12235,#12236,#12237,#12238,#12239,#12240,#12241,#12242),
 .UNSPECIFIED.,.F.,.F.,(4,3,3,3,3,3,3,3,4),(0.,0.000652221849139606,0.001291743158805,
0.00191498477955056,0.0024581714544606,0.00247413317360499,0.00359364567831571,
0.00462807875942434,0.00494826634720997),.UNSPECIFIED.);
#357=B_SPLINE_CURVE_WITH_KNOTS('',3,(#12246,#12247,#12248,#12249,#12250,
#12251,#12252,#12253,#12254,#12255,#12256,#12257,#12258,#12259,#12260,#12261,
#12262,#12263,#12264),.UNSPECIFIED.,.F.,.F.,(4,3,3,3,3,3,4),(2.71050543121376E-20,
0.000884874089293388,0.00172427869942364,0.0024741763003269,0.00330716634528089,
0.00418232872565005,0.0049483526006538),.UNSPECIFIED.);
#358=B_SPLINE_CURVE_WITH_KNOTS('',3,(#12267,#12268,#12269,#12270,#12271,
#12272,#12273,#12274,#12275,#12276,#12277,#12278,#12279,#12280,#12281,#12282,
#12283,#12284,#12285),.UNSPECIFIED.,.F.,.F.,(4,3,3,3,3,3,4),(0.,0.000884874089243672,
0.00172427869930554,0.0024741763003269,0.00330716634520401,0.00418232872551522,
0.0049483526006538),.UNSPECIFIED.);
#359=B_SPLINE_CURVE_WITH_KNOTS('',3,(#12615,#12616,#12617,#12618,#12619,
#12620,#12621,#12622,#12623,#12624,#12625,#12626,#12627,#12628),
 .UNSPECIFIED.,.F.,.F.,(4,2,2,2,2,2,4),(0.0357576186558073,0.0536140284240054,
0.0756000511168042,0.097586073809603,0.119572096502402,0.141558119195201,
0.159414528963339),.UNSPECIFIED.);
#360=B_SPLINE_CURVE_WITH_KNOTS('',3,(#12637,#12638,#12639,#12640,#12641,
#12642,#12643,#12644),.UNSPECIFIED.,.F.,.F.,(4,2,2,4),(0.0120867907359311,
0.0222775202698846,0.0325318503254156,0.0427861803809466),.UNSPECIFIED.);
#361=B_SPLINE_CURVE_WITH_KNOTS('',3,(#12646,#12647,#12648,#12649,#12650,
#12651,#12652,#12653),.UNSPECIFIED.,.F.,.F.,(4,2,2,4),(0.0427861803809466,
0.0530405104364776,0.0632948404920087,0.0734855700259622),.UNSPECIFIED.);
#362=B_SPLINE_CURVE_WITH_KNOTS('',3,(#12662,#12663,#12664,#12665,#12666,
#12667,#12668,#12669),.UNSPECIFIED.,.F.,.F.,(4,2,2,4),(0.0120867907359304,
0.0222775202698846,0.0325318503254156,0.0427861803809466),.UNSPECIFIED.);
#363=B_SPLINE_CURVE_WITH_KNOTS('',3,(#12671,#12672,#12673,#12674,#12675,
#12676,#12677,#12678),.UNSPECIFIED.,.F.,.F.,(4,2,2,4),(0.0427861803809466,
0.0530405104364776,0.0632948404920086,0.0734855700259616),.UNSPECIFIED.);
#364=B_SPLINE_CURVE_WITH_KNOTS('',3,(#12681,#12682,#12683,#12684,#12685,
#12686,#12687,#12688,#12689,#12690,#12691,#12692,#12693,#12694),
 .UNSPECIFIED.,.F.,.F.,(4,2,2,2,2,2,4),(-0.159414528963338,-0.141558119195201,
-0.119572096502402,-0.0975860738096032,-0.0756000511168043,-0.0536140284240055,
-0.0357576186558065),.UNSPECIFIED.);
#365=B_SPLINE_CURVE_WITH_KNOTS('',3,(#12719,#12720,#12721,#12722,#12723,
#12724,#12725,#12726),.UNSPECIFIED.,.F.,.F.,(4,2,2,4),(0.0120867907359308,
0.0222775202698846,0.0325318503254156,0.0427861803809466),.UNSPECIFIED.);
#366=B_SPLINE_CURVE_WITH_KNOTS('',3,(#12728,#12729,#12730,#12731,#12732,
#12733,#12734,#12735,#12736,#12737,#12738,#12739,#12740,#12741),
 .UNSPECIFIED.,.F.,.F.,(4,2,2,2,2,2,4),(-0.498771178715801,-0.480914768947664,
-0.458928746254865,-0.436942723562066,-0.414956700869268,-0.392970678176469,
-0.375114268408332),.UNSPECIFIED.);
#367=B_SPLINE_CURVE_WITH_KNOTS('',3,(#12742,#12743,#12744,#12745,#12746,
#12747,#12748,#12749),.UNSPECIFIED.,.F.,.F.,(4,2,2,4),(0.0427861803809466,
0.0530405104364776,0.0632948404920086,0.0734855700259616),.UNSPECIFIED.);
#368=B_SPLINE_CURVE_WITH_KNOTS('',3,(#12752,#12753,#12754,#12755,#12756,
#12757,#12758,#12759,#12760,#12761,#12762,#12763,#12764,#12765),
 .UNSPECIFIED.,.F.,.F.,(4,2,2,2,2,2,4),(-0.498771178715802,-0.480914768947664,
-0.458928746254865,-0.436942723562067,-0.414956700869268,-0.392970678176469,
-0.375114268408332),.UNSPECIFIED.);
#369=B_SPLINE_CURVE_WITH_KNOTS('',3,(#12766,#12767,#12768,#12769,#12770,
#12771,#12772,#12773),.UNSPECIFIED.,.F.,.F.,(4,2,2,4),(0.0427861803809466,
0.0530405104364776,0.0632948404920086,0.0734855700259622),.UNSPECIFIED.);
#370=B_SPLINE_CURVE_WITH_KNOTS('',3,(#12776,#12777,#12778,#12779,#12780,
#12781,#12782,#12783,#12784,#12785,#12786,#12787,#12788,#12789),
 .UNSPECIFIED.,.F.,.F.,(4,2,2,2,2,2,4),(-0.498771178715802,-0.480914768947664,
-0.458928746254865,-0.436942723562067,-0.414956700869268,-0.392970678176469,
-0.375114268408332),.UNSPECIFIED.);
#371=B_SPLINE_CURVE_WITH_KNOTS('',3,(#12790,#12791,#12792,#12793,#12794,
#12795,#12796,#12797),.UNSPECIFIED.,.F.,.F.,(4,2,2,4),(0.0120867907359308,
0.0222775202698846,0.0325318503254156,0.0427861803809466),.UNSPECIFIED.);
#372=B_SPLINE_CURVE_WITH_KNOTS('',3,(#12800,#12801,#12802,#12803,#12804,
#12805,#12806,#12807),.UNSPECIFIED.,.F.,.F.,(4,2,2,4),(0.012086790735931,
0.0222775202698846,0.0325318503254156,0.0427861803809466),.UNSPECIFIED.);
#373=B_SPLINE_CURVE_WITH_KNOTS('',3,(#12809,#12810,#12811,#12812,#12813,
#12814,#12815,#12816,#12817,#12818,#12819,#12820,#12821,#12822),
 .UNSPECIFIED.,.F.,.F.,(4,2,2,2,2,2,4),(-0.498771178715802,-0.480914768947664,
-0.458928746254865,-0.436942723562067,-0.414956700869268,-0.392970678176469,
-0.375114268408331),.UNSPECIFIED.);
#374=B_SPLINE_CURVE_WITH_KNOTS('',3,(#12823,#12824,#12825,#12826,#12827,
#12828,#12829,#12830),.UNSPECIFIED.,.F.,.F.,(4,2,2,4),(0.0427861803809466,
0.0530405104364776,0.0632948404920086,0.0734855700259625),.UNSPECIFIED.);
#375=B_SPLINE_CURVE_WITH_KNOTS('',3,(#12832,#12833,#12834,#12835,#12836,
#12837,#12838,#12839),.UNSPECIFIED.,.F.,.F.,(4,2,2,4),(0.0120867907359316,
0.0222775202698846,0.0325318503254156,0.0427861803809466),.UNSPECIFIED.);
#376=B_SPLINE_CURVE_WITH_KNOTS('',3,(#12840,#12841,#12842,#12843,#12844,
#12845,#12846,#12847),.UNSPECIFIED.,.F.,.F.,(4,2,2,4),(0.0427861803809466,
0.0530405104364776,0.0632948404920086,0.0734855700259624),.UNSPECIFIED.);
#377=FACE_BOUND('',#999,.T.);
#378=FACE_BOUND('',#1000,.T.);
#379=FACE_BOUND('',#1005,.T.);
#380=FACE_BOUND('',#1008,.T.);
#381=FACE_BOUND('',#1017,.T.);
#382=FACE_BOUND('',#1019,.T.);
#383=FACE_BOUND('',#1034,.T.);
#384=FACE_BOUND('',#1035,.T.);
#385=FACE_BOUND('',#1038,.T.);
#386=FACE_BOUND('',#1041,.T.);
#387=FACE_BOUND('',#1051,.T.);
#388=FACE_BOUND('',#1054,.T.);
#389=FACE_BOUND('',#1081,.T.);
#390=FACE_BOUND('',#1086,.T.);
#391=FACE_BOUND('',#1088,.T.);
#392=FACE_BOUND('',#1093,.T.);
#393=FACE_BOUND('',#1113,.T.);
#394=FACE_BOUND('',#1122,.T.);
#395=FACE_BOUND('',#1124,.T.);
#396=FACE_BOUND('',#1133,.T.);
#397=FACE_BOUND('',#1205,.T.);
#398=FACE_BOUND('',#1208,.T.);
#399=FACE_BOUND('',#1211,.T.);
#400=FACE_BOUND('',#1212,.T.);
#401=FACE_BOUND('',#1213,.T.);
#402=FACE_BOUND('',#1214,.T.);
#403=FACE_BOUND('',#1217,.T.);
#404=FACE_BOUND('',#1220,.T.);
#405=FACE_BOUND('',#1223,.T.);
#406=FACE_BOUND('',#1224,.T.);
#407=FACE_BOUND('',#1225,.T.);
#408=FACE_BOUND('',#1226,.T.);
#409=FACE_BOUND('',#1263,.T.);
#410=FACE_BOUND('',#1265,.T.);
#411=FACE_BOUND('',#1267,.T.);
#412=FACE_BOUND('',#1287,.T.);
#413=FACE_BOUND('',#1289,.T.);
#414=FACE_BOUND('',#1305,.T.);
#415=FACE_BOUND('',#1307,.T.);
#416=FACE_BOUND('',#1346,.T.);
#417=FACE_BOUND('',#1348,.T.);
#418=FACE_BOUND('',#1362,.T.);
#419=FACE_BOUND('',#1364,.T.);
#420=FACE_BOUND('',#1366,.T.);
#421=FACE_BOUND('',#1386,.T.);
#422=FACE_BOUND('',#1388,.T.);
#423=FACE_BOUND('',#1392,.T.);
#424=FACE_BOUND('',#1394,.T.);
#425=PLANE('',#6707);
#426=PLANE('',#6708);
#427=PLANE('',#6709);
#428=PLANE('',#6710);
#429=PLANE('',#6711);
#430=PLANE('',#6712);
#431=PLANE('',#6713);
#432=PLANE('',#6714);
#433=PLANE('',#6715);
#434=PLANE('',#6717);
#435=PLANE('',#6723);
#436=PLANE('',#6727);
#437=PLANE('',#6731);
#438=PLANE('',#6735);
#439=PLANE('',#6736);
#440=PLANE('',#6737);
#441=PLANE('',#6738);
#442=PLANE('',#6739);
#443=PLANE('',#6740);
#444=PLANE('',#6741);
#445=PLANE('',#6742);
#446=PLANE('',#6743);
#447=PLANE('',#6744);
#448=PLANE('',#6746);
#449=PLANE('',#6752);
#450=PLANE('',#6753);
#451=PLANE('',#6754);
#452=PLANE('',#6755);
#453=PLANE('',#6756);
#454=PLANE('',#6759);
#455=PLANE('',#6766);
#456=PLANE('',#6770);
#457=PLANE('',#6780);
#458=PLANE('',#6784);
#459=PLANE('',#6785);
#460=PLANE('',#6786);
#461=PLANE('',#6787);
#462=PLANE('',#6788);
#463=PLANE('',#6789);
#464=PLANE('',#6790);
#465=PLANE('',#6791);
#466=PLANE('',#6792);
#467=PLANE('',#6793);
#468=PLANE('',#6796);
#469=PLANE('',#6804);
#470=PLANE('',#6805);
#471=PLANE('',#6806);
#472=PLANE('',#6807);
#473=PLANE('',#6814);
#474=PLANE('',#6818);
#475=PLANE('',#6822);
#476=PLANE('',#6826);
#477=PLANE('',#6834);
#478=PLANE('',#6838);
#479=PLANE('',#6842);
#480=PLANE('',#6843);
#481=PLANE('',#6844);
#482=PLANE('',#6845);
#483=PLANE('',#6850);
#484=PLANE('',#6851);
#485=PLANE('',#6852);
#486=PLANE('',#6854);
#487=PLANE('',#6856);
#488=PLANE('',#6857);
#489=PLANE('',#6859);
#490=PLANE('',#6861);
#491=PLANE('',#6871);
#492=PLANE('',#6880);
#493=PLANE('',#6886);
#494=PLANE('',#6887);
#495=PLANE('',#6888);
#496=PLANE('',#6893);
#497=PLANE('',#6894);
#498=PLANE('',#6898);
#499=PLANE('',#6904);
#500=PLANE('',#6906);
#501=PLANE('',#6908);
#502=PLANE('',#6910);
#503=PLANE('',#6912);
#504=PLANE('',#6913);
#505=PLANE('',#6915);
#506=PLANE('',#6917);
#507=PLANE('',#6919);
#508=PLANE('',#6921);
#509=PLANE('',#6922);
#510=PLANE('',#6923);
#511=PLANE('',#6928);
#512=PLANE('',#6929);
#513=PLANE('',#6930);
#514=PLANE('',#6931);
#515=PLANE('',#6932);
#516=PLANE('',#6933);
#517=PLANE('',#6938);
#518=PLANE('',#6939);
#519=PLANE('',#6940);
#520=PLANE('',#6941);
#521=PLANE('',#6942);
#522=PLANE('',#6944);
#523=PLANE('',#6946);
#524=PLANE('',#6947);
#525=PLANE('',#6949);
#526=PLANE('',#6951);
#527=PLANE('',#6952);
#528=PLANE('',#6953);
#529=PLANE('',#6957);
#530=PLANE('',#6958);
#531=PLANE('',#6959);
#532=PLANE('',#6964);
#533=PLANE('',#6965);
#534=PLANE('',#6969);
#535=PLANE('',#6970);
#536=PLANE('',#6971);
#537=PLANE('',#6976);
#538=PLANE('',#6978);
#539=PLANE('',#6980);
#540=PLANE('',#6981);
#541=PLANE('',#6983);
#542=PLANE('',#6985);
#543=PLANE('',#6993);
#544=PLANE('',#6996);
#545=PLANE('',#6997);
#546=PLANE('',#7000);
#547=PLANE('',#7001);
#548=PLANE('',#7004);
#549=PLANE('',#7005);
#550=PLANE('',#7008);
#551=PLANE('',#7009);
#552=PLANE('',#7014);
#553=PLANE('',#7015);
#554=PLANE('',#7021);
#555=PLANE('',#7027);
#556=PLANE('',#7032);
#557=PLANE('',#7033);
#558=PLANE('',#7039);
#559=PLANE('',#7045);
#560=PLANE('',#7046);
#561=PLANE('',#7048);
#562=PLANE('',#7050);
#563=PLANE('',#7052);
#564=PLANE('',#7054);
#565=PLANE('',#7060);
#566=PLANE('',#7062);
#567=PLANE('',#7064);
#568=PLANE('',#7066);
#569=PLANE('',#7104);
#570=PLANE('',#7110);
#571=PLANE('',#7111);
#572=PLANE('',#7117);
#573=PLANE('',#7143);
#574=PLANE('',#7144);
#575=PLANE('',#7196);
#576=PLANE('',#7197);
#577=PLANE('',#7198);
#578=PLANE('',#7199);
#579=PLANE('',#7200);
#580=PLANE('',#7201);
#581=PLANE('',#7202);
#582=PLANE('',#7203);
#583=PLANE('',#7252);
#584=PLANE('',#7253);
#585=PLANE('',#7291);
#586=PLANE('',#7297);
#587=PLANE('',#7298);
#588=PLANE('',#7304);
#589=PLANE('',#7330);
#590=PLANE('',#7331);
#591=PLANE('',#7339);
#592=PLANE('',#7340);
#593=FACE_OUTER_BOUND('',#970,.T.);
#594=FACE_OUTER_BOUND('',#971,.T.);
#595=FACE_OUTER_BOUND('',#972,.T.);
#596=FACE_OUTER_BOUND('',#973,.T.);
#597=FACE_OUTER_BOUND('',#974,.T.);
#598=FACE_OUTER_BOUND('',#975,.T.);
#599=FACE_OUTER_BOUND('',#976,.T.);
#600=FACE_OUTER_BOUND('',#977,.T.);
#601=FACE_OUTER_BOUND('',#978,.T.);
#602=FACE_OUTER_BOUND('',#979,.T.);
#603=FACE_OUTER_BOUND('',#980,.T.);
#604=FACE_OUTER_BOUND('',#981,.T.);
#605=FACE_OUTER_BOUND('',#982,.T.);
#606=FACE_OUTER_BOUND('',#983,.T.);
#607=FACE_OUTER_BOUND('',#984,.T.);
#608=FACE_OUTER_BOUND('',#985,.T.);
#609=FACE_OUTER_BOUND('',#986,.T.);
#610=FACE_OUTER_BOUND('',#987,.T.);
#611=FACE_OUTER_BOUND('',#988,.T.);
#612=FACE_OUTER_BOUND('',#989,.T.);
#613=FACE_OUTER_BOUND('',#990,.T.);
#614=FACE_OUTER_BOUND('',#991,.T.);
#615=FACE_OUTER_BOUND('',#992,.T.);
#616=FACE_OUTER_BOUND('',#993,.T.);
#617=FACE_OUTER_BOUND('',#994,.T.);
#618=FACE_OUTER_BOUND('',#995,.T.);
#619=FACE_OUTER_BOUND('',#996,.T.);
#620=FACE_OUTER_BOUND('',#997,.T.);
#621=FACE_OUTER_BOUND('',#998,.T.);
#622=FACE_OUTER_BOUND('',#1001,.T.);
#623=FACE_OUTER_BOUND('',#1002,.T.);
#624=FACE_OUTER_BOUND('',#1003,.T.);
#625=FACE_OUTER_BOUND('',#1004,.T.);
#626=FACE_OUTER_BOUND('',#1006,.T.);
#627=FACE_OUTER_BOUND('',#1007,.T.);
#628=FACE_OUTER_BOUND('',#1009,.T.);
#629=FACE_OUTER_BOUND('',#1010,.T.);
#630=FACE_OUTER_BOUND('',#1011,.T.);
#631=FACE_OUTER_BOUND('',#1012,.T.);
#632=FACE_OUTER_BOUND('',#1013,.T.);
#633=FACE_OUTER_BOUND('',#1014,.T.);
#634=FACE_OUTER_BOUND('',#1015,.T.);
#635=FACE_OUTER_BOUND('',#1016,.T.);
#636=FACE_OUTER_BOUND('',#1018,.T.);
#637=FACE_OUTER_BOUND('',#1020,.T.);
#638=FACE_OUTER_BOUND('',#1021,.T.);
#639=FACE_OUTER_BOUND('',#1022,.T.);
#640=FACE_OUTER_BOUND('',#1023,.T.);
#641=FACE_OUTER_BOUND('',#1024,.T.);
#642=FACE_OUTER_BOUND('',#1025,.T.);
#643=FACE_OUTER_BOUND('',#1026,.T.);
#644=FACE_OUTER_BOUND('',#1027,.T.);
#645=FACE_OUTER_BOUND('',#1028,.T.);
#646=FACE_OUTER_BOUND('',#1029,.T.);
#647=FACE_OUTER_BOUND('',#1030,.T.);
#648=FACE_OUTER_BOUND('',#1031,.T.);
#649=FACE_OUTER_BOUND('',#1032,.T.);
#650=FACE_OUTER_BOUND('',#1033,.T.);
#651=FACE_OUTER_BOUND('',#1036,.T.);
#652=FACE_OUTER_BOUND('',#1037,.T.);
#653=FACE_OUTER_BOUND('',#1039,.T.);
#654=FACE_OUTER_BOUND('',#1040,.T.);
#655=FACE_OUTER_BOUND('',#1042,.T.);
#656=FACE_OUTER_BOUND('',#1043,.T.);
#657=FACE_OUTER_BOUND('',#1044,.T.);
#658=FACE_OUTER_BOUND('',#1045,.T.);
#659=FACE_OUTER_BOUND('',#1046,.T.);
#660=FACE_OUTER_BOUND('',#1047,.T.);
#661=FACE_OUTER_BOUND('',#1048,.T.);
#662=FACE_OUTER_BOUND('',#1049,.T.);
#663=FACE_OUTER_BOUND('',#1050,.T.);
#664=FACE_OUTER_BOUND('',#1052,.T.);
#665=FACE_OUTER_BOUND('',#1053,.T.);
#666=FACE_OUTER_BOUND('',#1055,.T.);
#667=FACE_OUTER_BOUND('',#1056,.T.);
#668=FACE_OUTER_BOUND('',#1057,.T.);
#669=FACE_OUTER_BOUND('',#1058,.T.);
#670=FACE_OUTER_BOUND('',#1059,.T.);
#671=FACE_OUTER_BOUND('',#1060,.T.);
#672=FACE_OUTER_BOUND('',#1061,.T.);
#673=FACE_OUTER_BOUND('',#1062,.T.);
#674=FACE_OUTER_BOUND('',#1063,.T.);
#675=FACE_OUTER_BOUND('',#1064,.T.);
#676=FACE_OUTER_BOUND('',#1065,.T.);
#677=FACE_OUTER_BOUND('',#1066,.T.);
#678=FACE_OUTER_BOUND('',#1067,.T.);
#679=FACE_OUTER_BOUND('',#1068,.T.);
#680=FACE_OUTER_BOUND('',#1069,.T.);
#681=FACE_OUTER_BOUND('',#1070,.T.);
#682=FACE_OUTER_BOUND('',#1071,.T.);
#683=FACE_OUTER_BOUND('',#1072,.T.);
#684=FACE_OUTER_BOUND('',#1073,.T.);
#685=FACE_OUTER_BOUND('',#1074,.T.);
#686=FACE_OUTER_BOUND('',#1075,.T.);
#687=FACE_OUTER_BOUND('',#1076,.T.);
#688=FACE_OUTER_BOUND('',#1077,.T.);
#689=FACE_OUTER_BOUND('',#1078,.T.);
#690=FACE_OUTER_BOUND('',#1079,.T.);
#691=FACE_OUTER_BOUND('',#1080,.T.);
#692=FACE_OUTER_BOUND('',#1082,.T.);
#693=FACE_OUTER_BOUND('',#1083,.T.);
#694=FACE_OUTER_BOUND('',#1084,.T.);
#695=FACE_OUTER_BOUND('',#1085,.T.);
#696=FACE_OUTER_BOUND('',#1087,.T.);
#697=FACE_OUTER_BOUND('',#1089,.T.);
#698=FACE_OUTER_BOUND('',#1090,.T.);
#699=FACE_OUTER_BOUND('',#1091,.T.);
#700=FACE_OUTER_BOUND('',#1092,.T.);
#701=FACE_OUTER_BOUND('',#1094,.T.);
#702=FACE_OUTER_BOUND('',#1095,.T.);
#703=FACE_OUTER_BOUND('',#1096,.T.);
#704=FACE_OUTER_BOUND('',#1097,.T.);
#705=FACE_OUTER_BOUND('',#1098,.T.);
#706=FACE_OUTER_BOUND('',#1099,.T.);
#707=FACE_OUTER_BOUND('',#1100,.T.);
#708=FACE_OUTER_BOUND('',#1101,.T.);
#709=FACE_OUTER_BOUND('',#1102,.T.);
#710=FACE_OUTER_BOUND('',#1103,.T.);
#711=FACE_OUTER_BOUND('',#1104,.T.);
#712=FACE_OUTER_BOUND('',#1105,.T.);
#713=FACE_OUTER_BOUND('',#1106,.T.);
#714=FACE_OUTER_BOUND('',#1107,.T.);
#715=FACE_OUTER_BOUND('',#1108,.T.);
#716=FACE_OUTER_BOUND('',#1109,.T.);
#717=FACE_OUTER_BOUND('',#1110,.T.);
#718=FACE_OUTER_BOUND('',#1111,.T.);
#719=FACE_OUTER_BOUND('',#1112,.T.);
#720=FACE_OUTER_BOUND('',#1114,.T.);
#721=FACE_OUTER_BOUND('',#1115,.T.);
#722=FACE_OUTER_BOUND('',#1116,.T.);
#723=FACE_OUTER_BOUND('',#1117,.T.);
#724=FACE_OUTER_BOUND('',#1118,.T.);
#725=FACE_OUTER_BOUND('',#1119,.T.);
#726=FACE_OUTER_BOUND('',#1120,.T.);
#727=FACE_OUTER_BOUND('',#1121,.T.);
#728=FACE_OUTER_BOUND('',#1123,.T.);
#729=FACE_OUTER_BOUND('',#1125,.T.);
#730=FACE_OUTER_BOUND('',#1126,.T.);
#731=FACE_OUTER_BOUND('',#1127,.T.);
#732=FACE_OUTER_BOUND('',#1128,.T.);
#733=FACE_OUTER_BOUND('',#1129,.T.);
#734=FACE_OUTER_BOUND('',#1130,.T.);
#735=FACE_OUTER_BOUND('',#1131,.T.);
#736=FACE_OUTER_BOUND('',#1132,.T.);
#737=FACE_OUTER_BOUND('',#1134,.T.);
#738=FACE_OUTER_BOUND('',#1135,.T.);
#739=FACE_OUTER_BOUND('',#1136,.T.);
#740=FACE_OUTER_BOUND('',#1137,.T.);
#741=FACE_OUTER_BOUND('',#1138,.T.);
#742=FACE_OUTER_BOUND('',#1139,.T.);
#743=FACE_OUTER_BOUND('',#1140,.T.);
#744=FACE_OUTER_BOUND('',#1141,.T.);
#745=FACE_OUTER_BOUND('',#1142,.T.);
#746=FACE_OUTER_BOUND('',#1143,.T.);
#747=FACE_OUTER_BOUND('',#1144,.T.);
#748=FACE_OUTER_BOUND('',#1145,.T.);
#749=FACE_OUTER_BOUND('',#1146,.T.);
#750=FACE_OUTER_BOUND('',#1147,.T.);
#751=FACE_OUTER_BOUND('',#1148,.T.);
#752=FACE_OUTER_BOUND('',#1149,.T.);
#753=FACE_OUTER_BOUND('',#1150,.T.);
#754=FACE_OUTER_BOUND('',#1151,.T.);
#755=FACE_OUTER_BOUND('',#1152,.T.);
#756=FACE_OUTER_BOUND('',#1153,.T.);
#757=FACE_OUTER_BOUND('',#1154,.T.);
#758=FACE_OUTER_BOUND('',#1155,.T.);
#759=FACE_OUTER_BOUND('',#1156,.T.);
#760=FACE_OUTER_BOUND('',#1157,.T.);
#761=FACE_OUTER_BOUND('',#1158,.T.);
#762=FACE_OUTER_BOUND('',#1159,.T.);
#763=FACE_OUTER_BOUND('',#1160,.T.);
#764=FACE_OUTER_BOUND('',#1161,.T.);
#765=FACE_OUTER_BOUND('',#1162,.T.);
#766=FACE_OUTER_BOUND('',#1163,.T.);
#767=FACE_OUTER_BOUND('',#1164,.T.);
#768=FACE_OUTER_BOUND('',#1165,.T.);
#769=FACE_OUTER_BOUND('',#1166,.T.);
#770=FACE_OUTER_BOUND('',#1167,.T.);
#771=FACE_OUTER_BOUND('',#1168,.T.);
#772=FACE_OUTER_BOUND('',#1169,.T.);
#773=FACE_OUTER_BOUND('',#1170,.T.);
#774=FACE_OUTER_BOUND('',#1171,.T.);
#775=FACE_OUTER_BOUND('',#1172,.T.);
#776=FACE_OUTER_BOUND('',#1173,.T.);
#777=FACE_OUTER_BOUND('',#1174,.T.);
#778=FACE_OUTER_BOUND('',#1175,.T.);
#779=FACE_OUTER_BOUND('',#1176,.T.);
#780=FACE_OUTER_BOUND('',#1177,.T.);
#781=FACE_OUTER_BOUND('',#1178,.T.);
#782=FACE_OUTER_BOUND('',#1179,.T.);
#783=FACE_OUTER_BOUND('',#1180,.T.);
#784=FACE_OUTER_BOUND('',#1181,.T.);
#785=FACE_OUTER_BOUND('',#1182,.T.);
#786=FACE_OUTER_BOUND('',#1183,.T.);
#787=FACE_OUTER_BOUND('',#1184,.T.);
#788=FACE_OUTER_BOUND('',#1185,.T.);
#789=FACE_OUTER_BOUND('',#1186,.T.);
#790=FACE_OUTER_BOUND('',#1187,.T.);
#791=FACE_OUTER_BOUND('',#1188,.T.);
#792=FACE_OUTER_BOUND('',#1189,.T.);
#793=FACE_OUTER_BOUND('',#1190,.T.);
#794=FACE_OUTER_BOUND('',#1191,.T.);
#795=FACE_OUTER_BOUND('',#1192,.T.);
#796=FACE_OUTER_BOUND('',#1193,.T.);
#797=FACE_OUTER_BOUND('',#1194,.T.);
#798=FACE_OUTER_BOUND('',#1195,.T.);
#799=FACE_OUTER_BOUND('',#1196,.T.);
#800=FACE_OUTER_BOUND('',#1197,.T.);
#801=FACE_OUTER_BOUND('',#1198,.T.);
#802=FACE_OUTER_BOUND('',#1199,.T.);
#803=FACE_OUTER_BOUND('',#1200,.T.);
#804=FACE_OUTER_BOUND('',#1201,.T.);
#805=FACE_OUTER_BOUND('',#1202,.T.);
#806=FACE_OUTER_BOUND('',#1203,.T.);
#807=FACE_OUTER_BOUND('',#1204,.T.);
#808=FACE_OUTER_BOUND('',#1206,.T.);
#809=FACE_OUTER_BOUND('',#1207,.T.);
#810=FACE_OUTER_BOUND('',#1209,.T.);
#811=FACE_OUTER_BOUND('',#1210,.T.);
#812=FACE_OUTER_BOUND('',#1215,.T.);
#813=FACE_OUTER_BOUND('',#1216,.T.);
#814=FACE_OUTER_BOUND('',#1218,.T.);
#815=FACE_OUTER_BOUND('',#1219,.T.);
#816=FACE_OUTER_BOUND('',#1221,.T.);
#817=FACE_OUTER_BOUND('',#1222,.T.);
#818=FACE_OUTER_BOUND('',#1227,.T.);
#819=FACE_OUTER_BOUND('',#1228,.T.);
#820=FACE_OUTER_BOUND('',#1229,.T.);
#821=FACE_OUTER_BOUND('',#1230,.T.);
#822=FACE_OUTER_BOUND('',#1231,.T.);
#823=FACE_OUTER_BOUND('',#1232,.T.);
#824=FACE_OUTER_BOUND('',#1233,.T.);
#825=FACE_OUTER_BOUND('',#1234,.T.);
#826=FACE_OUTER_BOUND('',#1235,.T.);
#827=FACE_OUTER_BOUND('',#1236,.T.);
#828=FACE_OUTER_BOUND('',#1237,.T.);
#829=FACE_OUTER_BOUND('',#1238,.T.);
#830=FACE_OUTER_BOUND('',#1239,.T.);
#831=FACE_OUTER_BOUND('',#1240,.T.);
#832=FACE_OUTER_BOUND('',#1241,.T.);
#833=FACE_OUTER_BOUND('',#1242,.T.);
#834=FACE_OUTER_BOUND('',#1243,.T.);
#835=FACE_OUTER_BOUND('',#1244,.T.);
#836=FACE_OUTER_BOUND('',#1245,.T.);
#837=FACE_OUTER_BOUND('',#1246,.T.);
#838=FACE_OUTER_BOUND('',#1247,.T.);
#839=FACE_OUTER_BOUND('',#1248,.T.);
#840=FACE_OUTER_BOUND('',#1249,.T.);
#841=FACE_OUTER_BOUND('',#1250,.T.);
#842=FACE_OUTER_BOUND('',#1251,.T.);
#843=FACE_OUTER_BOUND('',#1252,.T.);
#844=FACE_OUTER_BOUND('',#1253,.T.);
#845=FACE_OUTER_BOUND('',#1254,.T.);
#846=FACE_OUTER_BOUND('',#1255,.T.);
#847=FACE_OUTER_BOUND('',#1256,.T.);
#848=FACE_OUTER_BOUND('',#1257,.T.);
#849=FACE_OUTER_BOUND('',#1258,.T.);
#850=FACE_OUTER_BOUND('',#1259,.T.);
#851=FACE_OUTER_BOUND('',#1260,.T.);
#852=FACE_OUTER_BOUND('',#1261,.T.);
#853=FACE_OUTER_BOUND('',#1262,.T.);
#854=FACE_OUTER_BOUND('',#1264,.T.);
#855=FACE_OUTER_BOUND('',#1266,.T.);
#856=FACE_OUTER_BOUND('',#1268,.T.);
#857=FACE_OUTER_BOUND('',#1269,.T.);
#858=FACE_OUTER_BOUND('',#1270,.T.);
#859=FACE_OUTER_BOUND('',#1271,.T.);
#860=FACE_OUTER_BOUND('',#1272,.T.);
#861=FACE_OUTER_BOUND('',#1273,.T.);
#862=FACE_OUTER_BOUND('',#1274,.T.);
#863=FACE_OUTER_BOUND('',#1275,.T.);
#864=FACE_OUTER_BOUND('',#1276,.T.);
#865=FACE_OUTER_BOUND('',#1277,.T.);
#866=FACE_OUTER_BOUND('',#1278,.T.);
#867=FACE_OUTER_BOUND('',#1279,.T.);
#868=FACE_OUTER_BOUND('',#1280,.T.);
#869=FACE_OUTER_BOUND('',#1281,.T.);
#870=FACE_OUTER_BOUND('',#1282,.T.);
#871=FACE_OUTER_BOUND('',#1283,.T.);
#872=FACE_OUTER_BOUND('',#1284,.T.);
#873=FACE_OUTER_BOUND('',#1285,.T.);
#874=FACE_OUTER_BOUND('',#1286,.T.);
#875=FACE_OUTER_BOUND('',#1288,.T.);
#876=FACE_OUTER_BOUND('',#1290,.T.);
#877=FACE_OUTER_BOUND('',#1291,.T.);
#878=FACE_OUTER_BOUND('',#1292,.T.);
#879=FACE_OUTER_BOUND('',#1293,.T.);
#880=FACE_OUTER_BOUND('',#1294,.T.);
#881=FACE_OUTER_BOUND('',#1295,.T.);
#882=FACE_OUTER_BOUND('',#1296,.T.);
#883=FACE_OUTER_BOUND('',#1297,.T.);
#884=FACE_OUTER_BOUND('',#1298,.T.);
#885=FACE_OUTER_BOUND('',#1299,.T.);
#886=FACE_OUTER_BOUND('',#1300,.T.);
#887=FACE_OUTER_BOUND('',#1301,.T.);
#888=FACE_OUTER_BOUND('',#1302,.T.);
#889=FACE_OUTER_BOUND('',#1303,.T.);
#890=FACE_OUTER_BOUND('',#1304,.T.);
#891=FACE_OUTER_BOUND('',#1306,.T.);
#892=FACE_OUTER_BOUND('',#1308,.T.);
#893=FACE_OUTER_BOUND('',#1309,.T.);
#894=FACE_OUTER_BOUND('',#1310,.T.);
#895=FACE_OUTER_BOUND('',#1311,.T.);
#896=FACE_OUTER_BOUND('',#1312,.T.);
#897=FACE_OUTER_BOUND('',#1313,.T.);
#898=FACE_OUTER_BOUND('',#1314,.T.);
#899=FACE_OUTER_BOUND('',#1315,.T.);
#900=FACE_OUTER_BOUND('',#1316,.T.);
#901=FACE_OUTER_BOUND('',#1317,.T.);
#902=FACE_OUTER_BOUND('',#1318,.T.);
#903=FACE_OUTER_BOUND('',#1319,.T.);
#904=FACE_OUTER_BOUND('',#1320,.T.);
#905=FACE_OUTER_BOUND('',#1321,.T.);
#906=FACE_OUTER_BOUND('',#1322,.T.);
#907=FACE_OUTER_BOUND('',#1323,.T.);
#908=FACE_OUTER_BOUND('',#1324,.T.);
#909=FACE_OUTER_BOUND('',#1325,.T.);
#910=FACE_OUTER_BOUND('',#1326,.T.);
#911=FACE_OUTER_BOUND('',#1327,.T.);
#912=FACE_OUTER_BOUND('',#1328,.T.);
#913=FACE_OUTER_BOUND('',#1329,.T.);
#914=FACE_OUTER_BOUND('',#1330,.T.);
#915=FACE_OUTER_BOUND('',#1331,.T.);
#916=FACE_OUTER_BOUND('',#1332,.T.);
#917=FACE_OUTER_BOUND('',#1333,.T.);
#918=FACE_OUTER_BOUND('',#1334,.T.);
#919=FACE_OUTER_BOUND('',#1335,.T.);
#920=FACE_OUTER_BOUND('',#1336,.T.);
#921=FACE_OUTER_BOUND('',#1337,.T.);
#922=FACE_OUTER_BOUND('',#1338,.T.);
#923=FACE_OUTER_BOUND('',#1339,.T.);
#924=FACE_OUTER_BOUND('',#1340,.T.);
#925=FACE_OUTER_BOUND('',#1341,.T.);
#926=FACE_OUTER_BOUND('',#1342,.T.);
#927=FACE_OUTER_BOUND('',#1343,.T.);
#928=FACE_OUTER_BOUND('',#1344,.T.);
#929=FACE_OUTER_BOUND('',#1345,.T.);
#930=FACE_OUTER_BOUND('',#1347,.T.);
#931=FACE_OUTER_BOUND('',#1349,.T.);
#932=FACE_OUTER_BOUND('',#1350,.T.);
#933=FACE_OUTER_BOUND('',#1351,.T.);
#934=FACE_OUTER_BOUND('',#1352,.T.);
#935=FACE_OUTER_BOUND('',#1353,.T.);
#936=FACE_OUTER_BOUND('',#1354,.T.);
#937=FACE_OUTER_BOUND('',#1355,.T.);
#938=FACE_OUTER_BOUND('',#1356,.T.);
#939=FACE_OUTER_BOUND('',#1357,.T.);
#940=FACE_OUTER_BOUND('',#1358,.T.);
#941=FACE_OUTER_BOUND('',#1359,.T.);
#942=FACE_OUTER_BOUND('',#1360,.T.);
#943=FACE_OUTER_BOUND('',#1361,.T.);
#944=FACE_OUTER_BOUND('',#1363,.T.);
#945=FACE_OUTER_BOUND('',#1365,.T.);
#946=FACE_OUTER_BOUND('',#1367,.T.);
#947=FACE_OUTER_BOUND('',#1368,.T.);
#948=FACE_OUTER_BOUND('',#1369,.T.);
#949=FACE_OUTER_BOUND('',#1370,.T.);
#950=FACE_OUTER_BOUND('',#1371,.T.);
#951=FACE_OUTER_BOUND('',#1372,.T.);
#952=FACE_OUTER_BOUND('',#1373,.T.);
#953=FACE_OUTER_BOUND('',#1374,.T.);
#954=FACE_OUTER_BOUND('',#1375,.T.);
#955=FACE_OUTER_BOUND('',#1376,.T.);
#956=FACE_OUTER_BOUND('',#1377,.T.);
#957=FACE_OUTER_BOUND('',#1378,.T.);
#958=FACE_OUTER_BOUND('',#1379,.T.);
#959=FACE_OUTER_BOUND('',#1380,.T.);
#960=FACE_OUTER_BOUND('',#1381,.T.);
#961=FACE_OUTER_BOUND('',#1382,.T.);
#962=FACE_OUTER_BOUND('',#1383,.T.);
#963=FACE_OUTER_BOUND('',#1384,.T.);
#964=FACE_OUTER_BOUND('',#1385,.T.);
#965=FACE_OUTER_BOUND('',#1387,.T.);
#966=FACE_OUTER_BOUND('',#1389,.T.);
#967=FACE_OUTER_BOUND('',#1390,.T.);
#968=FACE_OUTER_BOUND('',#1391,.T.);
#969=FACE_OUTER_BOUND('',#1393,.T.);
#970=EDGE_LOOP('',(#4210,#4211,#4212,#4213));
#971=EDGE_LOOP('',(#4214,#4215,#4216,#4217));
#972=EDGE_LOOP('',(#4218,#4219,#4220,#4221));
#973=EDGE_LOOP('',(#4222,#4223,#4224,#4225));
#974=EDGE_LOOP('',(#4226,#4227,#4228,#4229));
#975=EDGE_LOOP('',(#4230,#4231,#4232,#4233));
#976=EDGE_LOOP('',(#4234,#4235,#4236,#4237,#4238,#4239));
#977=EDGE_LOOP('',(#4240,#4241,#4242,#4243,#4244,#4245,#4246,#4247,#4248,
#4249,#4250,#4251));
#978=EDGE_LOOP('',(#4252,#4253,#4254,#4255,#4256,#4257,#4258,#4259,#4260,
#4261,#4262,#4263));
#979=EDGE_LOOP('',(#4264,#4265,#4266,#4267));
#980=EDGE_LOOP('',(#4268,#4269,#4270,#4271));
#981=EDGE_LOOP('',(#4272,#4273,#4274,#4275));
#982=EDGE_LOOP('',(#4276,#4277,#4278,#4279));
#983=EDGE_LOOP('',(#4280,#4281,#4282,#4283));
#984=EDGE_LOOP('',(#4284,#4285,#4286,#4287));
#985=EDGE_LOOP('',(#4288,#4289,#4290,#4291));
#986=EDGE_LOOP('',(#4292,#4293,#4294,#4295));
#987=EDGE_LOOP('',(#4296,#4297,#4298,#4299));
#988=EDGE_LOOP('',(#4300,#4301,#4302,#4303));
#989=EDGE_LOOP('',(#4304,#4305,#4306,#4307));
#990=EDGE_LOOP('',(#4308,#4309,#4310,#4311));
#991=EDGE_LOOP('',(#4312,#4313,#4314,#4315));
#992=EDGE_LOOP('',(#4316,#4317,#4318,#4319));
#993=EDGE_LOOP('',(#4320,#4321,#4322,#4323));
#994=EDGE_LOOP('',(#4324,#4325,#4326,#4327));
#995=EDGE_LOOP('',(#4328,#4329,#4330,#4331,#4332,#4333));
#996=EDGE_LOOP('',(#4334,#4335,#4336,#4337));
#997=EDGE_LOOP('',(#4338,#4339,#4340,#4341));
#998=EDGE_LOOP('',(#4342,#4343,#4344,#4345,#4346,#4347,#4348,#4349,#4350,
#4351,#4352,#4353,#4354));
#999=EDGE_LOOP('',(#4355));
#1000=EDGE_LOOP('',(#4356));
#1001=EDGE_LOOP('',(#4357,#4358,#4359,#4360));
#1002=EDGE_LOOP('',(#4361,#4362,#4363,#4364,#4365));
#1003=EDGE_LOOP('',(#4366,#4367,#4368,#4369));
#1004=EDGE_LOOP('',(#4370,#4371,#4372,#4373,#4374,#4375,#4376));
#1005=EDGE_LOOP('',(#4377));
#1006=EDGE_LOOP('',(#4378,#4379,#4380,#4381));
#1007=EDGE_LOOP('',(#4382,#4383,#4384,#4385,#4386,#4387,#4388,#4389,#4390));
#1008=EDGE_LOOP('',(#4391));
#1009=EDGE_LOOP('',(#4392,#4393,#4394,#4395));
#1010=EDGE_LOOP('',(#4396,#4397,#4398,#4399));
#1011=EDGE_LOOP('',(#4400,#4401,#4402,#4403));
#1012=EDGE_LOOP('',(#4404,#4405,#4406,#4407));
#1013=EDGE_LOOP('',(#4408,#4409,#4410,#4411));
#1014=EDGE_LOOP('',(#4412,#4413,#4414,#4415));
#1015=EDGE_LOOP('',(#4416,#4417,#4418,#4419));
#1016=EDGE_LOOP('',(#4420,#4421,#4422,#4423));
#1017=EDGE_LOOP('',(#4424));
#1018=EDGE_LOOP('',(#4425,#4426,#4427,#4428));
#1019=EDGE_LOOP('',(#4429));
#1020=EDGE_LOOP('',(#4430,#4431,#4432,#4433));
#1021=EDGE_LOOP('',(#4434,#4435,#4436,#4437));
#1022=EDGE_LOOP('',(#4438,#4439,#4440,#4441));
#1023=EDGE_LOOP('',(#4442,#4443,#4444,#4445));
#1024=EDGE_LOOP('',(#4446,#4447,#4448,#4449));
#1025=EDGE_LOOP('',(#4450,#4451,#4452,#4453));
#1026=EDGE_LOOP('',(#4454,#4455,#4456,#4457));
#1027=EDGE_LOOP('',(#4458,#4459,#4460,#4461));
#1028=EDGE_LOOP('',(#4462,#4463,#4464,#4465));
#1029=EDGE_LOOP('',(#4466,#4467,#4468,#4469,#4470,#4471));
#1030=EDGE_LOOP('',(#4472,#4473,#4474,#4475));
#1031=EDGE_LOOP('',(#4476,#4477,#4478,#4479));
#1032=EDGE_LOOP('',(#4480,#4481,#4482,#4483,#4484,#4485));
#1033=EDGE_LOOP('',(#4486,#4487,#4488,#4489,#4490,#4491,#4492,#4493,#4494,
#4495,#4496,#4497,#4498));
#1034=EDGE_LOOP('',(#4499));
#1035=EDGE_LOOP('',(#4500));
#1036=EDGE_LOOP('',(#4501,#4502,#4503,#4504));
#1037=EDGE_LOOP('',(#4505,#4506,#4507,#4508,#4509,#4510,#4511,#4512,#4513));
#1038=EDGE_LOOP('',(#4514));
#1039=EDGE_LOOP('',(#4515,#4516,#4517,#4518));
#1040=EDGE_LOOP('',(#4519,#4520,#4521,#4522,#4523,#4524,#4525,#4526));
#1041=EDGE_LOOP('',(#4527));
#1042=EDGE_LOOP('',(#4528,#4529,#4530,#4531,#4532,#4533));
#1043=EDGE_LOOP('',(#4534,#4535,#4536,#4537,#4538,#4539));
#1044=EDGE_LOOP('',(#4540,#4541,#4542,#4543));
#1045=EDGE_LOOP('',(#4544,#4545,#4546,#4547));
#1046=EDGE_LOOP('',(#4548,#4549,#4550,#4551));
#1047=EDGE_LOOP('',(#4552,#4553,#4554,#4555));
#1048=EDGE_LOOP('',(#4556,#4557,#4558,#4559));
#1049=EDGE_LOOP('',(#4560,#4561,#4562,#4563));
#1050=EDGE_LOOP('',(#4564,#4565,#4566,#4567));
#1051=EDGE_LOOP('',(#4568));
#1052=EDGE_LOOP('',(#4569,#4570,#4571,#4572));
#1053=EDGE_LOOP('',(#4573,#4574,#4575,#4576));
#1054=EDGE_LOOP('',(#4577));
#1055=EDGE_LOOP('',(#4578,#4579,#4580,#4581));
#1056=EDGE_LOOP('',(#4582,#4583,#4584,#4585));
#1057=EDGE_LOOP('',(#4586,#4587,#4588,#4589));
#1058=EDGE_LOOP('',(#4590,#4591,#4592,#4593));
#1059=EDGE_LOOP('',(#4594,#4595,#4596,#4597));
#1060=EDGE_LOOP('',(#4598,#4599,#4600,#4601));
#1061=EDGE_LOOP('',(#4602,#4603,#4604,#4605));
#1062=EDGE_LOOP('',(#4606,#4607,#4608,#4609));
#1063=EDGE_LOOP('',(#4610,#4611,#4612,#4613));
#1064=EDGE_LOOP('',(#4614,#4615,#4616,#4617,#4618,#4619,#4620,#4621,#4622,
#4623,#4624,#4625));
#1065=EDGE_LOOP('',(#4626,#4627,#4628,#4629));
#1066=EDGE_LOOP('',(#4630,#4631,#4632,#4633));
#1067=EDGE_LOOP('',(#4634,#4635,#4636,#4637));
#1068=EDGE_LOOP('',(#4638,#4639,#4640,#4641));
#1069=EDGE_LOOP('',(#4642,#4643,#4644,#4645));
#1070=EDGE_LOOP('',(#4646,#4647,#4648,#4649));
#1071=EDGE_LOOP('',(#4650,#4651,#4652,#4653));
#1072=EDGE_LOOP('',(#4654,#4655,#4656,#4657));
#1073=EDGE_LOOP('',(#4658,#4659,#4660,#4661));
#1074=EDGE_LOOP('',(#4662,#4663,#4664,#4665));
#1075=EDGE_LOOP('',(#4666,#4667,#4668,#4669,#4670,#4671,#4672,#4673,#4674,
#4675,#4676,#4677));
#1076=EDGE_LOOP('',(#4678,#4679,#4680,#4681));
#1077=EDGE_LOOP('',(#4682,#4683,#4684,#4685));
#1078=EDGE_LOOP('',(#4686,#4687,#4688,#4689));
#1079=EDGE_LOOP('',(#4690,#4691,#4692,#4693));
#1080=EDGE_LOOP('',(#4694,#4695,#4696,#4697,#4698,#4699,#4700,#4701,#4702,
#4703,#4704,#4705,#4706));
#1081=EDGE_LOOP('',(#4707));
#1082=EDGE_LOOP('',(#4708,#4709,#4710,#4711));
#1083=EDGE_LOOP('',(#4712,#4713,#4714,#4715));
#1084=EDGE_LOOP('',(#4716,#4717,#4718,#4719));
#1085=EDGE_LOOP('',(#4720,#4721,#4722,#4723,#4724,#4725,#4726,#4727,#4728,
#4729,#4730,#4731,#4732));
#1086=EDGE_LOOP('',(#4733));
#1087=EDGE_LOOP('',(#4734,#4735,#4736,#4737,#4738,#4739,#4740,#4741,#4742,
#4743,#4744,#4745,#4746));
#1088=EDGE_LOOP('',(#4747));
#1089=EDGE_LOOP('',(#4748,#4749,#4750,#4751));
#1090=EDGE_LOOP('',(#4752,#4753,#4754,#4755));
#1091=EDGE_LOOP('',(#4756,#4757,#4758,#4759));
#1092=EDGE_LOOP('',(#4760,#4761,#4762,#4763,#4764,#4765,#4766,#4767,#4768,
#4769,#4770,#4771,#4772));
#1093=EDGE_LOOP('',(#4773));
#1094=EDGE_LOOP('',(#4774,#4775,#4776,#4777));
#1095=EDGE_LOOP('',(#4778,#4779,#4780,#4781));
#1096=EDGE_LOOP('',(#4782,#4783,#4784,#4785));
#1097=EDGE_LOOP('',(#4786,#4787,#4788,#4789,#4790,#4791,#4792,#4793,#4794,
#4795,#4796,#4797,#4798,#4799,#4800,#4801,#4802,#4803,#4804,#4805));
#1098=EDGE_LOOP('',(#4806,#4807,#4808,#4809,#4810,#4811));
#1099=EDGE_LOOP('',(#4812,#4813,#4814,#4815));
#1100=EDGE_LOOP('',(#4816,#4817,#4818,#4819));
#1101=EDGE_LOOP('',(#4820,#4821,#4822,#4823));
#1102=EDGE_LOOP('',(#4824,#4825,#4826,#4827));
#1103=EDGE_LOOP('',(#4828,#4829,#4830,#4831));
#1104=EDGE_LOOP('',(#4832,#4833,#4834,#4835,#4836,#4837,#4838,#4839,#4840,
#4841,#4842,#4843));
#1105=EDGE_LOOP('',(#4844,#4845,#4846,#4847));
#1106=EDGE_LOOP('',(#4848,#4849,#4850,#4851));
#1107=EDGE_LOOP('',(#4852,#4853,#4854,#4855));
#1108=EDGE_LOOP('',(#4856,#4857,#4858,#4859));
#1109=EDGE_LOOP('',(#4860,#4861,#4862,#4863));
#1110=EDGE_LOOP('',(#4864,#4865,#4866,#4867,#4868,#4869));
#1111=EDGE_LOOP('',(#4870,#4871,#4872,#4873));
#1112=EDGE_LOOP('',(#4874,#4875,#4876,#4877));
#1113=EDGE_LOOP('',(#4878));
#1114=EDGE_LOOP('',(#4879,#4880,#4881,#4882));
#1115=EDGE_LOOP('',(#4883,#4884,#4885,#4886,#4887,#4888,#4889,#4890,#4891));
#1116=EDGE_LOOP('',(#4892,#4893,#4894,#4895));
#1117=EDGE_LOOP('',(#4896,#4897,#4898,#4899));
#1118=EDGE_LOOP('',(#4900,#4901,#4902,#4903));
#1119=EDGE_LOOP('',(#4904,#4905,#4906,#4907,#4908,#4909,#4910,#4911,#4912));
#1120=EDGE_LOOP('',(#4913,#4914,#4915,#4916));
#1121=EDGE_LOOP('',(#4917,#4918,#4919,#4920));
#1122=EDGE_LOOP('',(#4921));
#1123=EDGE_LOOP('',(#4922,#4923,#4924,#4925));
#1124=EDGE_LOOP('',(#4926));
#1125=EDGE_LOOP('',(#4927,#4928,#4929,#4930));
#1126=EDGE_LOOP('',(#4931,#4932,#4933,#4934,#4935,#4936,#4937,#4938,#4939));
#1127=EDGE_LOOP('',(#4940,#4941,#4942,#4943));
#1128=EDGE_LOOP('',(#4944,#4945,#4946,#4947));
#1129=EDGE_LOOP('',(#4948,#4949,#4950,#4951));
#1130=EDGE_LOOP('',(#4952,#4953,#4954,#4955,#4956,#4957,#4958,#4959,#4960));
#1131=EDGE_LOOP('',(#4961,#4962,#4963,#4964));
#1132=EDGE_LOOP('',(#4965,#4966,#4967,#4968));
#1133=EDGE_LOOP('',(#4969));
#1134=EDGE_LOOP('',(#4970,#4971,#4972,#4973));
#1135=EDGE_LOOP('',(#4974,#4975,#4976,#4977));
#1136=EDGE_LOOP('',(#4978,#4979,#4980,#4981));
#1137=EDGE_LOOP('',(#4982,#4983,#4984,#4985,#4986,#4987,#4988,#4989,#4990,
#4991,#4992,#4993));
#1138=EDGE_LOOP('',(#4994,#4995,#4996,#4997));
#1139=EDGE_LOOP('',(#4998,#4999,#5000,#5001));
#1140=EDGE_LOOP('',(#5002,#5003,#5004,#5005));
#1141=EDGE_LOOP('',(#5006,#5007,#5008,#5009));
#1142=EDGE_LOOP('',(#5010,#5011,#5012,#5013));
#1143=EDGE_LOOP('',(#5014,#5015,#5016,#5017));
#1144=EDGE_LOOP('',(#5018,#5019,#5020,#5021));
#1145=EDGE_LOOP('',(#5022,#5023,#5024,#5025));
#1146=EDGE_LOOP('',(#5026,#5027,#5028,#5029));
#1147=EDGE_LOOP('',(#5030,#5031,#5032,#5033,#5034,#5035,#5036,#5037,#5038,
#5039,#5040,#5041));
#1148=EDGE_LOOP('',(#5042,#5043,#5044,#5045));
#1149=EDGE_LOOP('',(#5046,#5047,#5048,#5049));
#1150=EDGE_LOOP('',(#5050,#5051,#5052,#5053));
#1151=EDGE_LOOP('',(#5054,#5055,#5056,#5057));
#1152=EDGE_LOOP('',(#5058,#5059,#5060,#5061));
#1153=EDGE_LOOP('',(#5062,#5063,#5064,#5065));
#1154=EDGE_LOOP('',(#5066,#5067,#5068,#5069,#5070,#5071,#5072,#5073,#5074,
#5075,#5076,#5077));
#1155=EDGE_LOOP('',(#5078,#5079,#5080,#5081));
#1156=EDGE_LOOP('',(#5082,#5083,#5084,#5085));
#1157=EDGE_LOOP('',(#5086,#5087,#5088,#5089));
#1158=EDGE_LOOP('',(#5090,#5091,#5092,#5093,#5094,#5095,#5096,#5097,#5098,
#5099,#5100,#5101));
#1159=EDGE_LOOP('',(#5102,#5103,#5104,#5105,#5106,#5107,#5108,#5109,#5110,
#5111,#5112,#5113));
#1160=EDGE_LOOP('',(#5114,#5115,#5116,#5117));
#1161=EDGE_LOOP('',(#5118,#5119,#5120,#5121));
#1162=EDGE_LOOP('',(#5122,#5123,#5124,#5125));
#1163=EDGE_LOOP('',(#5126,#5127,#5128,#5129,#5130,#5131,#5132,#5133,#5134,
#5135,#5136,#5137));
#1164=EDGE_LOOP('',(#5138,#5139,#5140,#5141));
#1165=EDGE_LOOP('',(#5142,#5143,#5144,#5145));
#1166=EDGE_LOOP('',(#5146,#5147,#5148,#5149));
#1167=EDGE_LOOP('',(#5150,#5151,#5152,#5153));
#1168=EDGE_LOOP('',(#5154,#5155,#5156,#5157));
#1169=EDGE_LOOP('',(#5158,#5159,#5160,#5161));
#1170=EDGE_LOOP('',(#5162,#5163,#5164,#5165));
#1171=EDGE_LOOP('',(#5166,#5167,#5168,#5169));
#1172=EDGE_LOOP('',(#5170,#5171,#5172,#5173));
#1173=EDGE_LOOP('',(#5174,#5175,#5176,#5177,#5178,#5179,#5180,#5181,#5182,
#5183,#5184,#5185));
#1174=EDGE_LOOP('',(#5186,#5187,#5188,#5189));
#1175=EDGE_LOOP('',(#5190,#5191,#5192,#5193));
#1176=EDGE_LOOP('',(#5194,#5195,#5196,#5197));
#1177=EDGE_LOOP('',(#5198,#5199,#5200,#5201));
#1178=EDGE_LOOP('',(#5202,#5203,#5204,#5205));
#1179=EDGE_LOOP('',(#5206,#5207,#5208,#5209));
#1180=EDGE_LOOP('',(#5210,#5211,#5212,#5213));
#1181=EDGE_LOOP('',(#5214,#5215,#5216,#5217));
#1182=EDGE_LOOP('',(#5218,#5219,#5220,#5221));
#1183=EDGE_LOOP('',(#5222,#5223,#5224,#5225,#5226,#5227,#5228,#5229,#5230,
#5231,#5232,#5233));
#1184=EDGE_LOOP('',(#5234,#5235,#5236,#5237,#5238,#5239,#5240,#5241,#5242,
#5243,#5244,#5245));
#1185=EDGE_LOOP('',(#5246,#5247,#5248,#5249));
#1186=EDGE_LOOP('',(#5250,#5251,#5252,#5253));
#1187=EDGE_LOOP('',(#5254,#5255,#5256,#5257));
#1188=EDGE_LOOP('',(#5258,#5259,#5260,#5261,#5262,#5263,#5264,#5265,#5266,
#5267,#5268,#5269));
#1189=EDGE_LOOP('',(#5270,#5271,#5272,#5273,#5274,#5275,#5276,#5277,#5278,
#5279,#5280,#5281));
#1190=EDGE_LOOP('',(#5282,#5283,#5284,#5285));
#1191=EDGE_LOOP('',(#5286,#5287,#5288,#5289));
#1192=EDGE_LOOP('',(#5290,#5291,#5292,#5293));
#1193=EDGE_LOOP('',(#5294,#5295,#5296,#5297,#5298,#5299,#5300,#5301,#5302,
#5303,#5304,#5305));
#1194=EDGE_LOOP('',(#5306,#5307,#5308,#5309));
#1195=EDGE_LOOP('',(#5310,#5311,#5312,#5313));
#1196=EDGE_LOOP('',(#5314,#5315,#5316,#5317));
#1197=EDGE_LOOP('',(#5318,#5319,#5320,#5321));
#1198=EDGE_LOOP('',(#5322,#5323,#5324,#5325));
#1199=EDGE_LOOP('',(#5326,#5327,#5328,#5329));
#1200=EDGE_LOOP('',(#5330,#5331,#5332,#5333));
#1201=EDGE_LOOP('',(#5334,#5335,#5336,#5337));
#1202=EDGE_LOOP('',(#5338,#5339,#5340,#5341));
#1203=EDGE_LOOP('',(#5342,#5343,#5344,#5345));
#1204=EDGE_LOOP('',(#5346,#5347,#5348,#5349,#5350,#5351));
#1205=EDGE_LOOP('',(#5352,#5353,#5354,#5355));
#1206=EDGE_LOOP('',(#5356,#5357,#5358,#5359));
#1207=EDGE_LOOP('',(#5360,#5361,#5362,#5363,#5364,#5365));
#1208=EDGE_LOOP('',(#5366,#5367,#5368,#5369));
#1209=EDGE_LOOP('',(#5370,#5371,#5372,#5373));
#1210=EDGE_LOOP('',(#5374,#5375,#5376,#5377));
#1211=EDGE_LOOP('',(#5378));
#1212=EDGE_LOOP('',(#5379,#5380,#5381,#5382));
#1213=EDGE_LOOP('',(#5383,#5384,#5385,#5386));
#1214=EDGE_LOOP('',(#5387));
#1215=EDGE_LOOP('',(#5388,#5389,#5390,#5391));
#1216=EDGE_LOOP('',(#5392,#5393,#5394,#5395,#5396,#5397));
#1217=EDGE_LOOP('',(#5398,#5399,#5400,#5401));
#1218=EDGE_LOOP('',(#5402,#5403,#5404,#5405));
#1219=EDGE_LOOP('',(#5406,#5407,#5408,#5409,#5410,#5411));
#1220=EDGE_LOOP('',(#5412,#5413,#5414,#5415));
#1221=EDGE_LOOP('',(#5416,#5417,#5418,#5419));
#1222=EDGE_LOOP('',(#5420,#5421,#5422,#5423));
#1223=EDGE_LOOP('',(#5424));
#1224=EDGE_LOOP('',(#5425,#5426,#5427,#5428));
#1225=EDGE_LOOP('',(#5429,#5430,#5431,#5432));
#1226=EDGE_LOOP('',(#5433));
#1227=EDGE_LOOP('',(#5434,#5435,#5436,#5437));
#1228=EDGE_LOOP('',(#5438,#5439,#5440,#5441));
#1229=EDGE_LOOP('',(#5442,#5443,#5444,#5445));
#1230=EDGE_LOOP('',(#5446,#5447,#5448,#5449));
#1231=EDGE_LOOP('',(#5450,#5451,#5452,#5453));
#1232=EDGE_LOOP('',(#5454,#5455,#5456,#5457));
#1233=EDGE_LOOP('',(#5458,#5459,#5460,#5461));
#1234=EDGE_LOOP('',(#5462,#5463,#5464,#5465));
#1235=EDGE_LOOP('',(#5466,#5467,#5468,#5469));
#1236=EDGE_LOOP('',(#5470,#5471,#5472,#5473));
#1237=EDGE_LOOP('',(#5474,#5475,#5476,#5477));
#1238=EDGE_LOOP('',(#5478,#5479,#5480,#5481));
#1239=EDGE_LOOP('',(#5482,#5483,#5484,#5485));
#1240=EDGE_LOOP('',(#5486,#5487,#5488,#5489));
#1241=EDGE_LOOP('',(#5490,#5491,#5492,#5493));
#1242=EDGE_LOOP('',(#5494,#5495,#5496,#5497));
#1243=EDGE_LOOP('',(#5498,#5499,#5500,#5501));
#1244=EDGE_LOOP('',(#5502,#5503,#5504,#5505));
#1245=EDGE_LOOP('',(#5506,#5507,#5508,#5509));
#1246=EDGE_LOOP('',(#5510,#5511,#5512,#5513));
#1247=EDGE_LOOP('',(#5514,#5515,#5516,#5517));
#1248=EDGE_LOOP('',(#5518,#5519,#5520,#5521));
#1249=EDGE_LOOP('',(#5522,#5523,#5524,#5525));
#1250=EDGE_LOOP('',(#5526,#5527,#5528,#5529));
#1251=EDGE_LOOP('',(#5530,#5531,#5532,#5533,#5534));
#1252=EDGE_LOOP('',(#5535,#5536,#5537,#5538));
#1253=EDGE_LOOP('',(#5539,#5540,#5541,#5542));
#1254=EDGE_LOOP('',(#5543,#5544,#5545,#5546,#5547,#5548));
#1255=EDGE_LOOP('',(#5549,#5550,#5551,#5552));
#1256=EDGE_LOOP('',(#5553,#5554,#5555,#5556,#5557));
#1257=EDGE_LOOP('',(#5558,#5559,#5560,#5561,#5562));
#1258=EDGE_LOOP('',(#5563,#5564,#5565,#5566));
#1259=EDGE_LOOP('',(#5567,#5568,#5569,#5570,#5571));
#1260=EDGE_LOOP('',(#5572,#5573,#5574,#5575,#5576));
#1261=EDGE_LOOP('',(#5577,#5578,#5579,#5580,#5581));
#1262=EDGE_LOOP('',(#5582));
#1263=EDGE_LOOP('',(#5583));
#1264=EDGE_LOOP('',(#5584));
#1265=EDGE_LOOP('',(#5585,#5586,#5587,#5588,#5589,#5590));
#1266=EDGE_LOOP('',(#5591));
#1267=EDGE_LOOP('',(#5592));
#1268=EDGE_LOOP('',(#5593));
#1269=EDGE_LOOP('',(#5594,#5595,#5596,#5597));
#1270=EDGE_LOOP('',(#5598,#5599,#5600,#5601));
#1271=EDGE_LOOP('',(#5602,#5603,#5604,#5605));
#1272=EDGE_LOOP('',(#5606,#5607,#5608,#5609));
#1273=EDGE_LOOP('',(#5610,#5611,#5612,#5613));
#1274=EDGE_LOOP('',(#5614,#5615,#5616,#5617,#5618,#5619,#5620,#5621,#5622,
#5623,#5624,#5625));
#1275=EDGE_LOOP('',(#5626,#5627,#5628,#5629));
#1276=EDGE_LOOP('',(#5630,#5631,#5632,#5633,#5634));
#1277=EDGE_LOOP('',(#5635,#5636,#5637,#5638));
#1278=EDGE_LOOP('',(#5639,#5640,#5641,#5642));
#1279=EDGE_LOOP('',(#5643,#5644,#5645,#5646));
#1280=EDGE_LOOP('',(#5647,#5648,#5649,#5650,#5651));
#1281=EDGE_LOOP('',(#5652,#5653,#5654,#5655));
#1282=EDGE_LOOP('',(#5656,#5657,#5658,#5659,#5660));
#1283=EDGE_LOOP('',(#5661,#5662,#5663,#5664,#5665));
#1284=EDGE_LOOP('',(#5666,#5667,#5668,#5669));
#1285=EDGE_LOOP('',(#5670,#5671,#5672,#5673));
#1286=EDGE_LOOP('',(#5674));
#1287=EDGE_LOOP('',(#5675));
#1288=EDGE_LOOP('',(#5676));
#1289=EDGE_LOOP('',(#5677));
#1290=EDGE_LOOP('',(#5678,#5679,#5680));
#1291=EDGE_LOOP('',(#5681,#5682,#5683));
#1292=EDGE_LOOP('',(#5684,#5685,#5686));
#1293=EDGE_LOOP('',(#5687,#5688,#5689));
#1294=EDGE_LOOP('',(#5690,#5691,#5692));
#1295=EDGE_LOOP('',(#5693,#5694,#5695));
#1296=EDGE_LOOP('',(#5696,#5697,#5698,#5699,#5700));
#1297=EDGE_LOOP('',(#5701,#5702,#5703,#5704,#5705));
#1298=EDGE_LOOP('',(#5706,#5707,#5708,#5709,#5710));
#1299=EDGE_LOOP('',(#5711,#5712,#5713,#5714,#5715));
#1300=EDGE_LOOP('',(#5716,#5717,#5718,#5719));
#1301=EDGE_LOOP('',(#5720,#5721,#5722,#5723,#5724,#5725,#5726,#5727,#5728,
#5729));
#1302=EDGE_LOOP('',(#5730,#5731,#5732,#5733,#5734,#5735,#5736,#5737,#5738,
#5739));
#1303=EDGE_LOOP('',(#5740,#5741,#5742,#5743,#5744,#5745));
#1304=EDGE_LOOP('',(#5746));
#1305=EDGE_LOOP('',(#5747));
#1306=EDGE_LOOP('',(#5748));
#1307=EDGE_LOOP('',(#5749));
#1308=EDGE_LOOP('',(#5750,#5751,#5752,#5753));
#1309=EDGE_LOOP('',(#5754,#5755,#5756,#5757));
#1310=EDGE_LOOP('',(#5758,#5759,#5760,#5761));
#1311=EDGE_LOOP('',(#5762,#5763,#5764,#5765));
#1312=EDGE_LOOP('',(#5766,#5767,#5768,#5769));
#1313=EDGE_LOOP('',(#5770,#5771,#5772,#5773));
#1314=EDGE_LOOP('',(#5774,#5775,#5776,#5777));
#1315=EDGE_LOOP('',(#5778,#5779,#5780));
#1316=EDGE_LOOP('',(#5781,#5782,#5783,#5784));
#1317=EDGE_LOOP('',(#5785,#5786,#5787,#5788));
#1318=EDGE_LOOP('',(#5789,#5790,#5791,#5792));
#1319=EDGE_LOOP('',(#5793,#5794,#5795,#5796));
#1320=EDGE_LOOP('',(#5797,#5798,#5799,#5800));
#1321=EDGE_LOOP('',(#5801,#5802,#5803,#5804));
#1322=EDGE_LOOP('',(#5805,#5806,#5807));
#1323=EDGE_LOOP('',(#5808,#5809,#5810));
#1324=EDGE_LOOP('',(#5811,#5812,#5813,#5814));
#1325=EDGE_LOOP('',(#5815,#5816,#5817,#5818));
#1326=EDGE_LOOP('',(#5819,#5820,#5821,#5822));
#1327=EDGE_LOOP('',(#5823,#5824,#5825,#5826));
#1328=EDGE_LOOP('',(#5827,#5828,#5829,#5830));
#1329=EDGE_LOOP('',(#5831,#5832,#5833,#5834));
#1330=EDGE_LOOP('',(#5835,#5836,#5837));
#1331=EDGE_LOOP('',(#5838,#5839,#5840));
#1332=EDGE_LOOP('',(#5841,#5842,#5843,#5844));
#1333=EDGE_LOOP('',(#5845,#5846,#5847,#5848));
#1334=EDGE_LOOP('',(#5849,#5850,#5851,#5852));
#1335=EDGE_LOOP('',(#5853,#5854,#5855,#5856));
#1336=EDGE_LOOP('',(#5857,#5858,#5859));
#1337=EDGE_LOOP('',(#5860,#5861,#5862,#5863));
#1338=EDGE_LOOP('',(#5864,#5865,#5866,#5867));
#1339=EDGE_LOOP('',(#5868,#5869,#5870,#5871,#5872));
#1340=EDGE_LOOP('',(#5873,#5874,#5875,#5876,#5877));
#1341=EDGE_LOOP('',(#5878,#5879,#5880,#5881));
#1342=EDGE_LOOP('',(#5882,#5883,#5884,#5885));
#1343=EDGE_LOOP('',(#5886,#5887,#5888));
#1344=EDGE_LOOP('',(#5889,#5890,#5891,#5892,#5893));
#1345=EDGE_LOOP('',(#5894));
#1346=EDGE_LOOP('',(#5895));
#1347=EDGE_LOOP('',(#5896));
#1348=EDGE_LOOP('',(#5897));
#1349=EDGE_LOOP('',(#5898,#5899,#5900,#5901));
#1350=EDGE_LOOP('',(#5902,#5903,#5904,#5905,#5906));
#1351=EDGE_LOOP('',(#5907,#5908,#5909,#5910));
#1352=EDGE_LOOP('',(#5911,#5912,#5913,#5914));
#1353=EDGE_LOOP('',(#5915,#5916,#5917,#5918,#5919,#5920));
#1354=EDGE_LOOP('',(#5921,#5922,#5923,#5924));
#1355=EDGE_LOOP('',(#5925,#5926,#5927,#5928,#5929));
#1356=EDGE_LOOP('',(#5930,#5931,#5932,#5933,#5934));
#1357=EDGE_LOOP('',(#5935,#5936,#5937,#5938));
#1358=EDGE_LOOP('',(#5939,#5940,#5941,#5942,#5943));
#1359=EDGE_LOOP('',(#5944,#5945,#5946,#5947,#5948));
#1360=EDGE_LOOP('',(#5949,#5950,#5951,#5952,#5953));
#1361=EDGE_LOOP('',(#5954));
#1362=EDGE_LOOP('',(#5955));
#1363=EDGE_LOOP('',(#5956));
#1364=EDGE_LOOP('',(#5957,#5958,#5959,#5960,#5961,#5962));
#1365=EDGE_LOOP('',(#5963));
#1366=EDGE_LOOP('',(#5964));
#1367=EDGE_LOOP('',(#5965));
#1368=EDGE_LOOP('',(#5966,#5967,#5968,#5969));
#1369=EDGE_LOOP('',(#5970,#5971,#5972,#5973));
#1370=EDGE_LOOP('',(#5974,#5975,#5976,#5977));
#1371=EDGE_LOOP('',(#5978,#5979,#5980,#5981));
#1372=EDGE_LOOP('',(#5982,#5983,#5984,#5985));
#1373=EDGE_LOOP('',(#5986,#5987,#5988,#5989,#5990,#5991,#5992,#5993,#5994,
#5995,#5996,#5997));
#1374=EDGE_LOOP('',(#5998,#5999,#6000,#6001));
#1375=EDGE_LOOP('',(#6002,#6003,#6004,#6005,#6006));
#1376=EDGE_LOOP('',(#6007,#6008,#6009,#6010));
#1377=EDGE_LOOP('',(#6011,#6012,#6013,#6014));
#1378=EDGE_LOOP('',(#6015,#6016,#6017,#6018));
#1379=EDGE_LOOP('',(#6019,#6020,#6021,#6022,#6023));
#1380=EDGE_LOOP('',(#6024,#6025,#6026,#6027));
#1381=EDGE_LOOP('',(#6028,#6029,#6030,#6031,#6032));
#1382=EDGE_LOOP('',(#6033,#6034,#6035,#6036,#6037));
#1383=EDGE_LOOP('',(#6038,#6039,#6040,#6041));
#1384=EDGE_LOOP('',(#6042,#6043,#6044,#6045));
#1385=EDGE_LOOP('',(#6046));
#1386=EDGE_LOOP('',(#6047));
#1387=EDGE_LOOP('',(#6048));
#1388=EDGE_LOOP('',(#6049));
#1389=EDGE_LOOP('',(#6050,#6051,#6052,#6053));
#1390=EDGE_LOOP('',(#6054,#6055,#6056,#6057));
#1391=EDGE_LOOP('',(#6058));
#1392=EDGE_LOOP('',(#6059));
#1393=EDGE_LOOP('',(#6060));
#1394=EDGE_LOOP('',(#6061));
#1395=LINE('',#9251,#1891);
#1396=LINE('',#9257,#1892);
#1397=LINE('',#9263,#1893);
#1398=LINE('',#9269,#1894);
#1399=LINE('',#9275,#1895);
#1400=LINE('',#9281,#1896);
#1401=LINE('',#9292,#1897);
#1402=LINE('',#9295,#1898);
#1403=LINE('',#9299,#1899);
#1404=LINE('',#9303,#1900);
#1405=LINE('',#9305,#1901);
#1406=LINE('',#9307,#1902);
#1407=LINE('',#9309,#1903);
#1408=LINE('',#9311,#1904);
#1409=LINE('',#9315,#1905);
#1410=LINE('',#9317,#1906);
#1411=LINE('',#9319,#1907);
#1412=LINE('',#9320,#1908);
#1413=LINE('',#9324,#1909);
#1414=LINE('',#9328,#1910);
#1415=LINE('',#9330,#1911);
#1416=LINE('',#9332,#1912);
#1417=LINE('',#9334,#1913);
#1418=LINE('',#9336,#1914);
#1419=LINE('',#9340,#1915);
#1420=LINE('',#9342,#1916);
#1421=LINE('',#9344,#1917);
#1422=LINE('',#9345,#1918);
#1423=LINE('',#9347,#1919);
#1424=LINE('',#9348,#1920);
#1425=LINE('',#9350,#1921);
#1426=LINE('',#9351,#1922);
#1427=LINE('',#9354,#1923);
#1428=LINE('',#9357,#1924);
#1429=LINE('',#9359,#1925);
#1430=LINE('',#9360,#1926);
#1431=LINE('',#9364,#1927);
#1432=LINE('',#9365,#1928);
#1433=LINE('',#9366,#1929);
#1434=LINE('',#9368,#1930);
#1435=LINE('',#9370,#1931);
#1436=LINE('',#9371,#1932);
#1437=LINE('',#9374,#1933);
#1438=LINE('',#9378,#1934);
#1439=LINE('',#9381,#1935);
#1440=LINE('',#9387,#1936);
#1441=LINE('',#9390,#1937);
#1442=LINE('',#9393,#1938);
#1443=LINE('',#9395,#1939);
#1444=LINE('',#9396,#1940);
#1445=LINE('',#9402,#1941);
#1446=LINE('',#9405,#1942);
#1447=LINE('',#9407,#1943);
#1448=LINE('',#9408,#1944);
#1449=LINE('',#9414,#1945);
#1450=LINE('',#9417,#1946);
#1451=LINE('',#9419,#1947);
#1452=LINE('',#9421,#1948);
#1453=LINE('',#9423,#1949);
#1454=LINE('',#9424,#1950);
#1455=LINE('',#9430,#1951);
#1456=LINE('',#9432,#1952);
#1457=LINE('',#9433,#1953);
#1458=LINE('',#9435,#1954);
#1459=LINE('',#9437,#1955);
#1460=LINE('',#9438,#1956);
#1461=LINE('',#9441,#1957);
#1462=LINE('',#9442,#1958);
#1463=LINE('',#9460,#1959);
#1464=LINE('',#9573,#1960);
#1465=LINE('',#9577,#1961);
#1466=LINE('',#9581,#1962);
#1467=LINE('',#9584,#1963);
#1468=LINE('',#9590,#1964);
#1469=LINE('',#9593,#1965);
#1470=LINE('',#9597,#1966);
#1471=LINE('',#9598,#1967);
#1472=LINE('',#9599,#1968);
#1473=LINE('',#9602,#1969);
#1474=LINE('',#9604,#1970);
#1475=LINE('',#9605,#1971);
#1476=LINE('',#9607,#1972);
#1477=LINE('',#9609,#1973);
#1478=LINE('',#9613,#1974);
#1479=LINE('',#9620,#1975);
#1480=LINE('',#9623,#1976);
#1481=LINE('',#9629,#1977);
#1482=LINE('',#9632,#1978);
#1483=LINE('',#9635,#1979);
#1484=LINE('',#9637,#1980);
#1485=LINE('',#9638,#1981);
#1486=LINE('',#9644,#1982);
#1487=LINE('',#9647,#1983);
#1488=LINE('',#9649,#1984);
#1489=LINE('',#9650,#1985);
#1490=LINE('',#9656,#1986);
#1491=LINE('',#9658,#1987);
#1492=LINE('',#9665,#1988);
#1493=LINE('',#9671,#1989);
#1494=LINE('',#9673,#1990);
#1495=LINE('',#9674,#1991);
#1496=LINE('',#9680,#1992);
#1497=LINE('',#9683,#1993);
#1498=LINE('',#9684,#1994);
#1499=LINE('',#9686,#1995);
#1500=LINE('',#9687,#1996);
#1501=LINE('',#9689,#1997);
#1502=LINE('',#9690,#1998);
#1503=LINE('',#9692,#1999);
#1504=LINE('',#9802,#2000);
#1505=LINE('',#9818,#2001);
#1506=LINE('',#9820,#2002);
#1507=LINE('',#9826,#2003);
#1508=LINE('',#9831,#2004);
#1509=LINE('',#9835,#2005);
#1510=LINE('',#9837,#2006);
#1511=LINE('',#9843,#2007);
#1512=LINE('',#9846,#2008);
#1513=LINE('',#9848,#2009);
#1514=LINE('',#9849,#2010);
#1515=LINE('',#9851,#2011);
#1516=LINE('',#9853,#2012);
#1517=LINE('',#9859,#2013);
#1518=LINE('',#9865,#2014);
#1519=LINE('',#9870,#2015);
#1520=LINE('',#9872,#2016);
#1521=LINE('',#9874,#2017);
#1522=LINE('',#9875,#2018);
#1523=LINE('',#9880,#2019);
#1524=LINE('',#9884,#2020);
#1525=LINE('',#9886,#2021);
#1526=LINE('',#9887,#2022);
#1527=LINE('',#9892,#2023);
#1528=LINE('',#9896,#2024);
#1529=LINE('',#9898,#2025);
#1530=LINE('',#9899,#2026);
#1531=LINE('',#9904,#2027);
#1532=LINE('',#9909,#2028);
#1533=LINE('',#9913,#2029);
#1534=LINE('',#9916,#2030);
#1535=LINE('',#9918,#2031);
#1536=LINE('',#9922,#2032);
#1537=LINE('',#9926,#2033);
#1538=LINE('',#9927,#2034);
#1539=LINE('',#9932,#2035);
#1540=LINE('',#9936,#2036);
#1541=LINE('',#9938,#2037);
#1542=LINE('',#9939,#2038);
#1543=LINE('',#9944,#2039);
#1544=LINE('',#9948,#2040);
#1545=LINE('',#9950,#2041);
#1546=LINE('',#9951,#2042);
#1547=LINE('',#9956,#2043);
#1548=LINE('',#9960,#2044);
#1549=LINE('',#9962,#2045);
#1550=LINE('',#9963,#2046);
#1551=LINE('',#9966,#2047);
#1552=LINE('',#9968,#2048);
#1553=LINE('',#9969,#2049);
#1554=LINE('',#9984,#2050);
#1555=LINE('',#9991,#2051);
#1556=LINE('',#9993,#2052);
#1557=LINE('',#9994,#2053);
#1558=LINE('',#10009,#2054);
#1559=LINE('',#10017,#2055);
#1560=LINE('',#10021,#2056);
#1561=LINE('',#10024,#2057);
#1562=LINE('',#10026,#2058);
#1563=LINE('',#10030,#2059);
#1564=LINE('',#10034,#2060);
#1565=LINE('',#10035,#2061);
#1566=LINE('',#10050,#2062);
#1567=LINE('',#10057,#2063);
#1568=LINE('',#10059,#2064);
#1569=LINE('',#10060,#2065);
#1570=LINE('',#10075,#2066);
#1571=LINE('',#10081,#2067);
#1572=LINE('',#10082,#2068);
#1573=LINE('',#10084,#2069);
#1574=LINE('',#10086,#2070);
#1575=LINE('',#10088,#2071);
#1576=LINE('',#10090,#2072);
#1577=LINE('',#10093,#2073);
#1578=LINE('',#10095,#2074);
#1579=LINE('',#10097,#2075);
#1580=LINE('',#10099,#2076);
#1581=LINE('',#10105,#2077);
#1582=LINE('',#10111,#2078);
#1583=LINE('',#10118,#2079);
#1584=LINE('',#10121,#2080);
#1585=LINE('',#10124,#2081);
#1586=LINE('',#10128,#2082);
#1587=LINE('',#10132,#2083);
#1588=LINE('',#10136,#2084);
#1589=LINE('',#10140,#2085);
#1590=LINE('',#10142,#2086);
#1591=LINE('',#10144,#2087);
#1592=LINE('',#10148,#2088);
#1593=LINE('',#10152,#2089);
#1594=LINE('',#10156,#2090);
#1595=LINE('',#10159,#2091);
#1596=LINE('',#10164,#2092);
#1597=LINE('',#10166,#2093);
#1598=LINE('',#10169,#2094);
#1599=LINE('',#10174,#2095);
#1600=LINE('',#10178,#2096);
#1601=LINE('',#10180,#2097);
#1602=LINE('',#10181,#2098);
#1603=LINE('',#10196,#2099);
#1604=LINE('',#10203,#2100);
#1605=LINE('',#10205,#2101);
#1606=LINE('',#10206,#2102);
#1607=LINE('',#10221,#2103);
#1608=LINE('',#10229,#2104);
#1609=LINE('',#10233,#2105);
#1610=LINE('',#10236,#2106);
#1611=LINE('',#10238,#2107);
#1612=LINE('',#10242,#2108);
#1613=LINE('',#10246,#2109);
#1614=LINE('',#10247,#2110);
#1615=LINE('',#10262,#2111);
#1616=LINE('',#10269,#2112);
#1617=LINE('',#10271,#2113);
#1618=LINE('',#10272,#2114);
#1619=LINE('',#10287,#2115);
#1620=LINE('',#10294,#2116);
#1621=LINE('',#10296,#2117);
#1622=LINE('',#10297,#2118);
#1623=LINE('',#10302,#2119);
#1624=LINE('',#10307,#2120);
#1625=LINE('',#10312,#2121);
#1626=LINE('',#10313,#2122);
#1627=LINE('',#10318,#2123);
#1628=LINE('',#10320,#2124);
#1629=LINE('',#10322,#2125);
#1630=LINE('',#10324,#2126);
#1631=LINE('',#10326,#2127);
#1632=LINE('',#10328,#2128);
#1633=LINE('',#10330,#2129);
#1634=LINE('',#10332,#2130);
#1635=LINE('',#10335,#2131);
#1636=LINE('',#10337,#2132);
#1637=LINE('',#10339,#2133);
#1638=LINE('',#10341,#2134);
#1639=LINE('',#10343,#2135);
#1640=LINE('',#10345,#2136);
#1641=LINE('',#10347,#2137);
#1642=LINE('',#10349,#2138);
#1643=LINE('',#10371,#2139);
#1644=LINE('',#10383,#2140);
#1645=LINE('',#10395,#2141);
#1646=LINE('',#10397,#2142);
#1647=LINE('',#10398,#2143);
#1648=LINE('',#10428,#2144);
#1649=LINE('',#10441,#2145);
#1650=LINE('',#10445,#2146);
#1651=LINE('',#10448,#2147);
#1652=LINE('',#10450,#2148);
#1653=LINE('',#10454,#2149);
#1654=LINE('',#10458,#2150);
#1655=LINE('',#10459,#2151);
#1656=LINE('',#10489,#2152);
#1657=LINE('',#10501,#2153);
#1658=LINE('',#10503,#2154);
#1659=LINE('',#10504,#2155);
#1660=LINE('',#10534,#2156);
#1661=LINE('',#10546,#2157);
#1662=LINE('',#10548,#2158);
#1663=LINE('',#10549,#2159);
#1664=LINE('',#10552,#2160);
#1665=LINE('',#10554,#2161);
#1666=LINE('',#10555,#2162);
#1667=LINE('',#10558,#2163);
#1668=LINE('',#10560,#2164);
#1669=LINE('',#10561,#2165);
#1670=LINE('',#10576,#2166);
#1671=LINE('',#10583,#2167);
#1672=LINE('',#10585,#2168);
#1673=LINE('',#10586,#2169);
#1674=LINE('',#10601,#2170);
#1675=LINE('',#10609,#2171);
#1676=LINE('',#10613,#2172);
#1677=LINE('',#10616,#2173);
#1678=LINE('',#10618,#2174);
#1679=LINE('',#10622,#2175);
#1680=LINE('',#10626,#2176);
#1681=LINE('',#10627,#2177);
#1682=LINE('',#10642,#2178);
#1683=LINE('',#10649,#2179);
#1684=LINE('',#10651,#2180);
#1685=LINE('',#10652,#2181);
#1686=LINE('',#10667,#2182);
#1687=LINE('',#10674,#2183);
#1688=LINE('',#10676,#2184);
#1689=LINE('',#10677,#2185);
#1690=LINE('',#10680,#2186);
#1691=LINE('',#10682,#2187);
#1692=LINE('',#10683,#2188);
#1693=LINE('',#10685,#2189);
#1694=LINE('',#10686,#2190);
#1695=LINE('',#10688,#2191);
#1696=LINE('',#10690,#2192);
#1697=LINE('',#10692,#2193);
#1698=LINE('',#10694,#2194);
#1699=LINE('',#10697,#2195);
#1700=LINE('',#10699,#2196);
#1701=LINE('',#10701,#2197);
#1702=LINE('',#10703,#2198);
#1703=LINE('',#10715,#2199);
#1704=LINE('',#10722,#2200);
#1705=LINE('',#10729,#2201);
#1706=LINE('',#10731,#2202);
#1707=LINE('',#10732,#2203);
#1708=LINE('',#10747,#2204);
#1709=LINE('',#10754,#2205);
#1710=LINE('',#10756,#2206);
#1711=LINE('',#10757,#2207);
#1712=LINE('',#10762,#2208);
#1713=LINE('',#10766,#2209);
#1714=LINE('',#10768,#2210);
#1715=LINE('',#10769,#2211);
#1716=LINE('',#10799,#2212);
#1717=LINE('',#10811,#2213);
#1718=LINE('',#10813,#2214);
#1719=LINE('',#10814,#2215);
#1720=LINE('',#10844,#2216);
#1721=LINE('',#10857,#2217);
#1722=LINE('',#10861,#2218);
#1723=LINE('',#10864,#2219);
#1724=LINE('',#10866,#2220);
#1725=LINE('',#10870,#2221);
#1726=LINE('',#10874,#2222);
#1727=LINE('',#10875,#2223);
#1728=LINE('',#10905,#2224);
#1729=LINE('',#10917,#2225);
#1730=LINE('',#10919,#2226);
#1731=LINE('',#10920,#2227);
#1732=LINE('',#10950,#2228);
#1733=LINE('',#10962,#2229);
#1734=LINE('',#10964,#2230);
#1735=LINE('',#10965,#2231);
#1736=LINE('',#10970,#2232);
#1737=LINE('',#10974,#2233);
#1738=LINE('',#10976,#2234);
#1739=LINE('',#10977,#2235);
#1740=LINE('',#10992,#2236);
#1741=LINE('',#10999,#2237);
#1742=LINE('',#11001,#2238);
#1743=LINE('',#11002,#2239);
#1744=LINE('',#11017,#2240);
#1745=LINE('',#11024,#2241);
#1746=LINE('',#11028,#2242);
#1747=LINE('',#11031,#2243);
#1748=LINE('',#11033,#2244);
#1749=LINE('',#11037,#2245);
#1750=LINE('',#11040,#2246);
#1751=LINE('',#11042,#2247);
#1752=LINE('',#11044,#2248);
#1753=LINE('',#11046,#2249);
#1754=LINE('',#11048,#2250);
#1755=LINE('',#11051,#2251);
#1756=LINE('',#11053,#2252);
#1757=LINE('',#11055,#2253);
#1758=LINE('',#11057,#2254);
#1759=LINE('',#11064,#2255);
#1760=LINE('',#11070,#2256);
#1761=LINE('',#11075,#2257);
#1762=LINE('',#11079,#2258);
#1763=LINE('',#11083,#2259);
#1764=LINE('',#11085,#2260);
#1765=LINE('',#11086,#2261);
#1766=LINE('',#11090,#2262);
#1767=LINE('',#11094,#2263);
#1768=LINE('',#11098,#2264);
#1769=LINE('',#11100,#2265);
#1770=LINE('',#11101,#2266);
#1771=LINE('',#11105,#2267);
#1772=LINE('',#11110,#2268);
#1773=LINE('',#11112,#2269);
#1774=LINE('',#11113,#2270);
#1775=LINE('',#11117,#2271);
#1776=LINE('',#11121,#2272);
#1777=LINE('',#11124,#2273);
#1778=LINE('',#11125,#2274);
#1779=LINE('',#11130,#2275);
#1780=LINE('',#11133,#2276);
#1781=LINE('',#11134,#2277);
#1782=LINE('',#11137,#2278);
#1783=LINE('',#11141,#2279);
#1784=LINE('',#11145,#2280);
#1785=LINE('',#11147,#2281);
#1786=LINE('',#11148,#2282);
#1787=LINE('',#11151,#2283);
#1788=LINE('',#11153,#2284);
#1789=LINE('',#11159,#2285);
#1790=LINE('',#11162,#2286);
#1791=LINE('',#11164,#2287);
#1792=LINE('',#11166,#2288);
#1793=LINE('',#11171,#2289);
#1794=LINE('',#11174,#2290);
#1795=LINE('',#11179,#2291);
#1796=LINE('',#11182,#2292);
#1797=LINE('',#11184,#2293);
#1798=LINE('',#11188,#2294);
#1799=LINE('',#11191,#2295);
#1800=LINE('',#11197,#2296);
#1801=LINE('',#11200,#2297);
#1802=LINE('',#11204,#2298);
#1803=LINE('',#11205,#2299);
#1804=LINE('',#11206,#2300);
#1805=LINE('',#11211,#2301);
#1806=LINE('',#11212,#2302);
#1807=LINE('',#11215,#2303);
#1808=LINE('',#11219,#2304);
#1809=LINE('',#11222,#2305);
#1810=LINE('',#11224,#2306);
#1811=LINE('',#11227,#2307);
#1812=LINE('',#11231,#2308);
#1813=LINE('',#11235,#2309);
#1814=LINE('',#11239,#2310);
#1815=LINE('',#11243,#2311);
#1816=LINE('',#11245,#2312);
#1817=LINE('',#11247,#2313);
#1818=LINE('',#11248,#2314);
#1819=LINE('',#11250,#2315);
#1820=LINE('',#11252,#2316);
#1821=LINE('',#11255,#2317);
#1822=LINE('',#11256,#2318);
#1823=LINE('',#11258,#2319);
#1824=LINE('',#11260,#2320);
#1825=LINE('',#11267,#2321);
#1826=LINE('',#11268,#2322);
#1827=LINE('',#11270,#2323);
#1828=LINE('',#11272,#2324);
#1829=LINE('',#11275,#2325);
#1830=LINE('',#11276,#2326);
#1831=LINE('',#11278,#2327);
#1832=LINE('',#11280,#2328);
#1833=LINE('',#11324,#2329);
#1834=LINE('',#11340,#2330);
#1835=LINE('',#11346,#2331);
#1836=LINE('',#11365,#2332);
#1837=LINE('',#11371,#2333);
#1838=LINE('',#11390,#2334);
#1839=LINE('',#11408,#2335);
#1840=LINE('',#11412,#2336);
#1841=LINE('',#11414,#2337);
#1842=LINE('',#11576,#2338);
#1843=LINE('',#11577,#2339);
#1844=LINE('',#11579,#2340);
#1845=LINE('',#11583,#2341);
#1846=LINE('',#11585,#2342);
#1847=LINE('',#11587,#2343);
#1848=LINE('',#11595,#2344);
#1849=LINE('',#11601,#2345);
#1850=LINE('',#11763,#2346);
#1851=LINE('',#11922,#2347);
#1852=LINE('',#12001,#2348);
#1853=LINE('',#12006,#2349);
#1854=LINE('',#12027,#2350);
#1855=LINE('',#12049,#2351);
#1856=LINE('',#12076,#2352);
#1857=LINE('',#12104,#2353);
#1858=LINE('',#12125,#2354);
#1859=LINE('',#12147,#2355);
#1860=LINE('',#12168,#2356);
#1861=LINE('',#12190,#2357);
#1862=LINE('',#12217,#2358);
#1863=LINE('',#12245,#2359);
#1864=LINE('',#12266,#2360);
#1865=LINE('',#12537,#2361);
#1866=LINE('',#12545,#2362);
#1867=LINE('',#12551,#2363);
#1868=LINE('',#12557,#2364);
#1869=LINE('',#12562,#2365);
#1870=LINE('',#12566,#2366);
#1871=LINE('',#12568,#2367);
#1872=LINE('',#12613,#2368);
#1873=LINE('',#12629,#2369);
#1874=LINE('',#12635,#2370);
#1875=LINE('',#12654,#2371);
#1876=LINE('',#12660,#2372);
#1877=LINE('',#12679,#2373);
#1878=LINE('',#12697,#2374);
#1879=LINE('',#12701,#2375);
#1880=LINE('',#12703,#2376);
#1881=LINE('',#12865,#2377);
#1882=LINE('',#12866,#2378);
#1883=LINE('',#12868,#2379);
#1884=LINE('',#12872,#2380);
#1885=LINE('',#12874,#2381);
#1886=LINE('',#12876,#2382);
#1887=LINE('',#12884,#2383);
#1888=LINE('',#12890,#2384);
#1889=LINE('',#12899,#2385);
#1890=LINE('',#12905,#2386);
#1891=VECTOR('',#7375,2.75000000000001);
#1892=VECTOR('',#7382,2.75);
#1893=VECTOR('',#7389,2.75);
#1894=VECTOR('',#7396,2.75000000000001);
#1895=VECTOR('',#7403,2.75);
#1896=VECTOR('',#7410,2.75);
#1897=VECTOR('',#7421,1000.);
#1898=VECTOR('',#7424,1000.);
#1899=VECTOR('',#7427,1000.);
#1900=VECTOR('',#7430,1000.);
#1901=VECTOR('',#7431,1000.);
#1902=VECTOR('',#7432,1000.);
#1903=VECTOR('',#7433,1000.);
#1904=VECTOR('',#7434,1000.);
#1905=VECTOR('',#7437,1000.);
#1906=VECTOR('',#7438,1000.);
#1907=VECTOR('',#7439,1000.);
#1908=VECTOR('',#7440,1000.);
#1909=VECTOR('',#7443,1000.);
#1910=VECTOR('',#7446,1000.);
#1911=VECTOR('',#7447,1000.);
#1912=VECTOR('',#7448,1000.);
#1913=VECTOR('',#7449,1000.);
#1914=VECTOR('',#7450,1000.);
#1915=VECTOR('',#7453,1000.);
#1916=VECTOR('',#7454,1000.);
#1917=VECTOR('',#7455,1000.);
#1918=VECTOR('',#7456,1000.);
#1919=VECTOR('',#7459,1000.);
#1920=VECTOR('',#7460,1000.);
#1921=VECTOR('',#7463,1000.);
#1922=VECTOR('',#7464,1000.);
#1923=VECTOR('',#7469,1000.);
#1924=VECTOR('',#7472,1000.);
#1925=VECTOR('',#7473,1000.);
#1926=VECTOR('',#7474,1000.);
#1927=VECTOR('',#7477,1000.);
#1928=VECTOR('',#7478,1000.);
#1929=VECTOR('',#7479,1000.);
#1930=VECTOR('',#7482,1000.);
#1931=VECTOR('',#7485,1000.);
#1932=VECTOR('',#7486,1000.);
#1933=VECTOR('',#7489,1000.);
#1934=VECTOR('',#7494,1000.);
#1935=VECTOR('',#7499,1000.);
#1936=VECTOR('',#7504,1000.);
#1937=VECTOR('',#7507,1000.);
#1938=VECTOR('',#7510,1000.);
#1939=VECTOR('',#7511,1000.);
#1940=VECTOR('',#7512,1000.);
#1941=VECTOR('',#7519,1000.);
#1942=VECTOR('',#7522,1000.);
#1943=VECTOR('',#7523,1000.);
#1944=VECTOR('',#7524,1000.);
#1945=VECTOR('',#7531,1000.);
#1946=VECTOR('',#7534,1000.);
#1947=VECTOR('',#7535,1000.);
#1948=VECTOR('',#7536,1000.);
#1949=VECTOR('',#7537,1000.);
#1950=VECTOR('',#7538,1000.);
#1951=VECTOR('',#7545,1000.);
#1952=VECTOR('',#7548,1000.);
#1953=VECTOR('',#7549,1000.);
#1954=VECTOR('',#7552,1000.);
#1955=VECTOR('',#7553,1000.);
#1956=VECTOR('',#7554,1000.);
#1957=VECTOR('',#7557,1000.);
#1958=VECTOR('',#7558,1000.);
#1959=VECTOR('',#7561,1000.);
#1960=VECTOR('',#7570,1000.);
#1961=VECTOR('',#7575,1000.);
#1962=VECTOR('',#7580,1000.);
#1963=VECTOR('',#7585,1000.);
#1964=VECTOR('',#7590,1000.);
#1965=VECTOR('',#7593,1000.);
#1966=VECTOR('',#7596,1000.);
#1967=VECTOR('',#7597,1000.);
#1968=VECTOR('',#7598,1000.);
#1969=VECTOR('',#7601,1000.);
#1970=VECTOR('',#7602,1000.);
#1971=VECTOR('',#7603,1000.);
#1972=VECTOR('',#7606,1000.);
#1973=VECTOR('',#7609,1000.);
#1974=VECTOR('',#7612,1000.);
#1975=VECTOR('',#7621,1000.);
#1976=VECTOR('',#7626,1000.);
#1977=VECTOR('',#7631,1000.);
#1978=VECTOR('',#7634,1000.);
#1979=VECTOR('',#7637,1000.);
#1980=VECTOR('',#7638,1000.);
#1981=VECTOR('',#7639,1000.);
#1982=VECTOR('',#7646,1000.);
#1983=VECTOR('',#7649,1000.);
#1984=VECTOR('',#7650,1000.);
#1985=VECTOR('',#7651,1000.);
#1986=VECTOR('',#7658,1000.);
#1987=VECTOR('',#7661,1000.);
#1988=VECTOR('',#7668,1000.);
#1989=VECTOR('',#7675,1000.);
#1990=VECTOR('',#7676,1000.);
#1991=VECTOR('',#7677,1000.);
#1992=VECTOR('',#7684,1000.);
#1993=VECTOR('',#7687,1000.);
#1994=VECTOR('',#7688,1000.);
#1995=VECTOR('',#7689,1000.);
#1996=VECTOR('',#7690,1000.);
#1997=VECTOR('',#7693,1000.);
#1998=VECTOR('',#7694,1000.);
#1999=VECTOR('',#7697,1000.);
#2000=VECTOR('',#7704,1000.);
#2001=VECTOR('',#7707,1000.);
#2002=VECTOR('',#7710,1000.);
#2003=VECTOR('',#7717,1000.);
#2004=VECTOR('',#7722,1000.);
#2005=VECTOR('',#7729,1000.);
#2006=VECTOR('',#7732,1000.);
#2007=VECTOR('',#7737,1000.);
#2008=VECTOR('',#7740,1000.);
#2009=VECTOR('',#7743,1000.);
#2010=VECTOR('',#7744,1000.);
#2011=VECTOR('',#7747,1000.);
#2012=VECTOR('',#7750,1000.);
#2013=VECTOR('',#7757,2.75000000000001);
#2014=VECTOR('',#7764,2.75);
#2015=VECTOR('',#7769,1000.);
#2016=VECTOR('',#7770,1000.);
#2017=VECTOR('',#7771,1000.);
#2018=VECTOR('',#7772,1000.);
#2019=VECTOR('',#7777,1000.);
#2020=VECTOR('',#7782,1000.);
#2021=VECTOR('',#7783,1000.);
#2022=VECTOR('',#7784,1000.);
#2023=VECTOR('',#7789,1000.);
#2024=VECTOR('',#7794,1000.);
#2025=VECTOR('',#7795,1000.);
#2026=VECTOR('',#7796,1000.);
#2027=VECTOR('',#7801,1000.);
#2028=VECTOR('',#7806,1000.);
#2029=VECTOR('',#7809,1000.);
#2030=VECTOR('',#7812,1000.);
#2031=VECTOR('',#7813,1000.);
#2032=VECTOR('',#7816,1000.);
#2033=VECTOR('',#7819,1000.);
#2034=VECTOR('',#7820,1000.);
#2035=VECTOR('',#7825,1000.);
#2036=VECTOR('',#7830,1000.);
#2037=VECTOR('',#7831,1000.);
#2038=VECTOR('',#7832,1000.);
#2039=VECTOR('',#7837,1000.);
#2040=VECTOR('',#7842,1000.);
#2041=VECTOR('',#7843,1000.);
#2042=VECTOR('',#7844,1000.);
#2043=VECTOR('',#7849,1000.);
#2044=VECTOR('',#7854,1000.);
#2045=VECTOR('',#7855,1000.);
#2046=VECTOR('',#7856,1000.);
#2047=VECTOR('',#7859,1000.);
#2048=VECTOR('',#7860,1000.);
#2049=VECTOR('',#7861,1000.);
#2050=VECTOR('',#7862,1000.);
#2051=VECTOR('',#7865,1000.);
#2052=VECTOR('',#7866,1000.);
#2053=VECTOR('',#7867,1000.);
#2054=VECTOR('',#7868,1000.);
#2055=VECTOR('',#7871,1000.);
#2056=VECTOR('',#7874,1000.);
#2057=VECTOR('',#7877,1000.);
#2058=VECTOR('',#7878,1000.);
#2059=VECTOR('',#7881,1000.);
#2060=VECTOR('',#7884,1000.);
#2061=VECTOR('',#7885,1000.);
#2062=VECTOR('',#7886,1000.);
#2063=VECTOR('',#7889,1000.);
#2064=VECTOR('',#7890,1000.);
#2065=VECTOR('',#7891,1000.);
#2066=VECTOR('',#7892,1000.);
#2067=VECTOR('',#7895,1000.);
#2068=VECTOR('',#7896,1000.);
#2069=VECTOR('',#7899,1000.);
#2070=VECTOR('',#7902,1000.);
#2071=VECTOR('',#7905,1000.);
#2072=VECTOR('',#7908,1000.);
#2073=VECTOR('',#7913,1000.);
#2074=VECTOR('',#7916,1000.);
#2075=VECTOR('',#7919,1000.);
#2076=VECTOR('',#7922,1000.);
#2077=VECTOR('',#7929,2.75);
#2078=VECTOR('',#7936,2.75);
#2079=VECTOR('',#7943,1000.);
#2080=VECTOR('',#7946,1000.);
#2081=VECTOR('',#7949,1000.);
#2082=VECTOR('',#7952,1000.);
#2083=VECTOR('',#7955,1000.);
#2084=VECTOR('',#7958,1000.);
#2085=VECTOR('',#7961,1000.);
#2086=VECTOR('',#7962,1000.);
#2087=VECTOR('',#7963,1000.);
#2088=VECTOR('',#7966,1000.);
#2089=VECTOR('',#7969,1000.);
#2090=VECTOR('',#7972,1000.);
#2091=VECTOR('',#7975,1000.);
#2092=VECTOR('',#7980,1000.);
#2093=VECTOR('',#7981,1000.);
#2094=VECTOR('',#7984,1000.);
#2095=VECTOR('',#7989,1000.);
#2096=VECTOR('',#7994,1000.);
#2097=VECTOR('',#7995,1000.);
#2098=VECTOR('',#7996,1000.);
#2099=VECTOR('',#7997,1000.);
#2100=VECTOR('',#8000,1000.);
#2101=VECTOR('',#8001,1000.);
#2102=VECTOR('',#8002,1000.);
#2103=VECTOR('',#8003,1000.);
#2104=VECTOR('',#8006,1000.);
#2105=VECTOR('',#8009,1000.);
#2106=VECTOR('',#8012,1000.);
#2107=VECTOR('',#8013,1000.);
#2108=VECTOR('',#8016,1000.);
#2109=VECTOR('',#8019,1000.);
#2110=VECTOR('',#8020,1000.);
#2111=VECTOR('',#8021,1000.);
#2112=VECTOR('',#8024,1000.);
#2113=VECTOR('',#8025,1000.);
#2114=VECTOR('',#8026,1000.);
#2115=VECTOR('',#8027,1000.);
#2116=VECTOR('',#8030,1000.);
#2117=VECTOR('',#8031,1000.);
#2118=VECTOR('',#8032,1000.);
#2119=VECTOR('',#8037,1000.);
#2120=VECTOR('',#8042,1000.);
#2121=VECTOR('',#8047,1000.);
#2122=VECTOR('',#8048,1000.);
#2123=VECTOR('',#8057,1000.);
#2124=VECTOR('',#8060,1000.);
#2125=VECTOR('',#8063,1000.);
#2126=VECTOR('',#8066,1000.);
#2127=VECTOR('',#8069,1000.);
#2128=VECTOR('',#8072,1000.);
#2129=VECTOR('',#8075,1000.);
#2130=VECTOR('',#8078,1000.);
#2131=VECTOR('',#8083,1000.);
#2132=VECTOR('',#8086,1000.);
#2133=VECTOR('',#8089,1000.);
#2134=VECTOR('',#8092,1000.);
#2135=VECTOR('',#8095,1000.);
#2136=VECTOR('',#8098,1000.);
#2137=VECTOR('',#8101,1000.);
#2138=VECTOR('',#8104,1000.);
#2139=VECTOR('',#8107,1000.);
#2140=VECTOR('',#8108,1000.);
#2141=VECTOR('',#8111,1000.);
#2142=VECTOR('',#8112,1000.);
#2143=VECTOR('',#8113,1000.);
#2144=VECTOR('',#8114,1000.);
#2145=VECTOR('',#8117,1000.);
#2146=VECTOR('',#8120,1000.);
#2147=VECTOR('',#8123,1000.);
#2148=VECTOR('',#8124,1000.);
#2149=VECTOR('',#8127,1000.);
#2150=VECTOR('',#8130,1000.);
#2151=VECTOR('',#8131,1000.);
#2152=VECTOR('',#8132,1000.);
#2153=VECTOR('',#8135,1000.);
#2154=VECTOR('',#8136,1000.);
#2155=VECTOR('',#8137,1000.);
#2156=VECTOR('',#8138,1000.);
#2157=VECTOR('',#8141,1000.);
#2158=VECTOR('',#8142,1000.);
#2159=VECTOR('',#8143,1000.);
#2160=VECTOR('',#8146,1000.);
#2161=VECTOR('',#8147,1000.);
#2162=VECTOR('',#8148,1000.);
#2163=VECTOR('',#8151,1000.);
#2164=VECTOR('',#8152,1000.);
#2165=VECTOR('',#8153,1000.);
#2166=VECTOR('',#8154,1000.);
#2167=VECTOR('',#8157,1000.);
#2168=VECTOR('',#8158,1000.);
#2169=VECTOR('',#8159,1000.);
#2170=VECTOR('',#8160,1000.);
#2171=VECTOR('',#8163,1000.);
#2172=VECTOR('',#8166,1000.);
#2173=VECTOR('',#8169,1000.);
#2174=VECTOR('',#8170,1000.);
#2175=VECTOR('',#8173,1000.);
#2176=VECTOR('',#8176,1000.);
#2177=VECTOR('',#8177,1000.);
#2178=VECTOR('',#8178,1000.);
#2179=VECTOR('',#8181,1000.);
#2180=VECTOR('',#8182,1000.);
#2181=VECTOR('',#8183,1000.);
#2182=VECTOR('',#8184,1000.);
#2183=VECTOR('',#8187,1000.);
#2184=VECTOR('',#8188,1000.);
#2185=VECTOR('',#8189,1000.);
#2186=VECTOR('',#8192,1000.);
#2187=VECTOR('',#8193,1000.);
#2188=VECTOR('',#8194,1000.);
#2189=VECTOR('',#8197,1000.);
#2190=VECTOR('',#8198,1000.);
#2191=VECTOR('',#8201,1000.);
#2192=VECTOR('',#8204,1000.);
#2193=VECTOR('',#8207,1000.);
#2194=VECTOR('',#8210,1000.);
#2195=VECTOR('',#8215,1000.);
#2196=VECTOR('',#8218,1000.);
#2197=VECTOR('',#8221,1000.);
#2198=VECTOR('',#8224,1000.);
#2199=VECTOR('',#8227,1000.);
#2200=VECTOR('',#8228,1000.);
#2201=VECTOR('',#8231,1000.);
#2202=VECTOR('',#8232,1000.);
#2203=VECTOR('',#8233,1000.);
#2204=VECTOR('',#8234,1000.);
#2205=VECTOR('',#8237,1000.);
#2206=VECTOR('',#8238,1000.);
#2207=VECTOR('',#8239,1000.);
#2208=VECTOR('',#8244,1000.);
#2209=VECTOR('',#8249,1000.);
#2210=VECTOR('',#8250,1000.);
#2211=VECTOR('',#8251,1000.);
#2212=VECTOR('',#8252,1000.);
#2213=VECTOR('',#8255,1000.);
#2214=VECTOR('',#8256,1000.);
#2215=VECTOR('',#8257,1000.);
#2216=VECTOR('',#8258,1000.);
#2217=VECTOR('',#8261,1000.);
#2218=VECTOR('',#8264,1000.);
#2219=VECTOR('',#8267,1000.);
#2220=VECTOR('',#8268,1000.);
#2221=VECTOR('',#8271,1000.);
#2222=VECTOR('',#8274,1000.);
#2223=VECTOR('',#8275,1000.);
#2224=VECTOR('',#8276,1000.);
#2225=VECTOR('',#8279,1000.);
#2226=VECTOR('',#8280,1000.);
#2227=VECTOR('',#8281,1000.);
#2228=VECTOR('',#8282,1000.);
#2229=VECTOR('',#8285,1000.);
#2230=VECTOR('',#8286,1000.);
#2231=VECTOR('',#8287,1000.);
#2232=VECTOR('',#8292,1000.);
#2233=VECTOR('',#8297,1000.);
#2234=VECTOR('',#8298,1000.);
#2235=VECTOR('',#8299,1000.);
#2236=VECTOR('',#8300,1000.);
#2237=VECTOR('',#8303,1000.);
#2238=VECTOR('',#8304,1000.);
#2239=VECTOR('',#8305,1000.);
#2240=VECTOR('',#8306,1000.);
#2241=VECTOR('',#8309,1000.);
#2242=VECTOR('',#8312,1000.);
#2243=VECTOR('',#8315,1000.);
#2244=VECTOR('',#8316,1000.);
#2245=VECTOR('',#8319,1000.);
#2246=VECTOR('',#8322,1000.);
#2247=VECTOR('',#8325,1000.);
#2248=VECTOR('',#8328,1000.);
#2249=VECTOR('',#8331,1000.);
#2250=VECTOR('',#8334,1000.);
#2251=VECTOR('',#8339,1000.);
#2252=VECTOR('',#8342,1000.);
#2253=VECTOR('',#8345,1000.);
#2254=VECTOR('',#8348,1000.);
#2255=VECTOR('',#8357,2.75);
#2256=VECTOR('',#8364,2.75);
#2257=VECTOR('',#8369,1000.);
#2258=VECTOR('',#8372,1000.);
#2259=VECTOR('',#8377,1000.);
#2260=VECTOR('',#8378,1000.);
#2261=VECTOR('',#8379,1000.);
#2262=VECTOR('',#8382,1000.);
#2263=VECTOR('',#8385,1000.);
#2264=VECTOR('',#8390,1000.);
#2265=VECTOR('',#8391,1000.);
#2266=VECTOR('',#8392,1000.);
#2267=VECTOR('',#8395,1000.);
#2268=VECTOR('',#8402,1000.);
#2269=VECTOR('',#8403,1000.);
#2270=VECTOR('',#8404,1000.);
#2271=VECTOR('',#8407,1000.);
#2272=VECTOR('',#8410,1000.);
#2273=VECTOR('',#8415,1000.);
#2274=VECTOR('',#8416,1000.);
#2275=VECTOR('',#8421,1000.);
#2276=VECTOR('',#8424,1000.);
#2277=VECTOR('',#8425,1000.);
#2278=VECTOR('',#8426,1000.);
#2279=VECTOR('',#8429,1000.);
#2280=VECTOR('',#8434,1000.);
#2281=VECTOR('',#8435,1000.);
#2282=VECTOR('',#8436,1000.);
#2283=VECTOR('',#8441,1000.);
#2284=VECTOR('',#8442,1000.);
#2285=VECTOR('',#8447,1000.);
#2286=VECTOR('',#8450,1000.);
#2287=VECTOR('',#8453,1000.);
#2288=VECTOR('',#8456,1000.);
#2289=VECTOR('',#8459,1000.);
#2290=VECTOR('',#8462,1000.);
#2291=VECTOR('',#8465,1000.);
#2292=VECTOR('',#8468,1000.);
#2293=VECTOR('',#8471,1000.);
#2294=VECTOR('',#8474,1000.);
#2295=VECTOR('',#8477,1000.);
#2296=VECTOR('',#8482,1000.);
#2297=VECTOR('',#8485,1000.);
#2298=VECTOR('',#8488,1000.);
#2299=VECTOR('',#8489,1000.);
#2300=VECTOR('',#8490,1000.);
#2301=VECTOR('',#8497,1000.);
#2302=VECTOR('',#8498,1000.);
#2303=VECTOR('',#8499,1000.);
#2304=VECTOR('',#8502,1000.);
#2305=VECTOR('',#8507,1000.);
#2306=VECTOR('',#8510,1000.);
#2307=VECTOR('',#8511,1000.);
#2308=VECTOR('',#8514,1000.);
#2309=VECTOR('',#8517,1000.);
#2310=VECTOR('',#8520,1000.);
#2311=VECTOR('',#8527,1000.);
#2312=VECTOR('',#8530,1000.);
#2313=VECTOR('',#8533,1000.);
#2314=VECTOR('',#8534,1000.);
#2315=VECTOR('',#8537,1000.);
#2316=VECTOR('',#8540,1000.);
#2317=VECTOR('',#8545,1000.);
#2318=VECTOR('',#8546,1000.);
#2319=VECTOR('',#8549,1000.);
#2320=VECTOR('',#8552,1000.);
#2321=VECTOR('',#8565,1000.);
#2322=VECTOR('',#8566,1000.);
#2323=VECTOR('',#8569,1000.);
#2324=VECTOR('',#8572,1000.);
#2325=VECTOR('',#8577,1000.);
#2326=VECTOR('',#8578,1000.);
#2327=VECTOR('',#8581,1000.);
#2328=VECTOR('',#8584,1000.);
#2329=VECTOR('',#8639,1000.);
#2330=VECTOR('',#8640,1000.);
#2331=VECTOR('',#8645,1000.);
#2332=VECTOR('',#8646,1000.);
#2333=VECTOR('',#8651,1000.);
#2334=VECTOR('',#8652,1000.);
#2335=VECTOR('',#8659,2.0828);
#2336=VECTOR('',#8664,2.0828);
#2337=VECTOR('',#8667,3.96);
#2338=VECTOR('',#8718,1000.);
#2339=VECTOR('',#8719,1000.);
#2340=VECTOR('',#8722,1000.);
#2341=VECTOR('',#8729,1000.);
#2342=VECTOR('',#8732,1000.);
#2343=VECTOR('',#8735,1000.);
#2344=VECTOR('',#8746,2.15);
#2345=VECTOR('',#8753,4.5);
#2346=VECTOR('',#8858,5.04098953786192);
#2347=VECTOR('',#8861,4.165625);
#2348=VECTOR('',#8864,2.0828);
#2349=VECTOR('',#8871,1000.);
#2350=VECTOR('',#8872,1000.);
#2351=VECTOR('',#8875,1000.);
#2352=VECTOR('',#8876,1000.);
#2353=VECTOR('',#8879,1000.);
#2354=VECTOR('',#8880,1000.);
#2355=VECTOR('',#8883,1000.);
#2356=VECTOR('',#8884,1000.);
#2357=VECTOR('',#8887,1000.);
#2358=VECTOR('',#8888,1000.);
#2359=VECTOR('',#8891,1000.);
#2360=VECTOR('',#8892,1000.);
#2361=VECTOR('',#8959,5.84999999999999);
#2362=VECTOR('',#8968,6.35);
#2363=VECTOR('',#8975,1.7272);
#2364=VECTOR('',#8982,1880.72646534635);
#2365=VECTOR('',#8987,1.7272);
#2366=VECTOR('',#8992,1.7272);
#2367=VECTOR('',#8995,6.35);
#2368=VECTOR('',#9052,1000.);
#2369=VECTOR('',#9053,1000.);
#2370=VECTOR('',#9058,1000.);
#2371=VECTOR('',#9059,1000.);
#2372=VECTOR('',#9064,1000.);
#2373=VECTOR('',#9065,1000.);
#2374=VECTOR('',#9072,2.0828);
#2375=VECTOR('',#9077,2.0828);
#2376=VECTOR('',#9080,3.96);
#2377=VECTOR('',#9131,1000.);
#2378=VECTOR('',#9132,1000.);
#2379=VECTOR('',#9135,1000.);
#2380=VECTOR('',#9142,1000.);
#2381=VECTOR('',#9145,1000.);
#2382=VECTOR('',#9148,1000.);
#2383=VECTOR('',#9159,2.7);
#2384=VECTOR('',#9166,7.375);
#2385=VECTOR('',#9179,2.5);
#2386=VECTOR('',#9186,12.5);
#2387=CIRCLE('',#6679,2.75000000000001);
#2388=CIRCLE('',#6680,2.75000000000001);
#2389=CIRCLE('',#6682,2.75);
#2390=CIRCLE('',#6683,2.75);
#2391=CIRCLE('',#6685,2.75);
#2392=CIRCLE('',#6686,2.75);
#2393=CIRCLE('',#6688,2.75000000000001);
#2394=CIRCLE('',#6689,2.75000000000001);
#2395=CIRCLE('',#6691,2.75);
#2396=CIRCLE('',#6692,2.75);
#2397=CIRCLE('',#6694,2.75);
#2398=CIRCLE('',#6695,2.75);
#2399=CIRCLE('',#6697,3.00000000000001);
#2400=CIRCLE('',#6698,3.00000000000001);
#2401=CIRCLE('',#6699,3.00000000000001);
#2402=CIRCLE('',#6700,3.00000000000001);
#2403=CIRCLE('',#6702,0.812800000000002);
#2404=CIRCLE('',#6703,0.812800000000002);
#2405=CIRCLE('',#6705,0.812800000000002);
#2406=CIRCLE('',#6706,0.812800000000002);
#2407=CIRCLE('',#6716,3.8128);
#2408=CIRCLE('',#6718,3.8128);
#2409=CIRCLE('',#6721,10.);
#2410=CIRCLE('',#6722,10.);
#2411=CIRCLE('',#6725,10.);
#2412=CIRCLE('',#6726,10.);
#2413=CIRCLE('',#6729,10.);
#2414=CIRCLE('',#6730,10.);
#2415=CIRCLE('',#6733,3.);
#2416=CIRCLE('',#6734,3.);
#2417=CIRCLE('',#6745,3.8128);
#2418=CIRCLE('',#6747,3.8128);
#2419=CIRCLE('',#6750,20.);
#2420=CIRCLE('',#6751,20.);
#2421=CIRCLE('',#6757,0.812799999999997);
#2422=CIRCLE('',#6758,3.8128);
#2423=CIRCLE('',#6760,0.812799999999997);
#2424=CIRCLE('',#6761,3.8128);
#2425=CIRCLE('',#6764,10.);
#2426=CIRCLE('',#6765,10.);
#2427=CIRCLE('',#6768,10.);
#2428=CIRCLE('',#6769,10.);
#2429=CIRCLE('',#6772,10.);
#2430=CIRCLE('',#6773,10.);
#2431=CIRCLE('',#6776,3.00000000000001);
#2432=CIRCLE('',#6777,3.00000000000001);
#2433=CIRCLE('',#6778,3.00000000000001);
#2434=CIRCLE('',#6779,3.00000000000001);
#2435=CIRCLE('',#6782,3.);
#2436=CIRCLE('',#6783,3.);
#2437=CIRCLE('',#6794,0.812800000000002);
#2438=CIRCLE('',#6795,3.8128);
#2439=CIRCLE('',#6797,0.812800000000002);
#2440=CIRCLE('',#6798,3.8128);
#2441=CIRCLE('',#6802,20.);
#2442=CIRCLE('',#6803,20.);
#2443=CIRCLE('',#6809,2.75000000000001);
#2444=CIRCLE('',#6810,2.75000000000001);
#2445=CIRCLE('',#6812,2.75000000000001);
#2446=CIRCLE('',#6813,2.75000000000001);
#2447=CIRCLE('',#6816,10.);
#2448=CIRCLE('',#6817,10.);
#2449=CIRCLE('',#6820,10.);
#2450=CIRCLE('',#6821,10.);
#2451=CIRCLE('',#6824,10.);
#2452=CIRCLE('',#6825,10.);
#2453=CIRCLE('',#6827,0.702799999999997);
#2454=CIRCLE('',#6828,0.702799999999997);
#2455=CIRCLE('',#6829,0.7128);
#2456=CIRCLE('',#6830,0.7128);
#2457=CIRCLE('',#6832,10.);
#2458=CIRCLE('',#6833,10.);
#2459=CIRCLE('',#6836,10.);
#2460=CIRCLE('',#6837,10.);
#2461=CIRCLE('',#6840,10.);
#2462=CIRCLE('',#6841,10.);
#2463=CIRCLE('',#6846,0.702799999999997);
#2464=CIRCLE('',#6847,0.702799999999997);
#2465=CIRCLE('',#6848,0.7128);
#2466=CIRCLE('',#6849,0.7128);
#2467=CIRCLE('',#6863,2.75);
#2468=CIRCLE('',#6864,2.75);
#2469=CIRCLE('',#6866,2.75);
#2470=CIRCLE('',#6867,2.75);
#2471=CIRCLE('',#6869,20.);
#2472=CIRCLE('',#6870,20.);
#2473=CIRCLE('',#6872,0.702799999999997);
#2474=CIRCLE('',#6873,0.702799999999997);
#2475=CIRCLE('',#6874,0.702799999999997);
#2476=CIRCLE('',#6875,0.702799999999997);
#2477=CIRCLE('',#6876,0.7128);
#2478=CIRCLE('',#6877,0.7128);
#2479=CIRCLE('',#6878,0.7128);
#2480=CIRCLE('',#6879,0.7128);
#2481=CIRCLE('',#6881,0.702799999999997);
#2482=CIRCLE('',#6882,0.7128);
#2483=CIRCLE('',#6884,3.00000000000001);
#2484=CIRCLE('',#6885,3.00000000000001);
#2485=CIRCLE('',#6889,0.702799999999997);
#2486=CIRCLE('',#6890,0.702799999999997);
#2487=CIRCLE('',#6891,0.7128);
#2488=CIRCLE('',#6892,0.7128);
#2489=CIRCLE('',#6896,3.00000000000001);
#2490=CIRCLE('',#6897,3.00000000000001);
#2491=CIRCLE('',#6899,0.702799999999997);
#2492=CIRCLE('',#6900,0.7128);
#2493=CIRCLE('',#6902,20.);
#2494=CIRCLE('',#6903,20.);
#2495=CIRCLE('',#6924,0.702799999999997);
#2496=CIRCLE('',#6925,0.702799999999997);
#2497=CIRCLE('',#6926,0.7128);
#2498=CIRCLE('',#6927,0.7128);
#2499=CIRCLE('',#6934,0.702799999999997);
#2500=CIRCLE('',#6935,0.702799999999997);
#2501=CIRCLE('',#6936,0.7128);
#2502=CIRCLE('',#6937,0.7128);
#2503=CIRCLE('',#6955,3.00000000000001);
#2504=CIRCLE('',#6956,3.00000000000001);
#2505=CIRCLE('',#6960,0.702799999999997);
#2506=CIRCLE('',#6961,0.702799999999997);
#2507=CIRCLE('',#6962,0.7128);
#2508=CIRCLE('',#6963,0.7128);
#2509=CIRCLE('',#6967,3.00000000000001);
#2510=CIRCLE('',#6968,3.00000000000001);
#2511=CIRCLE('',#6972,0.7128);
#2512=CIRCLE('',#6973,0.7128);
#2513=CIRCLE('',#6974,0.702799999999997);
#2514=CIRCLE('',#6975,0.702799999999997);
#2515=CIRCLE('',#6988,2.75);
#2516=CIRCLE('',#6989,2.75);
#2517=CIRCLE('',#6991,2.75);
#2518=CIRCLE('',#6992,2.75);
#2519=CIRCLE('',#6994,3.);
#2520=CIRCLE('',#6995,5.50000000000001);
#2521=CIRCLE('',#6998,3.);
#2522=CIRCLE('',#6999,5.50000000000001);
#2523=CIRCLE('',#7002,2.99999999999998);
#2524=CIRCLE('',#7003,5.49999999999998);
#2525=CIRCLE('',#7006,2.99999999999998);
#2526=CIRCLE('',#7007,5.49999999999998);
#2527=CIRCLE('',#7010,10.);
#2528=CIRCLE('',#7011,10.);
#2529=CIRCLE('',#7012,4.75);
#2530=CIRCLE('',#7013,4.75000000000002);
#2531=CIRCLE('',#7016,10.);
#2532=CIRCLE('',#7017,10.);
#2533=CIRCLE('',#7018,4.75);
#2534=CIRCLE('',#7019,4.75000000000003);
#2535=CIRCLE('',#7022,2.75);
#2536=CIRCLE('',#7023,2.75);
#2537=CIRCLE('',#7024,2.75);
#2538=CIRCLE('',#7025,2.75);
#2539=CIRCLE('',#7028,10.);
#2540=CIRCLE('',#7029,10.);
#2541=CIRCLE('',#7030,4.75);
#2542=CIRCLE('',#7031,4.75000000000003);
#2543=CIRCLE('',#7034,10.);
#2544=CIRCLE('',#7035,10.);
#2545=CIRCLE('',#7036,4.75);
#2546=CIRCLE('',#7037,4.75000000000002);
#2547=CIRCLE('',#7040,2.75);
#2548=CIRCLE('',#7041,2.75);
#2549=CIRCLE('',#7042,2.75);
#2550=CIRCLE('',#7043,2.75);
#2551=CIRCLE('',#7069,2.10500922670447);
#2552=CIRCLE('',#7070,0.1);
#2553=CIRCLE('',#7071,2.05794948949489);
#2554=CIRCLE('',#7073,3.96);
#2555=CIRCLE('',#7074,3.96);
#2556=CIRCLE('',#7075,0.1);
#2557=CIRCLE('',#7076,3.94826775708356);
#2558=CIRCLE('',#7078,3.96);
#2559=CIRCLE('',#7079,0.1);
#2560=CIRCLE('',#7080,3.86);
#2561=CIRCLE('',#7082,1.73708932188135);
#2562=CIRCLE('',#7083,0.1);
#2563=CIRCLE('',#7084,1.66637864376269);
#2564=CIRCLE('',#7086,2.05351067811866);
#2565=CIRCLE('',#7087,2.05351067811866);
#2566=CIRCLE('',#7088,0.1);
#2567=CIRCLE('',#7089,2.0828);
#2568=CIRCLE('',#7090,2.0828);
#2569=CIRCLE('',#7092,0.818331278261952);
#2570=CIRCLE('',#7094,0.2375);
#2571=CIRCLE('',#7096,0.2375);
#2572=CIRCLE('',#7098,1.675);
#2573=CIRCLE('',#7101,2.0828);
#2574=CIRCLE('',#7105,1.675);
#2575=CIRCLE('',#7106,1.675);
#2576=CIRCLE('',#7107,1.675);
#2577=CIRCLE('',#7108,1.675);
#2578=CIRCLE('',#7109,1.675);
#2579=CIRCLE('',#7118,0.818331278261953);
#2580=CIRCLE('',#7119,0.2375);
#2581=CIRCLE('',#7120,0.2375);
#2582=CIRCLE('',#7121,0.818331278261953);
#2583=CIRCLE('',#7122,0.2375);
#2584=CIRCLE('',#7123,0.818331278261952);
#2585=CIRCLE('',#7124,0.818331278261952);
#2586=CIRCLE('',#7125,0.818331278261953);
#2587=CIRCLE('',#7126,0.2375);
#2588=CIRCLE('',#7138,2.15);
#2589=CIRCLE('',#7139,2.15);
#2590=CIRCLE('',#7141,4.5);
#2591=CIRCLE('',#7142,4.5);
#2592=CIRCLE('',#7147,0.0999999999999998);
#2593=CIRCLE('',#7148,0.1);
#2594=CIRCLE('',#7149,0.1);
#2595=CIRCLE('',#7151,0.1);
#2596=CIRCLE('',#7152,0.1);
#2597=CIRCLE('',#7153,0.1);
#2598=CIRCLE('',#7155,0.1);
#2599=CIRCLE('',#7156,0.1);
#2600=CIRCLE('',#7157,0.1);
#2601=CIRCLE('',#7159,0.1);
#2602=CIRCLE('',#7160,0.1);
#2603=CIRCLE('',#7161,0.0999999999999998);
#2604=CIRCLE('',#7163,0.1);
#2605=CIRCLE('',#7164,0.1);
#2606=CIRCLE('',#7165,0.1);
#2607=CIRCLE('',#7167,0.1);
#2608=CIRCLE('',#7168,0.1);
#2609=CIRCLE('',#7169,0.1);
#2610=CIRCLE('',#7171,2.0828);
#2611=CIRCLE('',#7172,2.0828);
#2612=CIRCLE('',#7173,0.1);
#2613=CIRCLE('',#7174,2.1828);
#2614=CIRCLE('',#7176,2.1828);
#2615=CIRCLE('',#7177,0.1);
#2616=CIRCLE('',#7178,2.0828);
#2617=CIRCLE('',#7179,2.0828);
#2618=CIRCLE('',#7181,4.16351848851126);
#2619=CIRCLE('',#7182,0.1);
#2620=CIRCLE('',#7183,4.22945360510413);
#2621=CIRCLE('',#7184,4.22945360510413);
#2622=CIRCLE('',#7186,4.21485919489228);
#2623=CIRCLE('',#7187,0.3);
#2624=CIRCLE('',#7188,4.11330147412887);
#2625=CIRCLE('',#7189,4.21485919489228);
#2626=CIRCLE('',#7191,3.1734375);
#2627=CIRCLE('',#7192,0.9921875);
#2628=CIRCLE('',#7205,0.0999999999999998);
#2629=CIRCLE('',#7207,0.1);
#2630=CIRCLE('',#7208,0.1);
#2631=CIRCLE('',#7210,0.1);
#2632=CIRCLE('',#7211,0.1);
#2633=CIRCLE('',#7212,0.1);
#2634=CIRCLE('',#7214,0.1);
#2635=CIRCLE('',#7216,0.1);
#2636=CIRCLE('',#7218,0.1);
#2637=CIRCLE('',#7219,0.0999999999999997);
#2638=CIRCLE('',#7220,0.1);
#2639=CIRCLE('',#7222,0.1);
#2640=CIRCLE('',#7224,0.1);
#2641=CIRCLE('',#7226,0.1);
#2642=CIRCLE('',#7228,0.1);
#2643=CIRCLE('',#7229,0.1);
#2644=CIRCLE('',#7230,0.1);
#2645=CIRCLE('',#7232,0.1);
#2646=CIRCLE('',#7236,6.35);
#2647=CIRCLE('',#7237,5.84999999999999);
#2648=CIRCLE('',#7239,6.35);
#2649=CIRCLE('',#7240,6.35);
#2650=CIRCLE('',#7241,5.84999999999998);
#2651=CIRCLE('',#7243,1.7272);
#2652=CIRCLE('',#7244,1.7272);
#2653=CIRCLE('',#7245,1.7272);
#2654=CIRCLE('',#7248,1.7272);
#2655=CIRCLE('',#7249,1.7272);
#2656=CIRCLE('',#7256,2.10500922670447);
#2657=CIRCLE('',#7257,0.1);
#2658=CIRCLE('',#7258,2.05794948949489);
#2659=CIRCLE('',#7260,3.96);
#2660=CIRCLE('',#7261,3.96);
#2661=CIRCLE('',#7262,0.1);
#2662=CIRCLE('',#7263,3.94826775708356);
#2663=CIRCLE('',#7265,3.96);
#2664=CIRCLE('',#7266,0.1);
#2665=CIRCLE('',#7267,3.86);
#2666=CIRCLE('',#7269,1.73708932188135);
#2667=CIRCLE('',#7270,0.1);
#2668=CIRCLE('',#7271,1.66637864376269);
#2669=CIRCLE('',#7273,2.05351067811865);
#2670=CIRCLE('',#7274,2.05351067811865);
#2671=CIRCLE('',#7275,0.1);
#2672=CIRCLE('',#7276,2.0828);
#2673=CIRCLE('',#7277,2.0828);
#2674=CIRCLE('',#7279,0.818331278261952);
#2675=CIRCLE('',#7281,0.2375);
#2676=CIRCLE('',#7283,0.2375);
#2677=CIRCLE('',#7285,1.675);
#2678=CIRCLE('',#7288,2.0828);
#2679=CIRCLE('',#7292,1.675);
#2680=CIRCLE('',#7293,1.675);
#2681=CIRCLE('',#7294,1.675);
#2682=CIRCLE('',#7295,1.675);
#2683=CIRCLE('',#7296,1.675);
#2684=CIRCLE('',#7305,0.818331278261953);
#2685=CIRCLE('',#7306,0.2375);
#2686=CIRCLE('',#7307,0.2375);
#2687=CIRCLE('',#7308,0.818331278261953);
#2688=CIRCLE('',#7309,0.2375);
#2689=CIRCLE('',#7310,0.818331278261952);
#2690=CIRCLE('',#7311,0.818331278261952);
#2691=CIRCLE('',#7312,0.818331278261953);
#2692=CIRCLE('',#7313,0.2375);
#2693=CIRCLE('',#7325,2.7);
#2694=CIRCLE('',#7326,2.7);
#2695=CIRCLE('',#7328,7.375);
#2696=CIRCLE('',#7329,7.375);
#2697=CIRCLE('',#7334,2.5);
#2698=CIRCLE('',#7335,2.5);
#2699=CIRCLE('',#7337,12.5);
#2700=CIRCLE('',#7338,12.5);
#2701=VERTEX_POINT('',#9248);
#2702=VERTEX_POINT('',#9250);
#2703=VERTEX_POINT('',#9254);
#2704=VERTEX_POINT('',#9256);
#2705=VERTEX_POINT('',#9260);
#2706=VERTEX_POINT('',#9262);
#2707=VERTEX_POINT('',#9266);
#2708=VERTEX_POINT('',#9268);
#2709=VERTEX_POINT('',#9272);
#2710=VERTEX_POINT('',#9274);
#2711=VERTEX_POINT('',#9278);
#2712=VERTEX_POINT('',#9280);
#2713=VERTEX_POINT('',#9284);
#2714=VERTEX_POINT('',#9285);
#2715=VERTEX_POINT('',#9287);
#2716=VERTEX_POINT('',#9289);
#2717=VERTEX_POINT('',#9291);
#2718=VERTEX_POINT('',#9293);
#2719=VERTEX_POINT('',#9297);
#2720=VERTEX_POINT('',#9298);
#2721=VERTEX_POINT('',#9300);
#2722=VERTEX_POINT('',#9302);
#2723=VERTEX_POINT('',#9304);
#2724=VERTEX_POINT('',#9306);
#2725=VERTEX_POINT('',#9308);
#2726=VERTEX_POINT('',#9310);
#2727=VERTEX_POINT('',#9312);
#2728=VERTEX_POINT('',#9314);
#2729=VERTEX_POINT('',#9316);
#2730=VERTEX_POINT('',#9318);
#2731=VERTEX_POINT('',#9322);
#2732=VERTEX_POINT('',#9323);
#2733=VERTEX_POINT('',#9325);
#2734=VERTEX_POINT('',#9327);
#2735=VERTEX_POINT('',#9329);
#2736=VERTEX_POINT('',#9331);
#2737=VERTEX_POINT('',#9333);
#2738=VERTEX_POINT('',#9335);
#2739=VERTEX_POINT('',#9337);
#2740=VERTEX_POINT('',#9339);
#2741=VERTEX_POINT('',#9341);
#2742=VERTEX_POINT('',#9343);
#2743=VERTEX_POINT('',#9356);
#2744=VERTEX_POINT('',#9358);
#2745=VERTEX_POINT('',#9362);
#2746=VERTEX_POINT('',#9363);
#2747=VERTEX_POINT('',#9373);
#2748=VERTEX_POINT('',#9377);
#2749=VERTEX_POINT('',#9383);
#2750=VERTEX_POINT('',#9384);
#2751=VERTEX_POINT('',#9386);
#2752=VERTEX_POINT('',#9388);
#2753=VERTEX_POINT('',#9392);
#2754=VERTEX_POINT('',#9394);
#2755=VERTEX_POINT('',#9398);
#2756=VERTEX_POINT('',#9400);
#2757=VERTEX_POINT('',#9404);
#2758=VERTEX_POINT('',#9406);
#2759=VERTEX_POINT('',#9410);
#2760=VERTEX_POINT('',#9412);
#2761=VERTEX_POINT('',#9416);
#2762=VERTEX_POINT('',#9418);
#2763=VERTEX_POINT('',#9420);
#2764=VERTEX_POINT('',#9422);
#2765=VERTEX_POINT('',#9426);
#2766=VERTEX_POINT('',#9428);
#2767=VERTEX_POINT('',#9436);
#2768=VERTEX_POINT('',#9440);
#2769=VERTEX_POINT('',#9576);
#2770=VERTEX_POINT('',#9580);
#2771=VERTEX_POINT('',#9586);
#2772=VERTEX_POINT('',#9587);
#2773=VERTEX_POINT('',#9589);
#2774=VERTEX_POINT('',#9591);
#2775=VERTEX_POINT('',#9595);
#2776=VERTEX_POINT('',#9596);
#2777=VERTEX_POINT('',#9601);
#2778=VERTEX_POINT('',#9603);
#2779=VERTEX_POINT('',#9611);
#2780=VERTEX_POINT('',#9612);
#2781=VERTEX_POINT('',#9617);
#2782=VERTEX_POINT('',#9619);
#2783=VERTEX_POINT('',#9625);
#2784=VERTEX_POINT('',#9626);
#2785=VERTEX_POINT('',#9628);
#2786=VERTEX_POINT('',#9630);
#2787=VERTEX_POINT('',#9634);
#2788=VERTEX_POINT('',#9636);
#2789=VERTEX_POINT('',#9640);
#2790=VERTEX_POINT('',#9642);
#2791=VERTEX_POINT('',#9646);
#2792=VERTEX_POINT('',#9648);
#2793=VERTEX_POINT('',#9652);
#2794=VERTEX_POINT('',#9654);
#2795=VERTEX_POINT('',#9660);
#2796=VERTEX_POINT('',#9662);
#2797=VERTEX_POINT('',#9664);
#2798=VERTEX_POINT('',#9666);
#2799=VERTEX_POINT('',#9670);
#2800=VERTEX_POINT('',#9672);
#2801=VERTEX_POINT('',#9676);
#2802=VERTEX_POINT('',#9678);
#2803=VERTEX_POINT('',#9682);
#2804=VERTEX_POINT('',#9685);
#2805=VERTEX_POINT('',#9758);
#2806=VERTEX_POINT('',#9804);
#2807=VERTEX_POINT('',#9823);
#2808=VERTEX_POINT('',#9825);
#2809=VERTEX_POINT('',#9829);
#2810=VERTEX_POINT('',#9830);
#2811=VERTEX_POINT('',#9839);
#2812=VERTEX_POINT('',#9840);
#2813=VERTEX_POINT('',#9842);
#2814=VERTEX_POINT('',#9844);
#2815=VERTEX_POINT('',#9856);
#2816=VERTEX_POINT('',#9858);
#2817=VERTEX_POINT('',#9862);
#2818=VERTEX_POINT('',#9864);
#2819=VERTEX_POINT('',#9868);
#2820=VERTEX_POINT('',#9869);
#2821=VERTEX_POINT('',#9871);
#2822=VERTEX_POINT('',#9873);
#2823=VERTEX_POINT('',#9877);
#2824=VERTEX_POINT('',#9879);
#2825=VERTEX_POINT('',#9883);
#2826=VERTEX_POINT('',#9885);
#2827=VERTEX_POINT('',#9889);
#2828=VERTEX_POINT('',#9891);
#2829=VERTEX_POINT('',#9895);
#2830=VERTEX_POINT('',#9897);
#2831=VERTEX_POINT('',#9901);
#2832=VERTEX_POINT('',#9903);
#2833=VERTEX_POINT('',#9907);
#2834=VERTEX_POINT('',#9908);
#2835=VERTEX_POINT('',#9910);
#2836=VERTEX_POINT('',#9912);
#2837=VERTEX_POINT('',#9914);
#2838=VERTEX_POINT('',#9917);
#2839=VERTEX_POINT('',#9919);
#2840=VERTEX_POINT('',#9921);
#2841=VERTEX_POINT('',#9923);
#2842=VERTEX_POINT('',#9925);
#2843=VERTEX_POINT('',#9929);
#2844=VERTEX_POINT('',#9931);
#2845=VERTEX_POINT('',#9935);
#2846=VERTEX_POINT('',#9937);
#2847=VERTEX_POINT('',#9941);
#2848=VERTEX_POINT('',#9943);
#2849=VERTEX_POINT('',#9947);
#2850=VERTEX_POINT('',#9949);
#2851=VERTEX_POINT('',#9953);
#2852=VERTEX_POINT('',#9955);
#2853=VERTEX_POINT('',#9959);
#2854=VERTEX_POINT('',#9961);
#2855=VERTEX_POINT('',#9965);
#2856=VERTEX_POINT('',#9967);
#2857=VERTEX_POINT('',#9978);
#2858=VERTEX_POINT('',#9983);
#2859=VERTEX_POINT('',#9990);
#2860=VERTEX_POINT('',#9992);
#2861=VERTEX_POINT('',#10003);
#2862=VERTEX_POINT('',#10008);
#2863=VERTEX_POINT('',#10015);
#2864=VERTEX_POINT('',#10016);
#2865=VERTEX_POINT('',#10018);
#2866=VERTEX_POINT('',#10020);
#2867=VERTEX_POINT('',#10022);
#2868=VERTEX_POINT('',#10025);
#2869=VERTEX_POINT('',#10027);
#2870=VERTEX_POINT('',#10029);
#2871=VERTEX_POINT('',#10031);
#2872=VERTEX_POINT('',#10033);
#2873=VERTEX_POINT('',#10044);
#2874=VERTEX_POINT('',#10049);
#2875=VERTEX_POINT('',#10056);
#2876=VERTEX_POINT('',#10058);
#2877=VERTEX_POINT('',#10069);
#2878=VERTEX_POINT('',#10074);
#2879=VERTEX_POINT('',#10102);
#2880=VERTEX_POINT('',#10104);
#2881=VERTEX_POINT('',#10108);
#2882=VERTEX_POINT('',#10110);
#2883=VERTEX_POINT('',#10114);
#2884=VERTEX_POINT('',#10115);
#2885=VERTEX_POINT('',#10117);
#2886=VERTEX_POINT('',#10119);
#2887=VERTEX_POINT('',#10123);
#2888=VERTEX_POINT('',#10125);
#2889=VERTEX_POINT('',#10127);
#2890=VERTEX_POINT('',#10129);
#2891=VERTEX_POINT('',#10131);
#2892=VERTEX_POINT('',#10133);
#2893=VERTEX_POINT('',#10135);
#2894=VERTEX_POINT('',#10137);
#2895=VERTEX_POINT('',#10139);
#2896=VERTEX_POINT('',#10141);
#2897=VERTEX_POINT('',#10143);
#2898=VERTEX_POINT('',#10145);
#2899=VERTEX_POINT('',#10147);
#2900=VERTEX_POINT('',#10149);
#2901=VERTEX_POINT('',#10151);
#2902=VERTEX_POINT('',#10153);
#2903=VERTEX_POINT('',#10155);
#2904=VERTEX_POINT('',#10157);
#2905=VERTEX_POINT('',#10161);
#2906=VERTEX_POINT('',#10162);
#2907=VERTEX_POINT('',#10165);
#2908=VERTEX_POINT('',#10167);
#2909=VERTEX_POINT('',#10171);
#2910=VERTEX_POINT('',#10173);
#2911=VERTEX_POINT('',#10177);
#2912=VERTEX_POINT('',#10179);
#2913=VERTEX_POINT('',#10190);
#2914=VERTEX_POINT('',#10195);
#2915=VERTEX_POINT('',#10202);
#2916=VERTEX_POINT('',#10204);
#2917=VERTEX_POINT('',#10215);
#2918=VERTEX_POINT('',#10220);
#2919=VERTEX_POINT('',#10227);
#2920=VERTEX_POINT('',#10228);
#2921=VERTEX_POINT('',#10230);
#2922=VERTEX_POINT('',#10232);
#2923=VERTEX_POINT('',#10234);
#2924=VERTEX_POINT('',#10237);
#2925=VERTEX_POINT('',#10239);
#2926=VERTEX_POINT('',#10241);
#2927=VERTEX_POINT('',#10243);
#2928=VERTEX_POINT('',#10245);
#2929=VERTEX_POINT('',#10256);
#2930=VERTEX_POINT('',#10261);
#2931=VERTEX_POINT('',#10268);
#2932=VERTEX_POINT('',#10270);
#2933=VERTEX_POINT('',#10281);
#2934=VERTEX_POINT('',#10286);
#2935=VERTEX_POINT('',#10293);
#2936=VERTEX_POINT('',#10295);
#2937=VERTEX_POINT('',#10299);
#2938=VERTEX_POINT('',#10301);
#2939=VERTEX_POINT('',#10305);
#2940=VERTEX_POINT('',#10306);
#2941=VERTEX_POINT('',#10309);
#2942=VERTEX_POINT('',#10311);
#2943=VERTEX_POINT('',#10369);
#2944=VERTEX_POINT('',#10370);
#2945=VERTEX_POINT('',#10372);
#2946=VERTEX_POINT('',#10382);
#2947=VERTEX_POINT('',#10394);
#2948=VERTEX_POINT('',#10396);
#2949=VERTEX_POINT('',#10417);
#2950=VERTEX_POINT('',#10427);
#2951=VERTEX_POINT('',#10439);
#2952=VERTEX_POINT('',#10440);
#2953=VERTEX_POINT('',#10442);
#2954=VERTEX_POINT('',#10444);
#2955=VERTEX_POINT('',#10446);
#2956=VERTEX_POINT('',#10449);
#2957=VERTEX_POINT('',#10451);
#2958=VERTEX_POINT('',#10453);
#2959=VERTEX_POINT('',#10455);
#2960=VERTEX_POINT('',#10457);
#2961=VERTEX_POINT('',#10478);
#2962=VERTEX_POINT('',#10488);
#2963=VERTEX_POINT('',#10500);
#2964=VERTEX_POINT('',#10502);
#2965=VERTEX_POINT('',#10523);
#2966=VERTEX_POINT('',#10533);
#2967=VERTEX_POINT('',#10545);
#2968=VERTEX_POINT('',#10547);
#2969=VERTEX_POINT('',#10551);
#2970=VERTEX_POINT('',#10553);
#2971=VERTEX_POINT('',#10557);
#2972=VERTEX_POINT('',#10559);
#2973=VERTEX_POINT('',#10570);
#2974=VERTEX_POINT('',#10575);
#2975=VERTEX_POINT('',#10582);
#2976=VERTEX_POINT('',#10584);
#2977=VERTEX_POINT('',#10595);
#2978=VERTEX_POINT('',#10600);
#2979=VERTEX_POINT('',#10607);
#2980=VERTEX_POINT('',#10608);
#2981=VERTEX_POINT('',#10610);
#2982=VERTEX_POINT('',#10612);
#2983=VERTEX_POINT('',#10614);
#2984=VERTEX_POINT('',#10617);
#2985=VERTEX_POINT('',#10619);
#2986=VERTEX_POINT('',#10621);
#2987=VERTEX_POINT('',#10623);
#2988=VERTEX_POINT('',#10625);
#2989=VERTEX_POINT('',#10636);
#2990=VERTEX_POINT('',#10641);
#2991=VERTEX_POINT('',#10648);
#2992=VERTEX_POINT('',#10650);
#2993=VERTEX_POINT('',#10661);
#2994=VERTEX_POINT('',#10666);
#2995=VERTEX_POINT('',#10673);
#2996=VERTEX_POINT('',#10675);
#2997=VERTEX_POINT('',#10679);
#2998=VERTEX_POINT('',#10681);
#2999=VERTEX_POINT('',#10713);
#3000=VERTEX_POINT('',#10714);
#3001=VERTEX_POINT('',#10716);
#3002=VERTEX_POINT('',#10721);
#3003=VERTEX_POINT('',#10728);
#3004=VERTEX_POINT('',#10730);
#3005=VERTEX_POINT('',#10741);
#3006=VERTEX_POINT('',#10746);
#3007=VERTEX_POINT('',#10753);
#3008=VERTEX_POINT('',#10755);
#3009=VERTEX_POINT('',#10759);
#3010=VERTEX_POINT('',#10761);
#3011=VERTEX_POINT('',#10765);
#3012=VERTEX_POINT('',#10767);
#3013=VERTEX_POINT('',#10788);
#3014=VERTEX_POINT('',#10798);
#3015=VERTEX_POINT('',#10810);
#3016=VERTEX_POINT('',#10812);
#3017=VERTEX_POINT('',#10833);
#3018=VERTEX_POINT('',#10843);
#3019=VERTEX_POINT('',#10855);
#3020=VERTEX_POINT('',#10856);
#3021=VERTEX_POINT('',#10858);
#3022=VERTEX_POINT('',#10860);
#3023=VERTEX_POINT('',#10862);
#3024=VERTEX_POINT('',#10865);
#3025=VERTEX_POINT('',#10867);
#3026=VERTEX_POINT('',#10869);
#3027=VERTEX_POINT('',#10871);
#3028=VERTEX_POINT('',#10873);
#3029=VERTEX_POINT('',#10894);
#3030=VERTEX_POINT('',#10904);
#3031=VERTEX_POINT('',#10916);
#3032=VERTEX_POINT('',#10918);
#3033=VERTEX_POINT('',#10939);
#3034=VERTEX_POINT('',#10949);
#3035=VERTEX_POINT('',#10961);
#3036=VERTEX_POINT('',#10963);
#3037=VERTEX_POINT('',#10967);
#3038=VERTEX_POINT('',#10969);
#3039=VERTEX_POINT('',#10973);
#3040=VERTEX_POINT('',#10975);
#3041=VERTEX_POINT('',#10986);
#3042=VERTEX_POINT('',#10991);
#3043=VERTEX_POINT('',#10998);
#3044=VERTEX_POINT('',#11000);
#3045=VERTEX_POINT('',#11011);
#3046=VERTEX_POINT('',#11016);
#3047=VERTEX_POINT('',#11023);
#3048=VERTEX_POINT('',#11025);
#3049=VERTEX_POINT('',#11027);
#3050=VERTEX_POINT('',#11029);
#3051=VERTEX_POINT('',#11032);
#3052=VERTEX_POINT('',#11034);
#3053=VERTEX_POINT('',#11036);
#3054=VERTEX_POINT('',#11038);
#3055=VERTEX_POINT('',#11061);
#3056=VERTEX_POINT('',#11063);
#3057=VERTEX_POINT('',#11067);
#3058=VERTEX_POINT('',#11069);
#3059=VERTEX_POINT('',#11073);
#3060=VERTEX_POINT('',#11074);
#3061=VERTEX_POINT('',#11076);
#3062=VERTEX_POINT('',#11078);
#3063=VERTEX_POINT('',#11082);
#3064=VERTEX_POINT('',#11084);
#3065=VERTEX_POINT('',#11088);
#3066=VERTEX_POINT('',#11089);
#3067=VERTEX_POINT('',#11091);
#3068=VERTEX_POINT('',#11093);
#3069=VERTEX_POINT('',#11097);
#3070=VERTEX_POINT('',#11099);
#3071=VERTEX_POINT('',#11103);
#3072=VERTEX_POINT('',#11104);
#3073=VERTEX_POINT('',#11109);
#3074=VERTEX_POINT('',#11111);
#3075=VERTEX_POINT('',#11115);
#3076=VERTEX_POINT('',#11116);
#3077=VERTEX_POINT('',#11118);
#3078=VERTEX_POINT('',#11120);
#3079=VERTEX_POINT('',#11127);
#3080=VERTEX_POINT('',#11129);
#3081=VERTEX_POINT('',#11131);
#3082=VERTEX_POINT('',#11135);
#3083=VERTEX_POINT('',#11136);
#3084=VERTEX_POINT('',#11138);
#3085=VERTEX_POINT('',#11140);
#3086=VERTEX_POINT('',#11144);
#3087=VERTEX_POINT('',#11146);
#3088=VERTEX_POINT('',#11152);
#3089=VERTEX_POINT('',#11155);
#3090=VERTEX_POINT('',#11156);
#3091=VERTEX_POINT('',#11158);
#3092=VERTEX_POINT('',#11160);
#3093=VERTEX_POINT('',#11167);
#3094=VERTEX_POINT('',#11168);
#3095=VERTEX_POINT('',#11170);
#3096=VERTEX_POINT('',#11172);
#3097=VERTEX_POINT('',#11175);
#3098=VERTEX_POINT('',#11176);
#3099=VERTEX_POINT('',#11178);
#3100=VERTEX_POINT('',#11180);
#3101=VERTEX_POINT('',#11186);
#3102=VERTEX_POINT('',#11187);
#3103=VERTEX_POINT('',#11190);
#3104=VERTEX_POINT('',#11193);
#3105=VERTEX_POINT('',#11194);
#3106=VERTEX_POINT('',#11196);
#3107=VERTEX_POINT('',#11198);
#3108=VERTEX_POINT('',#11202);
#3109=VERTEX_POINT('',#11203);
#3110=VERTEX_POINT('',#11209);
#3111=VERTEX_POINT('',#11213);
#3112=VERTEX_POINT('',#11214);
#3113=VERTEX_POINT('',#11216);
#3114=VERTEX_POINT('',#11218);
#3115=VERTEX_POINT('',#11225);
#3116=VERTEX_POINT('',#11226);
#3117=VERTEX_POINT('',#11228);
#3118=VERTEX_POINT('',#11230);
#3119=VERTEX_POINT('',#11233);
#3120=VERTEX_POINT('',#11234);
#3121=VERTEX_POINT('',#11236);
#3122=VERTEX_POINT('',#11238);
#3123=VERTEX_POINT('',#11284);
#3124=VERTEX_POINT('',#11286);
#3125=VERTEX_POINT('',#11290);
#3126=VERTEX_POINT('',#11291);
#3127=VERTEX_POINT('',#11294);
#3128=VERTEX_POINT('',#11298);
#3129=VERTEX_POINT('',#11300);
#3130=VERTEX_POINT('',#11304);
#3131=VERTEX_POINT('',#11306);
#3132=VERTEX_POINT('',#11310);
#3133=VERTEX_POINT('',#11311);
#3134=VERTEX_POINT('',#11314);
#3135=VERTEX_POINT('',#11316);
#3136=VERTEX_POINT('',#11320);
#3137=VERTEX_POINT('',#11321);
#3138=VERTEX_POINT('',#11323);
#3139=VERTEX_POINT('',#11325);
#3140=VERTEX_POINT('',#11342);
#3141=VERTEX_POINT('',#11343);
#3142=VERTEX_POINT('',#11345);
#3143=VERTEX_POINT('',#11347);
#3144=VERTEX_POINT('',#11356);
#3145=VERTEX_POINT('',#11367);
#3146=VERTEX_POINT('',#11368);
#3147=VERTEX_POINT('',#11370);
#3148=VERTEX_POINT('',#11372);
#3149=VERTEX_POINT('',#11381);
#3150=VERTEX_POINT('',#11410);
#3151=VERTEX_POINT('',#11417);
#3152=VERTEX_POINT('',#11418);
#3153=VERTEX_POINT('',#11420);
#3154=VERTEX_POINT('',#11423);
#3155=VERTEX_POINT('',#11429);
#3156=VERTEX_POINT('',#11438);
#3157=VERTEX_POINT('',#11462);
#3158=VERTEX_POINT('',#11486);
#3159=VERTEX_POINT('',#11510);
#3160=VERTEX_POINT('',#11519);
#3161=VERTEX_POINT('',#11560);
#3162=VERTEX_POINT('',#11561);
#3163=VERTEX_POINT('',#11564);
#3164=VERTEX_POINT('',#11566);
#3165=VERTEX_POINT('',#11568);
#3166=VERTEX_POINT('',#11572);
#3167=VERTEX_POINT('',#11592);
#3168=VERTEX_POINT('',#11594);
#3169=VERTEX_POINT('',#11598);
#3170=VERTEX_POINT('',#11600);
#3171=VERTEX_POINT('',#11607);
#3172=VERTEX_POINT('',#11608);
#3173=VERTEX_POINT('',#11610);
#3174=VERTEX_POINT('',#11614);
#3175=VERTEX_POINT('',#11615);
#3176=VERTEX_POINT('',#11617);
#3177=VERTEX_POINT('',#11621);
#3178=VERTEX_POINT('',#11622);
#3179=VERTEX_POINT('',#11624);
#3180=VERTEX_POINT('',#11628);
#3181=VERTEX_POINT('',#11629);
#3182=VERTEX_POINT('',#11631);
#3183=VERTEX_POINT('',#11635);
#3184=VERTEX_POINT('',#11636);
#3185=VERTEX_POINT('',#11638);
#3186=VERTEX_POINT('',#11642);
#3187=VERTEX_POINT('',#11643);
#3188=VERTEX_POINT('',#11645);
#3189=VERTEX_POINT('',#11649);
#3190=VERTEX_POINT('',#11650);
#3191=VERTEX_POINT('',#11653);
#3192=VERTEX_POINT('',#11657);
#3193=VERTEX_POINT('',#11659);
#3194=VERTEX_POINT('',#11661);
#3195=VERTEX_POINT('',#11665);
#3196=VERTEX_POINT('',#11667);
#3197=VERTEX_POINT('',#11669);
#3198=VERTEX_POINT('',#11673);
#3199=VERTEX_POINT('',#11674);
#3200=VERTEX_POINT('',#11676);
#3201=VERTEX_POINT('',#11681);
#3202=VERTEX_POINT('',#11685);
#3203=VERTEX_POINT('',#11686);
#3204=VERTEX_POINT('',#11712);
#3205=VERTEX_POINT('',#11843);
#3206=VERTEX_POINT('',#11923);
#3207=VERTEX_POINT('',#11949);
#3208=VERTEX_POINT('',#12005);
#3209=VERTEX_POINT('',#12026);
#3210=VERTEX_POINT('',#12048);
#3211=VERTEX_POINT('',#12050);
#3212=VERTEX_POINT('',#12103);
#3213=VERTEX_POINT('',#12105);
#3214=VERTEX_POINT('',#12146);
#3215=VERTEX_POINT('',#12148);
#3216=VERTEX_POINT('',#12189);
#3217=VERTEX_POINT('',#12216);
#3218=VERTEX_POINT('',#12244);
#3219=VERTEX_POINT('',#12265);
#3220=VERTEX_POINT('',#12534);
#3221=VERTEX_POINT('',#12536);
#3222=VERTEX_POINT('',#12540);
#3223=VERTEX_POINT('',#12541);
#3224=VERTEX_POINT('',#12544);
#3225=VERTEX_POINT('',#12548);
#3226=VERTEX_POINT('',#12550);
#3227=VERTEX_POINT('',#12552);
#3228=VERTEX_POINT('',#12556);
#3229=VERTEX_POINT('',#12559);
#3230=VERTEX_POINT('',#12561);
#3231=VERTEX_POINT('',#12565);
#3232=VERTEX_POINT('',#12573);
#3233=VERTEX_POINT('',#12575);
#3234=VERTEX_POINT('',#12579);
#3235=VERTEX_POINT('',#12580);
#3236=VERTEX_POINT('',#12583);
#3237=VERTEX_POINT('',#12587);
#3238=VERTEX_POINT('',#12589);
#3239=VERTEX_POINT('',#12593);
#3240=VERTEX_POINT('',#12595);
#3241=VERTEX_POINT('',#12599);
#3242=VERTEX_POINT('',#12600);
#3243=VERTEX_POINT('',#12603);
#3244=VERTEX_POINT('',#12605);
#3245=VERTEX_POINT('',#12609);
#3246=VERTEX_POINT('',#12610);
#3247=VERTEX_POINT('',#12612);
#3248=VERTEX_POINT('',#12614);
#3249=VERTEX_POINT('',#12631);
#3250=VERTEX_POINT('',#12632);
#3251=VERTEX_POINT('',#12634);
#3252=VERTEX_POINT('',#12636);
#3253=VERTEX_POINT('',#12645);
#3254=VERTEX_POINT('',#12656);
#3255=VERTEX_POINT('',#12657);
#3256=VERTEX_POINT('',#12659);
#3257=VERTEX_POINT('',#12661);
#3258=VERTEX_POINT('',#12670);
#3259=VERTEX_POINT('',#12699);
#3260=VERTEX_POINT('',#12706);
#3261=VERTEX_POINT('',#12707);
#3262=VERTEX_POINT('',#12709);
#3263=VERTEX_POINT('',#12712);
#3264=VERTEX_POINT('',#12718);
#3265=VERTEX_POINT('',#12727);
#3266=VERTEX_POINT('',#12751);
#3267=VERTEX_POINT('',#12775);
#3268=VERTEX_POINT('',#12799);
#3269=VERTEX_POINT('',#12808);
#3270=VERTEX_POINT('',#12849);
#3271=VERTEX_POINT('',#12850);
#3272=VERTEX_POINT('',#12853);
#3273=VERTEX_POINT('',#12855);
#3274=VERTEX_POINT('',#12857);
#3275=VERTEX_POINT('',#12861);
#3276=VERTEX_POINT('',#12881);
#3277=VERTEX_POINT('',#12883);
#3278=VERTEX_POINT('',#12887);
#3279=VERTEX_POINT('',#12889);
#3280=VERTEX_POINT('',#12896);
#3281=VERTEX_POINT('',#12898);
#3282=VERTEX_POINT('',#12902);
#3283=VERTEX_POINT('',#12904);
#3284=EDGE_CURVE('',#2701,#2701,#2387,.T.);
#3285=EDGE_CURVE('',#2701,#2702,#1395,.T.);
#3286=EDGE_CURVE('',#2702,#2702,#2388,.T.);
#3287=EDGE_CURVE('',#2703,#2703,#2389,.T.);
#3288=EDGE_CURVE('',#2703,#2704,#1396,.T.);
#3289=EDGE_CURVE('',#2704,#2704,#2390,.T.);
#3290=EDGE_CURVE('',#2705,#2705,#2391,.T.);
#3291=EDGE_CURVE('',#2705,#2706,#1397,.T.);
#3292=EDGE_CURVE('',#2706,#2706,#2392,.T.);
#3293=EDGE_CURVE('',#2707,#2707,#2393,.T.);
#3294=EDGE_CURVE('',#2707,#2708,#1398,.T.);
#3295=EDGE_CURVE('',#2708,#2708,#2394,.T.);
#3296=EDGE_CURVE('',#2709,#2709,#2395,.T.);
#3297=EDGE_CURVE('',#2709,#2710,#1399,.T.);
#3298=EDGE_CURVE('',#2710,#2710,#2396,.T.);
#3299=EDGE_CURVE('',#2711,#2711,#2397,.T.);
#3300=EDGE_CURVE('',#2711,#2712,#1400,.T.);
#3301=EDGE_CURVE('',#2712,#2712,#2398,.T.);
#3302=EDGE_CURVE('',#2713,#2714,#2399,.T.);
#3303=EDGE_CURVE('',#2715,#2713,#2400,.T.);
#3304=EDGE_CURVE('',#2716,#2715,#2401,.T.);
#3305=EDGE_CURVE('',#2717,#2716,#1401,.T.);
#3306=EDGE_CURVE('',#2717,#2718,#2402,.T.);
#3307=EDGE_CURVE('',#2714,#2718,#1402,.T.);
#3308=EDGE_CURVE('',#2719,#2720,#1403,.T.);
#3309=EDGE_CURVE('',#2721,#2719,#2403,.T.);
#3310=EDGE_CURVE('',#2721,#2722,#1404,.T.);
#3311=EDGE_CURVE('',#2722,#2723,#1405,.T.);
#3312=EDGE_CURVE('',#2723,#2724,#1406,.T.);
#3313=EDGE_CURVE('',#2724,#2725,#1407,.T.);
#3314=EDGE_CURVE('',#2725,#2726,#1408,.T.);
#3315=EDGE_CURVE('',#2727,#2726,#2404,.T.);
#3316=EDGE_CURVE('',#2728,#2727,#1409,.T.);
#3317=EDGE_CURVE('',#2729,#2728,#1410,.T.);
#3318=EDGE_CURVE('',#2730,#2729,#1411,.T.);
#3319=EDGE_CURVE('',#2720,#2730,#1412,.T.);
#3320=EDGE_CURVE('',#2731,#2732,#1413,.T.);
#3321=EDGE_CURVE('',#2733,#2731,#2405,.T.);
#3322=EDGE_CURVE('',#2733,#2734,#1414,.T.);
#3323=EDGE_CURVE('',#2734,#2735,#1415,.T.);
#3324=EDGE_CURVE('',#2735,#2736,#1416,.T.);
#3325=EDGE_CURVE('',#2736,#2737,#1417,.T.);
#3326=EDGE_CURVE('',#2737,#2738,#1418,.T.);
#3327=EDGE_CURVE('',#2739,#2738,#2406,.T.);
#3328=EDGE_CURVE('',#2740,#2739,#1419,.T.);
#3329=EDGE_CURVE('',#2741,#2740,#1420,.T.);
#3330=EDGE_CURVE('',#2742,#2741,#1421,.T.);
#3331=EDGE_CURVE('',#2732,#2742,#1422,.T.);
#3332=EDGE_CURVE('',#2724,#2741,#1423,.T.);
#3333=EDGE_CURVE('',#2723,#2742,#1424,.T.);
#3334=EDGE_CURVE('',#2722,#2732,#1425,.T.);
#3335=EDGE_CURVE('',#2731,#2721,#1426,.T.);
#3336=EDGE_CURVE('',#2725,#2740,#1427,.T.);
#3337=EDGE_CURVE('',#2721,#2743,#1428,.T.);
#3338=EDGE_CURVE('',#2744,#2743,#1429,.T.);
#3339=EDGE_CURVE('',#2744,#2731,#1430,.T.);
#3340=EDGE_CURVE('',#2745,#2746,#1431,.T.);
#3341=EDGE_CURVE('',#2744,#2745,#1432,.T.);
#3342=EDGE_CURVE('',#2743,#2746,#1433,.T.);
#3343=EDGE_CURVE('',#2726,#2739,#1434,.T.);
#3344=EDGE_CURVE('',#2745,#2739,#1435,.T.);
#3345=EDGE_CURVE('',#2726,#2746,#1436,.T.);
#3346=EDGE_CURVE('',#2747,#2727,#1437,.T.);
#3347=EDGE_CURVE('',#2747,#2746,#2407,.T.);
#3348=EDGE_CURVE('',#2748,#2719,#1438,.T.);
#3349=EDGE_CURVE('',#2743,#2748,#2408,.T.);
#3350=EDGE_CURVE('',#2748,#2747,#1439,.T.);
#3351=EDGE_CURVE('',#2749,#2750,#2409,.T.);
#3352=EDGE_CURVE('',#2751,#2749,#1440,.T.);
#3353=EDGE_CURVE('',#2752,#2751,#2410,.T.);
#3354=EDGE_CURVE('',#2750,#2752,#1441,.T.);
#3355=EDGE_CURVE('',#2753,#2750,#1442,.T.);
#3356=EDGE_CURVE('',#2752,#2754,#1443,.T.);
#3357=EDGE_CURVE('',#2754,#2753,#1444,.T.);
#3358=EDGE_CURVE('',#2753,#2755,#2411,.T.);
#3359=EDGE_CURVE('',#2756,#2754,#2412,.T.);
#3360=EDGE_CURVE('',#2755,#2756,#1445,.T.);
#3361=EDGE_CURVE('',#2756,#2757,#1446,.T.);
#3362=EDGE_CURVE('',#2757,#2758,#1447,.T.);
#3363=EDGE_CURVE('',#2755,#2758,#1448,.T.);
#3364=EDGE_CURVE('',#2758,#2759,#2413,.T.);
#3365=EDGE_CURVE('',#2760,#2757,#2414,.T.);
#3366=EDGE_CURVE('',#2759,#2760,#1449,.T.);
#3367=EDGE_CURVE('',#2761,#2760,#1450,.T.);
#3368=EDGE_CURVE('',#2761,#2762,#1451,.T.);
#3369=EDGE_CURVE('',#2763,#2762,#1452,.T.);
#3370=EDGE_CURVE('',#2764,#2763,#1453,.T.);
#3371=EDGE_CURVE('',#2759,#2764,#1454,.T.);
#3372=EDGE_CURVE('',#2762,#2765,#2415,.T.);
#3373=EDGE_CURVE('',#2766,#2761,#2416,.T.);
#3374=EDGE_CURVE('',#2765,#2766,#1455,.T.);
#3375=EDGE_CURVE('',#2765,#2716,#1456,.T.);
#3376=EDGE_CURVE('',#2717,#2766,#1457,.T.);
#3377=EDGE_CURVE('',#2747,#2751,#1458,.T.);
#3378=EDGE_CURVE('',#2748,#2767,#1459,.T.);
#3379=EDGE_CURVE('',#2767,#2718,#1460,.T.);
#3380=EDGE_CURVE('',#2719,#2768,#1461,.T.);
#3381=EDGE_CURVE('',#2768,#2767,#1462,.T.);
#3382=EDGE_CURVE('',#2713,#2720,#261,.F.);
#3383=EDGE_CURVE('',#2768,#2714,#1463,.T.);
#3384=EDGE_CURVE('',#2715,#2730,#262,.F.);
#3385=EDGE_CURVE('',#2763,#2729,#263,.F.);
#3386=EDGE_CURVE('',#2764,#2728,#264,.F.);
#3387=EDGE_CURVE('',#2749,#2727,#1464,.T.);
#3388=EDGE_CURVE('',#2738,#2769,#1465,.T.);
#3389=EDGE_CURVE('',#2745,#2769,#2417,.T.);
#3390=EDGE_CURVE('',#2733,#2770,#1466,.T.);
#3391=EDGE_CURVE('',#2770,#2744,#2418,.T.);
#3392=EDGE_CURVE('',#2770,#2769,#1467,.T.);
#3393=EDGE_CURVE('',#2771,#2772,#2419,.T.);
#3394=EDGE_CURVE('',#2771,#2773,#1468,.T.);
#3395=EDGE_CURVE('',#2773,#2774,#2420,.T.);
#3396=EDGE_CURVE('',#2772,#2774,#1469,.T.);
#3397=EDGE_CURVE('',#2775,#2776,#1470,.T.);
#3398=EDGE_CURVE('',#2775,#2773,#1471,.T.);
#3399=EDGE_CURVE('',#2771,#2776,#1472,.T.);
#3400=EDGE_CURVE('',#2772,#2777,#1473,.T.);
#3401=EDGE_CURVE('',#2774,#2778,#1474,.T.);
#3402=EDGE_CURVE('',#2778,#2777,#1475,.T.);
#3403=EDGE_CURVE('',#2778,#2775,#1476,.T.);
#3404=EDGE_CURVE('',#2777,#2776,#1477,.T.);
#3405=EDGE_CURVE('',#2779,#2780,#1478,.T.);
#3406=EDGE_CURVE('',#2780,#2775,#2421,.T.);
#3407=EDGE_CURVE('',#2779,#2776,#2422,.T.);
#3408=EDGE_CURVE('',#2778,#2781,#2423,.T.);
#3409=EDGE_CURVE('',#2782,#2781,#1479,.T.);
#3410=EDGE_CURVE('',#2777,#2782,#2424,.T.);
#3411=EDGE_CURVE('',#2781,#2780,#1480,.T.);
#3412=EDGE_CURVE('',#2783,#2784,#2425,.T.);
#3413=EDGE_CURVE('',#2785,#2783,#1481,.T.);
#3414=EDGE_CURVE('',#2786,#2785,#2426,.T.);
#3415=EDGE_CURVE('',#2784,#2786,#1482,.T.);
#3416=EDGE_CURVE('',#2784,#2787,#1483,.T.);
#3417=EDGE_CURVE('',#2786,#2788,#1484,.T.);
#3418=EDGE_CURVE('',#2788,#2787,#1485,.T.);
#3419=EDGE_CURVE('',#2787,#2789,#2427,.T.);
#3420=EDGE_CURVE('',#2790,#2788,#2428,.T.);
#3421=EDGE_CURVE('',#2789,#2790,#1486,.T.);
#3422=EDGE_CURVE('',#2790,#2791,#1487,.T.);
#3423=EDGE_CURVE('',#2791,#2792,#1488,.T.);
#3424=EDGE_CURVE('',#2792,#2789,#1489,.T.);
#3425=EDGE_CURVE('',#2792,#2793,#2429,.T.);
#3426=EDGE_CURVE('',#2794,#2791,#2430,.T.);
#3427=EDGE_CURVE('',#2793,#2794,#1490,.T.);
#3428=EDGE_CURVE('',#2782,#2779,#1491,.T.);
#3429=EDGE_CURVE('',#2780,#2795,#2431,.T.);
#3430=EDGE_CURVE('',#2779,#2796,#2432,.T.);
#3431=EDGE_CURVE('',#2797,#2796,#1492,.T.);
#3432=EDGE_CURVE('',#2798,#2797,#2433,.T.);
#3433=EDGE_CURVE('',#2795,#2798,#2434,.T.);
#3434=EDGE_CURVE('',#2799,#2796,#1493,.T.);
#3435=EDGE_CURVE('',#2799,#2800,#1494,.T.);
#3436=EDGE_CURVE('',#2797,#2800,#1495,.T.);
#3437=EDGE_CURVE('',#2800,#2801,#2435,.T.);
#3438=EDGE_CURVE('',#2802,#2799,#2436,.T.);
#3439=EDGE_CURVE('',#2801,#2802,#1496,.T.);
#3440=EDGE_CURVE('',#2801,#2803,#1497,.T.);
#3441=EDGE_CURVE('',#2785,#2802,#1498,.T.);
#3442=EDGE_CURVE('',#2804,#2783,#1499,.T.);
#3443=EDGE_CURVE('',#2803,#2804,#1500,.T.);
#3444=EDGE_CURVE('',#2782,#2770,#1501,.T.);
#3445=EDGE_CURVE('',#2794,#2769,#1502,.T.);
#3446=EDGE_CURVE('',#2738,#2793,#1503,.T.);
#3447=EDGE_CURVE('',#2737,#2804,#265,.T.);
#3448=EDGE_CURVE('',#2736,#2803,#266,.T.);
#3449=EDGE_CURVE('',#2735,#2805,#267,.T.);
#3450=EDGE_CURVE('',#2805,#2798,#1504,.T.);
#3451=EDGE_CURVE('',#2734,#2806,#268,.T.);
#3452=EDGE_CURVE('',#2806,#2795,#1505,.T.);
#3453=EDGE_CURVE('',#2781,#2733,#1506,.T.);
#3454=EDGE_CURVE('',#2768,#2807,#2437,.T.);
#3455=EDGE_CURVE('',#2808,#2807,#1507,.T.);
#3456=EDGE_CURVE('',#2767,#2808,#2438,.T.);
#3457=EDGE_CURVE('',#2809,#2810,#1508,.T.);
#3458=EDGE_CURVE('',#2810,#2714,#2439,.T.);
#3459=EDGE_CURVE('',#2809,#2718,#2440,.T.);
#3460=EDGE_CURVE('',#2808,#2809,#1509,.T.);
#3461=EDGE_CURVE('',#2807,#2810,#1510,.T.);
#3462=EDGE_CURVE('',#2811,#2812,#2441,.T.);
#3463=EDGE_CURVE('',#2812,#2813,#1511,.T.);
#3464=EDGE_CURVE('',#2814,#2813,#2442,.T.);
#3465=EDGE_CURVE('',#2811,#2814,#1512,.T.);
#3466=EDGE_CURVE('',#2809,#2813,#1513,.T.);
#3467=EDGE_CURVE('',#2808,#2814,#1514,.T.);
#3468=EDGE_CURVE('',#2807,#2811,#1515,.T.);
#3469=EDGE_CURVE('',#2812,#2810,#1516,.T.);
#3470=EDGE_CURVE('',#2815,#2815,#2443,.T.);
#3471=EDGE_CURVE('',#2815,#2816,#1517,.T.);
#3472=EDGE_CURVE('',#2816,#2816,#2444,.T.);
#3473=EDGE_CURVE('',#2817,#2817,#2445,.T.);
#3474=EDGE_CURVE('',#2817,#2818,#1518,.T.);
#3475=EDGE_CURVE('',#2818,#2818,#2446,.T.);
#3476=EDGE_CURVE('',#2819,#2820,#1519,.T.);
#3477=EDGE_CURVE('',#2819,#2821,#1520,.T.);
#3478=EDGE_CURVE('',#2821,#2822,#1521,.T.);
#3479=EDGE_CURVE('',#2820,#2822,#1522,.T.);
#3480=EDGE_CURVE('',#2821,#2823,#2447,.T.);
#3481=EDGE_CURVE('',#2823,#2824,#1523,.T.);
#3482=EDGE_CURVE('',#2822,#2824,#2448,.T.);
#3483=EDGE_CURVE('',#2823,#2825,#1524,.T.);
#3484=EDGE_CURVE('',#2825,#2826,#1525,.T.);
#3485=EDGE_CURVE('',#2824,#2826,#1526,.T.);
#3486=EDGE_CURVE('',#2825,#2827,#2449,.T.);
#3487=EDGE_CURVE('',#2827,#2828,#1527,.T.);
#3488=EDGE_CURVE('',#2826,#2828,#2450,.T.);
#3489=EDGE_CURVE('',#2829,#2827,#1528,.T.);
#3490=EDGE_CURVE('',#2829,#2830,#1529,.T.);
#3491=EDGE_CURVE('',#2830,#2828,#1530,.T.);
#3492=EDGE_CURVE('',#2829,#2831,#2451,.T.);
#3493=EDGE_CURVE('',#2831,#2832,#1531,.T.);
#3494=EDGE_CURVE('',#2830,#2832,#2452,.T.);
#3495=EDGE_CURVE('',#2833,#2834,#1532,.T.);
#3496=EDGE_CURVE('',#2834,#2835,#2453,.T.);
#3497=EDGE_CURVE('',#2835,#2836,#1533,.T.);
#3498=EDGE_CURVE('',#2836,#2837,#2454,.T.);
#3499=EDGE_CURVE('',#2837,#2832,#1534,.T.);
#3500=EDGE_CURVE('',#2838,#2831,#1535,.T.);
#3501=EDGE_CURVE('',#2839,#2838,#2455,.T.);
#3502=EDGE_CURVE('',#2840,#2839,#1536,.T.);
#3503=EDGE_CURVE('',#2841,#2840,#2456,.T.);
#3504=EDGE_CURVE('',#2842,#2841,#1537,.T.);
#3505=EDGE_CURVE('',#2842,#2833,#1538,.T.);
#3506=EDGE_CURVE('',#2842,#2843,#2457,.T.);
#3507=EDGE_CURVE('',#2843,#2844,#1539,.T.);
#3508=EDGE_CURVE('',#2833,#2844,#2458,.T.);
#3509=EDGE_CURVE('',#2845,#2843,#1540,.T.);
#3510=EDGE_CURVE('',#2845,#2846,#1541,.T.);
#3511=EDGE_CURVE('',#2846,#2844,#1542,.T.);
#3512=EDGE_CURVE('',#2845,#2847,#2459,.T.);
#3513=EDGE_CURVE('',#2847,#2848,#1543,.T.);
#3514=EDGE_CURVE('',#2846,#2848,#2460,.T.);
#3515=EDGE_CURVE('',#2847,#2849,#1544,.T.);
#3516=EDGE_CURVE('',#2849,#2850,#1545,.T.);
#3517=EDGE_CURVE('',#2848,#2850,#1546,.T.);
#3518=EDGE_CURVE('',#2849,#2851,#2461,.T.);
#3519=EDGE_CURVE('',#2851,#2852,#1547,.T.);
#3520=EDGE_CURVE('',#2850,#2852,#2462,.T.);
#3521=EDGE_CURVE('',#2851,#2853,#1548,.T.);
#3522=EDGE_CURVE('',#2853,#2854,#1549,.T.);
#3523=EDGE_CURVE('',#2852,#2854,#1550,.T.);
#3524=EDGE_CURVE('',#2853,#2855,#1551,.T.);
#3525=EDGE_CURVE('',#2855,#2856,#1552,.T.);
#3526=EDGE_CURVE('',#2854,#2856,#1553,.T.);
#3527=EDGE_CURVE('',#2855,#2857,#269,.T.);
#3528=EDGE_CURVE('',#2857,#2858,#1554,.T.);
#3529=EDGE_CURVE('',#2856,#2858,#270,.T.);
#3530=EDGE_CURVE('',#2857,#2859,#1555,.T.);
#3531=EDGE_CURVE('',#2859,#2860,#1556,.T.);
#3532=EDGE_CURVE('',#2858,#2860,#1557,.T.);
#3533=EDGE_CURVE('',#2859,#2861,#271,.T.);
#3534=EDGE_CURVE('',#2861,#2862,#1558,.T.);
#3535=EDGE_CURVE('',#2860,#2862,#272,.T.);
#3536=EDGE_CURVE('',#2863,#2864,#1559,.T.);
#3537=EDGE_CURVE('',#2863,#2865,#2463,.T.);
#3538=EDGE_CURVE('',#2866,#2865,#1560,.T.);
#3539=EDGE_CURVE('',#2866,#2867,#2464,.T.);
#3540=EDGE_CURVE('',#2862,#2867,#1561,.T.);
#3541=EDGE_CURVE('',#2861,#2868,#1562,.T.);
#3542=EDGE_CURVE('',#2869,#2868,#2465,.T.);
#3543=EDGE_CURVE('',#2869,#2870,#1563,.T.);
#3544=EDGE_CURVE('',#2871,#2870,#2466,.T.);
#3545=EDGE_CURVE('',#2871,#2872,#1564,.T.);
#3546=EDGE_CURVE('',#2872,#2864,#1565,.T.);
#3547=EDGE_CURVE('',#2872,#2873,#273,.T.);
#3548=EDGE_CURVE('',#2873,#2874,#1566,.T.);
#3549=EDGE_CURVE('',#2864,#2874,#274,.T.);
#3550=EDGE_CURVE('',#2873,#2875,#1567,.T.);
#3551=EDGE_CURVE('',#2875,#2876,#1568,.T.);
#3552=EDGE_CURVE('',#2874,#2876,#1569,.T.);
#3553=EDGE_CURVE('',#2875,#2877,#275,.T.);
#3554=EDGE_CURVE('',#2877,#2878,#1570,.T.);
#3555=EDGE_CURVE('',#2876,#2878,#276,.T.);
#3556=EDGE_CURVE('',#2877,#2819,#1571,.T.);
#3557=EDGE_CURVE('',#2878,#2820,#1572,.T.);
#3558=EDGE_CURVE('',#2863,#2837,#1573,.T.);
#3559=EDGE_CURVE('',#2865,#2836,#1574,.T.);
#3560=EDGE_CURVE('',#2866,#2835,#1575,.T.);
#3561=EDGE_CURVE('',#2867,#2834,#1576,.T.);
#3562=EDGE_CURVE('',#2871,#2838,#1577,.T.);
#3563=EDGE_CURVE('',#2870,#2839,#1578,.T.);
#3564=EDGE_CURVE('',#2869,#2840,#1579,.T.);
#3565=EDGE_CURVE('',#2868,#2841,#1580,.T.);
#3566=EDGE_CURVE('',#2879,#2879,#2467,.T.);
#3567=EDGE_CURVE('',#2879,#2880,#1581,.T.);
#3568=EDGE_CURVE('',#2880,#2880,#2468,.T.);
#3569=EDGE_CURVE('',#2881,#2881,#2469,.T.);
#3570=EDGE_CURVE('',#2881,#2882,#1582,.T.);
#3571=EDGE_CURVE('',#2882,#2882,#2470,.T.);
#3572=EDGE_CURVE('',#2883,#2884,#2471,.T.);
#3573=EDGE_CURVE('',#2885,#2884,#1583,.T.);
#3574=EDGE_CURVE('',#2886,#2885,#2472,.T.);
#3575=EDGE_CURVE('',#2886,#2883,#1584,.T.);
#3576=EDGE_CURVE('',#2884,#2887,#1585,.T.);
#3577=EDGE_CURVE('',#2887,#2888,#2473,.T.);
#3578=EDGE_CURVE('',#2888,#2889,#1586,.T.);
#3579=EDGE_CURVE('',#2889,#2890,#2474,.T.);
#3580=EDGE_CURVE('',#2890,#2891,#1587,.T.);
#3581=EDGE_CURVE('',#2891,#2892,#2475,.T.);
#3582=EDGE_CURVE('',#2892,#2893,#1588,.T.);
#3583=EDGE_CURVE('',#2893,#2894,#2476,.T.);
#3584=EDGE_CURVE('',#2894,#2895,#1589,.T.);
#3585=EDGE_CURVE('',#2896,#2895,#1590,.T.);
#3586=EDGE_CURVE('',#2897,#2896,#1591,.T.);
#3587=EDGE_CURVE('',#2898,#2897,#2477,.T.);
#3588=EDGE_CURVE('',#2899,#2898,#1592,.T.);
#3589=EDGE_CURVE('',#2900,#2899,#2478,.T.);
#3590=EDGE_CURVE('',#2901,#2900,#1593,.T.);
#3591=EDGE_CURVE('',#2902,#2901,#2479,.T.);
#3592=EDGE_CURVE('',#2903,#2902,#1594,.T.);
#3593=EDGE_CURVE('',#2904,#2903,#2480,.T.);
#3594=EDGE_CURVE('',#2885,#2904,#1595,.T.);
#3595=EDGE_CURVE('',#2905,#2906,#2481,.T.);
#3596=EDGE_CURVE('',#2906,#2883,#1596,.T.);
#3597=EDGE_CURVE('',#2907,#2886,#1597,.T.);
#3598=EDGE_CURVE('',#2908,#2907,#2482,.T.);
#3599=EDGE_CURVE('',#2908,#2905,#1598,.T.);
#3600=EDGE_CURVE('',#2908,#2909,#2483,.T.);
#3601=EDGE_CURVE('',#2909,#2910,#1599,.T.);
#3602=EDGE_CURVE('',#2905,#2910,#2484,.T.);
#3603=EDGE_CURVE('',#2911,#2909,#1600,.T.);
#3604=EDGE_CURVE('',#2911,#2912,#1601,.T.);
#3605=EDGE_CURVE('',#2912,#2910,#1602,.T.);
#3606=EDGE_CURVE('',#2913,#2911,#277,.T.);
#3607=EDGE_CURVE('',#2913,#2914,#1603,.T.);
#3608=EDGE_CURVE('',#2914,#2912,#278,.T.);
#3609=EDGE_CURVE('',#2915,#2913,#1604,.T.);
#3610=EDGE_CURVE('',#2915,#2916,#1605,.T.);
#3611=EDGE_CURVE('',#2916,#2914,#1606,.T.);
#3612=EDGE_CURVE('',#2917,#2915,#279,.T.);
#3613=EDGE_CURVE('',#2917,#2918,#1607,.T.);
#3614=EDGE_CURVE('',#2918,#2916,#280,.T.);
#3615=EDGE_CURVE('',#2919,#2920,#1608,.T.);
#3616=EDGE_CURVE('',#2920,#2921,#2485,.T.);
#3617=EDGE_CURVE('',#2921,#2922,#1609,.T.);
#3618=EDGE_CURVE('',#2922,#2923,#2486,.T.);
#3619=EDGE_CURVE('',#2923,#2918,#1610,.T.);
#3620=EDGE_CURVE('',#2924,#2917,#1611,.T.);
#3621=EDGE_CURVE('',#2925,#2924,#2487,.T.);
#3622=EDGE_CURVE('',#2926,#2925,#1612,.T.);
#3623=EDGE_CURVE('',#2927,#2926,#2488,.T.);
#3624=EDGE_CURVE('',#2928,#2927,#1613,.T.);
#3625=EDGE_CURVE('',#2928,#2919,#1614,.T.);
#3626=EDGE_CURVE('',#2929,#2928,#281,.T.);
#3627=EDGE_CURVE('',#2929,#2930,#1615,.T.);
#3628=EDGE_CURVE('',#2930,#2919,#282,.T.);
#3629=EDGE_CURVE('',#2931,#2929,#1616,.T.);
#3630=EDGE_CURVE('',#2931,#2932,#1617,.T.);
#3631=EDGE_CURVE('',#2932,#2930,#1618,.T.);
#3632=EDGE_CURVE('',#2933,#2931,#283,.T.);
#3633=EDGE_CURVE('',#2933,#2934,#1619,.T.);
#3634=EDGE_CURVE('',#2934,#2932,#284,.T.);
#3635=EDGE_CURVE('',#2935,#2933,#1620,.T.);
#3636=EDGE_CURVE('',#2935,#2936,#1621,.T.);
#3637=EDGE_CURVE('',#2936,#2934,#1622,.T.);
#3638=EDGE_CURVE('',#2935,#2937,#2489,.T.);
#3639=EDGE_CURVE('',#2937,#2938,#1623,.T.);
#3640=EDGE_CURVE('',#2936,#2938,#2490,.T.);
#3641=EDGE_CURVE('',#2939,#2940,#1624,.T.);
#3642=EDGE_CURVE('',#2940,#2938,#2491,.T.);
#3643=EDGE_CURVE('',#2941,#2937,#2492,.T.);
#3644=EDGE_CURVE('',#2942,#2941,#1625,.T.);
#3645=EDGE_CURVE('',#2942,#2939,#1626,.T.);
#3646=EDGE_CURVE('',#2896,#2942,#2493,.T.);
#3647=EDGE_CURVE('',#2895,#2939,#2494,.T.);
#3648=EDGE_CURVE('',#2894,#2940,#1627,.T.);
#3649=EDGE_CURVE('',#2893,#2938,#1628,.T.);
#3650=EDGE_CURVE('',#2892,#2920,#1629,.T.);
#3651=EDGE_CURVE('',#2891,#2921,#1630,.T.);
#3652=EDGE_CURVE('',#2890,#2922,#1631,.T.);
#3653=EDGE_CURVE('',#2889,#2923,#1632,.T.);
#3654=EDGE_CURVE('',#2888,#2905,#1633,.T.);
#3655=EDGE_CURVE('',#2887,#2906,#1634,.T.);
#3656=EDGE_CURVE('',#2897,#2941,#1635,.T.);
#3657=EDGE_CURVE('',#2898,#2937,#1636,.T.);
#3658=EDGE_CURVE('',#2899,#2927,#1637,.T.);
#3659=EDGE_CURVE('',#2900,#2926,#1638,.T.);
#3660=EDGE_CURVE('',#2901,#2925,#1639,.T.);
#3661=EDGE_CURVE('',#2902,#2924,#1640,.T.);
#3662=EDGE_CURVE('',#2903,#2908,#1641,.T.);
#3663=EDGE_CURVE('',#2904,#2907,#1642,.T.);
#3664=EDGE_CURVE('',#2943,#2944,#1643,.T.);
#3665=EDGE_CURVE('',#2943,#2945,#285,.T.);
#3666=EDGE_CURVE('',#2945,#2946,#1644,.T.);
#3667=EDGE_CURVE('',#2944,#2946,#286,.T.);
#3668=EDGE_CURVE('',#2945,#2947,#1645,.T.);
#3669=EDGE_CURVE('',#2947,#2948,#1646,.T.);
#3670=EDGE_CURVE('',#2946,#2948,#1647,.T.);
#3671=EDGE_CURVE('',#2947,#2949,#287,.T.);
#3672=EDGE_CURVE('',#2949,#2950,#1648,.T.);
#3673=EDGE_CURVE('',#2948,#2950,#288,.T.);
#3674=EDGE_CURVE('',#2951,#2952,#1649,.T.);
#3675=EDGE_CURVE('',#2953,#2951,#2495,.T.);
#3676=EDGE_CURVE('',#2954,#2953,#1650,.T.);
#3677=EDGE_CURVE('',#2955,#2954,#2496,.T.);
#3678=EDGE_CURVE('',#2950,#2955,#1651,.T.);
#3679=EDGE_CURVE('',#2949,#2956,#1652,.T.);
#3680=EDGE_CURVE('',#2956,#2957,#2497,.T.);
#3681=EDGE_CURVE('',#2957,#2958,#1653,.T.);
#3682=EDGE_CURVE('',#2958,#2959,#2498,.T.);
#3683=EDGE_CURVE('',#2959,#2960,#1654,.T.);
#3684=EDGE_CURVE('',#2960,#2952,#1655,.T.);
#3685=EDGE_CURVE('',#2960,#2961,#289,.T.);
#3686=EDGE_CURVE('',#2961,#2962,#1656,.T.);
#3687=EDGE_CURVE('',#2952,#2962,#290,.T.);
#3688=EDGE_CURVE('',#2961,#2963,#1657,.T.);
#3689=EDGE_CURVE('',#2963,#2964,#1658,.T.);
#3690=EDGE_CURVE('',#2962,#2964,#1659,.T.);
#3691=EDGE_CURVE('',#2963,#2965,#291,.T.);
#3692=EDGE_CURVE('',#2965,#2966,#1660,.T.);
#3693=EDGE_CURVE('',#2964,#2966,#292,.T.);
#3694=EDGE_CURVE('',#2965,#2967,#1661,.T.);
#3695=EDGE_CURVE('',#2967,#2968,#1662,.T.);
#3696=EDGE_CURVE('',#2966,#2968,#1663,.T.);
#3697=EDGE_CURVE('',#2967,#2969,#1664,.T.);
#3698=EDGE_CURVE('',#2969,#2970,#1665,.T.);
#3699=EDGE_CURVE('',#2968,#2970,#1666,.T.);
#3700=EDGE_CURVE('',#2971,#2969,#1667,.T.);
#3701=EDGE_CURVE('',#2971,#2972,#1668,.T.);
#3702=EDGE_CURVE('',#2972,#2970,#1669,.T.);
#3703=EDGE_CURVE('',#2973,#2971,#293,.T.);
#3704=EDGE_CURVE('',#2973,#2974,#1670,.T.);
#3705=EDGE_CURVE('',#2974,#2972,#294,.T.);
#3706=EDGE_CURVE('',#2975,#2973,#1671,.T.);
#3707=EDGE_CURVE('',#2975,#2976,#1672,.T.);
#3708=EDGE_CURVE('',#2976,#2974,#1673,.T.);
#3709=EDGE_CURVE('',#2977,#2975,#295,.T.);
#3710=EDGE_CURVE('',#2977,#2978,#1674,.T.);
#3711=EDGE_CURVE('',#2978,#2976,#296,.T.);
#3712=EDGE_CURVE('',#2979,#2980,#1675,.T.);
#3713=EDGE_CURVE('',#2981,#2980,#2499,.T.);
#3714=EDGE_CURVE('',#2981,#2982,#1676,.T.);
#3715=EDGE_CURVE('',#2983,#2982,#2500,.T.);
#3716=EDGE_CURVE('',#2983,#2978,#1677,.T.);
#3717=EDGE_CURVE('',#2984,#2977,#1678,.T.);
#3718=EDGE_CURVE('',#2984,#2985,#2501,.T.);
#3719=EDGE_CURVE('',#2986,#2985,#1679,.T.);
#3720=EDGE_CURVE('',#2986,#2987,#2502,.T.);
#3721=EDGE_CURVE('',#2988,#2987,#1680,.T.);
#3722=EDGE_CURVE('',#2988,#2979,#1681,.T.);
#3723=EDGE_CURVE('',#2989,#2988,#297,.T.);
#3724=EDGE_CURVE('',#2989,#2990,#1682,.T.);
#3725=EDGE_CURVE('',#2990,#2979,#298,.T.);
#3726=EDGE_CURVE('',#2991,#2989,#1683,.T.);
#3727=EDGE_CURVE('',#2991,#2992,#1684,.T.);
#3728=EDGE_CURVE('',#2992,#2990,#1685,.T.);
#3729=EDGE_CURVE('',#2993,#2991,#299,.T.);
#3730=EDGE_CURVE('',#2993,#2994,#1686,.T.);
#3731=EDGE_CURVE('',#2994,#2992,#300,.T.);
#3732=EDGE_CURVE('',#2995,#2993,#1687,.T.);
#3733=EDGE_CURVE('',#2995,#2996,#1688,.T.);
#3734=EDGE_CURVE('',#2996,#2994,#1689,.T.);
#3735=EDGE_CURVE('',#2995,#2997,#1690,.T.);
#3736=EDGE_CURVE('',#2997,#2998,#1691,.T.);
#3737=EDGE_CURVE('',#2996,#2998,#1692,.T.);
#3738=EDGE_CURVE('',#2997,#2943,#1693,.T.);
#3739=EDGE_CURVE('',#2998,#2944,#1694,.T.);
#3740=EDGE_CURVE('',#2955,#2980,#1695,.T.);
#3741=EDGE_CURVE('',#2954,#2981,#1696,.T.);
#3742=EDGE_CURVE('',#2953,#2982,#1697,.T.);
#3743=EDGE_CURVE('',#2951,#2983,#1698,.T.);
#3744=EDGE_CURVE('',#2956,#2987,#1699,.T.);
#3745=EDGE_CURVE('',#2957,#2986,#1700,.T.);
#3746=EDGE_CURVE('',#2958,#2985,#1701,.T.);
#3747=EDGE_CURVE('',#2959,#2984,#1702,.T.);
#3748=EDGE_CURVE('',#2999,#3000,#1703,.T.);
#3749=EDGE_CURVE('',#2999,#3001,#301,.T.);
#3750=EDGE_CURVE('',#3001,#3002,#1704,.T.);
#3751=EDGE_CURVE('',#3000,#3002,#302,.T.);
#3752=EDGE_CURVE('',#3001,#3003,#1705,.T.);
#3753=EDGE_CURVE('',#3003,#3004,#1706,.T.);
#3754=EDGE_CURVE('',#3002,#3004,#1707,.T.);
#3755=EDGE_CURVE('',#3003,#3005,#303,.T.);
#3756=EDGE_CURVE('',#3005,#3006,#1708,.T.);
#3757=EDGE_CURVE('',#3004,#3006,#304,.T.);
#3758=EDGE_CURVE('',#3005,#3007,#1709,.T.);
#3759=EDGE_CURVE('',#3007,#3008,#1710,.T.);
#3760=EDGE_CURVE('',#3006,#3008,#1711,.T.);
#3761=EDGE_CURVE('',#3007,#3009,#2503,.T.);
#3762=EDGE_CURVE('',#3009,#3010,#1712,.T.);
#3763=EDGE_CURVE('',#3008,#3010,#2504,.T.);
#3764=EDGE_CURVE('',#3011,#3009,#1713,.T.);
#3765=EDGE_CURVE('',#3011,#3012,#1714,.T.);
#3766=EDGE_CURVE('',#3012,#3010,#1715,.T.);
#3767=EDGE_CURVE('',#3013,#3011,#305,.T.);
#3768=EDGE_CURVE('',#3013,#3014,#1716,.T.);
#3769=EDGE_CURVE('',#3014,#3012,#306,.T.);
#3770=EDGE_CURVE('',#3015,#3013,#1717,.T.);
#3771=EDGE_CURVE('',#3015,#3016,#1718,.T.);
#3772=EDGE_CURVE('',#3016,#3014,#1719,.T.);
#3773=EDGE_CURVE('',#3017,#3015,#307,.T.);
#3774=EDGE_CURVE('',#3017,#3018,#1720,.T.);
#3775=EDGE_CURVE('',#3018,#3016,#308,.T.);
#3776=EDGE_CURVE('',#3019,#3020,#1721,.T.);
#3777=EDGE_CURVE('',#3021,#3020,#2505,.T.);
#3778=EDGE_CURVE('',#3021,#3022,#1722,.T.);
#3779=EDGE_CURVE('',#3023,#3022,#2506,.T.);
#3780=EDGE_CURVE('',#3023,#3018,#1723,.T.);
#3781=EDGE_CURVE('',#3024,#3017,#1724,.T.);
#3782=EDGE_CURVE('',#3024,#3025,#2507,.T.);
#3783=EDGE_CURVE('',#3026,#3025,#1725,.T.);
#3784=EDGE_CURVE('',#3026,#3027,#2508,.T.);
#3785=EDGE_CURVE('',#3028,#3027,#1726,.T.);
#3786=EDGE_CURVE('',#3028,#3019,#1727,.T.);
#3787=EDGE_CURVE('',#3029,#3028,#309,.T.);
#3788=EDGE_CURVE('',#3029,#3030,#1728,.T.);
#3789=EDGE_CURVE('',#3030,#3019,#310,.T.);
#3790=EDGE_CURVE('',#3031,#3029,#1729,.T.);
#3791=EDGE_CURVE('',#3031,#3032,#1730,.T.);
#3792=EDGE_CURVE('',#3032,#3030,#1731,.T.);
#3793=EDGE_CURVE('',#3033,#3031,#311,.T.);
#3794=EDGE_CURVE('',#3033,#3034,#1732,.T.);
#3795=EDGE_CURVE('',#3034,#3032,#312,.T.);
#3796=EDGE_CURVE('',#3035,#3033,#1733,.T.);
#3797=EDGE_CURVE('',#3035,#3036,#1734,.T.);
#3798=EDGE_CURVE('',#3036,#3034,#1735,.T.);
#3799=EDGE_CURVE('',#3035,#3037,#2509,.T.);
#3800=EDGE_CURVE('',#3037,#3038,#1736,.T.);
#3801=EDGE_CURVE('',#3036,#3038,#2510,.T.);
#3802=EDGE_CURVE('',#3037,#3039,#1737,.T.);
#3803=EDGE_CURVE('',#3039,#3040,#1738,.T.);
#3804=EDGE_CURVE('',#3038,#3040,#1739,.T.);
#3805=EDGE_CURVE('',#3039,#3041,#313,.T.);
#3806=EDGE_CURVE('',#3041,#3042,#1740,.T.);
#3807=EDGE_CURVE('',#3040,#3042,#314,.T.);
#3808=EDGE_CURVE('',#3041,#3043,#1741,.T.);
#3809=EDGE_CURVE('',#3043,#3044,#1742,.T.);
#3810=EDGE_CURVE('',#3042,#3044,#1743,.T.);
#3811=EDGE_CURVE('',#3043,#3045,#315,.T.);
#3812=EDGE_CURVE('',#3045,#3046,#1744,.T.);
#3813=EDGE_CURVE('',#3044,#3046,#316,.T.);
#3814=EDGE_CURVE('',#3045,#3047,#1745,.T.);
#3815=EDGE_CURVE('',#3047,#3048,#2511,.T.);
#3816=EDGE_CURVE('',#3048,#3049,#1746,.T.);
#3817=EDGE_CURVE('',#3049,#3050,#2512,.T.);
#3818=EDGE_CURVE('',#3050,#2999,#1747,.T.);
#3819=EDGE_CURVE('',#3051,#3000,#1748,.T.);
#3820=EDGE_CURVE('',#3052,#3051,#2513,.T.);
#3821=EDGE_CURVE('',#3053,#3052,#1749,.T.);
#3822=EDGE_CURVE('',#3054,#3053,#2514,.T.);
#3823=EDGE_CURVE('',#3046,#3054,#1750,.T.);
#3824=EDGE_CURVE('',#3054,#3020,#1751,.T.);
#3825=EDGE_CURVE('',#3053,#3021,#1752,.T.);
#3826=EDGE_CURVE('',#3052,#3022,#1753,.T.);
#3827=EDGE_CURVE('',#3051,#3023,#1754,.T.);
#3828=EDGE_CURVE('',#3047,#3027,#1755,.T.);
#3829=EDGE_CURVE('',#3048,#3026,#1756,.T.);
#3830=EDGE_CURVE('',#3049,#3025,#1757,.T.);
#3831=EDGE_CURVE('',#3050,#3024,#1758,.T.);
#3832=EDGE_CURVE('',#3055,#3055,#2515,.T.);
#3833=EDGE_CURVE('',#3055,#3056,#1759,.T.);
#3834=EDGE_CURVE('',#3056,#3056,#2516,.T.);
#3835=EDGE_CURVE('',#3057,#3057,#2517,.T.);
#3836=EDGE_CURVE('',#3057,#3058,#1760,.T.);
#3837=EDGE_CURVE('',#3058,#3058,#2518,.T.);
#3838=EDGE_CURVE('',#3059,#3060,#1761,.T.);
#3839=EDGE_CURVE('',#3059,#3061,#2519,.T.);
#3840=EDGE_CURVE('',#3062,#3061,#1762,.T.);
#3841=EDGE_CURVE('',#3060,#3062,#2520,.T.);
#3842=EDGE_CURVE('',#3063,#3059,#1763,.T.);
#3843=EDGE_CURVE('',#3064,#3060,#1764,.T.);
#3844=EDGE_CURVE('',#3064,#3063,#1765,.T.);
#3845=EDGE_CURVE('',#3065,#3066,#1766,.T.);
#3846=EDGE_CURVE('',#3067,#3065,#2521,.T.);
#3847=EDGE_CURVE('',#3068,#3067,#1767,.T.);
#3848=EDGE_CURVE('',#3068,#3066,#2522,.T.);
#3849=EDGE_CURVE('',#3066,#3069,#1768,.T.);
#3850=EDGE_CURVE('',#3069,#3070,#1769,.T.);
#3851=EDGE_CURVE('',#3065,#3070,#1770,.T.);
#3852=EDGE_CURVE('',#3071,#3072,#1771,.T.);
#3853=EDGE_CURVE('',#3071,#3063,#2523,.T.);
#3854=EDGE_CURVE('',#3072,#3064,#2524,.T.);
#3855=EDGE_CURVE('',#3073,#3072,#1772,.T.);
#3856=EDGE_CURVE('',#3073,#3074,#1773,.T.);
#3857=EDGE_CURVE('',#3074,#3071,#1774,.T.);
#3858=EDGE_CURVE('',#3075,#3076,#1775,.T.);
#3859=EDGE_CURVE('',#3077,#3075,#2525,.T.);
#3860=EDGE_CURVE('',#3078,#3077,#1776,.T.);
#3861=EDGE_CURVE('',#3078,#3076,#2526,.T.);
#3862=EDGE_CURVE('',#3075,#3067,#1777,.T.);
#3863=EDGE_CURVE('',#3076,#3068,#1778,.T.);
#3864=EDGE_CURVE('',#3070,#3079,#2527,.T.);
#3865=EDGE_CURVE('',#3080,#3079,#1779,.T.);
#3866=EDGE_CURVE('',#3080,#3081,#2528,.T.);
#3867=EDGE_CURVE('',#3061,#3081,#1780,.T.);
#3868=EDGE_CURVE('',#3061,#3065,#1781,.T.);
#3869=EDGE_CURVE('',#3082,#3083,#1782,.T.);
#3870=EDGE_CURVE('',#3083,#3084,#2529,.T.);
#3871=EDGE_CURVE('',#3084,#3085,#1783,.T.);
#3872=EDGE_CURVE('',#3085,#3082,#2530,.T.);
#3873=EDGE_CURVE('',#3079,#3086,#1784,.T.);
#3874=EDGE_CURVE('',#3087,#3086,#1785,.T.);
#3875=EDGE_CURVE('',#3087,#3080,#1786,.T.);
#3876=EDGE_CURVE('',#3086,#3069,#2531,.T.);
#3877=EDGE_CURVE('',#3062,#3066,#1787,.T.);
#3878=EDGE_CURVE('',#3062,#3088,#1788,.T.);
#3879=EDGE_CURVE('',#3088,#3087,#2532,.T.);
#3880=EDGE_CURVE('',#3089,#3090,#2533,.T.);
#3881=EDGE_CURVE('',#3090,#3091,#1789,.T.);
#3882=EDGE_CURVE('',#3091,#3092,#2534,.T.);
#3883=EDGE_CURVE('',#3092,#3089,#1790,.T.);
#3884=EDGE_CURVE('',#3060,#3068,#1791,.T.);
#3885=EDGE_CURVE('',#3064,#3076,#1792,.T.);
#3886=EDGE_CURVE('',#3093,#3094,#2535,.T.);
#3887=EDGE_CURVE('',#3095,#3093,#1793,.T.);
#3888=EDGE_CURVE('',#3096,#3095,#2536,.T.);
#3889=EDGE_CURVE('',#3094,#3096,#1794,.T.);
#3890=EDGE_CURVE('',#3097,#3098,#2537,.T.);
#3891=EDGE_CURVE('',#3099,#3097,#1795,.T.);
#3892=EDGE_CURVE('',#3100,#3099,#2538,.T.);
#3893=EDGE_CURVE('',#3098,#3100,#1796,.T.);
#3894=EDGE_CURVE('',#3072,#3078,#1797,.T.);
#3895=EDGE_CURVE('',#3101,#3102,#1798,.T.);
#3896=EDGE_CURVE('',#3101,#3073,#2539,.T.);
#3897=EDGE_CURVE('',#3103,#3078,#1799,.T.);
#3898=EDGE_CURVE('',#3103,#3102,#2540,.T.);
#3899=EDGE_CURVE('',#3104,#3105,#2541,.T.);
#3900=EDGE_CURVE('',#3106,#3104,#1800,.T.);
#3901=EDGE_CURVE('',#3107,#3106,#2542,.T.);
#3902=EDGE_CURVE('',#3105,#3107,#1801,.T.);
#3903=EDGE_CURVE('',#3108,#3109,#1802,.T.);
#3904=EDGE_CURVE('',#3108,#3101,#1803,.T.);
#3905=EDGE_CURVE('',#3102,#3109,#1804,.T.);
#3906=EDGE_CURVE('',#3074,#3108,#2543,.T.);
#3907=EDGE_CURVE('',#3109,#3110,#2544,.T.);
#3908=EDGE_CURVE('',#3110,#3077,#1805,.T.);
#3909=EDGE_CURVE('',#3071,#3077,#1806,.T.);
#3910=EDGE_CURVE('',#3111,#3112,#1807,.T.);
#3911=EDGE_CURVE('',#3113,#3111,#2545,.T.);
#3912=EDGE_CURVE('',#3114,#3113,#1808,.T.);
#3913=EDGE_CURVE('',#3112,#3114,#2546,.T.);
#3914=EDGE_CURVE('',#3063,#3075,#1809,.T.);
#3915=EDGE_CURVE('',#3059,#3067,#1810,.T.);
#3916=EDGE_CURVE('',#3115,#3116,#1811,.T.);
#3917=EDGE_CURVE('',#3117,#3115,#2547,.T.);
#3918=EDGE_CURVE('',#3118,#3117,#1812,.T.);
#3919=EDGE_CURVE('',#3116,#3118,#2548,.T.);
#3920=EDGE_CURVE('',#3119,#3120,#1813,.T.);
#3921=EDGE_CURVE('',#3121,#3119,#2549,.T.);
#3922=EDGE_CURVE('',#3122,#3121,#1814,.T.);
#3923=EDGE_CURVE('',#3120,#3122,#2550,.T.);
#3924=EDGE_CURVE('',#3081,#3088,#1815,.T.);
#3925=EDGE_CURVE('',#3110,#3103,#1816,.T.);
#3926=EDGE_CURVE('',#3119,#3097,#1817,.T.);
#3927=EDGE_CURVE('',#3121,#3098,#1818,.T.);
#3928=EDGE_CURVE('',#3120,#3099,#1819,.T.);
#3929=EDGE_CURVE('',#3122,#3100,#1820,.T.);
#3930=EDGE_CURVE('',#3115,#3093,#1821,.T.);
#3931=EDGE_CURVE('',#3117,#3094,#1822,.T.);
#3932=EDGE_CURVE('',#3116,#3095,#1823,.T.);
#3933=EDGE_CURVE('',#3118,#3096,#1824,.T.);
#3934=EDGE_CURVE('',#3111,#3104,#1825,.T.);
#3935=EDGE_CURVE('',#3113,#3105,#1826,.T.);
#3936=EDGE_CURVE('',#3112,#3106,#1827,.T.);
#3937=EDGE_CURVE('',#3114,#3107,#1828,.T.);
#3938=EDGE_CURVE('',#3083,#3090,#1829,.T.);
#3939=EDGE_CURVE('',#3084,#3089,#1830,.T.);
#3940=EDGE_CURVE('',#3085,#3092,#1831,.T.);
#3941=EDGE_CURVE('',#3082,#3091,#1832,.T.);
#3942=EDGE_CURVE('',#3123,#3123,#2551,.T.);
#3943=EDGE_CURVE('',#3123,#3124,#2552,.T.);
#3944=EDGE_CURVE('',#3124,#3124,#2553,.T.);
#3945=EDGE_CURVE('',#3125,#3126,#2554,.T.);
#3946=EDGE_CURVE('',#3126,#3125,#2555,.T.);
#3947=EDGE_CURVE('',#3126,#3127,#2556,.T.);
#3948=EDGE_CURVE('',#3127,#3127,#2557,.T.);
#3949=EDGE_CURVE('',#3128,#3128,#2558,.T.);
#3950=EDGE_CURVE('',#3128,#3129,#2559,.T.);
#3951=EDGE_CURVE('',#3129,#3129,#2560,.T.);
#3952=EDGE_CURVE('',#3130,#3130,#2561,.T.);
#3953=EDGE_CURVE('',#3130,#3131,#2562,.T.);
#3954=EDGE_CURVE('',#3131,#3131,#2563,.T.);
#3955=EDGE_CURVE('',#3132,#3133,#2564,.T.);
#3956=EDGE_CURVE('',#3133,#3132,#2565,.T.);
#3957=EDGE_CURVE('',#3133,#3134,#2566,.T.);
#3958=EDGE_CURVE('',#3135,#3134,#2567,.T.);
#3959=EDGE_CURVE('',#3134,#3135,#2568,.T.);
#3960=EDGE_CURVE('',#3136,#3137,#2569,.T.);
#3961=EDGE_CURVE('',#3136,#3138,#1833,.T.);
#3962=EDGE_CURVE('',#3138,#3139,#317,.T.);
#3963=EDGE_CURVE('',#3137,#3139,#1834,.T.);
#3964=EDGE_CURVE('',#3140,#3141,#2570,.T.);
#3965=EDGE_CURVE('',#3140,#3142,#1835,.T.);
#3966=EDGE_CURVE('',#3142,#3143,#318,.T.);
#3967=EDGE_CURVE('',#3143,#3144,#319,.T.);
#3968=EDGE_CURVE('',#3141,#3144,#1836,.T.);
#3969=EDGE_CURVE('',#3145,#3146,#2571,.T.);
#3970=EDGE_CURVE('',#3145,#3147,#1837,.T.);
#3971=EDGE_CURVE('',#3147,#3148,#320,.T.);
#3972=EDGE_CURVE('',#3148,#3149,#321,.T.);
#3973=EDGE_CURVE('',#3146,#3149,#1838,.T.);
#3974=EDGE_CURVE('',#3149,#3142,#322,.F.);
#3975=EDGE_CURVE('',#3148,#3143,#2572,.T.);
#3976=EDGE_CURVE('',#3132,#3130,#1839,.T.);
#3977=EDGE_CURVE('',#3150,#3150,#2573,.T.);
#3978=EDGE_CURVE('',#3150,#3135,#1840,.T.);
#3979=EDGE_CURVE('',#3125,#3128,#1841,.T.);
#3980=EDGE_CURVE('',#3151,#3152,#2574,.T.);
#3981=EDGE_CURVE('',#3153,#3151,#2575,.T.);
#3982=EDGE_CURVE('',#3143,#3153,#2576,.T.);
#3983=EDGE_CURVE('',#3154,#3148,#2577,.T.);
#3984=EDGE_CURVE('',#3152,#3154,#2578,.T.);
#3985=EDGE_CURVE('',#3155,#3154,#323,.T.);
#3986=EDGE_CURVE('',#3156,#3155,#324,.T.);
#3987=EDGE_CURVE('',#3152,#3156,#325,.T.);
#3988=EDGE_CURVE('',#3157,#3147,#326,.T.);
#3989=EDGE_CURVE('',#3154,#3157,#327,.T.);
#3990=EDGE_CURVE('',#3144,#3158,#328,.T.);
#3991=EDGE_CURVE('',#3158,#3153,#329,.T.);
#3992=EDGE_CURVE('',#3159,#3151,#330,.T.);
#3993=EDGE_CURVE('',#3160,#3159,#331,.T.);
#3994=EDGE_CURVE('',#3153,#3160,#332,.T.);
#3995=EDGE_CURVE('',#3139,#3152,#333,.T.);
#3996=EDGE_CURVE('',#3151,#3138,#334,.T.);
#3997=EDGE_CURVE('',#3161,#3162,#2579,.T.);
#3998=EDGE_CURVE('',#3162,#3136,#2580,.T.);
#3999=EDGE_CURVE('',#3137,#3163,#2581,.T.);
#4000=EDGE_CURVE('',#3163,#3164,#2582,.T.);
#4001=EDGE_CURVE('',#3164,#3165,#2583,.T.);
#4002=EDGE_CURVE('',#3165,#3145,#2584,.T.);
#4003=EDGE_CURVE('',#3146,#3140,#2585,.T.);
#4004=EDGE_CURVE('',#3141,#3166,#2586,.T.);
#4005=EDGE_CURVE('',#3166,#3161,#2587,.T.);
#4006=EDGE_CURVE('',#3163,#3156,#1842,.T.);
#4007=EDGE_CURVE('',#3164,#3155,#1843,.T.);
#4008=EDGE_CURVE('',#3165,#3157,#1844,.T.);
#4009=EDGE_CURVE('',#3166,#3158,#1845,.T.);
#4010=EDGE_CURVE('',#3161,#3160,#1846,.T.);
#4011=EDGE_CURVE('',#3162,#3159,#1847,.T.);
#4012=EDGE_CURVE('',#3167,#3167,#2588,.T.);
#4013=EDGE_CURVE('',#3167,#3168,#1848,.T.);
#4014=EDGE_CURVE('',#3168,#3168,#2589,.T.);
#4015=EDGE_CURVE('',#3169,#3169,#2590,.T.);
#4016=EDGE_CURVE('',#3169,#3170,#1849,.T.);
#4017=EDGE_CURVE('',#3170,#3170,#2591,.T.);
#4018=EDGE_CURVE('',#3171,#3172,#2592,.T.);
#4019=EDGE_CURVE('',#3171,#3173,#2593,.T.);
#4020=EDGE_CURVE('',#3173,#3172,#2594,.T.);
#4021=EDGE_CURVE('',#3174,#3175,#2595,.T.);
#4022=EDGE_CURVE('',#3175,#3176,#2596,.T.);
#4023=EDGE_CURVE('',#3174,#3176,#2597,.T.);
#4024=EDGE_CURVE('',#3177,#3178,#2598,.T.);
#4025=EDGE_CURVE('',#3179,#3178,#2599,.T.);
#4026=EDGE_CURVE('',#3179,#3177,#2600,.T.);
#4027=EDGE_CURVE('',#3180,#3181,#2601,.T.);
#4028=EDGE_CURVE('',#3181,#3182,#2602,.T.);
#4029=EDGE_CURVE('',#3180,#3182,#2603,.T.);
#4030=EDGE_CURVE('',#3183,#3184,#2604,.T.);
#4031=EDGE_CURVE('',#3185,#3184,#2605,.T.);
#4032=EDGE_CURVE('',#3185,#3183,#2606,.T.);
#4033=EDGE_CURVE('',#3186,#3187,#2607,.T.);
#4034=EDGE_CURVE('',#3188,#3187,#2608,.T.);
#4035=EDGE_CURVE('',#3186,#3188,#2609,.T.);
#4036=EDGE_CURVE('',#3189,#3190,#2610,.T.);
#4037=EDGE_CURVE('',#3190,#3189,#2611,.T.);
#4038=EDGE_CURVE('',#3190,#3191,#2612,.T.);
#4039=EDGE_CURVE('',#3191,#3191,#2613,.T.);
#4040=EDGE_CURVE('',#3192,#3192,#2614,.T.);
#4041=EDGE_CURVE('',#3192,#3193,#2615,.T.);
#4042=EDGE_CURVE('',#3194,#3193,#2616,.T.);
#4043=EDGE_CURVE('',#3193,#3194,#2617,.T.);
#4044=EDGE_CURVE('',#3195,#3195,#2618,.T.);
#4045=EDGE_CURVE('',#3195,#3196,#2619,.T.);
#4046=EDGE_CURVE('',#3197,#3196,#2620,.T.);
#4047=EDGE_CURVE('',#3196,#3197,#2621,.T.);
#4048=EDGE_CURVE('',#3198,#3199,#2622,.T.);
#4049=EDGE_CURVE('',#3198,#3200,#2623,.T.);
#4050=EDGE_CURVE('',#3200,#3200,#2624,.T.);
#4051=EDGE_CURVE('',#3199,#3198,#2625,.T.);
#4052=EDGE_CURVE('',#3201,#3201,#2626,.T.);
#4053=EDGE_CURVE('',#3201,#3195,#2627,.T.);
#4054=EDGE_CURVE('',#3202,#3203,#335,.T.);
#4055=EDGE_CURVE('',#3203,#3204,#336,.T.);
#4056=EDGE_CURVE('',#3204,#3182,#337,.T.);
#4057=EDGE_CURVE('',#3182,#3197,#1850,.T.);
#4058=EDGE_CURVE('',#3182,#3188,#338,.T.);
#4059=EDGE_CURVE('',#3188,#3185,#339,.T.);
#4060=EDGE_CURVE('',#3185,#3202,#340,.T.);
#4061=EDGE_CURVE('',#3205,#3179,#341,.T.);
#4062=EDGE_CURVE('',#3179,#3173,#342,.T.);
#4063=EDGE_CURVE('',#3173,#3176,#343,.T.);
#4064=EDGE_CURVE('',#3176,#3199,#1851,.T.);
#4065=EDGE_CURVE('',#3176,#3206,#344,.T.);
#4066=EDGE_CURVE('',#3206,#3207,#345,.T.);
#4067=EDGE_CURVE('',#3207,#3205,#346,.T.);
#4068=EDGE_CURVE('',#3189,#3194,#1852,.T.);
#4069=EDGE_CURVE('',#3184,#3208,#1853,.T.);
#4070=EDGE_CURVE('',#3208,#3175,#347,.T.);
#4071=EDGE_CURVE('',#3175,#3209,#1854,.T.);
#4072=EDGE_CURVE('',#3209,#3184,#348,.T.);
#4073=EDGE_CURVE('',#3187,#3210,#1855,.T.);
#4074=EDGE_CURVE('',#3210,#3211,#349,.T.);
#4075=EDGE_CURVE('',#3211,#3183,#1856,.T.);
#4076=EDGE_CURVE('',#3183,#3187,#350,.T.);
#4077=EDGE_CURVE('',#3181,#3212,#1857,.T.);
#4078=EDGE_CURVE('',#3212,#3213,#351,.T.);
#4079=EDGE_CURVE('',#3213,#3186,#1858,.T.);
#4080=EDGE_CURVE('',#3186,#3181,#352,.T.);
#4081=EDGE_CURVE('',#3214,#3177,#1859,.T.);
#4082=EDGE_CURVE('',#3177,#3215,#353,.T.);
#4083=EDGE_CURVE('',#3215,#3180,#1860,.T.);
#4084=EDGE_CURVE('',#3180,#3214,#354,.T.);
#4085=EDGE_CURVE('',#3216,#3172,#1861,.T.);
#4086=EDGE_CURVE('',#3172,#3178,#355,.T.);
#4087=EDGE_CURVE('',#3178,#3217,#1862,.T.);
#4088=EDGE_CURVE('',#3217,#3216,#356,.T.);
#4089=EDGE_CURVE('',#3218,#3174,#1863,.T.);
#4090=EDGE_CURVE('',#3174,#3171,#357,.T.);
#4091=EDGE_CURVE('',#3171,#3219,#1864,.T.);
#4092=EDGE_CURVE('',#3219,#3218,#358,.T.);
#4093=EDGE_CURVE('',#3210,#3213,#2628,.T.);
#4094=EDGE_CURVE('',#3210,#3207,#2629,.T.);
#4095=EDGE_CURVE('',#3207,#3213,#2630,.T.);
#4096=EDGE_CURVE('',#3212,#3215,#2631,.T.);
#4097=EDGE_CURVE('',#3205,#3212,#2632,.T.);
#4098=EDGE_CURVE('',#3211,#3206,#2633,.T.);
#4099=EDGE_CURVE('',#3208,#3211,#2634,.T.);
#4100=EDGE_CURVE('',#3205,#3215,#2635,.T.);
#4101=EDGE_CURVE('',#3208,#3206,#2636,.T.);
#4102=EDGE_CURVE('',#3202,#3209,#2637,.T.);
#4103=EDGE_CURVE('',#3214,#3204,#2638,.T.);
#4104=EDGE_CURVE('',#3217,#3214,#2639,.T.);
#4105=EDGE_CURVE('',#3209,#3218,#2640,.T.);
#4106=EDGE_CURVE('',#3202,#3218,#2641,.T.);
#4107=EDGE_CURVE('',#3217,#3204,#2642,.T.);
#4108=EDGE_CURVE('',#3203,#3219,#2643,.T.);
#4109=EDGE_CURVE('',#3216,#3203,#2644,.T.);
#4110=EDGE_CURVE('',#3216,#3219,#2645,.T.);
#4111=EDGE_CURVE('',#3220,#3220,#2646,.T.);
#4112=EDGE_CURVE('',#3220,#3221,#1865,.T.);
#4113=EDGE_CURVE('',#3221,#3221,#2647,.T.);
#4114=EDGE_CURVE('',#3222,#3223,#2648,.T.);
#4115=EDGE_CURVE('',#3223,#3222,#2649,.T.);
#4116=EDGE_CURVE('',#3223,#3224,#1866,.T.);
#4117=EDGE_CURVE('',#3224,#3224,#2650,.T.);
#4118=EDGE_CURVE('',#3225,#3225,#2651,.T.);
#4119=EDGE_CURVE('',#3225,#3226,#1867,.T.);
#4120=EDGE_CURVE('',#3226,#3227,#2652,.T.);
#4121=EDGE_CURVE('',#3227,#3226,#2653,.T.);
#4122=EDGE_CURVE('',#3228,#3227,#1868,.T.);
#4123=EDGE_CURVE('',#3229,#3229,#2654,.T.);
#4124=EDGE_CURVE('',#3229,#3230,#1869,.T.);
#4125=EDGE_CURVE('',#3230,#3230,#2655,.T.);
#4126=EDGE_CURVE('',#3231,#3229,#1870,.T.);
#4127=EDGE_CURVE('',#3222,#3220,#1871,.T.);
#4128=EDGE_CURVE('',#3232,#3232,#2656,.T.);
#4129=EDGE_CURVE('',#3232,#3233,#2657,.T.);
#4130=EDGE_CURVE('',#3233,#3233,#2658,.T.);
#4131=EDGE_CURVE('',#3234,#3235,#2659,.T.);
#4132=EDGE_CURVE('',#3235,#3234,#2660,.T.);
#4133=EDGE_CURVE('',#3235,#3236,#2661,.T.);
#4134=EDGE_CURVE('',#3236,#3236,#2662,.T.);
#4135=EDGE_CURVE('',#3237,#3237,#2663,.T.);
#4136=EDGE_CURVE('',#3237,#3238,#2664,.T.);
#4137=EDGE_CURVE('',#3238,#3238,#2665,.T.);
#4138=EDGE_CURVE('',#3239,#3239,#2666,.T.);
#4139=EDGE_CURVE('',#3239,#3240,#2667,.T.);
#4140=EDGE_CURVE('',#3240,#3240,#2668,.T.);
#4141=EDGE_CURVE('',#3241,#3242,#2669,.T.);
#4142=EDGE_CURVE('',#3242,#3241,#2670,.T.);
#4143=EDGE_CURVE('',#3242,#3243,#2671,.T.);
#4144=EDGE_CURVE('',#3244,#3243,#2672,.T.);
#4145=EDGE_CURVE('',#3243,#3244,#2673,.T.);
#4146=EDGE_CURVE('',#3245,#3246,#2674,.T.);
#4147=EDGE_CURVE('',#3245,#3247,#1872,.T.);
#4148=EDGE_CURVE('',#3247,#3248,#359,.T.);
#4149=EDGE_CURVE('',#3246,#3248,#1873,.T.);
#4150=EDGE_CURVE('',#3249,#3250,#2675,.T.);
#4151=EDGE_CURVE('',#3249,#3251,#1874,.T.);
#4152=EDGE_CURVE('',#3251,#3252,#360,.T.);
#4153=EDGE_CURVE('',#3252,#3253,#361,.T.);
#4154=EDGE_CURVE('',#3250,#3253,#1875,.T.);
#4155=EDGE_CURVE('',#3254,#3255,#2676,.T.);
#4156=EDGE_CURVE('',#3254,#3256,#1876,.T.);
#4157=EDGE_CURVE('',#3256,#3257,#362,.T.);
#4158=EDGE_CURVE('',#3257,#3258,#363,.T.);
#4159=EDGE_CURVE('',#3255,#3258,#1877,.T.);
#4160=EDGE_CURVE('',#3258,#3251,#364,.F.);
#4161=EDGE_CURVE('',#3257,#3252,#2677,.T.);
#4162=EDGE_CURVE('',#3241,#3239,#1878,.T.);
#4163=EDGE_CURVE('',#3259,#3259,#2678,.T.);
#4164=EDGE_CURVE('',#3259,#3244,#1879,.T.);
#4165=EDGE_CURVE('',#3234,#3237,#1880,.T.);
#4166=EDGE_CURVE('',#3260,#3261,#2679,.T.);
#4167=EDGE_CURVE('',#3262,#3260,#2680,.T.);
#4168=EDGE_CURVE('',#3252,#3262,#2681,.T.);
#4169=EDGE_CURVE('',#3263,#3257,#2682,.T.);
#4170=EDGE_CURVE('',#3261,#3263,#2683,.T.);
#4171=EDGE_CURVE('',#3264,#3263,#365,.T.);
#4172=EDGE_CURVE('',#3265,#3264,#366,.T.);
#4173=EDGE_CURVE('',#3261,#3265,#367,.T.);
#4174=EDGE_CURVE('',#3266,#3256,#368,.T.);
#4175=EDGE_CURVE('',#3263,#3266,#369,.T.);
#4176=EDGE_CURVE('',#3253,#3267,#370,.T.);
#4177=EDGE_CURVE('',#3267,#3262,#371,.T.);
#4178=EDGE_CURVE('',#3268,#3260,#372,.T.);
#4179=EDGE_CURVE('',#3269,#3268,#373,.T.);
#4180=EDGE_CURVE('',#3262,#3269,#374,.T.);
#4181=EDGE_CURVE('',#3248,#3261,#375,.T.);
#4182=EDGE_CURVE('',#3260,#3247,#376,.T.);
#4183=EDGE_CURVE('',#3270,#3271,#2684,.T.);
#4184=EDGE_CURVE('',#3271,#3245,#2685,.T.);
#4185=EDGE_CURVE('',#3246,#3272,#2686,.T.);
#4186=EDGE_CURVE('',#3272,#3273,#2687,.T.);
#4187=EDGE_CURVE('',#3273,#3274,#2688,.T.);
#4188=EDGE_CURVE('',#3274,#3254,#2689,.T.);
#4189=EDGE_CURVE('',#3255,#3249,#2690,.T.);
#4190=EDGE_CURVE('',#3250,#3275,#2691,.T.);
#4191=EDGE_CURVE('',#3275,#3270,#2692,.T.);
#4192=EDGE_CURVE('',#3272,#3265,#1881,.T.);
#4193=EDGE_CURVE('',#3273,#3264,#1882,.T.);
#4194=EDGE_CURVE('',#3274,#3266,#1883,.T.);
#4195=EDGE_CURVE('',#3275,#3267,#1884,.T.);
#4196=EDGE_CURVE('',#3270,#3269,#1885,.T.);
#4197=EDGE_CURVE('',#3271,#3268,#1886,.T.);
#4198=EDGE_CURVE('',#3276,#3276,#2693,.T.);
#4199=EDGE_CURVE('',#3276,#3277,#1887,.T.);
#4200=EDGE_CURVE('',#3277,#3277,#2694,.T.);
#4201=EDGE_CURVE('',#3278,#3278,#2695,.T.);
#4202=EDGE_CURVE('',#3278,#3279,#1888,.T.);
#4203=EDGE_CURVE('',#3279,#3279,#2696,.T.);
#4204=EDGE_CURVE('',#3280,#3280,#2697,.T.);
#4205=EDGE_CURVE('',#3280,#3281,#1889,.T.);
#4206=EDGE_CURVE('',#3281,#3281,#2698,.T.);
#4207=EDGE_CURVE('',#3282,#3282,#2699,.T.);
#4208=EDGE_CURVE('',#3282,#3283,#1890,.T.);
#4209=EDGE_CURVE('',#3283,#3283,#2700,.T.);
#4210=ORIENTED_EDGE('',*,*,#3284,.F.);
#4211=ORIENTED_EDGE('',*,*,#3285,.T.);
#4212=ORIENTED_EDGE('',*,*,#3286,.F.);
#4213=ORIENTED_EDGE('',*,*,#3285,.F.);
#4214=ORIENTED_EDGE('',*,*,#3287,.F.);
#4215=ORIENTED_EDGE('',*,*,#3288,.T.);
#4216=ORIENTED_EDGE('',*,*,#3289,.F.);
#4217=ORIENTED_EDGE('',*,*,#3288,.F.);
#4218=ORIENTED_EDGE('',*,*,#3290,.T.);
#4219=ORIENTED_EDGE('',*,*,#3291,.T.);
#4220=ORIENTED_EDGE('',*,*,#3292,.T.);
#4221=ORIENTED_EDGE('',*,*,#3291,.F.);
#4222=ORIENTED_EDGE('',*,*,#3293,.T.);
#4223=ORIENTED_EDGE('',*,*,#3294,.T.);
#4224=ORIENTED_EDGE('',*,*,#3295,.T.);
#4225=ORIENTED_EDGE('',*,*,#3294,.F.);
#4226=ORIENTED_EDGE('',*,*,#3296,.F.);
#4227=ORIENTED_EDGE('',*,*,#3297,.T.);
#4228=ORIENTED_EDGE('',*,*,#3298,.T.);
#4229=ORIENTED_EDGE('',*,*,#3297,.F.);
#4230=ORIENTED_EDGE('',*,*,#3299,.T.);
#4231=ORIENTED_EDGE('',*,*,#3300,.T.);
#4232=ORIENTED_EDGE('',*,*,#3301,.F.);
#4233=ORIENTED_EDGE('',*,*,#3300,.F.);
#4234=ORIENTED_EDGE('',*,*,#3302,.F.);
#4235=ORIENTED_EDGE('',*,*,#3303,.F.);
#4236=ORIENTED_EDGE('',*,*,#3304,.F.);
#4237=ORIENTED_EDGE('',*,*,#3305,.F.);
#4238=ORIENTED_EDGE('',*,*,#3306,.T.);
#4239=ORIENTED_EDGE('',*,*,#3307,.F.);
#4240=ORIENTED_EDGE('',*,*,#3308,.F.);
#4241=ORIENTED_EDGE('',*,*,#3309,.F.);
#4242=ORIENTED_EDGE('',*,*,#3310,.T.);
#4243=ORIENTED_EDGE('',*,*,#3311,.T.);
#4244=ORIENTED_EDGE('',*,*,#3312,.T.);
#4245=ORIENTED_EDGE('',*,*,#3313,.T.);
#4246=ORIENTED_EDGE('',*,*,#3314,.T.);
#4247=ORIENTED_EDGE('',*,*,#3315,.F.);
#4248=ORIENTED_EDGE('',*,*,#3316,.F.);
#4249=ORIENTED_EDGE('',*,*,#3317,.F.);
#4250=ORIENTED_EDGE('',*,*,#3318,.F.);
#4251=ORIENTED_EDGE('',*,*,#3319,.F.);
#4252=ORIENTED_EDGE('',*,*,#3320,.F.);
#4253=ORIENTED_EDGE('',*,*,#3321,.F.);
#4254=ORIENTED_EDGE('',*,*,#3322,.T.);
#4255=ORIENTED_EDGE('',*,*,#3323,.T.);
#4256=ORIENTED_EDGE('',*,*,#3324,.T.);
#4257=ORIENTED_EDGE('',*,*,#3325,.T.);
#4258=ORIENTED_EDGE('',*,*,#3326,.T.);
#4259=ORIENTED_EDGE('',*,*,#3327,.F.);
#4260=ORIENTED_EDGE('',*,*,#3328,.F.);
#4261=ORIENTED_EDGE('',*,*,#3329,.F.);
#4262=ORIENTED_EDGE('',*,*,#3330,.F.);
#4263=ORIENTED_EDGE('',*,*,#3331,.F.);
#4264=ORIENTED_EDGE('',*,*,#3332,.F.);
#4265=ORIENTED_EDGE('',*,*,#3312,.F.);
#4266=ORIENTED_EDGE('',*,*,#3333,.T.);
#4267=ORIENTED_EDGE('',*,*,#3330,.T.);
#4268=ORIENTED_EDGE('',*,*,#3334,.F.);
#4269=ORIENTED_EDGE('',*,*,#3310,.F.);
#4270=ORIENTED_EDGE('',*,*,#3335,.F.);
#4271=ORIENTED_EDGE('',*,*,#3320,.T.);
#4272=ORIENTED_EDGE('',*,*,#3311,.F.);
#4273=ORIENTED_EDGE('',*,*,#3334,.T.);
#4274=ORIENTED_EDGE('',*,*,#3331,.T.);
#4275=ORIENTED_EDGE('',*,*,#3333,.F.);
#4276=ORIENTED_EDGE('',*,*,#3313,.F.);
#4277=ORIENTED_EDGE('',*,*,#3332,.T.);
#4278=ORIENTED_EDGE('',*,*,#3329,.T.);
#4279=ORIENTED_EDGE('',*,*,#3336,.F.);
#4280=ORIENTED_EDGE('',*,*,#3335,.T.);
#4281=ORIENTED_EDGE('',*,*,#3337,.T.);
#4282=ORIENTED_EDGE('',*,*,#3338,.F.);
#4283=ORIENTED_EDGE('',*,*,#3339,.T.);
#4284=ORIENTED_EDGE('',*,*,#3340,.F.);
#4285=ORIENTED_EDGE('',*,*,#3341,.F.);
#4286=ORIENTED_EDGE('',*,*,#3338,.T.);
#4287=ORIENTED_EDGE('',*,*,#3342,.T.);
#4288=ORIENTED_EDGE('',*,*,#3314,.F.);
#4289=ORIENTED_EDGE('',*,*,#3336,.T.);
#4290=ORIENTED_EDGE('',*,*,#3328,.T.);
#4291=ORIENTED_EDGE('',*,*,#3343,.F.);
#4292=ORIENTED_EDGE('',*,*,#3344,.F.);
#4293=ORIENTED_EDGE('',*,*,#3340,.T.);
#4294=ORIENTED_EDGE('',*,*,#3345,.F.);
#4295=ORIENTED_EDGE('',*,*,#3343,.T.);
#4296=ORIENTED_EDGE('',*,*,#3346,.T.);
#4297=ORIENTED_EDGE('',*,*,#3315,.T.);
#4298=ORIENTED_EDGE('',*,*,#3345,.T.);
#4299=ORIENTED_EDGE('',*,*,#3347,.F.);
#4300=ORIENTED_EDGE('',*,*,#3337,.F.);
#4301=ORIENTED_EDGE('',*,*,#3309,.T.);
#4302=ORIENTED_EDGE('',*,*,#3348,.F.);
#4303=ORIENTED_EDGE('',*,*,#3349,.F.);
#4304=ORIENTED_EDGE('',*,*,#3349,.T.);
#4305=ORIENTED_EDGE('',*,*,#3350,.T.);
#4306=ORIENTED_EDGE('',*,*,#3347,.T.);
#4307=ORIENTED_EDGE('',*,*,#3342,.F.);
#4308=ORIENTED_EDGE('',*,*,#3351,.F.);
#4309=ORIENTED_EDGE('',*,*,#3352,.F.);
#4310=ORIENTED_EDGE('',*,*,#3353,.F.);
#4311=ORIENTED_EDGE('',*,*,#3354,.F.);
#4312=ORIENTED_EDGE('',*,*,#3355,.T.);
#4313=ORIENTED_EDGE('',*,*,#3354,.T.);
#4314=ORIENTED_EDGE('',*,*,#3356,.T.);
#4315=ORIENTED_EDGE('',*,*,#3357,.T.);
#4316=ORIENTED_EDGE('',*,*,#3358,.F.);
#4317=ORIENTED_EDGE('',*,*,#3357,.F.);
#4318=ORIENTED_EDGE('',*,*,#3359,.F.);
#4319=ORIENTED_EDGE('',*,*,#3360,.F.);
#4320=ORIENTED_EDGE('',*,*,#3361,.T.);
#4321=ORIENTED_EDGE('',*,*,#3362,.T.);
#4322=ORIENTED_EDGE('',*,*,#3363,.F.);
#4323=ORIENTED_EDGE('',*,*,#3360,.T.);
#4324=ORIENTED_EDGE('',*,*,#3364,.F.);
#4325=ORIENTED_EDGE('',*,*,#3362,.F.);
#4326=ORIENTED_EDGE('',*,*,#3365,.F.);
#4327=ORIENTED_EDGE('',*,*,#3366,.F.);
#4328=ORIENTED_EDGE('',*,*,#3367,.F.);
#4329=ORIENTED_EDGE('',*,*,#3368,.T.);
#4330=ORIENTED_EDGE('',*,*,#3369,.F.);
#4331=ORIENTED_EDGE('',*,*,#3370,.F.);
#4332=ORIENTED_EDGE('',*,*,#3371,.F.);
#4333=ORIENTED_EDGE('',*,*,#3366,.T.);
#4334=ORIENTED_EDGE('',*,*,#3372,.F.);
#4335=ORIENTED_EDGE('',*,*,#3368,.F.);
#4336=ORIENTED_EDGE('',*,*,#3373,.F.);
#4337=ORIENTED_EDGE('',*,*,#3374,.F.);
#4338=ORIENTED_EDGE('',*,*,#3375,.F.);
#4339=ORIENTED_EDGE('',*,*,#3374,.T.);
#4340=ORIENTED_EDGE('',*,*,#3376,.F.);
#4341=ORIENTED_EDGE('',*,*,#3305,.T.);
#4342=ORIENTED_EDGE('',*,*,#3376,.T.);
#4343=ORIENTED_EDGE('',*,*,#3373,.T.);
#4344=ORIENTED_EDGE('',*,*,#3367,.T.);
#4345=ORIENTED_EDGE('',*,*,#3365,.T.);
#4346=ORIENTED_EDGE('',*,*,#3361,.F.);
#4347=ORIENTED_EDGE('',*,*,#3359,.T.);
#4348=ORIENTED_EDGE('',*,*,#3356,.F.);
#4349=ORIENTED_EDGE('',*,*,#3353,.T.);
#4350=ORIENTED_EDGE('',*,*,#3377,.F.);
#4351=ORIENTED_EDGE('',*,*,#3350,.F.);
#4352=ORIENTED_EDGE('',*,*,#3378,.T.);
#4353=ORIENTED_EDGE('',*,*,#3379,.T.);
#4354=ORIENTED_EDGE('',*,*,#3306,.F.);
#4355=ORIENTED_EDGE('',*,*,#3292,.F.);
#4356=ORIENTED_EDGE('',*,*,#3295,.F.);
#4357=ORIENTED_EDGE('',*,*,#3380,.T.);
#4358=ORIENTED_EDGE('',*,*,#3381,.T.);
#4359=ORIENTED_EDGE('',*,*,#3378,.F.);
#4360=ORIENTED_EDGE('',*,*,#3348,.T.);
#4361=ORIENTED_EDGE('',*,*,#3382,.F.);
#4362=ORIENTED_EDGE('',*,*,#3302,.T.);
#4363=ORIENTED_EDGE('',*,*,#3383,.F.);
#4364=ORIENTED_EDGE('',*,*,#3380,.F.);
#4365=ORIENTED_EDGE('',*,*,#3308,.T.);
#4366=ORIENTED_EDGE('',*,*,#3382,.T.);
#4367=ORIENTED_EDGE('',*,*,#3319,.T.);
#4368=ORIENTED_EDGE('',*,*,#3384,.F.);
#4369=ORIENTED_EDGE('',*,*,#3303,.T.);
#4370=ORIENTED_EDGE('',*,*,#3385,.F.);
#4371=ORIENTED_EDGE('',*,*,#3369,.T.);
#4372=ORIENTED_EDGE('',*,*,#3372,.T.);
#4373=ORIENTED_EDGE('',*,*,#3375,.T.);
#4374=ORIENTED_EDGE('',*,*,#3304,.T.);
#4375=ORIENTED_EDGE('',*,*,#3384,.T.);
#4376=ORIENTED_EDGE('',*,*,#3318,.T.);
#4377=ORIENTED_EDGE('',*,*,#3290,.F.);
#4378=ORIENTED_EDGE('',*,*,#3370,.T.);
#4379=ORIENTED_EDGE('',*,*,#3385,.T.);
#4380=ORIENTED_EDGE('',*,*,#3317,.T.);
#4381=ORIENTED_EDGE('',*,*,#3386,.F.);
#4382=ORIENTED_EDGE('',*,*,#3386,.T.);
#4383=ORIENTED_EDGE('',*,*,#3316,.T.);
#4384=ORIENTED_EDGE('',*,*,#3387,.F.);
#4385=ORIENTED_EDGE('',*,*,#3351,.T.);
#4386=ORIENTED_EDGE('',*,*,#3355,.F.);
#4387=ORIENTED_EDGE('',*,*,#3358,.T.);
#4388=ORIENTED_EDGE('',*,*,#3363,.T.);
#4389=ORIENTED_EDGE('',*,*,#3364,.T.);
#4390=ORIENTED_EDGE('',*,*,#3371,.T.);
#4391=ORIENTED_EDGE('',*,*,#3293,.F.);
#4392=ORIENTED_EDGE('',*,*,#3346,.F.);
#4393=ORIENTED_EDGE('',*,*,#3377,.T.);
#4394=ORIENTED_EDGE('',*,*,#3352,.T.);
#4395=ORIENTED_EDGE('',*,*,#3387,.T.);
#4396=ORIENTED_EDGE('',*,*,#3344,.T.);
#4397=ORIENTED_EDGE('',*,*,#3327,.T.);
#4398=ORIENTED_EDGE('',*,*,#3388,.T.);
#4399=ORIENTED_EDGE('',*,*,#3389,.F.);
#4400=ORIENTED_EDGE('',*,*,#3390,.F.);
#4401=ORIENTED_EDGE('',*,*,#3321,.T.);
#4402=ORIENTED_EDGE('',*,*,#3339,.F.);
#4403=ORIENTED_EDGE('',*,*,#3391,.F.);
#4404=ORIENTED_EDGE('',*,*,#3391,.T.);
#4405=ORIENTED_EDGE('',*,*,#3341,.T.);
#4406=ORIENTED_EDGE('',*,*,#3389,.T.);
#4407=ORIENTED_EDGE('',*,*,#3392,.F.);
#4408=ORIENTED_EDGE('',*,*,#3393,.F.);
#4409=ORIENTED_EDGE('',*,*,#3394,.T.);
#4410=ORIENTED_EDGE('',*,*,#3395,.T.);
#4411=ORIENTED_EDGE('',*,*,#3396,.F.);
#4412=ORIENTED_EDGE('',*,*,#3397,.F.);
#4413=ORIENTED_EDGE('',*,*,#3398,.T.);
#4414=ORIENTED_EDGE('',*,*,#3394,.F.);
#4415=ORIENTED_EDGE('',*,*,#3399,.T.);
#4416=ORIENTED_EDGE('',*,*,#3400,.F.);
#4417=ORIENTED_EDGE('',*,*,#3396,.T.);
#4418=ORIENTED_EDGE('',*,*,#3401,.T.);
#4419=ORIENTED_EDGE('',*,*,#3402,.T.);
#4420=ORIENTED_EDGE('',*,*,#3395,.F.);
#4421=ORIENTED_EDGE('',*,*,#3398,.F.);
#4422=ORIENTED_EDGE('',*,*,#3403,.F.);
#4423=ORIENTED_EDGE('',*,*,#3401,.F.);
#4424=ORIENTED_EDGE('',*,*,#3301,.T.);
#4425=ORIENTED_EDGE('',*,*,#3399,.F.);
#4426=ORIENTED_EDGE('',*,*,#3393,.T.);
#4427=ORIENTED_EDGE('',*,*,#3400,.T.);
#4428=ORIENTED_EDGE('',*,*,#3404,.T.);
#4429=ORIENTED_EDGE('',*,*,#3299,.F.);
#4430=ORIENTED_EDGE('',*,*,#3405,.T.);
#4431=ORIENTED_EDGE('',*,*,#3406,.T.);
#4432=ORIENTED_EDGE('',*,*,#3397,.T.);
#4433=ORIENTED_EDGE('',*,*,#3407,.F.);
#4434=ORIENTED_EDGE('',*,*,#3402,.F.);
#4435=ORIENTED_EDGE('',*,*,#3408,.T.);
#4436=ORIENTED_EDGE('',*,*,#3409,.F.);
#4437=ORIENTED_EDGE('',*,*,#3410,.F.);
#4438=ORIENTED_EDGE('',*,*,#3406,.F.);
#4439=ORIENTED_EDGE('',*,*,#3411,.F.);
#4440=ORIENTED_EDGE('',*,*,#3408,.F.);
#4441=ORIENTED_EDGE('',*,*,#3403,.T.);
#4442=ORIENTED_EDGE('',*,*,#3412,.F.);
#4443=ORIENTED_EDGE('',*,*,#3413,.F.);
#4444=ORIENTED_EDGE('',*,*,#3414,.F.);
#4445=ORIENTED_EDGE('',*,*,#3415,.F.);
#4446=ORIENTED_EDGE('',*,*,#3416,.F.);
#4447=ORIENTED_EDGE('',*,*,#3415,.T.);
#4448=ORIENTED_EDGE('',*,*,#3417,.T.);
#4449=ORIENTED_EDGE('',*,*,#3418,.T.);
#4450=ORIENTED_EDGE('',*,*,#3419,.F.);
#4451=ORIENTED_EDGE('',*,*,#3418,.F.);
#4452=ORIENTED_EDGE('',*,*,#3420,.F.);
#4453=ORIENTED_EDGE('',*,*,#3421,.F.);
#4454=ORIENTED_EDGE('',*,*,#3422,.T.);
#4455=ORIENTED_EDGE('',*,*,#3423,.T.);
#4456=ORIENTED_EDGE('',*,*,#3424,.T.);
#4457=ORIENTED_EDGE('',*,*,#3421,.T.);
#4458=ORIENTED_EDGE('',*,*,#3425,.F.);
#4459=ORIENTED_EDGE('',*,*,#3423,.F.);
#4460=ORIENTED_EDGE('',*,*,#3426,.F.);
#4461=ORIENTED_EDGE('',*,*,#3427,.F.);
#4462=ORIENTED_EDGE('',*,*,#3407,.T.);
#4463=ORIENTED_EDGE('',*,*,#3404,.F.);
#4464=ORIENTED_EDGE('',*,*,#3410,.T.);
#4465=ORIENTED_EDGE('',*,*,#3428,.T.);
#4466=ORIENTED_EDGE('',*,*,#3429,.F.);
#4467=ORIENTED_EDGE('',*,*,#3405,.F.);
#4468=ORIENTED_EDGE('',*,*,#3430,.T.);
#4469=ORIENTED_EDGE('',*,*,#3431,.F.);
#4470=ORIENTED_EDGE('',*,*,#3432,.F.);
#4471=ORIENTED_EDGE('',*,*,#3433,.F.);
#4472=ORIENTED_EDGE('',*,*,#3434,.F.);
#4473=ORIENTED_EDGE('',*,*,#3435,.T.);
#4474=ORIENTED_EDGE('',*,*,#3436,.F.);
#4475=ORIENTED_EDGE('',*,*,#3431,.T.);
#4476=ORIENTED_EDGE('',*,*,#3437,.F.);
#4477=ORIENTED_EDGE('',*,*,#3435,.F.);
#4478=ORIENTED_EDGE('',*,*,#3438,.F.);
#4479=ORIENTED_EDGE('',*,*,#3439,.F.);
#4480=ORIENTED_EDGE('',*,*,#3440,.F.);
#4481=ORIENTED_EDGE('',*,*,#3439,.T.);
#4482=ORIENTED_EDGE('',*,*,#3441,.F.);
#4483=ORIENTED_EDGE('',*,*,#3413,.T.);
#4484=ORIENTED_EDGE('',*,*,#3442,.F.);
#4485=ORIENTED_EDGE('',*,*,#3443,.F.);
#4486=ORIENTED_EDGE('',*,*,#3441,.T.);
#4487=ORIENTED_EDGE('',*,*,#3438,.T.);
#4488=ORIENTED_EDGE('',*,*,#3434,.T.);
#4489=ORIENTED_EDGE('',*,*,#3430,.F.);
#4490=ORIENTED_EDGE('',*,*,#3428,.F.);
#4491=ORIENTED_EDGE('',*,*,#3444,.T.);
#4492=ORIENTED_EDGE('',*,*,#3392,.T.);
#4493=ORIENTED_EDGE('',*,*,#3445,.F.);
#4494=ORIENTED_EDGE('',*,*,#3426,.T.);
#4495=ORIENTED_EDGE('',*,*,#3422,.F.);
#4496=ORIENTED_EDGE('',*,*,#3420,.T.);
#4497=ORIENTED_EDGE('',*,*,#3417,.F.);
#4498=ORIENTED_EDGE('',*,*,#3414,.T.);
#4499=ORIENTED_EDGE('',*,*,#3286,.T.);
#4500=ORIENTED_EDGE('',*,*,#3289,.T.);
#4501=ORIENTED_EDGE('',*,*,#3388,.F.);
#4502=ORIENTED_EDGE('',*,*,#3446,.T.);
#4503=ORIENTED_EDGE('',*,*,#3427,.T.);
#4504=ORIENTED_EDGE('',*,*,#3445,.T.);
#4505=ORIENTED_EDGE('',*,*,#3447,.T.);
#4506=ORIENTED_EDGE('',*,*,#3442,.T.);
#4507=ORIENTED_EDGE('',*,*,#3412,.T.);
#4508=ORIENTED_EDGE('',*,*,#3416,.T.);
#4509=ORIENTED_EDGE('',*,*,#3419,.T.);
#4510=ORIENTED_EDGE('',*,*,#3424,.F.);
#4511=ORIENTED_EDGE('',*,*,#3425,.T.);
#4512=ORIENTED_EDGE('',*,*,#3446,.F.);
#4513=ORIENTED_EDGE('',*,*,#3326,.F.);
#4514=ORIENTED_EDGE('',*,*,#3284,.T.);
#4515=ORIENTED_EDGE('',*,*,#3325,.F.);
#4516=ORIENTED_EDGE('',*,*,#3448,.T.);
#4517=ORIENTED_EDGE('',*,*,#3443,.T.);
#4518=ORIENTED_EDGE('',*,*,#3447,.F.);
#4519=ORIENTED_EDGE('',*,*,#3448,.F.);
#4520=ORIENTED_EDGE('',*,*,#3324,.F.);
#4521=ORIENTED_EDGE('',*,*,#3449,.T.);
#4522=ORIENTED_EDGE('',*,*,#3450,.T.);
#4523=ORIENTED_EDGE('',*,*,#3432,.T.);
#4524=ORIENTED_EDGE('',*,*,#3436,.T.);
#4525=ORIENTED_EDGE('',*,*,#3437,.T.);
#4526=ORIENTED_EDGE('',*,*,#3440,.T.);
#4527=ORIENTED_EDGE('',*,*,#3287,.T.);
#4528=ORIENTED_EDGE('',*,*,#3451,.T.);
#4529=ORIENTED_EDGE('',*,*,#3452,.T.);
#4530=ORIENTED_EDGE('',*,*,#3433,.T.);
#4531=ORIENTED_EDGE('',*,*,#3450,.F.);
#4532=ORIENTED_EDGE('',*,*,#3449,.F.);
#4533=ORIENTED_EDGE('',*,*,#3323,.F.);
#4534=ORIENTED_EDGE('',*,*,#3452,.F.);
#4535=ORIENTED_EDGE('',*,*,#3451,.F.);
#4536=ORIENTED_EDGE('',*,*,#3322,.F.);
#4537=ORIENTED_EDGE('',*,*,#3453,.F.);
#4538=ORIENTED_EDGE('',*,*,#3411,.T.);
#4539=ORIENTED_EDGE('',*,*,#3429,.T.);
#4540=ORIENTED_EDGE('',*,*,#3453,.T.);
#4541=ORIENTED_EDGE('',*,*,#3390,.T.);
#4542=ORIENTED_EDGE('',*,*,#3444,.F.);
#4543=ORIENTED_EDGE('',*,*,#3409,.T.);
#4544=ORIENTED_EDGE('',*,*,#3381,.F.);
#4545=ORIENTED_EDGE('',*,*,#3454,.T.);
#4546=ORIENTED_EDGE('',*,*,#3455,.F.);
#4547=ORIENTED_EDGE('',*,*,#3456,.F.);
#4548=ORIENTED_EDGE('',*,*,#3457,.T.);
#4549=ORIENTED_EDGE('',*,*,#3458,.T.);
#4550=ORIENTED_EDGE('',*,*,#3307,.T.);
#4551=ORIENTED_EDGE('',*,*,#3459,.F.);
#4552=ORIENTED_EDGE('',*,*,#3459,.T.);
#4553=ORIENTED_EDGE('',*,*,#3379,.F.);
#4554=ORIENTED_EDGE('',*,*,#3456,.T.);
#4555=ORIENTED_EDGE('',*,*,#3460,.T.);
#4556=ORIENTED_EDGE('',*,*,#3458,.F.);
#4557=ORIENTED_EDGE('',*,*,#3461,.F.);
#4558=ORIENTED_EDGE('',*,*,#3454,.F.);
#4559=ORIENTED_EDGE('',*,*,#3383,.T.);
#4560=ORIENTED_EDGE('',*,*,#3462,.T.);
#4561=ORIENTED_EDGE('',*,*,#3463,.T.);
#4562=ORIENTED_EDGE('',*,*,#3464,.F.);
#4563=ORIENTED_EDGE('',*,*,#3465,.F.);
#4564=ORIENTED_EDGE('',*,*,#3464,.T.);
#4565=ORIENTED_EDGE('',*,*,#3466,.F.);
#4566=ORIENTED_EDGE('',*,*,#3460,.F.);
#4567=ORIENTED_EDGE('',*,*,#3467,.T.);
#4568=ORIENTED_EDGE('',*,*,#3298,.F.);
#4569=ORIENTED_EDGE('',*,*,#3468,.T.);
#4570=ORIENTED_EDGE('',*,*,#3465,.T.);
#4571=ORIENTED_EDGE('',*,*,#3467,.F.);
#4572=ORIENTED_EDGE('',*,*,#3455,.T.);
#4573=ORIENTED_EDGE('',*,*,#3469,.F.);
#4574=ORIENTED_EDGE('',*,*,#3462,.F.);
#4575=ORIENTED_EDGE('',*,*,#3468,.F.);
#4576=ORIENTED_EDGE('',*,*,#3461,.T.);
#4577=ORIENTED_EDGE('',*,*,#3296,.T.);
#4578=ORIENTED_EDGE('',*,*,#3457,.F.);
#4579=ORIENTED_EDGE('',*,*,#3466,.T.);
#4580=ORIENTED_EDGE('',*,*,#3463,.F.);
#4581=ORIENTED_EDGE('',*,*,#3469,.T.);
#4582=ORIENTED_EDGE('',*,*,#3470,.T.);
#4583=ORIENTED_EDGE('',*,*,#3471,.T.);
#4584=ORIENTED_EDGE('',*,*,#3472,.F.);
#4585=ORIENTED_EDGE('',*,*,#3471,.F.);
#4586=ORIENTED_EDGE('',*,*,#3473,.F.);
#4587=ORIENTED_EDGE('',*,*,#3474,.T.);
#4588=ORIENTED_EDGE('',*,*,#3475,.T.);
#4589=ORIENTED_EDGE('',*,*,#3474,.F.);
#4590=ORIENTED_EDGE('',*,*,#3476,.F.);
#4591=ORIENTED_EDGE('',*,*,#3477,.T.);
#4592=ORIENTED_EDGE('',*,*,#3478,.T.);
#4593=ORIENTED_EDGE('',*,*,#3479,.F.);
#4594=ORIENTED_EDGE('',*,*,#3478,.F.);
#4595=ORIENTED_EDGE('',*,*,#3480,.T.);
#4596=ORIENTED_EDGE('',*,*,#3481,.T.);
#4597=ORIENTED_EDGE('',*,*,#3482,.F.);
#4598=ORIENTED_EDGE('',*,*,#3481,.F.);
#4599=ORIENTED_EDGE('',*,*,#3483,.T.);
#4600=ORIENTED_EDGE('',*,*,#3484,.T.);
#4601=ORIENTED_EDGE('',*,*,#3485,.F.);
#4602=ORIENTED_EDGE('',*,*,#3484,.F.);
#4603=ORIENTED_EDGE('',*,*,#3486,.T.);
#4604=ORIENTED_EDGE('',*,*,#3487,.T.);
#4605=ORIENTED_EDGE('',*,*,#3488,.F.);
#4606=ORIENTED_EDGE('',*,*,#3487,.F.);
#4607=ORIENTED_EDGE('',*,*,#3489,.F.);
#4608=ORIENTED_EDGE('',*,*,#3490,.T.);
#4609=ORIENTED_EDGE('',*,*,#3491,.T.);
#4610=ORIENTED_EDGE('',*,*,#3490,.F.);
#4611=ORIENTED_EDGE('',*,*,#3492,.T.);
#4612=ORIENTED_EDGE('',*,*,#3493,.T.);
#4613=ORIENTED_EDGE('',*,*,#3494,.F.);
#4614=ORIENTED_EDGE('',*,*,#3495,.T.);
#4615=ORIENTED_EDGE('',*,*,#3496,.T.);
#4616=ORIENTED_EDGE('',*,*,#3497,.T.);
#4617=ORIENTED_EDGE('',*,*,#3498,.T.);
#4618=ORIENTED_EDGE('',*,*,#3499,.T.);
#4619=ORIENTED_EDGE('',*,*,#3493,.F.);
#4620=ORIENTED_EDGE('',*,*,#3500,.F.);
#4621=ORIENTED_EDGE('',*,*,#3501,.F.);
#4622=ORIENTED_EDGE('',*,*,#3502,.F.);
#4623=ORIENTED_EDGE('',*,*,#3503,.F.);
#4624=ORIENTED_EDGE('',*,*,#3504,.F.);
#4625=ORIENTED_EDGE('',*,*,#3505,.T.);
#4626=ORIENTED_EDGE('',*,*,#3505,.F.);
#4627=ORIENTED_EDGE('',*,*,#3506,.T.);
#4628=ORIENTED_EDGE('',*,*,#3507,.T.);
#4629=ORIENTED_EDGE('',*,*,#3508,.F.);
#4630=ORIENTED_EDGE('',*,*,#3507,.F.);
#4631=ORIENTED_EDGE('',*,*,#3509,.F.);
#4632=ORIENTED_EDGE('',*,*,#3510,.T.);
#4633=ORIENTED_EDGE('',*,*,#3511,.T.);
#4634=ORIENTED_EDGE('',*,*,#3510,.F.);
#4635=ORIENTED_EDGE('',*,*,#3512,.T.);
#4636=ORIENTED_EDGE('',*,*,#3513,.T.);
#4637=ORIENTED_EDGE('',*,*,#3514,.F.);
#4638=ORIENTED_EDGE('',*,*,#3513,.F.);
#4639=ORIENTED_EDGE('',*,*,#3515,.T.);
#4640=ORIENTED_EDGE('',*,*,#3516,.T.);
#4641=ORIENTED_EDGE('',*,*,#3517,.F.);
#4642=ORIENTED_EDGE('',*,*,#3516,.F.);
#4643=ORIENTED_EDGE('',*,*,#3518,.T.);
#4644=ORIENTED_EDGE('',*,*,#3519,.T.);
#4645=ORIENTED_EDGE('',*,*,#3520,.F.);
#4646=ORIENTED_EDGE('',*,*,#3519,.F.);
#4647=ORIENTED_EDGE('',*,*,#3521,.T.);
#4648=ORIENTED_EDGE('',*,*,#3522,.T.);
#4649=ORIENTED_EDGE('',*,*,#3523,.F.);
#4650=ORIENTED_EDGE('',*,*,#3522,.F.);
#4651=ORIENTED_EDGE('',*,*,#3524,.T.);
#4652=ORIENTED_EDGE('',*,*,#3525,.T.);
#4653=ORIENTED_EDGE('',*,*,#3526,.F.);
#4654=ORIENTED_EDGE('',*,*,#3525,.F.);
#4655=ORIENTED_EDGE('',*,*,#3527,.T.);
#4656=ORIENTED_EDGE('',*,*,#3528,.T.);
#4657=ORIENTED_EDGE('',*,*,#3529,.F.);
#4658=ORIENTED_EDGE('',*,*,#3528,.F.);
#4659=ORIENTED_EDGE('',*,*,#3530,.T.);
#4660=ORIENTED_EDGE('',*,*,#3531,.T.);
#4661=ORIENTED_EDGE('',*,*,#3532,.F.);
#4662=ORIENTED_EDGE('',*,*,#3531,.F.);
#4663=ORIENTED_EDGE('',*,*,#3533,.T.);
#4664=ORIENTED_EDGE('',*,*,#3534,.T.);
#4665=ORIENTED_EDGE('',*,*,#3535,.F.);
#4666=ORIENTED_EDGE('',*,*,#3536,.F.);
#4667=ORIENTED_EDGE('',*,*,#3537,.T.);
#4668=ORIENTED_EDGE('',*,*,#3538,.F.);
#4669=ORIENTED_EDGE('',*,*,#3539,.T.);
#4670=ORIENTED_EDGE('',*,*,#3540,.F.);
#4671=ORIENTED_EDGE('',*,*,#3534,.F.);
#4672=ORIENTED_EDGE('',*,*,#3541,.T.);
#4673=ORIENTED_EDGE('',*,*,#3542,.F.);
#4674=ORIENTED_EDGE('',*,*,#3543,.T.);
#4675=ORIENTED_EDGE('',*,*,#3544,.F.);
#4676=ORIENTED_EDGE('',*,*,#3545,.T.);
#4677=ORIENTED_EDGE('',*,*,#3546,.T.);
#4678=ORIENTED_EDGE('',*,*,#3546,.F.);
#4679=ORIENTED_EDGE('',*,*,#3547,.T.);
#4680=ORIENTED_EDGE('',*,*,#3548,.T.);
#4681=ORIENTED_EDGE('',*,*,#3549,.F.);
#4682=ORIENTED_EDGE('',*,*,#3548,.F.);
#4683=ORIENTED_EDGE('',*,*,#3550,.T.);
#4684=ORIENTED_EDGE('',*,*,#3551,.T.);
#4685=ORIENTED_EDGE('',*,*,#3552,.F.);
#4686=ORIENTED_EDGE('',*,*,#3551,.F.);
#4687=ORIENTED_EDGE('',*,*,#3553,.T.);
#4688=ORIENTED_EDGE('',*,*,#3554,.T.);
#4689=ORIENTED_EDGE('',*,*,#3555,.F.);
#4690=ORIENTED_EDGE('',*,*,#3556,.T.);
#4691=ORIENTED_EDGE('',*,*,#3476,.T.);
#4692=ORIENTED_EDGE('',*,*,#3557,.F.);
#4693=ORIENTED_EDGE('',*,*,#3554,.F.);
#4694=ORIENTED_EDGE('',*,*,#3555,.T.);
#4695=ORIENTED_EDGE('',*,*,#3557,.T.);
#4696=ORIENTED_EDGE('',*,*,#3479,.T.);
#4697=ORIENTED_EDGE('',*,*,#3482,.T.);
#4698=ORIENTED_EDGE('',*,*,#3485,.T.);
#4699=ORIENTED_EDGE('',*,*,#3488,.T.);
#4700=ORIENTED_EDGE('',*,*,#3491,.F.);
#4701=ORIENTED_EDGE('',*,*,#3494,.T.);
#4702=ORIENTED_EDGE('',*,*,#3499,.F.);
#4703=ORIENTED_EDGE('',*,*,#3558,.F.);
#4704=ORIENTED_EDGE('',*,*,#3536,.T.);
#4705=ORIENTED_EDGE('',*,*,#3549,.T.);
#4706=ORIENTED_EDGE('',*,*,#3552,.T.);
#4707=ORIENTED_EDGE('',*,*,#3473,.T.);
#4708=ORIENTED_EDGE('',*,*,#3537,.F.);
#4709=ORIENTED_EDGE('',*,*,#3558,.T.);
#4710=ORIENTED_EDGE('',*,*,#3498,.F.);
#4711=ORIENTED_EDGE('',*,*,#3559,.F.);
#4712=ORIENTED_EDGE('',*,*,#3560,.F.);
#4713=ORIENTED_EDGE('',*,*,#3538,.T.);
#4714=ORIENTED_EDGE('',*,*,#3559,.T.);
#4715=ORIENTED_EDGE('',*,*,#3497,.F.);
#4716=ORIENTED_EDGE('',*,*,#3539,.F.);
#4717=ORIENTED_EDGE('',*,*,#3560,.T.);
#4718=ORIENTED_EDGE('',*,*,#3496,.F.);
#4719=ORIENTED_EDGE('',*,*,#3561,.F.);
#4720=ORIENTED_EDGE('',*,*,#3535,.T.);
#4721=ORIENTED_EDGE('',*,*,#3540,.T.);
#4722=ORIENTED_EDGE('',*,*,#3561,.T.);
#4723=ORIENTED_EDGE('',*,*,#3495,.F.);
#4724=ORIENTED_EDGE('',*,*,#3508,.T.);
#4725=ORIENTED_EDGE('',*,*,#3511,.F.);
#4726=ORIENTED_EDGE('',*,*,#3514,.T.);
#4727=ORIENTED_EDGE('',*,*,#3517,.T.);
#4728=ORIENTED_EDGE('',*,*,#3520,.T.);
#4729=ORIENTED_EDGE('',*,*,#3523,.T.);
#4730=ORIENTED_EDGE('',*,*,#3526,.T.);
#4731=ORIENTED_EDGE('',*,*,#3529,.T.);
#4732=ORIENTED_EDGE('',*,*,#3532,.T.);
#4733=ORIENTED_EDGE('',*,*,#3470,.F.);
#4734=ORIENTED_EDGE('',*,*,#3553,.F.);
#4735=ORIENTED_EDGE('',*,*,#3550,.F.);
#4736=ORIENTED_EDGE('',*,*,#3547,.F.);
#4737=ORIENTED_EDGE('',*,*,#3545,.F.);
#4738=ORIENTED_EDGE('',*,*,#3562,.T.);
#4739=ORIENTED_EDGE('',*,*,#3500,.T.);
#4740=ORIENTED_EDGE('',*,*,#3492,.F.);
#4741=ORIENTED_EDGE('',*,*,#3489,.T.);
#4742=ORIENTED_EDGE('',*,*,#3486,.F.);
#4743=ORIENTED_EDGE('',*,*,#3483,.F.);
#4744=ORIENTED_EDGE('',*,*,#3480,.F.);
#4745=ORIENTED_EDGE('',*,*,#3477,.F.);
#4746=ORIENTED_EDGE('',*,*,#3556,.F.);
#4747=ORIENTED_EDGE('',*,*,#3475,.F.);
#4748=ORIENTED_EDGE('',*,*,#3544,.T.);
#4749=ORIENTED_EDGE('',*,*,#3563,.T.);
#4750=ORIENTED_EDGE('',*,*,#3501,.T.);
#4751=ORIENTED_EDGE('',*,*,#3562,.F.);
#4752=ORIENTED_EDGE('',*,*,#3564,.T.);
#4753=ORIENTED_EDGE('',*,*,#3502,.T.);
#4754=ORIENTED_EDGE('',*,*,#3563,.F.);
#4755=ORIENTED_EDGE('',*,*,#3543,.F.);
#4756=ORIENTED_EDGE('',*,*,#3542,.T.);
#4757=ORIENTED_EDGE('',*,*,#3565,.T.);
#4758=ORIENTED_EDGE('',*,*,#3503,.T.);
#4759=ORIENTED_EDGE('',*,*,#3564,.F.);
#4760=ORIENTED_EDGE('',*,*,#3533,.F.);
#4761=ORIENTED_EDGE('',*,*,#3530,.F.);
#4762=ORIENTED_EDGE('',*,*,#3527,.F.);
#4763=ORIENTED_EDGE('',*,*,#3524,.F.);
#4764=ORIENTED_EDGE('',*,*,#3521,.F.);
#4765=ORIENTED_EDGE('',*,*,#3518,.F.);
#4766=ORIENTED_EDGE('',*,*,#3515,.F.);
#4767=ORIENTED_EDGE('',*,*,#3512,.F.);
#4768=ORIENTED_EDGE('',*,*,#3509,.T.);
#4769=ORIENTED_EDGE('',*,*,#3506,.F.);
#4770=ORIENTED_EDGE('',*,*,#3504,.T.);
#4771=ORIENTED_EDGE('',*,*,#3565,.F.);
#4772=ORIENTED_EDGE('',*,*,#3541,.F.);
#4773=ORIENTED_EDGE('',*,*,#3472,.T.);
#4774=ORIENTED_EDGE('',*,*,#3566,.F.);
#4775=ORIENTED_EDGE('',*,*,#3567,.T.);
#4776=ORIENTED_EDGE('',*,*,#3568,.T.);
#4777=ORIENTED_EDGE('',*,*,#3567,.F.);
#4778=ORIENTED_EDGE('',*,*,#3569,.F.);
#4779=ORIENTED_EDGE('',*,*,#3570,.T.);
#4780=ORIENTED_EDGE('',*,*,#3571,.T.);
#4781=ORIENTED_EDGE('',*,*,#3570,.F.);
#4782=ORIENTED_EDGE('',*,*,#3572,.T.);
#4783=ORIENTED_EDGE('',*,*,#3573,.F.);
#4784=ORIENTED_EDGE('',*,*,#3574,.F.);
#4785=ORIENTED_EDGE('',*,*,#3575,.T.);
#4786=ORIENTED_EDGE('',*,*,#3576,.T.);
#4787=ORIENTED_EDGE('',*,*,#3577,.T.);
#4788=ORIENTED_EDGE('',*,*,#3578,.T.);
#4789=ORIENTED_EDGE('',*,*,#3579,.T.);
#4790=ORIENTED_EDGE('',*,*,#3580,.T.);
#4791=ORIENTED_EDGE('',*,*,#3581,.T.);
#4792=ORIENTED_EDGE('',*,*,#3582,.T.);
#4793=ORIENTED_EDGE('',*,*,#3583,.T.);
#4794=ORIENTED_EDGE('',*,*,#3584,.T.);
#4795=ORIENTED_EDGE('',*,*,#3585,.F.);
#4796=ORIENTED_EDGE('',*,*,#3586,.F.);
#4797=ORIENTED_EDGE('',*,*,#3587,.F.);
#4798=ORIENTED_EDGE('',*,*,#3588,.F.);
#4799=ORIENTED_EDGE('',*,*,#3589,.F.);
#4800=ORIENTED_EDGE('',*,*,#3590,.F.);
#4801=ORIENTED_EDGE('',*,*,#3591,.F.);
#4802=ORIENTED_EDGE('',*,*,#3592,.F.);
#4803=ORIENTED_EDGE('',*,*,#3593,.F.);
#4804=ORIENTED_EDGE('',*,*,#3594,.F.);
#4805=ORIENTED_EDGE('',*,*,#3573,.T.);
#4806=ORIENTED_EDGE('',*,*,#3595,.T.);
#4807=ORIENTED_EDGE('',*,*,#3596,.T.);
#4808=ORIENTED_EDGE('',*,*,#3575,.F.);
#4809=ORIENTED_EDGE('',*,*,#3597,.F.);
#4810=ORIENTED_EDGE('',*,*,#3598,.F.);
#4811=ORIENTED_EDGE('',*,*,#3599,.T.);
#4812=ORIENTED_EDGE('',*,*,#3599,.F.);
#4813=ORIENTED_EDGE('',*,*,#3600,.T.);
#4814=ORIENTED_EDGE('',*,*,#3601,.T.);
#4815=ORIENTED_EDGE('',*,*,#3602,.F.);
#4816=ORIENTED_EDGE('',*,*,#3601,.F.);
#4817=ORIENTED_EDGE('',*,*,#3603,.F.);
#4818=ORIENTED_EDGE('',*,*,#3604,.T.);
#4819=ORIENTED_EDGE('',*,*,#3605,.T.);
#4820=ORIENTED_EDGE('',*,*,#3604,.F.);
#4821=ORIENTED_EDGE('',*,*,#3606,.F.);
#4822=ORIENTED_EDGE('',*,*,#3607,.T.);
#4823=ORIENTED_EDGE('',*,*,#3608,.T.);
#4824=ORIENTED_EDGE('',*,*,#3607,.F.);
#4825=ORIENTED_EDGE('',*,*,#3609,.F.);
#4826=ORIENTED_EDGE('',*,*,#3610,.T.);
#4827=ORIENTED_EDGE('',*,*,#3611,.T.);
#4828=ORIENTED_EDGE('',*,*,#3610,.F.);
#4829=ORIENTED_EDGE('',*,*,#3612,.F.);
#4830=ORIENTED_EDGE('',*,*,#3613,.T.);
#4831=ORIENTED_EDGE('',*,*,#3614,.T.);
#4832=ORIENTED_EDGE('',*,*,#3615,.T.);
#4833=ORIENTED_EDGE('',*,*,#3616,.T.);
#4834=ORIENTED_EDGE('',*,*,#3617,.T.);
#4835=ORIENTED_EDGE('',*,*,#3618,.T.);
#4836=ORIENTED_EDGE('',*,*,#3619,.T.);
#4837=ORIENTED_EDGE('',*,*,#3613,.F.);
#4838=ORIENTED_EDGE('',*,*,#3620,.F.);
#4839=ORIENTED_EDGE('',*,*,#3621,.F.);
#4840=ORIENTED_EDGE('',*,*,#3622,.F.);
#4841=ORIENTED_EDGE('',*,*,#3623,.F.);
#4842=ORIENTED_EDGE('',*,*,#3624,.F.);
#4843=ORIENTED_EDGE('',*,*,#3625,.T.);
#4844=ORIENTED_EDGE('',*,*,#3625,.F.);
#4845=ORIENTED_EDGE('',*,*,#3626,.F.);
#4846=ORIENTED_EDGE('',*,*,#3627,.T.);
#4847=ORIENTED_EDGE('',*,*,#3628,.T.);
#4848=ORIENTED_EDGE('',*,*,#3627,.F.);
#4849=ORIENTED_EDGE('',*,*,#3629,.F.);
#4850=ORIENTED_EDGE('',*,*,#3630,.T.);
#4851=ORIENTED_EDGE('',*,*,#3631,.T.);
#4852=ORIENTED_EDGE('',*,*,#3630,.F.);
#4853=ORIENTED_EDGE('',*,*,#3632,.F.);
#4854=ORIENTED_EDGE('',*,*,#3633,.T.);
#4855=ORIENTED_EDGE('',*,*,#3634,.T.);
#4856=ORIENTED_EDGE('',*,*,#3633,.F.);
#4857=ORIENTED_EDGE('',*,*,#3635,.F.);
#4858=ORIENTED_EDGE('',*,*,#3636,.T.);
#4859=ORIENTED_EDGE('',*,*,#3637,.T.);
#4860=ORIENTED_EDGE('',*,*,#3636,.F.);
#4861=ORIENTED_EDGE('',*,*,#3638,.T.);
#4862=ORIENTED_EDGE('',*,*,#3639,.T.);
#4863=ORIENTED_EDGE('',*,*,#3640,.F.);
#4864=ORIENTED_EDGE('',*,*,#3641,.T.);
#4865=ORIENTED_EDGE('',*,*,#3642,.T.);
#4866=ORIENTED_EDGE('',*,*,#3639,.F.);
#4867=ORIENTED_EDGE('',*,*,#3643,.F.);
#4868=ORIENTED_EDGE('',*,*,#3644,.F.);
#4869=ORIENTED_EDGE('',*,*,#3645,.T.);
#4870=ORIENTED_EDGE('',*,*,#3646,.F.);
#4871=ORIENTED_EDGE('',*,*,#3585,.T.);
#4872=ORIENTED_EDGE('',*,*,#3647,.T.);
#4873=ORIENTED_EDGE('',*,*,#3645,.F.);
#4874=ORIENTED_EDGE('',*,*,#3641,.F.);
#4875=ORIENTED_EDGE('',*,*,#3647,.F.);
#4876=ORIENTED_EDGE('',*,*,#3584,.F.);
#4877=ORIENTED_EDGE('',*,*,#3648,.T.);
#4878=ORIENTED_EDGE('',*,*,#3569,.T.);
#4879=ORIENTED_EDGE('',*,*,#3642,.F.);
#4880=ORIENTED_EDGE('',*,*,#3648,.F.);
#4881=ORIENTED_EDGE('',*,*,#3583,.F.);
#4882=ORIENTED_EDGE('',*,*,#3649,.T.);
#4883=ORIENTED_EDGE('',*,*,#3615,.F.);
#4884=ORIENTED_EDGE('',*,*,#3628,.F.);
#4885=ORIENTED_EDGE('',*,*,#3631,.F.);
#4886=ORIENTED_EDGE('',*,*,#3634,.F.);
#4887=ORIENTED_EDGE('',*,*,#3637,.F.);
#4888=ORIENTED_EDGE('',*,*,#3640,.T.);
#4889=ORIENTED_EDGE('',*,*,#3649,.F.);
#4890=ORIENTED_EDGE('',*,*,#3582,.F.);
#4891=ORIENTED_EDGE('',*,*,#3650,.T.);
#4892=ORIENTED_EDGE('',*,*,#3616,.F.);
#4893=ORIENTED_EDGE('',*,*,#3650,.F.);
#4894=ORIENTED_EDGE('',*,*,#3581,.F.);
#4895=ORIENTED_EDGE('',*,*,#3651,.T.);
#4896=ORIENTED_EDGE('',*,*,#3617,.F.);
#4897=ORIENTED_EDGE('',*,*,#3651,.F.);
#4898=ORIENTED_EDGE('',*,*,#3580,.F.);
#4899=ORIENTED_EDGE('',*,*,#3652,.T.);
#4900=ORIENTED_EDGE('',*,*,#3618,.F.);
#4901=ORIENTED_EDGE('',*,*,#3652,.F.);
#4902=ORIENTED_EDGE('',*,*,#3579,.F.);
#4903=ORIENTED_EDGE('',*,*,#3653,.T.);
#4904=ORIENTED_EDGE('',*,*,#3605,.F.);
#4905=ORIENTED_EDGE('',*,*,#3608,.F.);
#4906=ORIENTED_EDGE('',*,*,#3611,.F.);
#4907=ORIENTED_EDGE('',*,*,#3614,.F.);
#4908=ORIENTED_EDGE('',*,*,#3619,.F.);
#4909=ORIENTED_EDGE('',*,*,#3653,.F.);
#4910=ORIENTED_EDGE('',*,*,#3578,.F.);
#4911=ORIENTED_EDGE('',*,*,#3654,.T.);
#4912=ORIENTED_EDGE('',*,*,#3602,.T.);
#4913=ORIENTED_EDGE('',*,*,#3595,.F.);
#4914=ORIENTED_EDGE('',*,*,#3654,.F.);
#4915=ORIENTED_EDGE('',*,*,#3577,.F.);
#4916=ORIENTED_EDGE('',*,*,#3655,.T.);
#4917=ORIENTED_EDGE('',*,*,#3572,.F.);
#4918=ORIENTED_EDGE('',*,*,#3596,.F.);
#4919=ORIENTED_EDGE('',*,*,#3655,.F.);
#4920=ORIENTED_EDGE('',*,*,#3576,.F.);
#4921=ORIENTED_EDGE('',*,*,#3566,.T.);
#4922=ORIENTED_EDGE('',*,*,#3644,.T.);
#4923=ORIENTED_EDGE('',*,*,#3656,.F.);
#4924=ORIENTED_EDGE('',*,*,#3586,.T.);
#4925=ORIENTED_EDGE('',*,*,#3646,.T.);
#4926=ORIENTED_EDGE('',*,*,#3571,.F.);
#4927=ORIENTED_EDGE('',*,*,#3643,.T.);
#4928=ORIENTED_EDGE('',*,*,#3657,.F.);
#4929=ORIENTED_EDGE('',*,*,#3587,.T.);
#4930=ORIENTED_EDGE('',*,*,#3656,.T.);
#4931=ORIENTED_EDGE('',*,*,#3624,.T.);
#4932=ORIENTED_EDGE('',*,*,#3658,.F.);
#4933=ORIENTED_EDGE('',*,*,#3588,.T.);
#4934=ORIENTED_EDGE('',*,*,#3657,.T.);
#4935=ORIENTED_EDGE('',*,*,#3638,.F.);
#4936=ORIENTED_EDGE('',*,*,#3635,.T.);
#4937=ORIENTED_EDGE('',*,*,#3632,.T.);
#4938=ORIENTED_EDGE('',*,*,#3629,.T.);
#4939=ORIENTED_EDGE('',*,*,#3626,.T.);
#4940=ORIENTED_EDGE('',*,*,#3623,.T.);
#4941=ORIENTED_EDGE('',*,*,#3659,.F.);
#4942=ORIENTED_EDGE('',*,*,#3589,.T.);
#4943=ORIENTED_EDGE('',*,*,#3658,.T.);
#4944=ORIENTED_EDGE('',*,*,#3622,.T.);
#4945=ORIENTED_EDGE('',*,*,#3660,.F.);
#4946=ORIENTED_EDGE('',*,*,#3590,.T.);
#4947=ORIENTED_EDGE('',*,*,#3659,.T.);
#4948=ORIENTED_EDGE('',*,*,#3621,.T.);
#4949=ORIENTED_EDGE('',*,*,#3661,.F.);
#4950=ORIENTED_EDGE('',*,*,#3591,.T.);
#4951=ORIENTED_EDGE('',*,*,#3660,.T.);
#4952=ORIENTED_EDGE('',*,*,#3603,.T.);
#4953=ORIENTED_EDGE('',*,*,#3600,.F.);
#4954=ORIENTED_EDGE('',*,*,#3662,.F.);
#4955=ORIENTED_EDGE('',*,*,#3592,.T.);
#4956=ORIENTED_EDGE('',*,*,#3661,.T.);
#4957=ORIENTED_EDGE('',*,*,#3620,.T.);
#4958=ORIENTED_EDGE('',*,*,#3612,.T.);
#4959=ORIENTED_EDGE('',*,*,#3609,.T.);
#4960=ORIENTED_EDGE('',*,*,#3606,.T.);
#4961=ORIENTED_EDGE('',*,*,#3598,.T.);
#4962=ORIENTED_EDGE('',*,*,#3663,.F.);
#4963=ORIENTED_EDGE('',*,*,#3593,.T.);
#4964=ORIENTED_EDGE('',*,*,#3662,.T.);
#4965=ORIENTED_EDGE('',*,*,#3574,.T.);
#4966=ORIENTED_EDGE('',*,*,#3594,.T.);
#4967=ORIENTED_EDGE('',*,*,#3663,.T.);
#4968=ORIENTED_EDGE('',*,*,#3597,.T.);
#4969=ORIENTED_EDGE('',*,*,#3568,.F.);
#4970=ORIENTED_EDGE('',*,*,#3664,.F.);
#4971=ORIENTED_EDGE('',*,*,#3665,.T.);
#4972=ORIENTED_EDGE('',*,*,#3666,.T.);
#4973=ORIENTED_EDGE('',*,*,#3667,.F.);
#4974=ORIENTED_EDGE('',*,*,#3666,.F.);
#4975=ORIENTED_EDGE('',*,*,#3668,.T.);
#4976=ORIENTED_EDGE('',*,*,#3669,.T.);
#4977=ORIENTED_EDGE('',*,*,#3670,.F.);
#4978=ORIENTED_EDGE('',*,*,#3669,.F.);
#4979=ORIENTED_EDGE('',*,*,#3671,.T.);
#4980=ORIENTED_EDGE('',*,*,#3672,.T.);
#4981=ORIENTED_EDGE('',*,*,#3673,.F.);
#4982=ORIENTED_EDGE('',*,*,#3674,.F.);
#4983=ORIENTED_EDGE('',*,*,#3675,.F.);
#4984=ORIENTED_EDGE('',*,*,#3676,.F.);
#4985=ORIENTED_EDGE('',*,*,#3677,.F.);
#4986=ORIENTED_EDGE('',*,*,#3678,.F.);
#4987=ORIENTED_EDGE('',*,*,#3672,.F.);
#4988=ORIENTED_EDGE('',*,*,#3679,.T.);
#4989=ORIENTED_EDGE('',*,*,#3680,.T.);
#4990=ORIENTED_EDGE('',*,*,#3681,.T.);
#4991=ORIENTED_EDGE('',*,*,#3682,.T.);
#4992=ORIENTED_EDGE('',*,*,#3683,.T.);
#4993=ORIENTED_EDGE('',*,*,#3684,.T.);
#4994=ORIENTED_EDGE('',*,*,#3684,.F.);
#4995=ORIENTED_EDGE('',*,*,#3685,.T.);
#4996=ORIENTED_EDGE('',*,*,#3686,.T.);
#4997=ORIENTED_EDGE('',*,*,#3687,.F.);
#4998=ORIENTED_EDGE('',*,*,#3686,.F.);
#4999=ORIENTED_EDGE('',*,*,#3688,.T.);
#5000=ORIENTED_EDGE('',*,*,#3689,.T.);
#5001=ORIENTED_EDGE('',*,*,#3690,.F.);
#5002=ORIENTED_EDGE('',*,*,#3689,.F.);
#5003=ORIENTED_EDGE('',*,*,#3691,.T.);
#5004=ORIENTED_EDGE('',*,*,#3692,.T.);
#5005=ORIENTED_EDGE('',*,*,#3693,.F.);
#5006=ORIENTED_EDGE('',*,*,#3692,.F.);
#5007=ORIENTED_EDGE('',*,*,#3694,.T.);
#5008=ORIENTED_EDGE('',*,*,#3695,.T.);
#5009=ORIENTED_EDGE('',*,*,#3696,.F.);
#5010=ORIENTED_EDGE('',*,*,#3695,.F.);
#5011=ORIENTED_EDGE('',*,*,#3697,.T.);
#5012=ORIENTED_EDGE('',*,*,#3698,.T.);
#5013=ORIENTED_EDGE('',*,*,#3699,.F.);
#5014=ORIENTED_EDGE('',*,*,#3698,.F.);
#5015=ORIENTED_EDGE('',*,*,#3700,.F.);
#5016=ORIENTED_EDGE('',*,*,#3701,.T.);
#5017=ORIENTED_EDGE('',*,*,#3702,.T.);
#5018=ORIENTED_EDGE('',*,*,#3701,.F.);
#5019=ORIENTED_EDGE('',*,*,#3703,.F.);
#5020=ORIENTED_EDGE('',*,*,#3704,.T.);
#5021=ORIENTED_EDGE('',*,*,#3705,.T.);
#5022=ORIENTED_EDGE('',*,*,#3704,.F.);
#5023=ORIENTED_EDGE('',*,*,#3706,.F.);
#5024=ORIENTED_EDGE('',*,*,#3707,.T.);
#5025=ORIENTED_EDGE('',*,*,#3708,.T.);
#5026=ORIENTED_EDGE('',*,*,#3707,.F.);
#5027=ORIENTED_EDGE('',*,*,#3709,.F.);
#5028=ORIENTED_EDGE('',*,*,#3710,.T.);
#5029=ORIENTED_EDGE('',*,*,#3711,.T.);
#5030=ORIENTED_EDGE('',*,*,#3712,.T.);
#5031=ORIENTED_EDGE('',*,*,#3713,.F.);
#5032=ORIENTED_EDGE('',*,*,#3714,.T.);
#5033=ORIENTED_EDGE('',*,*,#3715,.F.);
#5034=ORIENTED_EDGE('',*,*,#3716,.T.);
#5035=ORIENTED_EDGE('',*,*,#3710,.F.);
#5036=ORIENTED_EDGE('',*,*,#3717,.F.);
#5037=ORIENTED_EDGE('',*,*,#3718,.T.);
#5038=ORIENTED_EDGE('',*,*,#3719,.F.);
#5039=ORIENTED_EDGE('',*,*,#3720,.T.);
#5040=ORIENTED_EDGE('',*,*,#3721,.F.);
#5041=ORIENTED_EDGE('',*,*,#3722,.T.);
#5042=ORIENTED_EDGE('',*,*,#3722,.F.);
#5043=ORIENTED_EDGE('',*,*,#3723,.F.);
#5044=ORIENTED_EDGE('',*,*,#3724,.T.);
#5045=ORIENTED_EDGE('',*,*,#3725,.T.);
#5046=ORIENTED_EDGE('',*,*,#3724,.F.);
#5047=ORIENTED_EDGE('',*,*,#3726,.F.);
#5048=ORIENTED_EDGE('',*,*,#3727,.T.);
#5049=ORIENTED_EDGE('',*,*,#3728,.T.);
#5050=ORIENTED_EDGE('',*,*,#3727,.F.);
#5051=ORIENTED_EDGE('',*,*,#3729,.F.);
#5052=ORIENTED_EDGE('',*,*,#3730,.T.);
#5053=ORIENTED_EDGE('',*,*,#3731,.T.);
#5054=ORIENTED_EDGE('',*,*,#3730,.F.);
#5055=ORIENTED_EDGE('',*,*,#3732,.F.);
#5056=ORIENTED_EDGE('',*,*,#3733,.T.);
#5057=ORIENTED_EDGE('',*,*,#3734,.T.);
#5058=ORIENTED_EDGE('',*,*,#3733,.F.);
#5059=ORIENTED_EDGE('',*,*,#3735,.T.);
#5060=ORIENTED_EDGE('',*,*,#3736,.T.);
#5061=ORIENTED_EDGE('',*,*,#3737,.F.);
#5062=ORIENTED_EDGE('',*,*,#3738,.T.);
#5063=ORIENTED_EDGE('',*,*,#3664,.T.);
#5064=ORIENTED_EDGE('',*,*,#3739,.F.);
#5065=ORIENTED_EDGE('',*,*,#3736,.F.);
#5066=ORIENTED_EDGE('',*,*,#3737,.T.);
#5067=ORIENTED_EDGE('',*,*,#3739,.T.);
#5068=ORIENTED_EDGE('',*,*,#3667,.T.);
#5069=ORIENTED_EDGE('',*,*,#3670,.T.);
#5070=ORIENTED_EDGE('',*,*,#3673,.T.);
#5071=ORIENTED_EDGE('',*,*,#3678,.T.);
#5072=ORIENTED_EDGE('',*,*,#3740,.T.);
#5073=ORIENTED_EDGE('',*,*,#3712,.F.);
#5074=ORIENTED_EDGE('',*,*,#3725,.F.);
#5075=ORIENTED_EDGE('',*,*,#3728,.F.);
#5076=ORIENTED_EDGE('',*,*,#3731,.F.);
#5077=ORIENTED_EDGE('',*,*,#3734,.F.);
#5078=ORIENTED_EDGE('',*,*,#3740,.F.);
#5079=ORIENTED_EDGE('',*,*,#3677,.T.);
#5080=ORIENTED_EDGE('',*,*,#3741,.T.);
#5081=ORIENTED_EDGE('',*,*,#3713,.T.);
#5082=ORIENTED_EDGE('',*,*,#3741,.F.);
#5083=ORIENTED_EDGE('',*,*,#3676,.T.);
#5084=ORIENTED_EDGE('',*,*,#3742,.T.);
#5085=ORIENTED_EDGE('',*,*,#3714,.F.);
#5086=ORIENTED_EDGE('',*,*,#3742,.F.);
#5087=ORIENTED_EDGE('',*,*,#3675,.T.);
#5088=ORIENTED_EDGE('',*,*,#3743,.T.);
#5089=ORIENTED_EDGE('',*,*,#3715,.T.);
#5090=ORIENTED_EDGE('',*,*,#3743,.F.);
#5091=ORIENTED_EDGE('',*,*,#3674,.T.);
#5092=ORIENTED_EDGE('',*,*,#3687,.T.);
#5093=ORIENTED_EDGE('',*,*,#3690,.T.);
#5094=ORIENTED_EDGE('',*,*,#3693,.T.);
#5095=ORIENTED_EDGE('',*,*,#3696,.T.);
#5096=ORIENTED_EDGE('',*,*,#3699,.T.);
#5097=ORIENTED_EDGE('',*,*,#3702,.F.);
#5098=ORIENTED_EDGE('',*,*,#3705,.F.);
#5099=ORIENTED_EDGE('',*,*,#3708,.F.);
#5100=ORIENTED_EDGE('',*,*,#3711,.F.);
#5101=ORIENTED_EDGE('',*,*,#3716,.F.);
#5102=ORIENTED_EDGE('',*,*,#3735,.F.);
#5103=ORIENTED_EDGE('',*,*,#3732,.T.);
#5104=ORIENTED_EDGE('',*,*,#3729,.T.);
#5105=ORIENTED_EDGE('',*,*,#3726,.T.);
#5106=ORIENTED_EDGE('',*,*,#3723,.T.);
#5107=ORIENTED_EDGE('',*,*,#3721,.T.);
#5108=ORIENTED_EDGE('',*,*,#3744,.F.);
#5109=ORIENTED_EDGE('',*,*,#3679,.F.);
#5110=ORIENTED_EDGE('',*,*,#3671,.F.);
#5111=ORIENTED_EDGE('',*,*,#3668,.F.);
#5112=ORIENTED_EDGE('',*,*,#3665,.F.);
#5113=ORIENTED_EDGE('',*,*,#3738,.F.);
#5114=ORIENTED_EDGE('',*,*,#3744,.T.);
#5115=ORIENTED_EDGE('',*,*,#3720,.F.);
#5116=ORIENTED_EDGE('',*,*,#3745,.F.);
#5117=ORIENTED_EDGE('',*,*,#3680,.F.);
#5118=ORIENTED_EDGE('',*,*,#3745,.T.);
#5119=ORIENTED_EDGE('',*,*,#3719,.T.);
#5120=ORIENTED_EDGE('',*,*,#3746,.F.);
#5121=ORIENTED_EDGE('',*,*,#3681,.F.);
#5122=ORIENTED_EDGE('',*,*,#3746,.T.);
#5123=ORIENTED_EDGE('',*,*,#3718,.F.);
#5124=ORIENTED_EDGE('',*,*,#3747,.F.);
#5125=ORIENTED_EDGE('',*,*,#3682,.F.);
#5126=ORIENTED_EDGE('',*,*,#3747,.T.);
#5127=ORIENTED_EDGE('',*,*,#3717,.T.);
#5128=ORIENTED_EDGE('',*,*,#3709,.T.);
#5129=ORIENTED_EDGE('',*,*,#3706,.T.);
#5130=ORIENTED_EDGE('',*,*,#3703,.T.);
#5131=ORIENTED_EDGE('',*,*,#3700,.T.);
#5132=ORIENTED_EDGE('',*,*,#3697,.F.);
#5133=ORIENTED_EDGE('',*,*,#3694,.F.);
#5134=ORIENTED_EDGE('',*,*,#3691,.F.);
#5135=ORIENTED_EDGE('',*,*,#3688,.F.);
#5136=ORIENTED_EDGE('',*,*,#3685,.F.);
#5137=ORIENTED_EDGE('',*,*,#3683,.F.);
#5138=ORIENTED_EDGE('',*,*,#3748,.F.);
#5139=ORIENTED_EDGE('',*,*,#3749,.T.);
#5140=ORIENTED_EDGE('',*,*,#3750,.T.);
#5141=ORIENTED_EDGE('',*,*,#3751,.F.);
#5142=ORIENTED_EDGE('',*,*,#3750,.F.);
#5143=ORIENTED_EDGE('',*,*,#3752,.T.);
#5144=ORIENTED_EDGE('',*,*,#3753,.T.);
#5145=ORIENTED_EDGE('',*,*,#3754,.F.);
#5146=ORIENTED_EDGE('',*,*,#3753,.F.);
#5147=ORIENTED_EDGE('',*,*,#3755,.T.);
#5148=ORIENTED_EDGE('',*,*,#3756,.T.);
#5149=ORIENTED_EDGE('',*,*,#3757,.F.);
#5150=ORIENTED_EDGE('',*,*,#3756,.F.);
#5151=ORIENTED_EDGE('',*,*,#3758,.T.);
#5152=ORIENTED_EDGE('',*,*,#3759,.T.);
#5153=ORIENTED_EDGE('',*,*,#3760,.F.);
#5154=ORIENTED_EDGE('',*,*,#3759,.F.);
#5155=ORIENTED_EDGE('',*,*,#3761,.T.);
#5156=ORIENTED_EDGE('',*,*,#3762,.T.);
#5157=ORIENTED_EDGE('',*,*,#3763,.F.);
#5158=ORIENTED_EDGE('',*,*,#3762,.F.);
#5159=ORIENTED_EDGE('',*,*,#3764,.F.);
#5160=ORIENTED_EDGE('',*,*,#3765,.T.);
#5161=ORIENTED_EDGE('',*,*,#3766,.T.);
#5162=ORIENTED_EDGE('',*,*,#3765,.F.);
#5163=ORIENTED_EDGE('',*,*,#3767,.F.);
#5164=ORIENTED_EDGE('',*,*,#3768,.T.);
#5165=ORIENTED_EDGE('',*,*,#3769,.T.);
#5166=ORIENTED_EDGE('',*,*,#3768,.F.);
#5167=ORIENTED_EDGE('',*,*,#3770,.F.);
#5168=ORIENTED_EDGE('',*,*,#3771,.T.);
#5169=ORIENTED_EDGE('',*,*,#3772,.T.);
#5170=ORIENTED_EDGE('',*,*,#3771,.F.);
#5171=ORIENTED_EDGE('',*,*,#3773,.F.);
#5172=ORIENTED_EDGE('',*,*,#3774,.T.);
#5173=ORIENTED_EDGE('',*,*,#3775,.T.);
#5174=ORIENTED_EDGE('',*,*,#3776,.T.);
#5175=ORIENTED_EDGE('',*,*,#3777,.F.);
#5176=ORIENTED_EDGE('',*,*,#3778,.T.);
#5177=ORIENTED_EDGE('',*,*,#3779,.F.);
#5178=ORIENTED_EDGE('',*,*,#3780,.T.);
#5179=ORIENTED_EDGE('',*,*,#3774,.F.);
#5180=ORIENTED_EDGE('',*,*,#3781,.F.);
#5181=ORIENTED_EDGE('',*,*,#3782,.T.);
#5182=ORIENTED_EDGE('',*,*,#3783,.F.);
#5183=ORIENTED_EDGE('',*,*,#3784,.T.);
#5184=ORIENTED_EDGE('',*,*,#3785,.F.);
#5185=ORIENTED_EDGE('',*,*,#3786,.T.);
#5186=ORIENTED_EDGE('',*,*,#3786,.F.);
#5187=ORIENTED_EDGE('',*,*,#3787,.F.);
#5188=ORIENTED_EDGE('',*,*,#3788,.T.);
#5189=ORIENTED_EDGE('',*,*,#3789,.T.);
#5190=ORIENTED_EDGE('',*,*,#3788,.F.);
#5191=ORIENTED_EDGE('',*,*,#3790,.F.);
#5192=ORIENTED_EDGE('',*,*,#3791,.T.);
#5193=ORIENTED_EDGE('',*,*,#3792,.T.);
#5194=ORIENTED_EDGE('',*,*,#3791,.F.);
#5195=ORIENTED_EDGE('',*,*,#3793,.F.);
#5196=ORIENTED_EDGE('',*,*,#3794,.T.);
#5197=ORIENTED_EDGE('',*,*,#3795,.T.);
#5198=ORIENTED_EDGE('',*,*,#3794,.F.);
#5199=ORIENTED_EDGE('',*,*,#3796,.F.);
#5200=ORIENTED_EDGE('',*,*,#3797,.T.);
#5201=ORIENTED_EDGE('',*,*,#3798,.T.);
#5202=ORIENTED_EDGE('',*,*,#3797,.F.);
#5203=ORIENTED_EDGE('',*,*,#3799,.T.);
#5204=ORIENTED_EDGE('',*,*,#3800,.T.);
#5205=ORIENTED_EDGE('',*,*,#3801,.F.);
#5206=ORIENTED_EDGE('',*,*,#3800,.F.);
#5207=ORIENTED_EDGE('',*,*,#3802,.T.);
#5208=ORIENTED_EDGE('',*,*,#3803,.T.);
#5209=ORIENTED_EDGE('',*,*,#3804,.F.);
#5210=ORIENTED_EDGE('',*,*,#3803,.F.);
#5211=ORIENTED_EDGE('',*,*,#3805,.T.);
#5212=ORIENTED_EDGE('',*,*,#3806,.T.);
#5213=ORIENTED_EDGE('',*,*,#3807,.F.);
#5214=ORIENTED_EDGE('',*,*,#3806,.F.);
#5215=ORIENTED_EDGE('',*,*,#3808,.T.);
#5216=ORIENTED_EDGE('',*,*,#3809,.T.);
#5217=ORIENTED_EDGE('',*,*,#3810,.F.);
#5218=ORIENTED_EDGE('',*,*,#3809,.F.);
#5219=ORIENTED_EDGE('',*,*,#3811,.T.);
#5220=ORIENTED_EDGE('',*,*,#3812,.T.);
#5221=ORIENTED_EDGE('',*,*,#3813,.F.);
#5222=ORIENTED_EDGE('',*,*,#3814,.T.);
#5223=ORIENTED_EDGE('',*,*,#3815,.T.);
#5224=ORIENTED_EDGE('',*,*,#3816,.T.);
#5225=ORIENTED_EDGE('',*,*,#3817,.T.);
#5226=ORIENTED_EDGE('',*,*,#3818,.T.);
#5227=ORIENTED_EDGE('',*,*,#3748,.T.);
#5228=ORIENTED_EDGE('',*,*,#3819,.F.);
#5229=ORIENTED_EDGE('',*,*,#3820,.F.);
#5230=ORIENTED_EDGE('',*,*,#3821,.F.);
#5231=ORIENTED_EDGE('',*,*,#3822,.F.);
#5232=ORIENTED_EDGE('',*,*,#3823,.F.);
#5233=ORIENTED_EDGE('',*,*,#3812,.F.);
#5234=ORIENTED_EDGE('',*,*,#3813,.T.);
#5235=ORIENTED_EDGE('',*,*,#3823,.T.);
#5236=ORIENTED_EDGE('',*,*,#3824,.T.);
#5237=ORIENTED_EDGE('',*,*,#3776,.F.);
#5238=ORIENTED_EDGE('',*,*,#3789,.F.);
#5239=ORIENTED_EDGE('',*,*,#3792,.F.);
#5240=ORIENTED_EDGE('',*,*,#3795,.F.);
#5241=ORIENTED_EDGE('',*,*,#3798,.F.);
#5242=ORIENTED_EDGE('',*,*,#3801,.T.);
#5243=ORIENTED_EDGE('',*,*,#3804,.T.);
#5244=ORIENTED_EDGE('',*,*,#3807,.T.);
#5245=ORIENTED_EDGE('',*,*,#3810,.T.);
#5246=ORIENTED_EDGE('',*,*,#3825,.T.);
#5247=ORIENTED_EDGE('',*,*,#3777,.T.);
#5248=ORIENTED_EDGE('',*,*,#3824,.F.);
#5249=ORIENTED_EDGE('',*,*,#3822,.T.);
#5250=ORIENTED_EDGE('',*,*,#3825,.F.);
#5251=ORIENTED_EDGE('',*,*,#3821,.T.);
#5252=ORIENTED_EDGE('',*,*,#3826,.T.);
#5253=ORIENTED_EDGE('',*,*,#3778,.F.);
#5254=ORIENTED_EDGE('',*,*,#3826,.F.);
#5255=ORIENTED_EDGE('',*,*,#3820,.T.);
#5256=ORIENTED_EDGE('',*,*,#3827,.T.);
#5257=ORIENTED_EDGE('',*,*,#3779,.T.);
#5258=ORIENTED_EDGE('',*,*,#3757,.T.);
#5259=ORIENTED_EDGE('',*,*,#3760,.T.);
#5260=ORIENTED_EDGE('',*,*,#3763,.T.);
#5261=ORIENTED_EDGE('',*,*,#3766,.F.);
#5262=ORIENTED_EDGE('',*,*,#3769,.F.);
#5263=ORIENTED_EDGE('',*,*,#3772,.F.);
#5264=ORIENTED_EDGE('',*,*,#3775,.F.);
#5265=ORIENTED_EDGE('',*,*,#3780,.F.);
#5266=ORIENTED_EDGE('',*,*,#3827,.F.);
#5267=ORIENTED_EDGE('',*,*,#3819,.T.);
#5268=ORIENTED_EDGE('',*,*,#3751,.T.);
#5269=ORIENTED_EDGE('',*,*,#3754,.T.);
#5270=ORIENTED_EDGE('',*,*,#3811,.F.);
#5271=ORIENTED_EDGE('',*,*,#3808,.F.);
#5272=ORIENTED_EDGE('',*,*,#3805,.F.);
#5273=ORIENTED_EDGE('',*,*,#3802,.F.);
#5274=ORIENTED_EDGE('',*,*,#3799,.F.);
#5275=ORIENTED_EDGE('',*,*,#3796,.T.);
#5276=ORIENTED_EDGE('',*,*,#3793,.T.);
#5277=ORIENTED_EDGE('',*,*,#3790,.T.);
#5278=ORIENTED_EDGE('',*,*,#3787,.T.);
#5279=ORIENTED_EDGE('',*,*,#3785,.T.);
#5280=ORIENTED_EDGE('',*,*,#3828,.F.);
#5281=ORIENTED_EDGE('',*,*,#3814,.F.);
#5282=ORIENTED_EDGE('',*,*,#3829,.F.);
#5283=ORIENTED_EDGE('',*,*,#3815,.F.);
#5284=ORIENTED_EDGE('',*,*,#3828,.T.);
#5285=ORIENTED_EDGE('',*,*,#3784,.F.);
#5286=ORIENTED_EDGE('',*,*,#3829,.T.);
#5287=ORIENTED_EDGE('',*,*,#3783,.T.);
#5288=ORIENTED_EDGE('',*,*,#3830,.F.);
#5289=ORIENTED_EDGE('',*,*,#3816,.F.);
#5290=ORIENTED_EDGE('',*,*,#3830,.T.);
#5291=ORIENTED_EDGE('',*,*,#3782,.F.);
#5292=ORIENTED_EDGE('',*,*,#3831,.F.);
#5293=ORIENTED_EDGE('',*,*,#3817,.F.);
#5294=ORIENTED_EDGE('',*,*,#3755,.F.);
#5295=ORIENTED_EDGE('',*,*,#3752,.F.);
#5296=ORIENTED_EDGE('',*,*,#3749,.F.);
#5297=ORIENTED_EDGE('',*,*,#3818,.F.);
#5298=ORIENTED_EDGE('',*,*,#3831,.T.);
#5299=ORIENTED_EDGE('',*,*,#3781,.T.);
#5300=ORIENTED_EDGE('',*,*,#3773,.T.);
#5301=ORIENTED_EDGE('',*,*,#3770,.T.);
#5302=ORIENTED_EDGE('',*,*,#3767,.T.);
#5303=ORIENTED_EDGE('',*,*,#3764,.T.);
#5304=ORIENTED_EDGE('',*,*,#3761,.F.);
#5305=ORIENTED_EDGE('',*,*,#3758,.F.);
#5306=ORIENTED_EDGE('',*,*,#3832,.T.);
#5307=ORIENTED_EDGE('',*,*,#3833,.T.);
#5308=ORIENTED_EDGE('',*,*,#3834,.T.);
#5309=ORIENTED_EDGE('',*,*,#3833,.F.);
#5310=ORIENTED_EDGE('',*,*,#3835,.T.);
#5311=ORIENTED_EDGE('',*,*,#3836,.T.);
#5312=ORIENTED_EDGE('',*,*,#3837,.T.);
#5313=ORIENTED_EDGE('',*,*,#3836,.F.);
#5314=ORIENTED_EDGE('',*,*,#3838,.F.);
#5315=ORIENTED_EDGE('',*,*,#3839,.T.);
#5316=ORIENTED_EDGE('',*,*,#3840,.F.);
#5317=ORIENTED_EDGE('',*,*,#3841,.F.);
#5318=ORIENTED_EDGE('',*,*,#3842,.T.);
#5319=ORIENTED_EDGE('',*,*,#3838,.T.);
#5320=ORIENTED_EDGE('',*,*,#3843,.F.);
#5321=ORIENTED_EDGE('',*,*,#3844,.T.);
#5322=ORIENTED_EDGE('',*,*,#3845,.F.);
#5323=ORIENTED_EDGE('',*,*,#3846,.F.);
#5324=ORIENTED_EDGE('',*,*,#3847,.F.);
#5325=ORIENTED_EDGE('',*,*,#3848,.T.);
#5326=ORIENTED_EDGE('',*,*,#3849,.T.);
#5327=ORIENTED_EDGE('',*,*,#3850,.T.);
#5328=ORIENTED_EDGE('',*,*,#3851,.F.);
#5329=ORIENTED_EDGE('',*,*,#3845,.T.);
#5330=ORIENTED_EDGE('',*,*,#3852,.F.);
#5331=ORIENTED_EDGE('',*,*,#3853,.T.);
#5332=ORIENTED_EDGE('',*,*,#3844,.F.);
#5333=ORIENTED_EDGE('',*,*,#3854,.F.);
#5334=ORIENTED_EDGE('',*,*,#3855,.F.);
#5335=ORIENTED_EDGE('',*,*,#3856,.T.);
#5336=ORIENTED_EDGE('',*,*,#3857,.T.);
#5337=ORIENTED_EDGE('',*,*,#3852,.T.);
#5338=ORIENTED_EDGE('',*,*,#3858,.F.);
#5339=ORIENTED_EDGE('',*,*,#3859,.F.);
#5340=ORIENTED_EDGE('',*,*,#3860,.F.);
#5341=ORIENTED_EDGE('',*,*,#3861,.T.);
#5342=ORIENTED_EDGE('',*,*,#3862,.F.);
#5343=ORIENTED_EDGE('',*,*,#3858,.T.);
#5344=ORIENTED_EDGE('',*,*,#3863,.T.);
#5345=ORIENTED_EDGE('',*,*,#3847,.T.);
#5346=ORIENTED_EDGE('',*,*,#3851,.T.);
#5347=ORIENTED_EDGE('',*,*,#3864,.T.);
#5348=ORIENTED_EDGE('',*,*,#3865,.F.);
#5349=ORIENTED_EDGE('',*,*,#3866,.T.);
#5350=ORIENTED_EDGE('',*,*,#3867,.F.);
#5351=ORIENTED_EDGE('',*,*,#3868,.T.);
#5352=ORIENTED_EDGE('',*,*,#3869,.T.);
#5353=ORIENTED_EDGE('',*,*,#3870,.T.);
#5354=ORIENTED_EDGE('',*,*,#3871,.T.);
#5355=ORIENTED_EDGE('',*,*,#3872,.T.);
#5356=ORIENTED_EDGE('',*,*,#3865,.T.);
#5357=ORIENTED_EDGE('',*,*,#3873,.T.);
#5358=ORIENTED_EDGE('',*,*,#3874,.F.);
#5359=ORIENTED_EDGE('',*,*,#3875,.T.);
#5360=ORIENTED_EDGE('',*,*,#3874,.T.);
#5361=ORIENTED_EDGE('',*,*,#3876,.T.);
#5362=ORIENTED_EDGE('',*,*,#3849,.F.);
#5363=ORIENTED_EDGE('',*,*,#3877,.F.);
#5364=ORIENTED_EDGE('',*,*,#3878,.T.);
#5365=ORIENTED_EDGE('',*,*,#3879,.T.);
#5366=ORIENTED_EDGE('',*,*,#3880,.T.);
#5367=ORIENTED_EDGE('',*,*,#3881,.T.);
#5368=ORIENTED_EDGE('',*,*,#3882,.T.);
#5369=ORIENTED_EDGE('',*,*,#3883,.T.);
#5370=ORIENTED_EDGE('',*,*,#3848,.F.);
#5371=ORIENTED_EDGE('',*,*,#3884,.F.);
#5372=ORIENTED_EDGE('',*,*,#3841,.T.);
#5373=ORIENTED_EDGE('',*,*,#3877,.T.);
#5374=ORIENTED_EDGE('',*,*,#3863,.F.);
#5375=ORIENTED_EDGE('',*,*,#3885,.F.);
#5376=ORIENTED_EDGE('',*,*,#3843,.T.);
#5377=ORIENTED_EDGE('',*,*,#3884,.T.);
#5378=ORIENTED_EDGE('',*,*,#3834,.F.);
#5379=ORIENTED_EDGE('',*,*,#3886,.F.);
#5380=ORIENTED_EDGE('',*,*,#3887,.F.);
#5381=ORIENTED_EDGE('',*,*,#3888,.F.);
#5382=ORIENTED_EDGE('',*,*,#3889,.F.);
#5383=ORIENTED_EDGE('',*,*,#3890,.F.);
#5384=ORIENTED_EDGE('',*,*,#3891,.F.);
#5385=ORIENTED_EDGE('',*,*,#3892,.F.);
#5386=ORIENTED_EDGE('',*,*,#3893,.F.);
#5387=ORIENTED_EDGE('',*,*,#3837,.F.);
#5388=ORIENTED_EDGE('',*,*,#3861,.F.);
#5389=ORIENTED_EDGE('',*,*,#3894,.F.);
#5390=ORIENTED_EDGE('',*,*,#3854,.T.);
#5391=ORIENTED_EDGE('',*,*,#3885,.T.);
#5392=ORIENTED_EDGE('',*,*,#3895,.F.);
#5393=ORIENTED_EDGE('',*,*,#3896,.T.);
#5394=ORIENTED_EDGE('',*,*,#3855,.T.);
#5395=ORIENTED_EDGE('',*,*,#3894,.T.);
#5396=ORIENTED_EDGE('',*,*,#3897,.F.);
#5397=ORIENTED_EDGE('',*,*,#3898,.T.);
#5398=ORIENTED_EDGE('',*,*,#3899,.F.);
#5399=ORIENTED_EDGE('',*,*,#3900,.F.);
#5400=ORIENTED_EDGE('',*,*,#3901,.F.);
#5401=ORIENTED_EDGE('',*,*,#3902,.F.);
#5402=ORIENTED_EDGE('',*,*,#3903,.F.);
#5403=ORIENTED_EDGE('',*,*,#3904,.T.);
#5404=ORIENTED_EDGE('',*,*,#3895,.T.);
#5405=ORIENTED_EDGE('',*,*,#3905,.T.);
#5406=ORIENTED_EDGE('',*,*,#3857,.F.);
#5407=ORIENTED_EDGE('',*,*,#3906,.T.);
#5408=ORIENTED_EDGE('',*,*,#3903,.T.);
#5409=ORIENTED_EDGE('',*,*,#3907,.T.);
#5410=ORIENTED_EDGE('',*,*,#3908,.T.);
#5411=ORIENTED_EDGE('',*,*,#3909,.F.);
#5412=ORIENTED_EDGE('',*,*,#3910,.F.);
#5413=ORIENTED_EDGE('',*,*,#3911,.F.);
#5414=ORIENTED_EDGE('',*,*,#3912,.F.);
#5415=ORIENTED_EDGE('',*,*,#3913,.F.);
#5416=ORIENTED_EDGE('',*,*,#3859,.T.);
#5417=ORIENTED_EDGE('',*,*,#3914,.F.);
#5418=ORIENTED_EDGE('',*,*,#3853,.F.);
#5419=ORIENTED_EDGE('',*,*,#3909,.T.);
#5420=ORIENTED_EDGE('',*,*,#3862,.T.);
#5421=ORIENTED_EDGE('',*,*,#3915,.F.);
#5422=ORIENTED_EDGE('',*,*,#3842,.F.);
#5423=ORIENTED_EDGE('',*,*,#3914,.T.);
#5424=ORIENTED_EDGE('',*,*,#3832,.F.);
#5425=ORIENTED_EDGE('',*,*,#3916,.F.);
#5426=ORIENTED_EDGE('',*,*,#3917,.F.);
#5427=ORIENTED_EDGE('',*,*,#3918,.F.);
#5428=ORIENTED_EDGE('',*,*,#3919,.F.);
#5429=ORIENTED_EDGE('',*,*,#3920,.F.);
#5430=ORIENTED_EDGE('',*,*,#3921,.F.);
#5431=ORIENTED_EDGE('',*,*,#3922,.F.);
#5432=ORIENTED_EDGE('',*,*,#3923,.F.);
#5433=ORIENTED_EDGE('',*,*,#3835,.F.);
#5434=ORIENTED_EDGE('',*,*,#3846,.T.);
#5435=ORIENTED_EDGE('',*,*,#3868,.F.);
#5436=ORIENTED_EDGE('',*,*,#3839,.F.);
#5437=ORIENTED_EDGE('',*,*,#3915,.T.);
#5438=ORIENTED_EDGE('',*,*,#3867,.T.);
#5439=ORIENTED_EDGE('',*,*,#3924,.T.);
#5440=ORIENTED_EDGE('',*,*,#3878,.F.);
#5441=ORIENTED_EDGE('',*,*,#3840,.T.);
#5442=ORIENTED_EDGE('',*,*,#3908,.F.);
#5443=ORIENTED_EDGE('',*,*,#3925,.T.);
#5444=ORIENTED_EDGE('',*,*,#3897,.T.);
#5445=ORIENTED_EDGE('',*,*,#3860,.T.);
#5446=ORIENTED_EDGE('',*,*,#3921,.T.);
#5447=ORIENTED_EDGE('',*,*,#3926,.T.);
#5448=ORIENTED_EDGE('',*,*,#3890,.T.);
#5449=ORIENTED_EDGE('',*,*,#3927,.F.);
#5450=ORIENTED_EDGE('',*,*,#3920,.T.);
#5451=ORIENTED_EDGE('',*,*,#3928,.T.);
#5452=ORIENTED_EDGE('',*,*,#3891,.T.);
#5453=ORIENTED_EDGE('',*,*,#3926,.F.);
#5454=ORIENTED_EDGE('',*,*,#3923,.T.);
#5455=ORIENTED_EDGE('',*,*,#3929,.T.);
#5456=ORIENTED_EDGE('',*,*,#3892,.T.);
#5457=ORIENTED_EDGE('',*,*,#3928,.F.);
#5458=ORIENTED_EDGE('',*,*,#3922,.T.);
#5459=ORIENTED_EDGE('',*,*,#3927,.T.);
#5460=ORIENTED_EDGE('',*,*,#3893,.T.);
#5461=ORIENTED_EDGE('',*,*,#3929,.F.);
#5462=ORIENTED_EDGE('',*,*,#3917,.T.);
#5463=ORIENTED_EDGE('',*,*,#3930,.T.);
#5464=ORIENTED_EDGE('',*,*,#3886,.T.);
#5465=ORIENTED_EDGE('',*,*,#3931,.F.);
#5466=ORIENTED_EDGE('',*,*,#3916,.T.);
#5467=ORIENTED_EDGE('',*,*,#3932,.T.);
#5468=ORIENTED_EDGE('',*,*,#3887,.T.);
#5469=ORIENTED_EDGE('',*,*,#3930,.F.);
#5470=ORIENTED_EDGE('',*,*,#3919,.T.);
#5471=ORIENTED_EDGE('',*,*,#3933,.T.);
#5472=ORIENTED_EDGE('',*,*,#3888,.T.);
#5473=ORIENTED_EDGE('',*,*,#3932,.F.);
#5474=ORIENTED_EDGE('',*,*,#3918,.T.);
#5475=ORIENTED_EDGE('',*,*,#3931,.T.);
#5476=ORIENTED_EDGE('',*,*,#3889,.T.);
#5477=ORIENTED_EDGE('',*,*,#3933,.F.);
#5478=ORIENTED_EDGE('',*,*,#3906,.F.);
#5479=ORIENTED_EDGE('',*,*,#3856,.F.);
#5480=ORIENTED_EDGE('',*,*,#3896,.F.);
#5481=ORIENTED_EDGE('',*,*,#3904,.F.);
#5482=ORIENTED_EDGE('',*,*,#3907,.F.);
#5483=ORIENTED_EDGE('',*,*,#3905,.F.);
#5484=ORIENTED_EDGE('',*,*,#3898,.F.);
#5485=ORIENTED_EDGE('',*,*,#3925,.F.);
#5486=ORIENTED_EDGE('',*,*,#3876,.F.);
#5487=ORIENTED_EDGE('',*,*,#3873,.F.);
#5488=ORIENTED_EDGE('',*,*,#3864,.F.);
#5489=ORIENTED_EDGE('',*,*,#3850,.F.);
#5490=ORIENTED_EDGE('',*,*,#3879,.F.);
#5491=ORIENTED_EDGE('',*,*,#3924,.F.);
#5492=ORIENTED_EDGE('',*,*,#3866,.F.);
#5493=ORIENTED_EDGE('',*,*,#3875,.F.);
#5494=ORIENTED_EDGE('',*,*,#3911,.T.);
#5495=ORIENTED_EDGE('',*,*,#3934,.T.);
#5496=ORIENTED_EDGE('',*,*,#3899,.T.);
#5497=ORIENTED_EDGE('',*,*,#3935,.F.);
#5498=ORIENTED_EDGE('',*,*,#3910,.T.);
#5499=ORIENTED_EDGE('',*,*,#3936,.T.);
#5500=ORIENTED_EDGE('',*,*,#3900,.T.);
#5501=ORIENTED_EDGE('',*,*,#3934,.F.);
#5502=ORIENTED_EDGE('',*,*,#3913,.T.);
#5503=ORIENTED_EDGE('',*,*,#3937,.T.);
#5504=ORIENTED_EDGE('',*,*,#3901,.T.);
#5505=ORIENTED_EDGE('',*,*,#3936,.F.);
#5506=ORIENTED_EDGE('',*,*,#3912,.T.);
#5507=ORIENTED_EDGE('',*,*,#3935,.T.);
#5508=ORIENTED_EDGE('',*,*,#3902,.T.);
#5509=ORIENTED_EDGE('',*,*,#3937,.F.);
#5510=ORIENTED_EDGE('',*,*,#3870,.F.);
#5511=ORIENTED_EDGE('',*,*,#3938,.T.);
#5512=ORIENTED_EDGE('',*,*,#3880,.F.);
#5513=ORIENTED_EDGE('',*,*,#3939,.F.);
#5514=ORIENTED_EDGE('',*,*,#3871,.F.);
#5515=ORIENTED_EDGE('',*,*,#3939,.T.);
#5516=ORIENTED_EDGE('',*,*,#3883,.F.);
#5517=ORIENTED_EDGE('',*,*,#3940,.F.);
#5518=ORIENTED_EDGE('',*,*,#3872,.F.);
#5519=ORIENTED_EDGE('',*,*,#3940,.T.);
#5520=ORIENTED_EDGE('',*,*,#3882,.F.);
#5521=ORIENTED_EDGE('',*,*,#3941,.F.);
#5522=ORIENTED_EDGE('',*,*,#3869,.F.);
#5523=ORIENTED_EDGE('',*,*,#3941,.T.);
#5524=ORIENTED_EDGE('',*,*,#3881,.F.);
#5525=ORIENTED_EDGE('',*,*,#3938,.F.);
#5526=ORIENTED_EDGE('',*,*,#3942,.F.);
#5527=ORIENTED_EDGE('',*,*,#3943,.T.);
#5528=ORIENTED_EDGE('',*,*,#3944,.F.);
#5529=ORIENTED_EDGE('',*,*,#3943,.F.);
#5530=ORIENTED_EDGE('',*,*,#3945,.F.);
#5531=ORIENTED_EDGE('',*,*,#3946,.F.);
#5532=ORIENTED_EDGE('',*,*,#3947,.T.);
#5533=ORIENTED_EDGE('',*,*,#3948,.F.);
#5534=ORIENTED_EDGE('',*,*,#3947,.F.);
#5535=ORIENTED_EDGE('',*,*,#3949,.F.);
#5536=ORIENTED_EDGE('',*,*,#3950,.T.);
#5537=ORIENTED_EDGE('',*,*,#3951,.F.);
#5538=ORIENTED_EDGE('',*,*,#3950,.F.);
#5539=ORIENTED_EDGE('',*,*,#3952,.F.);
#5540=ORIENTED_EDGE('',*,*,#3953,.T.);
#5541=ORIENTED_EDGE('',*,*,#3954,.F.);
#5542=ORIENTED_EDGE('',*,*,#3953,.F.);
#5543=ORIENTED_EDGE('',*,*,#3955,.F.);
#5544=ORIENTED_EDGE('',*,*,#3956,.F.);
#5545=ORIENTED_EDGE('',*,*,#3957,.T.);
#5546=ORIENTED_EDGE('',*,*,#3958,.F.);
#5547=ORIENTED_EDGE('',*,*,#3959,.F.);
#5548=ORIENTED_EDGE('',*,*,#3957,.F.);
#5549=ORIENTED_EDGE('',*,*,#3960,.F.);
#5550=ORIENTED_EDGE('',*,*,#3961,.T.);
#5551=ORIENTED_EDGE('',*,*,#3962,.T.);
#5552=ORIENTED_EDGE('',*,*,#3963,.F.);
#5553=ORIENTED_EDGE('',*,*,#3964,.F.);
#5554=ORIENTED_EDGE('',*,*,#3965,.T.);
#5555=ORIENTED_EDGE('',*,*,#3966,.T.);
#5556=ORIENTED_EDGE('',*,*,#3967,.T.);
#5557=ORIENTED_EDGE('',*,*,#3968,.F.);
#5558=ORIENTED_EDGE('',*,*,#3969,.F.);
#5559=ORIENTED_EDGE('',*,*,#3970,.T.);
#5560=ORIENTED_EDGE('',*,*,#3971,.T.);
#5561=ORIENTED_EDGE('',*,*,#3972,.T.);
#5562=ORIENTED_EDGE('',*,*,#3973,.F.);
#5563=ORIENTED_EDGE('',*,*,#3974,.F.);
#5564=ORIENTED_EDGE('',*,*,#3972,.F.);
#5565=ORIENTED_EDGE('',*,*,#3975,.T.);
#5566=ORIENTED_EDGE('',*,*,#3966,.F.);
#5567=ORIENTED_EDGE('',*,*,#3955,.T.);
#5568=ORIENTED_EDGE('',*,*,#3956,.T.);
#5569=ORIENTED_EDGE('',*,*,#3976,.T.);
#5570=ORIENTED_EDGE('',*,*,#3952,.T.);
#5571=ORIENTED_EDGE('',*,*,#3976,.F.);
#5572=ORIENTED_EDGE('',*,*,#3977,.F.);
#5573=ORIENTED_EDGE('',*,*,#3978,.T.);
#5574=ORIENTED_EDGE('',*,*,#3958,.T.);
#5575=ORIENTED_EDGE('',*,*,#3959,.T.);
#5576=ORIENTED_EDGE('',*,*,#3978,.F.);
#5577=ORIENTED_EDGE('',*,*,#3945,.T.);
#5578=ORIENTED_EDGE('',*,*,#3946,.T.);
#5579=ORIENTED_EDGE('',*,*,#3979,.T.);
#5580=ORIENTED_EDGE('',*,*,#3949,.T.);
#5581=ORIENTED_EDGE('',*,*,#3979,.F.);
#5582=ORIENTED_EDGE('',*,*,#3948,.T.);
#5583=ORIENTED_EDGE('',*,*,#3942,.T.);
#5584=ORIENTED_EDGE('',*,*,#3944,.T.);
#5585=ORIENTED_EDGE('',*,*,#3980,.F.);
#5586=ORIENTED_EDGE('',*,*,#3981,.F.);
#5587=ORIENTED_EDGE('',*,*,#3982,.F.);
#5588=ORIENTED_EDGE('',*,*,#3975,.F.);
#5589=ORIENTED_EDGE('',*,*,#3983,.F.);
#5590=ORIENTED_EDGE('',*,*,#3984,.F.);
#5591=ORIENTED_EDGE('',*,*,#3951,.T.);
#5592=ORIENTED_EDGE('',*,*,#3977,.T.);
#5593=ORIENTED_EDGE('',*,*,#3954,.T.);
#5594=ORIENTED_EDGE('',*,*,#3984,.T.);
#5595=ORIENTED_EDGE('',*,*,#3985,.F.);
#5596=ORIENTED_EDGE('',*,*,#3986,.F.);
#5597=ORIENTED_EDGE('',*,*,#3987,.F.);
#5598=ORIENTED_EDGE('',*,*,#3988,.F.);
#5599=ORIENTED_EDGE('',*,*,#3989,.F.);
#5600=ORIENTED_EDGE('',*,*,#3983,.T.);
#5601=ORIENTED_EDGE('',*,*,#3971,.F.);
#5602=ORIENTED_EDGE('',*,*,#3990,.F.);
#5603=ORIENTED_EDGE('',*,*,#3967,.F.);
#5604=ORIENTED_EDGE('',*,*,#3982,.T.);
#5605=ORIENTED_EDGE('',*,*,#3991,.F.);
#5606=ORIENTED_EDGE('',*,*,#3981,.T.);
#5607=ORIENTED_EDGE('',*,*,#3992,.F.);
#5608=ORIENTED_EDGE('',*,*,#3993,.F.);
#5609=ORIENTED_EDGE('',*,*,#3994,.F.);
#5610=ORIENTED_EDGE('',*,*,#3980,.T.);
#5611=ORIENTED_EDGE('',*,*,#3995,.F.);
#5612=ORIENTED_EDGE('',*,*,#3962,.F.);
#5613=ORIENTED_EDGE('',*,*,#3996,.F.);
#5614=ORIENTED_EDGE('',*,*,#3997,.T.);
#5615=ORIENTED_EDGE('',*,*,#3998,.T.);
#5616=ORIENTED_EDGE('',*,*,#3960,.T.);
#5617=ORIENTED_EDGE('',*,*,#3999,.T.);
#5618=ORIENTED_EDGE('',*,*,#4000,.T.);
#5619=ORIENTED_EDGE('',*,*,#4001,.T.);
#5620=ORIENTED_EDGE('',*,*,#4002,.T.);
#5621=ORIENTED_EDGE('',*,*,#3969,.T.);
#5622=ORIENTED_EDGE('',*,*,#4003,.T.);
#5623=ORIENTED_EDGE('',*,*,#3964,.T.);
#5624=ORIENTED_EDGE('',*,*,#4004,.T.);
#5625=ORIENTED_EDGE('',*,*,#4005,.T.);
#5626=ORIENTED_EDGE('',*,*,#4006,.T.);
#5627=ORIENTED_EDGE('',*,*,#3986,.T.);
#5628=ORIENTED_EDGE('',*,*,#4007,.F.);
#5629=ORIENTED_EDGE('',*,*,#4000,.F.);
#5630=ORIENTED_EDGE('',*,*,#4007,.T.);
#5631=ORIENTED_EDGE('',*,*,#3985,.T.);
#5632=ORIENTED_EDGE('',*,*,#3989,.T.);
#5633=ORIENTED_EDGE('',*,*,#4008,.F.);
#5634=ORIENTED_EDGE('',*,*,#4001,.F.);
#5635=ORIENTED_EDGE('',*,*,#4008,.T.);
#5636=ORIENTED_EDGE('',*,*,#3988,.T.);
#5637=ORIENTED_EDGE('',*,*,#3970,.F.);
#5638=ORIENTED_EDGE('',*,*,#4002,.F.);
#5639=ORIENTED_EDGE('',*,*,#3973,.T.);
#5640=ORIENTED_EDGE('',*,*,#3974,.T.);
#5641=ORIENTED_EDGE('',*,*,#3965,.F.);
#5642=ORIENTED_EDGE('',*,*,#4003,.F.);
#5643=ORIENTED_EDGE('',*,*,#3968,.T.);
#5644=ORIENTED_EDGE('',*,*,#3990,.T.);
#5645=ORIENTED_EDGE('',*,*,#4009,.F.);
#5646=ORIENTED_EDGE('',*,*,#4004,.F.);
#5647=ORIENTED_EDGE('',*,*,#4009,.T.);
#5648=ORIENTED_EDGE('',*,*,#3991,.T.);
#5649=ORIENTED_EDGE('',*,*,#3994,.T.);
#5650=ORIENTED_EDGE('',*,*,#4010,.F.);
#5651=ORIENTED_EDGE('',*,*,#4005,.F.);
#5652=ORIENTED_EDGE('',*,*,#4010,.T.);
#5653=ORIENTED_EDGE('',*,*,#3993,.T.);
#5654=ORIENTED_EDGE('',*,*,#4011,.F.);
#5655=ORIENTED_EDGE('',*,*,#3997,.F.);
#5656=ORIENTED_EDGE('',*,*,#4011,.T.);
#5657=ORIENTED_EDGE('',*,*,#3992,.T.);
#5658=ORIENTED_EDGE('',*,*,#3996,.T.);
#5659=ORIENTED_EDGE('',*,*,#3961,.F.);
#5660=ORIENTED_EDGE('',*,*,#3998,.F.);
#5661=ORIENTED_EDGE('',*,*,#3963,.T.);
#5662=ORIENTED_EDGE('',*,*,#3995,.T.);
#5663=ORIENTED_EDGE('',*,*,#3987,.T.);
#5664=ORIENTED_EDGE('',*,*,#4006,.F.);
#5665=ORIENTED_EDGE('',*,*,#3999,.F.);
#5666=ORIENTED_EDGE('',*,*,#4012,.T.);
#5667=ORIENTED_EDGE('',*,*,#4013,.T.);
#5668=ORIENTED_EDGE('',*,*,#4014,.F.);
#5669=ORIENTED_EDGE('',*,*,#4013,.F.);
#5670=ORIENTED_EDGE('',*,*,#4015,.T.);
#5671=ORIENTED_EDGE('',*,*,#4016,.T.);
#5672=ORIENTED_EDGE('',*,*,#4017,.F.);
#5673=ORIENTED_EDGE('',*,*,#4016,.F.);
#5674=ORIENTED_EDGE('',*,*,#4017,.T.);
#5675=ORIENTED_EDGE('',*,*,#4012,.F.);
#5676=ORIENTED_EDGE('',*,*,#4015,.F.);
#5677=ORIENTED_EDGE('',*,*,#4014,.T.);
#5678=ORIENTED_EDGE('',*,*,#4018,.F.);
#5679=ORIENTED_EDGE('',*,*,#4019,.T.);
#5680=ORIENTED_EDGE('',*,*,#4020,.T.);
#5681=ORIENTED_EDGE('',*,*,#4021,.T.);
#5682=ORIENTED_EDGE('',*,*,#4022,.T.);
#5683=ORIENTED_EDGE('',*,*,#4023,.F.);
#5684=ORIENTED_EDGE('',*,*,#4024,.T.);
#5685=ORIENTED_EDGE('',*,*,#4025,.F.);
#5686=ORIENTED_EDGE('',*,*,#4026,.T.);
#5687=ORIENTED_EDGE('',*,*,#4027,.T.);
#5688=ORIENTED_EDGE('',*,*,#4028,.T.);
#5689=ORIENTED_EDGE('',*,*,#4029,.F.);
#5690=ORIENTED_EDGE('',*,*,#4030,.T.);
#5691=ORIENTED_EDGE('',*,*,#4031,.F.);
#5692=ORIENTED_EDGE('',*,*,#4032,.T.);
#5693=ORIENTED_EDGE('',*,*,#4033,.T.);
#5694=ORIENTED_EDGE('',*,*,#4034,.F.);
#5695=ORIENTED_EDGE('',*,*,#4035,.F.);
#5696=ORIENTED_EDGE('',*,*,#4036,.F.);
#5697=ORIENTED_EDGE('',*,*,#4037,.F.);
#5698=ORIENTED_EDGE('',*,*,#4038,.T.);
#5699=ORIENTED_EDGE('',*,*,#4039,.F.);
#5700=ORIENTED_EDGE('',*,*,#4038,.F.);
#5701=ORIENTED_EDGE('',*,*,#4040,.F.);
#5702=ORIENTED_EDGE('',*,*,#4041,.T.);
#5703=ORIENTED_EDGE('',*,*,#4042,.F.);
#5704=ORIENTED_EDGE('',*,*,#4043,.F.);
#5705=ORIENTED_EDGE('',*,*,#4041,.F.);
#5706=ORIENTED_EDGE('',*,*,#4044,.F.);
#5707=ORIENTED_EDGE('',*,*,#4045,.T.);
#5708=ORIENTED_EDGE('',*,*,#4046,.F.);
#5709=ORIENTED_EDGE('',*,*,#4047,.F.);
#5710=ORIENTED_EDGE('',*,*,#4045,.F.);
#5711=ORIENTED_EDGE('',*,*,#4048,.F.);
#5712=ORIENTED_EDGE('',*,*,#4049,.T.);
#5713=ORIENTED_EDGE('',*,*,#4050,.F.);
#5714=ORIENTED_EDGE('',*,*,#4049,.F.);
#5715=ORIENTED_EDGE('',*,*,#4051,.F.);
#5716=ORIENTED_EDGE('',*,*,#4052,.F.);
#5717=ORIENTED_EDGE('',*,*,#4053,.T.);
#5718=ORIENTED_EDGE('',*,*,#4044,.T.);
#5719=ORIENTED_EDGE('',*,*,#4053,.F.);
#5720=ORIENTED_EDGE('',*,*,#4054,.T.);
#5721=ORIENTED_EDGE('',*,*,#4055,.T.);
#5722=ORIENTED_EDGE('',*,*,#4056,.T.);
#5723=ORIENTED_EDGE('',*,*,#4057,.T.);
#5724=ORIENTED_EDGE('',*,*,#4046,.T.);
#5725=ORIENTED_EDGE('',*,*,#4047,.T.);
#5726=ORIENTED_EDGE('',*,*,#4057,.F.);
#5727=ORIENTED_EDGE('',*,*,#4058,.T.);
#5728=ORIENTED_EDGE('',*,*,#4059,.T.);
#5729=ORIENTED_EDGE('',*,*,#4060,.T.);
#5730=ORIENTED_EDGE('',*,*,#4061,.T.);
#5731=ORIENTED_EDGE('',*,*,#4062,.T.);
#5732=ORIENTED_EDGE('',*,*,#4063,.T.);
#5733=ORIENTED_EDGE('',*,*,#4064,.T.);
#5734=ORIENTED_EDGE('',*,*,#4051,.T.);
#5735=ORIENTED_EDGE('',*,*,#4048,.T.);
#5736=ORIENTED_EDGE('',*,*,#4064,.F.);
#5737=ORIENTED_EDGE('',*,*,#4065,.T.);
#5738=ORIENTED_EDGE('',*,*,#4066,.T.);
#5739=ORIENTED_EDGE('',*,*,#4067,.T.);
#5740=ORIENTED_EDGE('',*,*,#4036,.T.);
#5741=ORIENTED_EDGE('',*,*,#4037,.T.);
#5742=ORIENTED_EDGE('',*,*,#4068,.T.);
#5743=ORIENTED_EDGE('',*,*,#4042,.T.);
#5744=ORIENTED_EDGE('',*,*,#4043,.T.);
#5745=ORIENTED_EDGE('',*,*,#4068,.F.);
#5746=ORIENTED_EDGE('',*,*,#4052,.T.);
#5747=ORIENTED_EDGE('',*,*,#4039,.T.);
#5748=ORIENTED_EDGE('',*,*,#4050,.T.);
#5749=ORIENTED_EDGE('',*,*,#4040,.T.);
#5750=ORIENTED_EDGE('',*,*,#4069,.T.);
#5751=ORIENTED_EDGE('',*,*,#4070,.T.);
#5752=ORIENTED_EDGE('',*,*,#4071,.T.);
#5753=ORIENTED_EDGE('',*,*,#4072,.T.);
#5754=ORIENTED_EDGE('',*,*,#4073,.T.);
#5755=ORIENTED_EDGE('',*,*,#4074,.T.);
#5756=ORIENTED_EDGE('',*,*,#4075,.T.);
#5757=ORIENTED_EDGE('',*,*,#4076,.T.);
#5758=ORIENTED_EDGE('',*,*,#4077,.T.);
#5759=ORIENTED_EDGE('',*,*,#4078,.T.);
#5760=ORIENTED_EDGE('',*,*,#4079,.T.);
#5761=ORIENTED_EDGE('',*,*,#4080,.T.);
#5762=ORIENTED_EDGE('',*,*,#4081,.T.);
#5763=ORIENTED_EDGE('',*,*,#4082,.T.);
#5764=ORIENTED_EDGE('',*,*,#4083,.T.);
#5765=ORIENTED_EDGE('',*,*,#4084,.T.);
#5766=ORIENTED_EDGE('',*,*,#4085,.T.);
#5767=ORIENTED_EDGE('',*,*,#4086,.T.);
#5768=ORIENTED_EDGE('',*,*,#4087,.T.);
#5769=ORIENTED_EDGE('',*,*,#4088,.T.);
#5770=ORIENTED_EDGE('',*,*,#4089,.T.);
#5771=ORIENTED_EDGE('',*,*,#4090,.T.);
#5772=ORIENTED_EDGE('',*,*,#4091,.T.);
#5773=ORIENTED_EDGE('',*,*,#4092,.T.);
#5774=ORIENTED_EDGE('',*,*,#4033,.F.);
#5775=ORIENTED_EDGE('',*,*,#4079,.F.);
#5776=ORIENTED_EDGE('',*,*,#4093,.F.);
#5777=ORIENTED_EDGE('',*,*,#4073,.F.);
#5778=ORIENTED_EDGE('',*,*,#4094,.F.);
#5779=ORIENTED_EDGE('',*,*,#4093,.T.);
#5780=ORIENTED_EDGE('',*,*,#4095,.F.);
#5781=ORIENTED_EDGE('',*,*,#4034,.T.);
#5782=ORIENTED_EDGE('',*,*,#4076,.F.);
#5783=ORIENTED_EDGE('',*,*,#4032,.F.);
#5784=ORIENTED_EDGE('',*,*,#4059,.F.);
#5785=ORIENTED_EDGE('',*,*,#4035,.T.);
#5786=ORIENTED_EDGE('',*,*,#4058,.F.);
#5787=ORIENTED_EDGE('',*,*,#4028,.F.);
#5788=ORIENTED_EDGE('',*,*,#4080,.F.);
#5789=ORIENTED_EDGE('',*,*,#4096,.F.);
#5790=ORIENTED_EDGE('',*,*,#4077,.F.);
#5791=ORIENTED_EDGE('',*,*,#4027,.F.);
#5792=ORIENTED_EDGE('',*,*,#4083,.F.);
#5793=ORIENTED_EDGE('',*,*,#4095,.T.);
#5794=ORIENTED_EDGE('',*,*,#4078,.F.);
#5795=ORIENTED_EDGE('',*,*,#4097,.F.);
#5796=ORIENTED_EDGE('',*,*,#4067,.F.);
#5797=ORIENTED_EDGE('',*,*,#4094,.T.);
#5798=ORIENTED_EDGE('',*,*,#4066,.F.);
#5799=ORIENTED_EDGE('',*,*,#4098,.F.);
#5800=ORIENTED_EDGE('',*,*,#4074,.F.);
#5801=ORIENTED_EDGE('',*,*,#4030,.F.);
#5802=ORIENTED_EDGE('',*,*,#4075,.F.);
#5803=ORIENTED_EDGE('',*,*,#4099,.F.);
#5804=ORIENTED_EDGE('',*,*,#4069,.F.);
#5805=ORIENTED_EDGE('',*,*,#4097,.T.);
#5806=ORIENTED_EDGE('',*,*,#4096,.T.);
#5807=ORIENTED_EDGE('',*,*,#4100,.F.);
#5808=ORIENTED_EDGE('',*,*,#4099,.T.);
#5809=ORIENTED_EDGE('',*,*,#4098,.T.);
#5810=ORIENTED_EDGE('',*,*,#4101,.F.);
#5811=ORIENTED_EDGE('',*,*,#4031,.T.);
#5812=ORIENTED_EDGE('',*,*,#4072,.F.);
#5813=ORIENTED_EDGE('',*,*,#4102,.F.);
#5814=ORIENTED_EDGE('',*,*,#4060,.F.);
#5815=ORIENTED_EDGE('',*,*,#4029,.T.);
#5816=ORIENTED_EDGE('',*,*,#4056,.F.);
#5817=ORIENTED_EDGE('',*,*,#4103,.F.);
#5818=ORIENTED_EDGE('',*,*,#4084,.F.);
#5819=ORIENTED_EDGE('',*,*,#4024,.F.);
#5820=ORIENTED_EDGE('',*,*,#4081,.F.);
#5821=ORIENTED_EDGE('',*,*,#4104,.F.);
#5822=ORIENTED_EDGE('',*,*,#4087,.F.);
#5823=ORIENTED_EDGE('',*,*,#4100,.T.);
#5824=ORIENTED_EDGE('',*,*,#4082,.F.);
#5825=ORIENTED_EDGE('',*,*,#4026,.F.);
#5826=ORIENTED_EDGE('',*,*,#4061,.F.);
#5827=ORIENTED_EDGE('',*,*,#4101,.T.);
#5828=ORIENTED_EDGE('',*,*,#4065,.F.);
#5829=ORIENTED_EDGE('',*,*,#4022,.F.);
#5830=ORIENTED_EDGE('',*,*,#4070,.F.);
#5831=ORIENTED_EDGE('',*,*,#4105,.F.);
#5832=ORIENTED_EDGE('',*,*,#4071,.F.);
#5833=ORIENTED_EDGE('',*,*,#4021,.F.);
#5834=ORIENTED_EDGE('',*,*,#4089,.F.);
#5835=ORIENTED_EDGE('',*,*,#4102,.T.);
#5836=ORIENTED_EDGE('',*,*,#4105,.T.);
#5837=ORIENTED_EDGE('',*,*,#4106,.F.);
#5838=ORIENTED_EDGE('',*,*,#4104,.T.);
#5839=ORIENTED_EDGE('',*,*,#4103,.T.);
#5840=ORIENTED_EDGE('',*,*,#4107,.F.);
#5841=ORIENTED_EDGE('',*,*,#4106,.T.);
#5842=ORIENTED_EDGE('',*,*,#4092,.F.);
#5843=ORIENTED_EDGE('',*,*,#4108,.F.);
#5844=ORIENTED_EDGE('',*,*,#4054,.F.);
#5845=ORIENTED_EDGE('',*,*,#4107,.T.);
#5846=ORIENTED_EDGE('',*,*,#4055,.F.);
#5847=ORIENTED_EDGE('',*,*,#4109,.F.);
#5848=ORIENTED_EDGE('',*,*,#4088,.F.);
#5849=ORIENTED_EDGE('',*,*,#4025,.T.);
#5850=ORIENTED_EDGE('',*,*,#4086,.F.);
#5851=ORIENTED_EDGE('',*,*,#4020,.F.);
#5852=ORIENTED_EDGE('',*,*,#4062,.F.);
#5853=ORIENTED_EDGE('',*,*,#4023,.T.);
#5854=ORIENTED_EDGE('',*,*,#4063,.F.);
#5855=ORIENTED_EDGE('',*,*,#4019,.F.);
#5856=ORIENTED_EDGE('',*,*,#4090,.F.);
#5857=ORIENTED_EDGE('',*,*,#4109,.T.);
#5858=ORIENTED_EDGE('',*,*,#4108,.T.);
#5859=ORIENTED_EDGE('',*,*,#4110,.F.);
#5860=ORIENTED_EDGE('',*,*,#4110,.T.);
#5861=ORIENTED_EDGE('',*,*,#4091,.F.);
#5862=ORIENTED_EDGE('',*,*,#4018,.T.);
#5863=ORIENTED_EDGE('',*,*,#4085,.F.);
#5864=ORIENTED_EDGE('',*,*,#4111,.F.);
#5865=ORIENTED_EDGE('',*,*,#4112,.T.);
#5866=ORIENTED_EDGE('',*,*,#4113,.F.);
#5867=ORIENTED_EDGE('',*,*,#4112,.F.);
#5868=ORIENTED_EDGE('',*,*,#4114,.F.);
#5869=ORIENTED_EDGE('',*,*,#4115,.F.);
#5870=ORIENTED_EDGE('',*,*,#4116,.T.);
#5871=ORIENTED_EDGE('',*,*,#4117,.F.);
#5872=ORIENTED_EDGE('',*,*,#4116,.F.);
#5873=ORIENTED_EDGE('',*,*,#4118,.F.);
#5874=ORIENTED_EDGE('',*,*,#4119,.T.);
#5875=ORIENTED_EDGE('',*,*,#4120,.T.);
#5876=ORIENTED_EDGE('',*,*,#4121,.T.);
#5877=ORIENTED_EDGE('',*,*,#4119,.F.);
#5878=ORIENTED_EDGE('',*,*,#4122,.T.);
#5879=ORIENTED_EDGE('',*,*,#4120,.F.);
#5880=ORIENTED_EDGE('',*,*,#4121,.F.);
#5881=ORIENTED_EDGE('',*,*,#4122,.F.);
#5882=ORIENTED_EDGE('',*,*,#4123,.F.);
#5883=ORIENTED_EDGE('',*,*,#4124,.T.);
#5884=ORIENTED_EDGE('',*,*,#4125,.T.);
#5885=ORIENTED_EDGE('',*,*,#4124,.F.);
#5886=ORIENTED_EDGE('',*,*,#4126,.T.);
#5887=ORIENTED_EDGE('',*,*,#4123,.T.);
#5888=ORIENTED_EDGE('',*,*,#4126,.F.);
#5889=ORIENTED_EDGE('',*,*,#4114,.T.);
#5890=ORIENTED_EDGE('',*,*,#4115,.T.);
#5891=ORIENTED_EDGE('',*,*,#4127,.T.);
#5892=ORIENTED_EDGE('',*,*,#4111,.T.);
#5893=ORIENTED_EDGE('',*,*,#4127,.F.);
#5894=ORIENTED_EDGE('',*,*,#4113,.T.);
#5895=ORIENTED_EDGE('',*,*,#4118,.T.);
#5896=ORIENTED_EDGE('',*,*,#4117,.T.);
#5897=ORIENTED_EDGE('',*,*,#4125,.F.);
#5898=ORIENTED_EDGE('',*,*,#4128,.F.);
#5899=ORIENTED_EDGE('',*,*,#4129,.T.);
#5900=ORIENTED_EDGE('',*,*,#4130,.F.);
#5901=ORIENTED_EDGE('',*,*,#4129,.F.);
#5902=ORIENTED_EDGE('',*,*,#4131,.F.);
#5903=ORIENTED_EDGE('',*,*,#4132,.F.);
#5904=ORIENTED_EDGE('',*,*,#4133,.T.);
#5905=ORIENTED_EDGE('',*,*,#4134,.F.);
#5906=ORIENTED_EDGE('',*,*,#4133,.F.);
#5907=ORIENTED_EDGE('',*,*,#4135,.F.);
#5908=ORIENTED_EDGE('',*,*,#4136,.T.);
#5909=ORIENTED_EDGE('',*,*,#4137,.F.);
#5910=ORIENTED_EDGE('',*,*,#4136,.F.);
#5911=ORIENTED_EDGE('',*,*,#4138,.F.);
#5912=ORIENTED_EDGE('',*,*,#4139,.T.);
#5913=ORIENTED_EDGE('',*,*,#4140,.F.);
#5914=ORIENTED_EDGE('',*,*,#4139,.F.);
#5915=ORIENTED_EDGE('',*,*,#4141,.F.);
#5916=ORIENTED_EDGE('',*,*,#4142,.F.);
#5917=ORIENTED_EDGE('',*,*,#4143,.T.);
#5918=ORIENTED_EDGE('',*,*,#4144,.F.);
#5919=ORIENTED_EDGE('',*,*,#4145,.F.);
#5920=ORIENTED_EDGE('',*,*,#4143,.F.);
#5921=ORIENTED_EDGE('',*,*,#4146,.F.);
#5922=ORIENTED_EDGE('',*,*,#4147,.T.);
#5923=ORIENTED_EDGE('',*,*,#4148,.T.);
#5924=ORIENTED_EDGE('',*,*,#4149,.F.);
#5925=ORIENTED_EDGE('',*,*,#4150,.F.);
#5926=ORIENTED_EDGE('',*,*,#4151,.T.);
#5927=ORIENTED_EDGE('',*,*,#4152,.T.);
#5928=ORIENTED_EDGE('',*,*,#4153,.T.);
#5929=ORIENTED_EDGE('',*,*,#4154,.F.);
#5930=ORIENTED_EDGE('',*,*,#4155,.F.);
#5931=ORIENTED_EDGE('',*,*,#4156,.T.);
#5932=ORIENTED_EDGE('',*,*,#4157,.T.);
#5933=ORIENTED_EDGE('',*,*,#4158,.T.);
#5934=ORIENTED_EDGE('',*,*,#4159,.F.);
#5935=ORIENTED_EDGE('',*,*,#4160,.F.);
#5936=ORIENTED_EDGE('',*,*,#4158,.F.);
#5937=ORIENTED_EDGE('',*,*,#4161,.T.);
#5938=ORIENTED_EDGE('',*,*,#4152,.F.);
#5939=ORIENTED_EDGE('',*,*,#4141,.T.);
#5940=ORIENTED_EDGE('',*,*,#4142,.T.);
#5941=ORIENTED_EDGE('',*,*,#4162,.T.);
#5942=ORIENTED_EDGE('',*,*,#4138,.T.);
#5943=ORIENTED_EDGE('',*,*,#4162,.F.);
#5944=ORIENTED_EDGE('',*,*,#4163,.F.);
#5945=ORIENTED_EDGE('',*,*,#4164,.T.);
#5946=ORIENTED_EDGE('',*,*,#4144,.T.);
#5947=ORIENTED_EDGE('',*,*,#4145,.T.);
#5948=ORIENTED_EDGE('',*,*,#4164,.F.);
#5949=ORIENTED_EDGE('',*,*,#4131,.T.);
#5950=ORIENTED_EDGE('',*,*,#4132,.T.);
#5951=ORIENTED_EDGE('',*,*,#4165,.T.);
#5952=ORIENTED_EDGE('',*,*,#4135,.T.);
#5953=ORIENTED_EDGE('',*,*,#4165,.F.);
#5954=ORIENTED_EDGE('',*,*,#4134,.T.);
#5955=ORIENTED_EDGE('',*,*,#4128,.T.);
#5956=ORIENTED_EDGE('',*,*,#4130,.T.);
#5957=ORIENTED_EDGE('',*,*,#4166,.F.);
#5958=ORIENTED_EDGE('',*,*,#4167,.F.);
#5959=ORIENTED_EDGE('',*,*,#4168,.F.);
#5960=ORIENTED_EDGE('',*,*,#4161,.F.);
#5961=ORIENTED_EDGE('',*,*,#4169,.F.);
#5962=ORIENTED_EDGE('',*,*,#4170,.F.);
#5963=ORIENTED_EDGE('',*,*,#4137,.T.);
#5964=ORIENTED_EDGE('',*,*,#4163,.T.);
#5965=ORIENTED_EDGE('',*,*,#4140,.T.);
#5966=ORIENTED_EDGE('',*,*,#4170,.T.);
#5967=ORIENTED_EDGE('',*,*,#4171,.F.);
#5968=ORIENTED_EDGE('',*,*,#4172,.F.);
#5969=ORIENTED_EDGE('',*,*,#4173,.F.);
#5970=ORIENTED_EDGE('',*,*,#4174,.F.);
#5971=ORIENTED_EDGE('',*,*,#4175,.F.);
#5972=ORIENTED_EDGE('',*,*,#4169,.T.);
#5973=ORIENTED_EDGE('',*,*,#4157,.F.);
#5974=ORIENTED_EDGE('',*,*,#4176,.F.);
#5975=ORIENTED_EDGE('',*,*,#4153,.F.);
#5976=ORIENTED_EDGE('',*,*,#4168,.T.);
#5977=ORIENTED_EDGE('',*,*,#4177,.F.);
#5978=ORIENTED_EDGE('',*,*,#4167,.T.);
#5979=ORIENTED_EDGE('',*,*,#4178,.F.);
#5980=ORIENTED_EDGE('',*,*,#4179,.F.);
#5981=ORIENTED_EDGE('',*,*,#4180,.F.);
#5982=ORIENTED_EDGE('',*,*,#4166,.T.);
#5983=ORIENTED_EDGE('',*,*,#4181,.F.);
#5984=ORIENTED_EDGE('',*,*,#4148,.F.);
#5985=ORIENTED_EDGE('',*,*,#4182,.F.);
#5986=ORIENTED_EDGE('',*,*,#4183,.T.);
#5987=ORIENTED_EDGE('',*,*,#4184,.T.);
#5988=ORIENTED_EDGE('',*,*,#4146,.T.);
#5989=ORIENTED_EDGE('',*,*,#4185,.T.);
#5990=ORIENTED_EDGE('',*,*,#4186,.T.);
#5991=ORIENTED_EDGE('',*,*,#4187,.T.);
#5992=ORIENTED_EDGE('',*,*,#4188,.T.);
#5993=ORIENTED_EDGE('',*,*,#4155,.T.);
#5994=ORIENTED_EDGE('',*,*,#4189,.T.);
#5995=ORIENTED_EDGE('',*,*,#4150,.T.);
#5996=ORIENTED_EDGE('',*,*,#4190,.T.);
#5997=ORIENTED_EDGE('',*,*,#4191,.T.);
#5998=ORIENTED_EDGE('',*,*,#4192,.T.);
#5999=ORIENTED_EDGE('',*,*,#4172,.T.);
#6000=ORIENTED_EDGE('',*,*,#4193,.F.);
#6001=ORIENTED_EDGE('',*,*,#4186,.F.);
#6002=ORIENTED_EDGE('',*,*,#4193,.T.);
#6003=ORIENTED_EDGE('',*,*,#4171,.T.);
#6004=ORIENTED_EDGE('',*,*,#4175,.T.);
#6005=ORIENTED_EDGE('',*,*,#4194,.F.);
#6006=ORIENTED_EDGE('',*,*,#4187,.F.);
#6007=ORIENTED_EDGE('',*,*,#4194,.T.);
#6008=ORIENTED_EDGE('',*,*,#4174,.T.);
#6009=ORIENTED_EDGE('',*,*,#4156,.F.);
#6010=ORIENTED_EDGE('',*,*,#4188,.F.);
#6011=ORIENTED_EDGE('',*,*,#4159,.T.);
#6012=ORIENTED_EDGE('',*,*,#4160,.T.);
#6013=ORIENTED_EDGE('',*,*,#4151,.F.);
#6014=ORIENTED_EDGE('',*,*,#4189,.F.);
#6015=ORIENTED_EDGE('',*,*,#4154,.T.);
#6016=ORIENTED_EDGE('',*,*,#4176,.T.);
#6017=ORIENTED_EDGE('',*,*,#4195,.F.);
#6018=ORIENTED_EDGE('',*,*,#4190,.F.);
#6019=ORIENTED_EDGE('',*,*,#4195,.T.);
#6020=ORIENTED_EDGE('',*,*,#4177,.T.);
#6021=ORIENTED_EDGE('',*,*,#4180,.T.);
#6022=ORIENTED_EDGE('',*,*,#4196,.F.);
#6023=ORIENTED_EDGE('',*,*,#4191,.F.);
#6024=ORIENTED_EDGE('',*,*,#4196,.T.);
#6025=ORIENTED_EDGE('',*,*,#4179,.T.);
#6026=ORIENTED_EDGE('',*,*,#4197,.F.);
#6027=ORIENTED_EDGE('',*,*,#4183,.F.);
#6028=ORIENTED_EDGE('',*,*,#4197,.T.);
#6029=ORIENTED_EDGE('',*,*,#4178,.T.);
#6030=ORIENTED_EDGE('',*,*,#4182,.T.);
#6031=ORIENTED_EDGE('',*,*,#4147,.F.);
#6032=ORIENTED_EDGE('',*,*,#4184,.F.);
#6033=ORIENTED_EDGE('',*,*,#4149,.T.);
#6034=ORIENTED_EDGE('',*,*,#4181,.T.);
#6035=ORIENTED_EDGE('',*,*,#4173,.T.);
#6036=ORIENTED_EDGE('',*,*,#4192,.F.);
#6037=ORIENTED_EDGE('',*,*,#4185,.F.);
#6038=ORIENTED_EDGE('',*,*,#4198,.T.);
#6039=ORIENTED_EDGE('',*,*,#4199,.T.);
#6040=ORIENTED_EDGE('',*,*,#4200,.F.);
#6041=ORIENTED_EDGE('',*,*,#4199,.F.);
#6042=ORIENTED_EDGE('',*,*,#4201,.T.);
#6043=ORIENTED_EDGE('',*,*,#4202,.T.);
#6044=ORIENTED_EDGE('',*,*,#4203,.F.);
#6045=ORIENTED_EDGE('',*,*,#4202,.F.);
#6046=ORIENTED_EDGE('',*,*,#4203,.T.);
#6047=ORIENTED_EDGE('',*,*,#4198,.F.);
#6048=ORIENTED_EDGE('',*,*,#4201,.F.);
#6049=ORIENTED_EDGE('',*,*,#4200,.T.);
#6050=ORIENTED_EDGE('',*,*,#4204,.T.);
#6051=ORIENTED_EDGE('',*,*,#4205,.T.);
#6052=ORIENTED_EDGE('',*,*,#4206,.F.);
#6053=ORIENTED_EDGE('',*,*,#4205,.F.);
#6054=ORIENTED_EDGE('',*,*,#4207,.T.);
#6055=ORIENTED_EDGE('',*,*,#4208,.T.);
#6056=ORIENTED_EDGE('',*,*,#4209,.F.);
#6057=ORIENTED_EDGE('',*,*,#4208,.F.);
#6058=ORIENTED_EDGE('',*,*,#4209,.T.);
#6059=ORIENTED_EDGE('',*,*,#4204,.F.);
#6060=ORIENTED_EDGE('',*,*,#4207,.F.);
#6061=ORIENTED_EDGE('',*,*,#4206,.T.);
#6062=CYLINDRICAL_SURFACE('',#6678,2.75000000000001);
#6063=CYLINDRICAL_SURFACE('',#6681,2.75);
#6064=CYLINDRICAL_SURFACE('',#6684,2.75);
#6065=CYLINDRICAL_SURFACE('',#6687,2.75000000000001);
#6066=CYLINDRICAL_SURFACE('',#6690,2.75);
#6067=CYLINDRICAL_SURFACE('',#6693,2.75);
#6068=CYLINDRICAL_SURFACE('',#6696,3.00000000000001);
#6069=CYLINDRICAL_SURFACE('',#6701,0.812800000000002);
#6070=CYLINDRICAL_SURFACE('',#6704,0.812800000000002);
#6071=CYLINDRICAL_SURFACE('',#6719,3.8128);
#6072=CYLINDRICAL_SURFACE('',#6720,10.);
#6073=CYLINDRICAL_SURFACE('',#6724,10.);
#6074=CYLINDRICAL_SURFACE('',#6728,10.);
#6075=CYLINDRICAL_SURFACE('',#6732,3.00000000000001);
#6076=CYLINDRICAL_SURFACE('',#6748,3.8128);
#6077=CYLINDRICAL_SURFACE('',#6749,20.);
#6078=CYLINDRICAL_SURFACE('',#6762,0.812799999999997);
#6079=CYLINDRICAL_SURFACE('',#6763,10.);
#6080=CYLINDRICAL_SURFACE('',#6767,10.);
#6081=CYLINDRICAL_SURFACE('',#6771,10.);
#6082=CYLINDRICAL_SURFACE('',#6774,3.8128);
#6083=CYLINDRICAL_SURFACE('',#6775,3.00000000000001);
#6084=CYLINDRICAL_SURFACE('',#6781,3.);
#6085=CYLINDRICAL_SURFACE('',#6799,3.8128);
#6086=CYLINDRICAL_SURFACE('',#6800,0.812800000000002);
#6087=CYLINDRICAL_SURFACE('',#6801,20.);
#6088=CYLINDRICAL_SURFACE('',#6808,2.75000000000001);
#6089=CYLINDRICAL_SURFACE('',#6811,2.75);
#6090=CYLINDRICAL_SURFACE('',#6815,10.);
#6091=CYLINDRICAL_SURFACE('',#6819,10.);
#6092=CYLINDRICAL_SURFACE('',#6823,10.);
#6093=CYLINDRICAL_SURFACE('',#6831,10.);
#6094=CYLINDRICAL_SURFACE('',#6835,10.);
#6095=CYLINDRICAL_SURFACE('',#6839,10.);
#6096=CYLINDRICAL_SURFACE('',#6853,0.702799999999997);
#6097=CYLINDRICAL_SURFACE('',#6855,0.702799999999997);
#6098=CYLINDRICAL_SURFACE('',#6858,0.7128);
#6099=CYLINDRICAL_SURFACE('',#6860,0.7128);
#6100=CYLINDRICAL_SURFACE('',#6862,2.75);
#6101=CYLINDRICAL_SURFACE('',#6865,2.75);
#6102=CYLINDRICAL_SURFACE('',#6868,20.);
#6103=CYLINDRICAL_SURFACE('',#6883,3.00000000000001);
#6104=CYLINDRICAL_SURFACE('',#6895,3.00000000000001);
#6105=CYLINDRICAL_SURFACE('',#6901,20.);
#6106=CYLINDRICAL_SURFACE('',#6905,0.702799999999997);
#6107=CYLINDRICAL_SURFACE('',#6907,0.702799999999997);
#6108=CYLINDRICAL_SURFACE('',#6909,0.702799999999997);
#6109=CYLINDRICAL_SURFACE('',#6911,0.702799999999997);
#6110=CYLINDRICAL_SURFACE('',#6914,0.7128);
#6111=CYLINDRICAL_SURFACE('',#6916,0.7128);
#6112=CYLINDRICAL_SURFACE('',#6918,0.7128);
#6113=CYLINDRICAL_SURFACE('',#6920,0.712799999999998);
#6114=CYLINDRICAL_SURFACE('',#6943,0.702799999999997);
#6115=CYLINDRICAL_SURFACE('',#6945,0.702799999999997);
#6116=CYLINDRICAL_SURFACE('',#6948,0.7128);
#6117=CYLINDRICAL_SURFACE('',#6950,0.7128);
#6118=CYLINDRICAL_SURFACE('',#6954,3.00000000000001);
#6119=CYLINDRICAL_SURFACE('',#6966,3.00000000000001);
#6120=CYLINDRICAL_SURFACE('',#6977,0.702799999999997);
#6121=CYLINDRICAL_SURFACE('',#6979,0.702799999999997);
#6122=CYLINDRICAL_SURFACE('',#6982,0.7128);
#6123=CYLINDRICAL_SURFACE('',#6984,0.7128);
#6124=CYLINDRICAL_SURFACE('',#6987,2.75);
#6125=CYLINDRICAL_SURFACE('',#6990,2.75);
#6126=CYLINDRICAL_SURFACE('',#7020,5.50000000000001);
#6127=CYLINDRICAL_SURFACE('',#7026,5.49999999999998);
#6128=CYLINDRICAL_SURFACE('',#7038,2.99999999999998);
#6129=CYLINDRICAL_SURFACE('',#7044,3.);
#6130=CYLINDRICAL_SURFACE('',#7047,2.75);
#6131=CYLINDRICAL_SURFACE('',#7049,2.75);
#6132=CYLINDRICAL_SURFACE('',#7051,2.75);
#6133=CYLINDRICAL_SURFACE('',#7053,2.75);
#6134=CYLINDRICAL_SURFACE('',#7055,10.);
#6135=CYLINDRICAL_SURFACE('',#7056,10.);
#6136=CYLINDRICAL_SURFACE('',#7057,10.);
#6137=CYLINDRICAL_SURFACE('',#7058,10.);
#6138=CYLINDRICAL_SURFACE('',#7059,4.75);
#6139=CYLINDRICAL_SURFACE('',#7061,4.75000000000003);
#6140=CYLINDRICAL_SURFACE('',#7063,4.75);
#6141=CYLINDRICAL_SURFACE('',#7065,4.75000000000003);
#6142=CYLINDRICAL_SURFACE('',#7091,0.818331278261952);
#6143=CYLINDRICAL_SURFACE('',#7093,0.2375);
#6144=CYLINDRICAL_SURFACE('',#7095,0.2375);
#6145=CYLINDRICAL_SURFACE('',#7100,2.0828);
#6146=CYLINDRICAL_SURFACE('',#7102,3.96);
#6147=CYLINDRICAL_SURFACE('',#7127,0.818331278261952);
#6148=CYLINDRICAL_SURFACE('',#7128,0.2375);
#6149=CYLINDRICAL_SURFACE('',#7129,0.818331278261952);
#6150=CYLINDRICAL_SURFACE('',#7130,0.818331278261952);
#6151=CYLINDRICAL_SURFACE('',#7131,0.818331278261952);
#6152=CYLINDRICAL_SURFACE('',#7132,0.2375);
#6153=CYLINDRICAL_SURFACE('',#7133,0.818331278261952);
#6154=CYLINDRICAL_SURFACE('',#7134,0.2375);
#6155=CYLINDRICAL_SURFACE('',#7135,0.2375);
#6156=CYLINDRICAL_SURFACE('',#7137,2.15);
#6157=CYLINDRICAL_SURFACE('',#7140,4.5);
#6158=CYLINDRICAL_SURFACE('',#7195,2.0828);
#6159=CYLINDRICAL_SURFACE('',#7204,0.1);
#6160=CYLINDRICAL_SURFACE('',#7209,0.1);
#6161=CYLINDRICAL_SURFACE('',#7213,0.1);
#6162=CYLINDRICAL_SURFACE('',#7221,0.1);
#6163=CYLINDRICAL_SURFACE('',#7223,0.1);
#6164=CYLINDRICAL_SURFACE('',#7233,0.1);
#6165=CYLINDRICAL_SURFACE('',#7242,1.7272);
#6166=CYLINDRICAL_SURFACE('',#7247,1.7272);
#6167=CYLINDRICAL_SURFACE('',#7251,6.35);
#6168=CYLINDRICAL_SURFACE('',#7278,0.818331278261952);
#6169=CYLINDRICAL_SURFACE('',#7280,0.2375);
#6170=CYLINDRICAL_SURFACE('',#7282,0.2375);
#6171=CYLINDRICAL_SURFACE('',#7287,2.0828);
#6172=CYLINDRICAL_SURFACE('',#7289,3.96);
#6173=CYLINDRICAL_SURFACE('',#7314,0.818331278261952);
#6174=CYLINDRICAL_SURFACE('',#7315,0.2375);
#6175=CYLINDRICAL_SURFACE('',#7316,0.818331278261952);
#6176=CYLINDRICAL_SURFACE('',#7317,0.818331278261952);
#6177=CYLINDRICAL_SURFACE('',#7318,0.818331278261952);
#6178=CYLINDRICAL_SURFACE('',#7319,0.2375);
#6179=CYLINDRICAL_SURFACE('',#7320,0.818331278261952);
#6180=CYLINDRICAL_SURFACE('',#7321,0.2375);
#6181=CYLINDRICAL_SURFACE('',#7322,0.2375);
#6182=CYLINDRICAL_SURFACE('',#7324,2.7);
#6183=CYLINDRICAL_SURFACE('',#7327,7.375);
#6184=CYLINDRICAL_SURFACE('',#7333,2.5);
#6185=CYLINDRICAL_SURFACE('',#7336,12.5);
#6186=ADVANCED_FACE('',(#593),#6062,.F.);
#6187=ADVANCED_FACE('',(#594),#6063,.F.);
#6188=ADVANCED_FACE('',(#595),#6064,.F.);
#6189=ADVANCED_FACE('',(#596),#6065,.F.);
#6190=ADVANCED_FACE('',(#597),#6066,.F.);
#6191=ADVANCED_FACE('',(#598),#6067,.F.);
#6192=ADVANCED_FACE('',(#599),#6068,.F.);
#6193=ADVANCED_FACE('',(#600),#6069,.F.);
#6194=ADVANCED_FACE('',(#601),#6070,.F.);
#6195=ADVANCED_FACE('',(#602),#425,.F.);
#6196=ADVANCED_FACE('',(#603),#426,.F.);
#6197=ADVANCED_FACE('',(#604),#427,.F.);
#6198=ADVANCED_FACE('',(#605),#428,.F.);
#6199=ADVANCED_FACE('',(#606),#429,.T.);
#6200=ADVANCED_FACE('',(#607),#430,.T.);
#6201=ADVANCED_FACE('',(#608),#431,.F.);
#6202=ADVANCED_FACE('',(#609),#432,.F.);
#6203=ADVANCED_FACE('',(#610),#433,.T.);
#6204=ADVANCED_FACE('',(#611),#434,.T.);
#6205=ADVANCED_FACE('',(#612),#6071,.T.);
#6206=ADVANCED_FACE('',(#613),#6072,.F.);
#6207=ADVANCED_FACE('',(#614),#435,.F.);
#6208=ADVANCED_FACE('',(#615),#6073,.T.);
#6209=ADVANCED_FACE('',(#616),#436,.T.);
#6210=ADVANCED_FACE('',(#617),#6074,.T.);
#6211=ADVANCED_FACE('',(#618),#437,.T.);
#6212=ADVANCED_FACE('',(#619),#6075,.T.);
#6213=ADVANCED_FACE('',(#620),#438,.T.);
#6214=ADVANCED_FACE('',(#621,#377,#378),#439,.T.);
#6215=ADVANCED_FACE('',(#622),#440,.T.);
#6216=ADVANCED_FACE('',(#623),#441,.F.);
#6217=ADVANCED_FACE('',(#624),#442,.F.);
#6218=ADVANCED_FACE('',(#625,#379),#443,.F.);
#6219=ADVANCED_FACE('',(#626),#444,.F.);
#6220=ADVANCED_FACE('',(#627,#380),#445,.F.);
#6221=ADVANCED_FACE('',(#628),#446,.F.);
#6222=ADVANCED_FACE('',(#629),#447,.T.);
#6223=ADVANCED_FACE('',(#630),#448,.T.);
#6224=ADVANCED_FACE('',(#631),#6076,.T.);
#6225=ADVANCED_FACE('',(#632),#6077,.T.);
#6226=ADVANCED_FACE('',(#633),#449,.F.);
#6227=ADVANCED_FACE('',(#634),#450,.T.);
#6228=ADVANCED_FACE('',(#635,#381),#451,.F.);
#6229=ADVANCED_FACE('',(#636,#382),#452,.T.);
#6230=ADVANCED_FACE('',(#637),#453,.T.);
#6231=ADVANCED_FACE('',(#638),#454,.T.);
#6232=ADVANCED_FACE('',(#639),#6078,.F.);
#6233=ADVANCED_FACE('',(#640),#6079,.T.);
#6234=ADVANCED_FACE('',(#641),#455,.T.);
#6235=ADVANCED_FACE('',(#642),#6080,.T.);
#6236=ADVANCED_FACE('',(#643),#456,.F.);
#6237=ADVANCED_FACE('',(#644),#6081,.F.);
#6238=ADVANCED_FACE('',(#645),#6082,.T.);
#6239=ADVANCED_FACE('',(#646),#6083,.F.);
#6240=ADVANCED_FACE('',(#647),#457,.T.);
#6241=ADVANCED_FACE('',(#648),#6084,.T.);
#6242=ADVANCED_FACE('',(#649),#458,.T.);
#6243=ADVANCED_FACE('',(#650,#383,#384),#459,.T.);
#6244=ADVANCED_FACE('',(#651),#460,.F.);
#6245=ADVANCED_FACE('',(#652,#385),#461,.F.);
#6246=ADVANCED_FACE('',(#653),#462,.F.);
#6247=ADVANCED_FACE('',(#654,#386),#463,.F.);
#6248=ADVANCED_FACE('',(#655),#464,.F.);
#6249=ADVANCED_FACE('',(#656),#465,.F.);
#6250=ADVANCED_FACE('',(#657),#466,.T.);
#6251=ADVANCED_FACE('',(#658),#467,.T.);
#6252=ADVANCED_FACE('',(#659),#468,.T.);
#6253=ADVANCED_FACE('',(#660),#6085,.T.);
#6254=ADVANCED_FACE('',(#661),#6086,.F.);
#6255=ADVANCED_FACE('',(#662),#6087,.T.);
#6256=ADVANCED_FACE('',(#663,#387),#469,.T.);
#6257=ADVANCED_FACE('',(#664),#470,.T.);
#6258=ADVANCED_FACE('',(#665,#388),#471,.F.);
#6259=ADVANCED_FACE('',(#666),#472,.F.);
#6260=ADVANCED_FACE('',(#667),#6088,.F.);
#6261=ADVANCED_FACE('',(#668),#6089,.F.);
#6262=ADVANCED_FACE('',(#669),#473,.T.);
#6263=ADVANCED_FACE('',(#670),#6090,.T.);
#6264=ADVANCED_FACE('',(#671),#474,.T.);
#6265=ADVANCED_FACE('',(#672),#6091,.T.);
#6266=ADVANCED_FACE('',(#673),#475,.T.);
#6267=ADVANCED_FACE('',(#674),#6092,.F.);
#6268=ADVANCED_FACE('',(#675),#476,.T.);
#6269=ADVANCED_FACE('',(#676),#6093,.F.);
#6270=ADVANCED_FACE('',(#677),#477,.T.);
#6271=ADVANCED_FACE('',(#678),#6094,.T.);
#6272=ADVANCED_FACE('',(#679),#478,.T.);
#6273=ADVANCED_FACE('',(#680),#6095,.T.);
#6274=ADVANCED_FACE('',(#681),#479,.F.);
#6275=ADVANCED_FACE('',(#682),#480,.F.);
#6276=ADVANCED_FACE('',(#683),#210,.T.);
#6277=ADVANCED_FACE('',(#684),#481,.F.);
#6278=ADVANCED_FACE('',(#685),#211,.T.);
#6279=ADVANCED_FACE('',(#686),#482,.F.);
#6280=ADVANCED_FACE('',(#687),#212,.T.);
#6281=ADVANCED_FACE('',(#688),#483,.F.);
#6282=ADVANCED_FACE('',(#689),#213,.T.);
#6283=ADVANCED_FACE('',(#690),#484,.F.);
#6284=ADVANCED_FACE('',(#691,#389),#485,.F.);
#6285=ADVANCED_FACE('',(#692),#6096,.F.);
#6286=ADVANCED_FACE('',(#693),#486,.F.);
#6287=ADVANCED_FACE('',(#694),#6097,.F.);
#6288=ADVANCED_FACE('',(#695,#390),#487,.F.);
#6289=ADVANCED_FACE('',(#696,#391),#488,.T.);
#6290=ADVANCED_FACE('',(#697),#6098,.T.);
#6291=ADVANCED_FACE('',(#698),#489,.T.);
#6292=ADVANCED_FACE('',(#699),#6099,.T.);
#6293=ADVANCED_FACE('',(#700,#392),#490,.T.);
#6294=ADVANCED_FACE('',(#701),#6100,.F.);
#6295=ADVANCED_FACE('',(#702),#6101,.F.);
#6296=ADVANCED_FACE('',(#703),#6102,.T.);
#6297=ADVANCED_FACE('',(#704),#491,.F.);
#6298=ADVANCED_FACE('',(#705),#492,.T.);
#6299=ADVANCED_FACE('',(#706),#6103,.F.);
#6300=ADVANCED_FACE('',(#707),#493,.T.);
#6301=ADVANCED_FACE('',(#708),#214,.T.);
#6302=ADVANCED_FACE('',(#709),#494,.T.);
#6303=ADVANCED_FACE('',(#710),#215,.T.);
#6304=ADVANCED_FACE('',(#711),#495,.T.);
#6305=ADVANCED_FACE('',(#712),#216,.T.);
#6306=ADVANCED_FACE('',(#713),#496,.T.);
#6307=ADVANCED_FACE('',(#714),#217,.T.);
#6308=ADVANCED_FACE('',(#715),#497,.T.);
#6309=ADVANCED_FACE('',(#716),#6104,.F.);
#6310=ADVANCED_FACE('',(#717),#498,.T.);
#6311=ADVANCED_FACE('',(#718),#6105,.T.);
#6312=ADVANCED_FACE('',(#719,#393),#499,.F.);
#6313=ADVANCED_FACE('',(#720),#6106,.F.);
#6314=ADVANCED_FACE('',(#721),#500,.F.);
#6315=ADVANCED_FACE('',(#722),#6107,.F.);
#6316=ADVANCED_FACE('',(#723),#501,.F.);
#6317=ADVANCED_FACE('',(#724),#6108,.F.);
#6318=ADVANCED_FACE('',(#725),#502,.F.);
#6319=ADVANCED_FACE('',(#726),#6109,.F.);
#6320=ADVANCED_FACE('',(#727,#394),#503,.F.);
#6321=ADVANCED_FACE('',(#728,#395),#504,.T.);
#6322=ADVANCED_FACE('',(#729),#6110,.T.);
#6323=ADVANCED_FACE('',(#730),#505,.T.);
#6324=ADVANCED_FACE('',(#731),#6111,.T.);
#6325=ADVANCED_FACE('',(#732),#506,.T.);
#6326=ADVANCED_FACE('',(#733),#6112,.T.);
#6327=ADVANCED_FACE('',(#734),#507,.T.);
#6328=ADVANCED_FACE('',(#735),#6113,.T.);
#6329=ADVANCED_FACE('',(#736,#396),#508,.T.);
#6330=ADVANCED_FACE('',(#737),#218,.T.);
#6331=ADVANCED_FACE('',(#738),#509,.F.);
#6332=ADVANCED_FACE('',(#739),#219,.T.);
#6333=ADVANCED_FACE('',(#740),#510,.F.);
#6334=ADVANCED_FACE('',(#741),#220,.T.);
#6335=ADVANCED_FACE('',(#742),#511,.F.);
#6336=ADVANCED_FACE('',(#743),#221,.T.);
#6337=ADVANCED_FACE('',(#744),#512,.F.);
#6338=ADVANCED_FACE('',(#745),#513,.T.);
#6339=ADVANCED_FACE('',(#746),#514,.T.);
#6340=ADVANCED_FACE('',(#747),#222,.T.);
#6341=ADVANCED_FACE('',(#748),#515,.T.);
#6342=ADVANCED_FACE('',(#749),#223,.T.);
#6343=ADVANCED_FACE('',(#750),#516,.T.);
#6344=ADVANCED_FACE('',(#751),#224,.T.);
#6345=ADVANCED_FACE('',(#752),#517,.T.);
#6346=ADVANCED_FACE('',(#753),#225,.T.);
#6347=ADVANCED_FACE('',(#754),#518,.T.);
#6348=ADVANCED_FACE('',(#755),#519,.F.);
#6349=ADVANCED_FACE('',(#756),#520,.F.);
#6350=ADVANCED_FACE('',(#757),#521,.F.);
#6351=ADVANCED_FACE('',(#758),#6114,.F.);
#6352=ADVANCED_FACE('',(#759),#522,.F.);
#6353=ADVANCED_FACE('',(#760),#6115,.F.);
#6354=ADVANCED_FACE('',(#761),#523,.F.);
#6355=ADVANCED_FACE('',(#762),#524,.T.);
#6356=ADVANCED_FACE('',(#763),#6116,.T.);
#6357=ADVANCED_FACE('',(#764),#525,.T.);
#6358=ADVANCED_FACE('',(#765),#6117,.T.);
#6359=ADVANCED_FACE('',(#766),#526,.T.);
#6360=ADVANCED_FACE('',(#767),#226,.T.);
#6361=ADVANCED_FACE('',(#768),#527,.F.);
#6362=ADVANCED_FACE('',(#769),#227,.T.);
#6363=ADVANCED_FACE('',(#770),#528,.F.);
#6364=ADVANCED_FACE('',(#771),#6118,.F.);
#6365=ADVANCED_FACE('',(#772),#529,.T.);
#6366=ADVANCED_FACE('',(#773),#228,.T.);
#6367=ADVANCED_FACE('',(#774),#530,.T.);
#6368=ADVANCED_FACE('',(#775),#229,.T.);
#6369=ADVANCED_FACE('',(#776),#531,.T.);
#6370=ADVANCED_FACE('',(#777),#230,.T.);
#6371=ADVANCED_FACE('',(#778),#532,.T.);
#6372=ADVANCED_FACE('',(#779),#231,.T.);
#6373=ADVANCED_FACE('',(#780),#533,.T.);
#6374=ADVANCED_FACE('',(#781),#6119,.F.);
#6375=ADVANCED_FACE('',(#782),#534,.F.);
#6376=ADVANCED_FACE('',(#783),#232,.T.);
#6377=ADVANCED_FACE('',(#784),#535,.F.);
#6378=ADVANCED_FACE('',(#785),#233,.T.);
#6379=ADVANCED_FACE('',(#786),#536,.F.);
#6380=ADVANCED_FACE('',(#787),#537,.F.);
#6381=ADVANCED_FACE('',(#788),#6120,.F.);
#6382=ADVANCED_FACE('',(#789),#538,.F.);
#6383=ADVANCED_FACE('',(#790),#6121,.F.);
#6384=ADVANCED_FACE('',(#791),#539,.F.);
#6385=ADVANCED_FACE('',(#792),#540,.T.);
#6386=ADVANCED_FACE('',(#793),#6122,.T.);
#6387=ADVANCED_FACE('',(#794),#541,.T.);
#6388=ADVANCED_FACE('',(#795),#6123,.T.);
#6389=ADVANCED_FACE('',(#796),#542,.T.);
#6390=ADVANCED_FACE('',(#797),#6124,.F.);
#6391=ADVANCED_FACE('',(#798),#6125,.F.);
#6392=ADVANCED_FACE('',(#799),#543,.T.);
#6393=ADVANCED_FACE('',(#800),#544,.T.);
#6394=ADVANCED_FACE('',(#801),#545,.T.);
#6395=ADVANCED_FACE('',(#802),#546,.T.);
#6396=ADVANCED_FACE('',(#803),#547,.T.);
#6397=ADVANCED_FACE('',(#804),#548,.T.);
#6398=ADVANCED_FACE('',(#805),#549,.T.);
#6399=ADVANCED_FACE('',(#806),#550,.T.);
#6400=ADVANCED_FACE('',(#807,#397),#551,.F.);
#6401=ADVANCED_FACE('',(#808),#552,.T.);
#6402=ADVANCED_FACE('',(#809,#398),#553,.T.);
#6403=ADVANCED_FACE('',(#810),#6126,.T.);
#6404=ADVANCED_FACE('',(#811,#399,#400,#401,#402),#554,.T.);
#6405=ADVANCED_FACE('',(#812),#6127,.T.);
#6406=ADVANCED_FACE('',(#813,#403),#555,.T.);
#6407=ADVANCED_FACE('',(#814),#556,.T.);
#6408=ADVANCED_FACE('',(#815,#404),#557,.F.);
#6409=ADVANCED_FACE('',(#816),#6128,.F.);
#6410=ADVANCED_FACE('',(#817,#405,#406,#407,#408),#558,.F.);
#6411=ADVANCED_FACE('',(#818),#6129,.F.);
#6412=ADVANCED_FACE('',(#819),#559,.T.);
#6413=ADVANCED_FACE('',(#820),#560,.F.);
#6414=ADVANCED_FACE('',(#821),#6130,.F.);
#6415=ADVANCED_FACE('',(#822),#561,.F.);
#6416=ADVANCED_FACE('',(#823),#6131,.F.);
#6417=ADVANCED_FACE('',(#824),#562,.F.);
#6418=ADVANCED_FACE('',(#825),#6132,.F.);
#6419=ADVANCED_FACE('',(#826),#563,.F.);
#6420=ADVANCED_FACE('',(#827),#6133,.F.);
#6421=ADVANCED_FACE('',(#828),#564,.F.);
#6422=ADVANCED_FACE('',(#829),#6134,.T.);
#6423=ADVANCED_FACE('',(#830),#6135,.T.);
#6424=ADVANCED_FACE('',(#831),#6136,.T.);
#6425=ADVANCED_FACE('',(#832),#6137,.T.);
#6426=ADVANCED_FACE('',(#833),#6138,.F.);
#6427=ADVANCED_FACE('',(#834),#565,.F.);
#6428=ADVANCED_FACE('',(#835),#6139,.F.);
#6429=ADVANCED_FACE('',(#836),#566,.F.);
#6430=ADVANCED_FACE('',(#837),#6140,.F.);
#6431=ADVANCED_FACE('',(#838),#567,.F.);
#6432=ADVANCED_FACE('',(#839),#6141,.F.);
#6433=ADVANCED_FACE('',(#840),#568,.F.);
#6434=ADVANCED_FACE('',(#841),#177,.T.);
#6435=ADVANCED_FACE('',(#842),#178,.T.);
#6436=ADVANCED_FACE('',(#843),#179,.T.);
#6437=ADVANCED_FACE('',(#844),#180,.T.);
#6438=ADVANCED_FACE('',(#845),#181,.T.);
#6439=ADVANCED_FACE('',(#846),#6142,.T.);
#6440=ADVANCED_FACE('',(#847),#6143,.F.);
#6441=ADVANCED_FACE('',(#848),#6144,.F.);
#6442=ADVANCED_FACE('',(#849),#157,.F.);
#6443=ADVANCED_FACE('',(#850),#158,.T.);
#6444=ADVANCED_FACE('',(#851),#6145,.T.);
#6445=ADVANCED_FACE('',(#852),#6146,.T.);
#6446=ADVANCED_FACE('',(#853,#409),#143,.T.);
#6447=ADVANCED_FACE('',(#854,#410),#569,.F.);
#6448=ADVANCED_FACE('',(#855,#411),#570,.F.);
#6449=ADVANCED_FACE('',(#856),#571,.F.);
#6450=ADVANCED_FACE('',(#857),#159,.F.);
#6451=ADVANCED_FACE('',(#858),#160,.F.);
#6452=ADVANCED_FACE('',(#859),#161,.F.);
#6453=ADVANCED_FACE('',(#860),#162,.F.);
#6454=ADVANCED_FACE('',(#861),#163,.F.);
#6455=ADVANCED_FACE('',(#862),#572,.T.);
#6456=ADVANCED_FACE('',(#863),#6147,.T.);
#6457=ADVANCED_FACE('',(#864),#6148,.F.);
#6458=ADVANCED_FACE('',(#865),#6149,.T.);
#6459=ADVANCED_FACE('',(#866),#6150,.T.);
#6460=ADVANCED_FACE('',(#867),#6151,.T.);
#6461=ADVANCED_FACE('',(#868),#6152,.F.);
#6462=ADVANCED_FACE('',(#869),#6153,.T.);
#6463=ADVANCED_FACE('',(#870),#6154,.F.);
#6464=ADVANCED_FACE('',(#871),#6155,.F.);
#6465=ADVANCED_FACE('',(#872),#6156,.F.);
#6466=ADVANCED_FACE('',(#873),#6157,.T.);
#6467=ADVANCED_FACE('',(#874,#412),#573,.T.);
#6468=ADVANCED_FACE('',(#875,#413),#574,.F.);
#6469=ADVANCED_FACE('',(#876),#144,.T.);
#6470=ADVANCED_FACE('',(#877),#145,.T.);
#6471=ADVANCED_FACE('',(#878),#146,.T.);
#6472=ADVANCED_FACE('',(#879),#147,.T.);
#6473=ADVANCED_FACE('',(#880),#148,.T.);
#6474=ADVANCED_FACE('',(#881),#149,.T.);
#6475=ADVANCED_FACE('',(#882),#182,.T.);
#6476=ADVANCED_FACE('',(#883),#183,.T.);
#6477=ADVANCED_FACE('',(#884),#184,.F.);
#6478=ADVANCED_FACE('',(#885),#185,.T.);
#6479=ADVANCED_FACE('',(#886),#186,.T.);
#6480=ADVANCED_FACE('',(#887),#164,.T.);
#6481=ADVANCED_FACE('',(#888),#165,.T.);
#6482=ADVANCED_FACE('',(#889),#6158,.F.);
#6483=ADVANCED_FACE('',(#890,#414),#575,.T.);
#6484=ADVANCED_FACE('',(#891,#415),#576,.F.);
#6485=ADVANCED_FACE('',(#892),#577,.F.);
#6486=ADVANCED_FACE('',(#893),#578,.F.);
#6487=ADVANCED_FACE('',(#894),#579,.F.);
#6488=ADVANCED_FACE('',(#895),#580,.F.);
#6489=ADVANCED_FACE('',(#896),#581,.F.);
#6490=ADVANCED_FACE('',(#897),#582,.F.);
#6491=ADVANCED_FACE('',(#898),#6159,.T.);
#6492=ADVANCED_FACE('',(#899),#150,.T.);
#6493=ADVANCED_FACE('',(#900),#131,.T.);
#6494=ADVANCED_FACE('',(#901),#132,.T.);
#6495=ADVANCED_FACE('',(#902),#6160,.T.);
#6496=ADVANCED_FACE('',(#903),#133,.T.);
#6497=ADVANCED_FACE('',(#904),#134,.T.);
#6498=ADVANCED_FACE('',(#905),#6161,.T.);
#6499=ADVANCED_FACE('',(#906),#151,.T.);
#6500=ADVANCED_FACE('',(#907),#152,.T.);
#6501=ADVANCED_FACE('',(#908),#135,.T.);
#6502=ADVANCED_FACE('',(#909),#136,.T.);
#6503=ADVANCED_FACE('',(#910),#6162,.T.);
#6504=ADVANCED_FACE('',(#911),#137,.T.);
#6505=ADVANCED_FACE('',(#912),#138,.T.);
#6506=ADVANCED_FACE('',(#913),#6163,.T.);
#6507=ADVANCED_FACE('',(#914),#153,.T.);
#6508=ADVANCED_FACE('',(#915),#154,.T.);
#6509=ADVANCED_FACE('',(#916),#139,.T.);
#6510=ADVANCED_FACE('',(#917),#140,.T.);
#6511=ADVANCED_FACE('',(#918),#141,.T.);
#6512=ADVANCED_FACE('',(#919),#142,.T.);
#6513=ADVANCED_FACE('',(#920),#155,.T.);
#6514=ADVANCED_FACE('',(#921),#6164,.T.);
#6515=ADVANCED_FACE('',(#922),#166,.T.);
#6516=ADVANCED_FACE('',(#923),#167,.T.);
#6517=ADVANCED_FACE('',(#924),#6165,.F.);
#6518=ADVANCED_FACE('',(#925),#168,.F.);
#6519=ADVANCED_FACE('',(#926),#6166,.F.);
#6520=ADVANCED_FACE('',(#927),#169,.F.);
#6521=ADVANCED_FACE('',(#928),#6167,.T.);
#6522=ADVANCED_FACE('',(#929,#416),#583,.T.);
#6523=ADVANCED_FACE('',(#930,#417),#584,.F.);
#6524=ADVANCED_FACE('',(#931),#187,.T.);
#6525=ADVANCED_FACE('',(#932),#188,.T.);
#6526=ADVANCED_FACE('',(#933),#189,.T.);
#6527=ADVANCED_FACE('',(#934),#190,.T.);
#6528=ADVANCED_FACE('',(#935),#191,.T.);
#6529=ADVANCED_FACE('',(#936),#6168,.T.);
#6530=ADVANCED_FACE('',(#937),#6169,.F.);
#6531=ADVANCED_FACE('',(#938),#6170,.F.);
#6532=ADVANCED_FACE('',(#939),#170,.F.);
#6533=ADVANCED_FACE('',(#940),#171,.T.);
#6534=ADVANCED_FACE('',(#941),#6171,.T.);
#6535=ADVANCED_FACE('',(#942),#6172,.T.);
#6536=ADVANCED_FACE('',(#943,#418),#156,.T.);
#6537=ADVANCED_FACE('',(#944,#419),#585,.F.);
#6538=ADVANCED_FACE('',(#945,#420),#586,.F.);
#6539=ADVANCED_FACE('',(#946),#587,.F.);
#6540=ADVANCED_FACE('',(#947),#172,.F.);
#6541=ADVANCED_FACE('',(#948),#173,.F.);
#6542=ADVANCED_FACE('',(#949),#174,.F.);
#6543=ADVANCED_FACE('',(#950),#175,.F.);
#6544=ADVANCED_FACE('',(#951),#176,.F.);
#6545=ADVANCED_FACE('',(#952),#588,.T.);
#6546=ADVANCED_FACE('',(#953),#6173,.T.);
#6547=ADVANCED_FACE('',(#954),#6174,.F.);
#6548=ADVANCED_FACE('',(#955),#6175,.T.);
#6549=ADVANCED_FACE('',(#956),#6176,.T.);
#6550=ADVANCED_FACE('',(#957),#6177,.T.);
#6551=ADVANCED_FACE('',(#958),#6178,.F.);
#6552=ADVANCED_FACE('',(#959),#6179,.T.);
#6553=ADVANCED_FACE('',(#960),#6180,.F.);
#6554=ADVANCED_FACE('',(#961),#6181,.F.);
#6555=ADVANCED_FACE('',(#962),#6182,.F.);
#6556=ADVANCED_FACE('',(#963),#6183,.T.);
#6557=ADVANCED_FACE('',(#964,#421),#589,.T.);
#6558=ADVANCED_FACE('',(#965,#422),#590,.F.);
#6559=ADVANCED_FACE('',(#966),#6184,.F.);
#6560=ADVANCED_FACE('',(#967),#6185,.T.);
#6561=ADVANCED_FACE('',(#968,#423),#591,.T.);
#6562=ADVANCED_FACE('',(#969,#424),#592,.F.);
#6563=CLOSED_SHELL('',(#6186,#6187,#6188,#6189,#6190,#6191,#6192,#6193,
#6194,#6195,#6196,#6197,#6198,#6199,#6200,#6201,#6202,#6203,#6204,#6205,
#6206,#6207,#6208,#6209,#6210,#6211,#6212,#6213,#6214,#6215,#6216,#6217,
#6218,#6219,#6220,#6221,#6222,#6223,#6224,#6225,#6226,#6227,#6228,#6229,
#6230,#6231,#6232,#6233,#6234,#6235,#6236,#6237,#6238,#6239,#6240,#6241,
#6242,#6243,#6244,#6245,#6246,#6247,#6248,#6249,#6250,#6251,#6252,#6253,
#6254,#6255,#6256,#6257,#6258,#6259));
#6564=CLOSED_SHELL('',(#6260,#6261,#6262,#6263,#6264,#6265,#6266,#6267,
#6268,#6269,#6270,#6271,#6272,#6273,#6274,#6275,#6276,#6277,#6278,#6279,
#6280,#6281,#6282,#6283,#6284,#6285,#6286,#6287,#6288,#6289,#6290,#6291,
#6292,#6293));
#6565=CLOSED_SHELL('',(#6294,#6295,#6296,#6297,#6298,#6299,#6300,#6301,
#6302,#6303,#6304,#6305,#6306,#6307,#6308,#6309,#6310,#6311,#6312,#6313,
#6314,#6315,#6316,#6317,#6318,#6319,#6320,#6321,#6322,#6323,#6324,#6325,
#6326,#6327,#6328,#6329));
#6566=CLOSED_SHELL('',(#6330,#6331,#6332,#6333,#6334,#6335,#6336,#6337,
#6338,#6339,#6340,#6341,#6342,#6343,#6344,#6345,#6346,#6347,#6348,#6349,
#6350,#6351,#6352,#6353,#6354,#6355,#6356,#6357,#6358,#6359));
#6567=CLOSED_SHELL('',(#6360,#6361,#6362,#6363,#6364,#6365,#6366,#6367,
#6368,#6369,#6370,#6371,#6372,#6373,#6374,#6375,#6376,#6377,#6378,#6379,
#6380,#6381,#6382,#6383,#6384,#6385,#6386,#6387,#6388,#6389));
#6568=CLOSED_SHELL('',(#6390,#6391,#6392,#6393,#6394,#6395,#6396,#6397,
#6398,#6399,#6400,#6401,#6402,#6403,#6404,#6405,#6406,#6407,#6408,#6409,
#6410,#6411,#6412,#6413,#6414,#6415,#6416,#6417,#6418,#6419,#6420,#6421,
#6422,#6423,#6424,#6425,#6426,#6427,#6428,#6429,#6430,#6431,#6432,#6433));
#6569=CLOSED_SHELL('',(#6434,#6435,#6436,#6437,#6438,#6439,#6440,#6441,
#6442,#6443,#6444,#6445,#6446,#6447,#6448,#6449,#6450,#6451,#6452,#6453,
#6454,#6455,#6456,#6457,#6458,#6459,#6460,#6461,#6462,#6463,#6464));
#6570=CLOSED_SHELL('',(#6465,#6466,#6467,#6468));
#6571=CLOSED_SHELL('',(#6469,#6470,#6471,#6472,#6473,#6474,#6475,#6476,
#6477,#6478,#6479,#6480,#6481,#6482,#6483,#6484,#6485,#6486,#6487,#6488,
#6489,#6490,#6491,#6492,#6493,#6494,#6495,#6496,#6497,#6498,#6499,#6500,
#6501,#6502,#6503,#6504,#6505,#6506,#6507,#6508,#6509,#6510,#6511,#6512,
#6513,#6514));
#6572=CLOSED_SHELL('',(#6515,#6516,#6517,#6518,#6519,#6520,#6521,#6522,
#6523));
#6573=CLOSED_SHELL('',(#6524,#6525,#6526,#6527,#6528,#6529,#6530,#6531,
#6532,#6533,#6534,#6535,#6536,#6537,#6538,#6539,#6540,#6541,#6542,#6543,
#6544,#6545,#6546,#6547,#6548,#6549,#6550,#6551,#6552,#6553,#6554));
#6574=CLOSED_SHELL('',(#6555,#6556,#6557,#6558));
#6575=CLOSED_SHELL('',(#6559,#6560,#6561,#6562));
#6576=DERIVED_UNIT_ELEMENT(#6594,1.);
#6577=DERIVED_UNIT_ELEMENT(#12958,-3.);
#6578=DERIVED_UNIT_ELEMENT(#6594,1.);
#6579=DERIVED_UNIT_ELEMENT(#12958,-3.);
#6580=DERIVED_UNIT_ELEMENT(#6594,1.);
#6581=DERIVED_UNIT_ELEMENT(#12958,-3.);
#6582=DERIVED_UNIT_ELEMENT(#6594,1.);
#6583=DERIVED_UNIT_ELEMENT(#12958,-3.);
#6584=DERIVED_UNIT_ELEMENT(#6594,1.);
#6585=DERIVED_UNIT_ELEMENT(#12958,-3.);
#6586=DERIVED_UNIT_ELEMENT(#6594,1.);
#6587=DERIVED_UNIT_ELEMENT(#12958,-3.);
#6588=DERIVED_UNIT_ELEMENT(#6594,1.);
#6589=DERIVED_UNIT_ELEMENT(#12958,-3.);
#6590=DERIVED_UNIT_ELEMENT(#6594,1.);
#6591=DERIVED_UNIT_ELEMENT(#12958,-3.);
#6592=DERIVED_UNIT_ELEMENT(#6594,1.);
#6593=DERIVED_UNIT_ELEMENT(#12958,-3.);
#6594=(
MASS_UNIT()
NAMED_UNIT(*)
SI_UNIT(.KILO.,.GRAM.)
);
#6595=DERIVED_UNIT((#6576,#6577));
#6596=DERIVED_UNIT((#6578,#6579));
#6597=DERIVED_UNIT((#6580,#6581));
#6598=DERIVED_UNIT((#6582,#6583));
#6599=DERIVED_UNIT((#6584,#6585));
#6600=DERIVED_UNIT((#6586,#6587));
#6601=DERIVED_UNIT((#6588,#6589));
#6602=DERIVED_UNIT((#6590,#6591));
#6603=DERIVED_UNIT((#6592,#6593));
#6604=MEASURE_REPRESENTATION_ITEM('density measure',
POSITIVE_RATIO_MEASURE(7850.),#6595);
#6605=MEASURE_REPRESENTATION_ITEM('density measure',
POSITIVE_RATIO_MEASURE(7850.),#6596);
#6606=MEASURE_REPRESENTATION_ITEM('density measure',
POSITIVE_RATIO_MEASURE(7850.),#6597);
#6607=MEASURE_REPRESENTATION_ITEM('density measure',
POSITIVE_RATIO_MEASURE(7850.),#6598);
#6608=MEASURE_REPRESENTATION_ITEM('density measure',
POSITIVE_RATIO_MEASURE(7850.),#6599);
#6609=MEASURE_REPRESENTATION_ITEM('density measure',
POSITIVE_RATIO_MEASURE(7850.),#6600);
#6610=MEASURE_REPRESENTATION_ITEM('density measure',
POSITIVE_RATIO_MEASURE(7850.),#6601);
#6611=MEASURE_REPRESENTATION_ITEM('density measure',
POSITIVE_RATIO_MEASURE(7850.),#6602);
#6612=MEASURE_REPRESENTATION_ITEM('density measure',
POSITIVE_RATIO_MEASURE(7850.),#6603);
#6613=PROPERTY_DEFINITION_REPRESENTATION(#6658,#6631);
#6614=PROPERTY_DEFINITION_REPRESENTATION(#6659,#6632);
#6615=PROPERTY_DEFINITION_REPRESENTATION(#6660,#6633);
#6616=PROPERTY_DEFINITION_REPRESENTATION(#6661,#6634);
#6617=PROPERTY_DEFINITION_REPRESENTATION(#6662,#6635);
#6618=PROPERTY_DEFINITION_REPRESENTATION(#6663,#6636);
#6619=PROPERTY_DEFINITION_REPRESENTATION(#6664,#6637);
#6620=PROPERTY_DEFINITION_REPRESENTATION(#6665,#6638);
#6621=PROPERTY_DEFINITION_REPRESENTATION(#6666,#6639);
#6622=PROPERTY_DEFINITION_REPRESENTATION(#6667,#6640);
#6623=PROPERTY_DEFINITION_REPRESENTATION(#6668,#6641);
#6624=PROPERTY_DEFINITION_REPRESENTATION(#6669,#6642);
#6625=PROPERTY_DEFINITION_REPRESENTATION(#6670,#6643);
#6626=PROPERTY_DEFINITION_REPRESENTATION(#6671,#6644);
#6627=PROPERTY_DEFINITION_REPRESENTATION(#6672,#6645);
#6628=PROPERTY_DEFINITION_REPRESENTATION(#6673,#6646);
#6629=PROPERTY_DEFINITION_REPRESENTATION(#6674,#6647);
#6630=PROPERTY_DEFINITION_REPRESENTATION(#6675,#6648);
#6631=REPRESENTATION('material name',(#6649),#12947);
#6632=REPRESENTATION('density',(#6604),#12947);
#6633=REPRESENTATION('material name',(#6650),#12948);
#6634=REPRESENTATION('density',(#6605),#12948);
#6635=REPRESENTATION('material name',(#6651),#12949);
#6636=REPRESENTATION('density',(#6606),#12949);
#6637=REPRESENTATION('material name',(#6652),#12950);
#6638=REPRESENTATION('density',(#6607),#12950);
#6639=REPRESENTATION('material name',(#6653),#12951);
#6640=REPRESENTATION('density',(#6608),#12951);
#6641=REPRESENTATION('material name',(#6654),#12952);
#6642=REPRESENTATION('density',(#6609),#12952);
#6643=REPRESENTATION('material name',(#6655),#12953);
#6644=REPRESENTATION('density',(#6610),#12953);
#6645=REPRESENTATION('material name',(#6656),#12954);
#6646=REPRESENTATION('density',(#6611),#12954);
#6647=REPRESENTATION('material name',(#6657),#12955);
#6648=REPRESENTATION('density',(#6612),#12955);
#6649=DESCRIPTIVE_REPRESENTATION_ITEM('Steel','Steel');
#6650=DESCRIPTIVE_REPRESENTATION_ITEM('Steel','Steel');
#6651=DESCRIPTIVE_REPRESENTATION_ITEM('Steel','Steel');
#6652=DESCRIPTIVE_REPRESENTATION_ITEM('Steel','Steel');
#6653=DESCRIPTIVE_REPRESENTATION_ITEM('Steel','Steel');
#6654=DESCRIPTIVE_REPRESENTATION_ITEM('Steel','Steel');
#6655=DESCRIPTIVE_REPRESENTATION_ITEM('Steel','Steel');
#6656=DESCRIPTIVE_REPRESENTATION_ITEM('Steel','Steel');
#6657=DESCRIPTIVE_REPRESENTATION_ITEM('Steel','Steel');
#6658=PROPERTY_DEFINITION('material property','material name',#13018);
#6659=PROPERTY_DEFINITION('material property','density of part',#13018);
#6660=PROPERTY_DEFINITION('material property','material name',#13019);
#6661=PROPERTY_DEFINITION('material property','density of part',#13019);
#6662=PROPERTY_DEFINITION('material property','material name',#13020);
#6663=PROPERTY_DEFINITION('material property','density of part',#13020);
#6664=PROPERTY_DEFINITION('material property','material name',#13021);
#6665=PROPERTY_DEFINITION('material property','density of part',#13021);
#6666=PROPERTY_DEFINITION('material property','material name',#13022);
#6667=PROPERTY_DEFINITION('material property','density of part',#13022);
#6668=PROPERTY_DEFINITION('material property','material name',#13023);
#6669=PROPERTY_DEFINITION('material property','density of part',#13023);
#6670=PROPERTY_DEFINITION('material property','material name',#13024);
#6671=PROPERTY_DEFINITION('material property','density of part',#13024);
#6672=PROPERTY_DEFINITION('material property','material name',#13025);
#6673=PROPERTY_DEFINITION('material property','density of part',#13025);
#6674=PROPERTY_DEFINITION('material property','material name',#13026);
#6675=PROPERTY_DEFINITION('material property','density of part',#13026);
#6676=AXIS2_PLACEMENT_3D('',#9245,#7367,#7368);
#6677=AXIS2_PLACEMENT_3D('',#9246,#7369,#7370);
#6678=AXIS2_PLACEMENT_3D('',#9247,#7371,#7372);
#6679=AXIS2_PLACEMENT_3D('',#9249,#7373,#7374);
#6680=AXIS2_PLACEMENT_3D('',#9252,#7376,#7377);
#6681=AXIS2_PLACEMENT_3D('',#9253,#7378,#7379);
#6682=AXIS2_PLACEMENT_3D('',#9255,#7380,#7381);
#6683=AXIS2_PLACEMENT_3D('',#9258,#7383,#7384);
#6684=AXIS2_PLACEMENT_3D('',#9259,#7385,#7386);
#6685=AXIS2_PLACEMENT_3D('',#9261,#7387,#7388);
#6686=AXIS2_PLACEMENT_3D('',#9264,#7390,#7391);
#6687=AXIS2_PLACEMENT_3D('',#9265,#7392,#7393);
#6688=AXIS2_PLACEMENT_3D('',#9267,#7394,#7395);
#6689=AXIS2_PLACEMENT_3D('',#9270,#7397,#7398);
#6690=AXIS2_PLACEMENT_3D('',#9271,#7399,#7400);
#6691=AXIS2_PLACEMENT_3D('',#9273,#7401,#7402);
#6692=AXIS2_PLACEMENT_3D('',#9276,#7404,#7405);
#6693=AXIS2_PLACEMENT_3D('',#9277,#7406,#7407);
#6694=AXIS2_PLACEMENT_3D('',#9279,#7408,#7409);
#6695=AXIS2_PLACEMENT_3D('',#9282,#7411,#7412);
#6696=AXIS2_PLACEMENT_3D('',#9283,#7413,#7414);
#6697=AXIS2_PLACEMENT_3D('',#9286,#7415,#7416);
#6698=AXIS2_PLACEMENT_3D('',#9288,#7417,#7418);
#6699=AXIS2_PLACEMENT_3D('',#9290,#7419,#7420);
#6700=AXIS2_PLACEMENT_3D('',#9294,#7422,#7423);
#6701=AXIS2_PLACEMENT_3D('',#9296,#7425,#7426);
#6702=AXIS2_PLACEMENT_3D('',#9301,#7428,#7429);
#6703=AXIS2_PLACEMENT_3D('',#9313,#7435,#7436);
#6704=AXIS2_PLACEMENT_3D('',#9321,#7441,#7442);
#6705=AXIS2_PLACEMENT_3D('',#9326,#7444,#7445);
#6706=AXIS2_PLACEMENT_3D('',#9338,#7451,#7452);
#6707=AXIS2_PLACEMENT_3D('',#9346,#7457,#7458);
#6708=AXIS2_PLACEMENT_3D('',#9349,#7461,#7462);
#6709=AXIS2_PLACEMENT_3D('',#9352,#7465,#7466);
#6710=AXIS2_PLACEMENT_3D('',#9353,#7467,#7468);
#6711=AXIS2_PLACEMENT_3D('',#9355,#7470,#7471);
#6712=AXIS2_PLACEMENT_3D('',#9361,#7475,#7476);
#6713=AXIS2_PLACEMENT_3D('',#9367,#7480,#7481);
#6714=AXIS2_PLACEMENT_3D('',#9369,#7483,#7484);
#6715=AXIS2_PLACEMENT_3D('',#9372,#7487,#7488);
#6716=AXIS2_PLACEMENT_3D('',#9375,#7490,#7491);
#6717=AXIS2_PLACEMENT_3D('',#9376,#7492,#7493);
#6718=AXIS2_PLACEMENT_3D('',#9379,#7495,#7496);
#6719=AXIS2_PLACEMENT_3D('',#9380,#7497,#7498);
#6720=AXIS2_PLACEMENT_3D('',#9382,#7500,#7501);
#6721=AXIS2_PLACEMENT_3D('',#9385,#7502,#7503);
#6722=AXIS2_PLACEMENT_3D('',#9389,#7505,#7506);
#6723=AXIS2_PLACEMENT_3D('',#9391,#7508,#7509);
#6724=AXIS2_PLACEMENT_3D('',#9397,#7513,#7514);
#6725=AXIS2_PLACEMENT_3D('',#9399,#7515,#7516);
#6726=AXIS2_PLACEMENT_3D('',#9401,#7517,#7518);
#6727=AXIS2_PLACEMENT_3D('',#9403,#7520,#7521);
#6728=AXIS2_PLACEMENT_3D('',#9409,#7525,#7526);
#6729=AXIS2_PLACEMENT_3D('',#9411,#7527,#7528);
#6730=AXIS2_PLACEMENT_3D('',#9413,#7529,#7530);
#6731=AXIS2_PLACEMENT_3D('',#9415,#7532,#7533);
#6732=AXIS2_PLACEMENT_3D('',#9425,#7539,#7540);
#6733=AXIS2_PLACEMENT_3D('',#9427,#7541,#7542);
#6734=AXIS2_PLACEMENT_3D('',#9429,#7543,#7544);
#6735=AXIS2_PLACEMENT_3D('',#9431,#7546,#7547);
#6736=AXIS2_PLACEMENT_3D('',#9434,#7550,#7551);
#6737=AXIS2_PLACEMENT_3D('',#9439,#7555,#7556);
#6738=AXIS2_PLACEMENT_3D('',#9443,#7559,#7560);
#6739=AXIS2_PLACEMENT_3D('',#9461,#7562,#7563);
#6740=AXIS2_PLACEMENT_3D('',#9508,#7564,#7565);
#6741=AXIS2_PLACEMENT_3D('',#9555,#7566,#7567);
#6742=AXIS2_PLACEMENT_3D('',#9572,#7568,#7569);
#6743=AXIS2_PLACEMENT_3D('',#9574,#7571,#7572);
#6744=AXIS2_PLACEMENT_3D('',#9575,#7573,#7574);
#6745=AXIS2_PLACEMENT_3D('',#9578,#7576,#7577);
#6746=AXIS2_PLACEMENT_3D('',#9579,#7578,#7579);
#6747=AXIS2_PLACEMENT_3D('',#9582,#7581,#7582);
#6748=AXIS2_PLACEMENT_3D('',#9583,#7583,#7584);
#6749=AXIS2_PLACEMENT_3D('',#9585,#7586,#7587);
#6750=AXIS2_PLACEMENT_3D('',#9588,#7588,#7589);
#6751=AXIS2_PLACEMENT_3D('',#9592,#7591,#7592);
#6752=AXIS2_PLACEMENT_3D('',#9594,#7594,#7595);
#6753=AXIS2_PLACEMENT_3D('',#9600,#7599,#7600);
#6754=AXIS2_PLACEMENT_3D('',#9606,#7604,#7605);
#6755=AXIS2_PLACEMENT_3D('',#9608,#7607,#7608);
#6756=AXIS2_PLACEMENT_3D('',#9610,#7610,#7611);
#6757=AXIS2_PLACEMENT_3D('',#9614,#7613,#7614);
#6758=AXIS2_PLACEMENT_3D('',#9615,#7615,#7616);
#6759=AXIS2_PLACEMENT_3D('',#9616,#7617,#7618);
#6760=AXIS2_PLACEMENT_3D('',#9618,#7619,#7620);
#6761=AXIS2_PLACEMENT_3D('',#9621,#7622,#7623);
#6762=AXIS2_PLACEMENT_3D('',#9622,#7624,#7625);
#6763=AXIS2_PLACEMENT_3D('',#9624,#7627,#7628);
#6764=AXIS2_PLACEMENT_3D('',#9627,#7629,#7630);
#6765=AXIS2_PLACEMENT_3D('',#9631,#7632,#7633);
#6766=AXIS2_PLACEMENT_3D('',#9633,#7635,#7636);
#6767=AXIS2_PLACEMENT_3D('',#9639,#7640,#7641);
#6768=AXIS2_PLACEMENT_3D('',#9641,#7642,#7643);
#6769=AXIS2_PLACEMENT_3D('',#9643,#7644,#7645);
#6770=AXIS2_PLACEMENT_3D('',#9645,#7647,#7648);
#6771=AXIS2_PLACEMENT_3D('',#9651,#7652,#7653);
#6772=AXIS2_PLACEMENT_3D('',#9653,#7654,#7655);
#6773=AXIS2_PLACEMENT_3D('',#9655,#7656,#7657);
#6774=AXIS2_PLACEMENT_3D('',#9657,#7659,#7660);
#6775=AXIS2_PLACEMENT_3D('',#9659,#7662,#7663);
#6776=AXIS2_PLACEMENT_3D('',#9661,#7664,#7665);
#6777=AXIS2_PLACEMENT_3D('',#9663,#7666,#7667);
#6778=AXIS2_PLACEMENT_3D('',#9667,#7669,#7670);
#6779=AXIS2_PLACEMENT_3D('',#9668,#7671,#7672);
#6780=AXIS2_PLACEMENT_3D('',#9669,#7673,#7674);
#6781=AXIS2_PLACEMENT_3D('',#9675,#7678,#7679);
#6782=AXIS2_PLACEMENT_3D('',#9677,#7680,#7681);
#6783=AXIS2_PLACEMENT_3D('',#9679,#7682,#7683);
#6784=AXIS2_PLACEMENT_3D('',#9681,#7685,#7686);
#6785=AXIS2_PLACEMENT_3D('',#9688,#7691,#7692);
#6786=AXIS2_PLACEMENT_3D('',#9691,#7695,#7696);
#6787=AXIS2_PLACEMENT_3D('',#9693,#7698,#7699);
#6788=AXIS2_PLACEMENT_3D('',#9710,#7700,#7701);
#6789=AXIS2_PLACEMENT_3D('',#9757,#7702,#7703);
#6790=AXIS2_PLACEMENT_3D('',#9803,#7705,#7706);
#6791=AXIS2_PLACEMENT_3D('',#9819,#7708,#7709);
#6792=AXIS2_PLACEMENT_3D('',#9821,#7711,#7712);
#6793=AXIS2_PLACEMENT_3D('',#9822,#7713,#7714);
#6794=AXIS2_PLACEMENT_3D('',#9824,#7715,#7716);
#6795=AXIS2_PLACEMENT_3D('',#9827,#7718,#7719);
#6796=AXIS2_PLACEMENT_3D('',#9828,#7720,#7721);
#6797=AXIS2_PLACEMENT_3D('',#9832,#7723,#7724);
#6798=AXIS2_PLACEMENT_3D('',#9833,#7725,#7726);
#6799=AXIS2_PLACEMENT_3D('',#9834,#7727,#7728);
#6800=AXIS2_PLACEMENT_3D('',#9836,#7730,#7731);
#6801=AXIS2_PLACEMENT_3D('',#9838,#7733,#7734);
#6802=AXIS2_PLACEMENT_3D('',#9841,#7735,#7736);
#6803=AXIS2_PLACEMENT_3D('',#9845,#7738,#7739);
#6804=AXIS2_PLACEMENT_3D('',#9847,#7741,#7742);
#6805=AXIS2_PLACEMENT_3D('',#9850,#7745,#7746);
#6806=AXIS2_PLACEMENT_3D('',#9852,#7748,#7749);
#6807=AXIS2_PLACEMENT_3D('',#9854,#7751,#7752);
#6808=AXIS2_PLACEMENT_3D('',#9855,#7753,#7754);
#6809=AXIS2_PLACEMENT_3D('',#9857,#7755,#7756);
#6810=AXIS2_PLACEMENT_3D('',#9860,#7758,#7759);
#6811=AXIS2_PLACEMENT_3D('',#9861,#7760,#7761);
#6812=AXIS2_PLACEMENT_3D('',#9863,#7762,#7763);
#6813=AXIS2_PLACEMENT_3D('',#9866,#7765,#7766);
#6814=AXIS2_PLACEMENT_3D('',#9867,#7767,#7768);
#6815=AXIS2_PLACEMENT_3D('',#9876,#7773,#7774);
#6816=AXIS2_PLACEMENT_3D('',#9878,#7775,#7776);
#6817=AXIS2_PLACEMENT_3D('',#9881,#7778,#7779);
#6818=AXIS2_PLACEMENT_3D('',#9882,#7780,#7781);
#6819=AXIS2_PLACEMENT_3D('',#9888,#7785,#7786);
#6820=AXIS2_PLACEMENT_3D('',#9890,#7787,#7788);
#6821=AXIS2_PLACEMENT_3D('',#9893,#7790,#7791);
#6822=AXIS2_PLACEMENT_3D('',#9894,#7792,#7793);
#6823=AXIS2_PLACEMENT_3D('',#9900,#7797,#7798);
#6824=AXIS2_PLACEMENT_3D('',#9902,#7799,#7800);
#6825=AXIS2_PLACEMENT_3D('',#9905,#7802,#7803);
#6826=AXIS2_PLACEMENT_3D('',#9906,#7804,#7805);
#6827=AXIS2_PLACEMENT_3D('',#9911,#7807,#7808);
#6828=AXIS2_PLACEMENT_3D('',#9915,#7810,#7811);
#6829=AXIS2_PLACEMENT_3D('',#9920,#7814,#7815);
#6830=AXIS2_PLACEMENT_3D('',#9924,#7817,#7818);
#6831=AXIS2_PLACEMENT_3D('',#9928,#7821,#7822);
#6832=AXIS2_PLACEMENT_3D('',#9930,#7823,#7824);
#6833=AXIS2_PLACEMENT_3D('',#9933,#7826,#7827);
#6834=AXIS2_PLACEMENT_3D('',#9934,#7828,#7829);
#6835=AXIS2_PLACEMENT_3D('',#9940,#7833,#7834);
#6836=AXIS2_PLACEMENT_3D('',#9942,#7835,#7836);
#6837=AXIS2_PLACEMENT_3D('',#9945,#7838,#7839);
#6838=AXIS2_PLACEMENT_3D('',#9946,#7840,#7841);
#6839=AXIS2_PLACEMENT_3D('',#9952,#7845,#7846);
#6840=AXIS2_PLACEMENT_3D('',#9954,#7847,#7848);
#6841=AXIS2_PLACEMENT_3D('',#9957,#7850,#7851);
#6842=AXIS2_PLACEMENT_3D('',#9958,#7852,#7853);
#6843=AXIS2_PLACEMENT_3D('',#9964,#7857,#7858);
#6844=AXIS2_PLACEMENT_3D('',#9989,#7863,#7864);
#6845=AXIS2_PLACEMENT_3D('',#10014,#7869,#7870);
#6846=AXIS2_PLACEMENT_3D('',#10019,#7872,#7873);
#6847=AXIS2_PLACEMENT_3D('',#10023,#7875,#7876);
#6848=AXIS2_PLACEMENT_3D('',#10028,#7879,#7880);
#6849=AXIS2_PLACEMENT_3D('',#10032,#7882,#7883);
#6850=AXIS2_PLACEMENT_3D('',#10055,#7887,#7888);
#6851=AXIS2_PLACEMENT_3D('',#10080,#7893,#7894);
#6852=AXIS2_PLACEMENT_3D('',#10083,#7897,#7898);
#6853=AXIS2_PLACEMENT_3D('',#10085,#7900,#7901);
#6854=AXIS2_PLACEMENT_3D('',#10087,#7903,#7904);
#6855=AXIS2_PLACEMENT_3D('',#10089,#7906,#7907);
#6856=AXIS2_PLACEMENT_3D('',#10091,#7909,#7910);
#6857=AXIS2_PLACEMENT_3D('',#10092,#7911,#7912);
#6858=AXIS2_PLACEMENT_3D('',#10094,#7914,#7915);
#6859=AXIS2_PLACEMENT_3D('',#10096,#7917,#7918);
#6860=AXIS2_PLACEMENT_3D('',#10098,#7920,#7921);
#6861=AXIS2_PLACEMENT_3D('',#10100,#7923,#7924);
#6862=AXIS2_PLACEMENT_3D('',#10101,#7925,#7926);
#6863=AXIS2_PLACEMENT_3D('',#10103,#7927,#7928);
#6864=AXIS2_PLACEMENT_3D('',#10106,#7930,#7931);
#6865=AXIS2_PLACEMENT_3D('',#10107,#7932,#7933);
#6866=AXIS2_PLACEMENT_3D('',#10109,#7934,#7935);
#6867=AXIS2_PLACEMENT_3D('',#10112,#7937,#7938);
#6868=AXIS2_PLACEMENT_3D('',#10113,#7939,#7940);
#6869=AXIS2_PLACEMENT_3D('',#10116,#7941,#7942);
#6870=AXIS2_PLACEMENT_3D('',#10120,#7944,#7945);
#6871=AXIS2_PLACEMENT_3D('',#10122,#7947,#7948);
#6872=AXIS2_PLACEMENT_3D('',#10126,#7950,#7951);
#6873=AXIS2_PLACEMENT_3D('',#10130,#7953,#7954);
#6874=AXIS2_PLACEMENT_3D('',#10134,#7956,#7957);
#6875=AXIS2_PLACEMENT_3D('',#10138,#7959,#7960);
#6876=AXIS2_PLACEMENT_3D('',#10146,#7964,#7965);
#6877=AXIS2_PLACEMENT_3D('',#10150,#7967,#7968);
#6878=AXIS2_PLACEMENT_3D('',#10154,#7970,#7971);
#6879=AXIS2_PLACEMENT_3D('',#10158,#7973,#7974);
#6880=AXIS2_PLACEMENT_3D('',#10160,#7976,#7977);
#6881=AXIS2_PLACEMENT_3D('',#10163,#7978,#7979);
#6882=AXIS2_PLACEMENT_3D('',#10168,#7982,#7983);
#6883=AXIS2_PLACEMENT_3D('',#10170,#7985,#7986);
#6884=AXIS2_PLACEMENT_3D('',#10172,#7987,#7988);
#6885=AXIS2_PLACEMENT_3D('',#10175,#7990,#7991);
#6886=AXIS2_PLACEMENT_3D('',#10176,#7992,#7993);
#6887=AXIS2_PLACEMENT_3D('',#10201,#7998,#7999);
#6888=AXIS2_PLACEMENT_3D('',#10226,#8004,#8005);
#6889=AXIS2_PLACEMENT_3D('',#10231,#8007,#8008);
#6890=AXIS2_PLACEMENT_3D('',#10235,#8010,#8011);
#6891=AXIS2_PLACEMENT_3D('',#10240,#8014,#8015);
#6892=AXIS2_PLACEMENT_3D('',#10244,#8017,#8018);
#6893=AXIS2_PLACEMENT_3D('',#10267,#8022,#8023);
#6894=AXIS2_PLACEMENT_3D('',#10292,#8028,#8029);
#6895=AXIS2_PLACEMENT_3D('',#10298,#8033,#8034);
#6896=AXIS2_PLACEMENT_3D('',#10300,#8035,#8036);
#6897=AXIS2_PLACEMENT_3D('',#10303,#8038,#8039);
#6898=AXIS2_PLACEMENT_3D('',#10304,#8040,#8041);
#6899=AXIS2_PLACEMENT_3D('',#10308,#8043,#8044);
#6900=AXIS2_PLACEMENT_3D('',#10310,#8045,#8046);
#6901=AXIS2_PLACEMENT_3D('',#10314,#8049,#8050);
#6902=AXIS2_PLACEMENT_3D('',#10315,#8051,#8052);
#6903=AXIS2_PLACEMENT_3D('',#10316,#8053,#8054);
#6904=AXIS2_PLACEMENT_3D('',#10317,#8055,#8056);
#6905=AXIS2_PLACEMENT_3D('',#10319,#8058,#8059);
#6906=AXIS2_PLACEMENT_3D('',#10321,#8061,#8062);
#6907=AXIS2_PLACEMENT_3D('',#10323,#8064,#8065);
#6908=AXIS2_PLACEMENT_3D('',#10325,#8067,#8068);
#6909=AXIS2_PLACEMENT_3D('',#10327,#8070,#8071);
#6910=AXIS2_PLACEMENT_3D('',#10329,#8073,#8074);
#6911=AXIS2_PLACEMENT_3D('',#10331,#8076,#8077);
#6912=AXIS2_PLACEMENT_3D('',#10333,#8079,#8080);
#6913=AXIS2_PLACEMENT_3D('',#10334,#8081,#8082);
#6914=AXIS2_PLACEMENT_3D('',#10336,#8084,#8085);
#6915=AXIS2_PLACEMENT_3D('',#10338,#8087,#8088);
#6916=AXIS2_PLACEMENT_3D('',#10340,#8090,#8091);
#6917=AXIS2_PLACEMENT_3D('',#10342,#8093,#8094);
#6918=AXIS2_PLACEMENT_3D('',#10344,#8096,#8097);
#6919=AXIS2_PLACEMENT_3D('',#10346,#8099,#8100);
#6920=AXIS2_PLACEMENT_3D('',#10348,#8102,#8103);
#6921=AXIS2_PLACEMENT_3D('',#10350,#8105,#8106);
#6922=AXIS2_PLACEMENT_3D('',#10393,#8109,#8110);
#6923=AXIS2_PLACEMENT_3D('',#10438,#8115,#8116);
#6924=AXIS2_PLACEMENT_3D('',#10443,#8118,#8119);
#6925=AXIS2_PLACEMENT_3D('',#10447,#8121,#8122);
#6926=AXIS2_PLACEMENT_3D('',#10452,#8125,#8126);
#6927=AXIS2_PLACEMENT_3D('',#10456,#8128,#8129);
#6928=AXIS2_PLACEMENT_3D('',#10499,#8133,#8134);
#6929=AXIS2_PLACEMENT_3D('',#10544,#8139,#8140);
#6930=AXIS2_PLACEMENT_3D('',#10550,#8144,#8145);
#6931=AXIS2_PLACEMENT_3D('',#10556,#8149,#8150);
#6932=AXIS2_PLACEMENT_3D('',#10581,#8155,#8156);
#6933=AXIS2_PLACEMENT_3D('',#10606,#8161,#8162);
#6934=AXIS2_PLACEMENT_3D('',#10611,#8164,#8165);
#6935=AXIS2_PLACEMENT_3D('',#10615,#8167,#8168);
#6936=AXIS2_PLACEMENT_3D('',#10620,#8171,#8172);
#6937=AXIS2_PLACEMENT_3D('',#10624,#8174,#8175);
#6938=AXIS2_PLACEMENT_3D('',#10647,#8179,#8180);
#6939=AXIS2_PLACEMENT_3D('',#10672,#8185,#8186);
#6940=AXIS2_PLACEMENT_3D('',#10678,#8190,#8191);
#6941=AXIS2_PLACEMENT_3D('',#10684,#8195,#8196);
#6942=AXIS2_PLACEMENT_3D('',#10687,#8199,#8200);
#6943=AXIS2_PLACEMENT_3D('',#10689,#8202,#8203);
#6944=AXIS2_PLACEMENT_3D('',#10691,#8205,#8206);
#6945=AXIS2_PLACEMENT_3D('',#10693,#8208,#8209);
#6946=AXIS2_PLACEMENT_3D('',#10695,#8211,#8212);
#6947=AXIS2_PLACEMENT_3D('',#10696,#8213,#8214);
#6948=AXIS2_PLACEMENT_3D('',#10698,#8216,#8217);
#6949=AXIS2_PLACEMENT_3D('',#10700,#8219,#8220);
#6950=AXIS2_PLACEMENT_3D('',#10702,#8222,#8223);
#6951=AXIS2_PLACEMENT_3D('',#10704,#8225,#8226);
#6952=AXIS2_PLACEMENT_3D('',#10727,#8229,#8230);
#6953=AXIS2_PLACEMENT_3D('',#10752,#8235,#8236);
#6954=AXIS2_PLACEMENT_3D('',#10758,#8240,#8241);
#6955=AXIS2_PLACEMENT_3D('',#10760,#8242,#8243);
#6956=AXIS2_PLACEMENT_3D('',#10763,#8245,#8246);
#6957=AXIS2_PLACEMENT_3D('',#10764,#8247,#8248);
#6958=AXIS2_PLACEMENT_3D('',#10809,#8253,#8254);
#6959=AXIS2_PLACEMENT_3D('',#10854,#8259,#8260);
#6960=AXIS2_PLACEMENT_3D('',#10859,#8262,#8263);
#6961=AXIS2_PLACEMENT_3D('',#10863,#8265,#8266);
#6962=AXIS2_PLACEMENT_3D('',#10868,#8269,#8270);
#6963=AXIS2_PLACEMENT_3D('',#10872,#8272,#8273);
#6964=AXIS2_PLACEMENT_3D('',#10915,#8277,#8278);
#6965=AXIS2_PLACEMENT_3D('',#10960,#8283,#8284);
#6966=AXIS2_PLACEMENT_3D('',#10966,#8288,#8289);
#6967=AXIS2_PLACEMENT_3D('',#10968,#8290,#8291);
#6968=AXIS2_PLACEMENT_3D('',#10971,#8293,#8294);
#6969=AXIS2_PLACEMENT_3D('',#10972,#8295,#8296);
#6970=AXIS2_PLACEMENT_3D('',#10997,#8301,#8302);
#6971=AXIS2_PLACEMENT_3D('',#11022,#8307,#8308);
#6972=AXIS2_PLACEMENT_3D('',#11026,#8310,#8311);
#6973=AXIS2_PLACEMENT_3D('',#11030,#8313,#8314);
#6974=AXIS2_PLACEMENT_3D('',#11035,#8317,#8318);
#6975=AXIS2_PLACEMENT_3D('',#11039,#8320,#8321);
#6976=AXIS2_PLACEMENT_3D('',#11041,#8323,#8324);
#6977=AXIS2_PLACEMENT_3D('',#11043,#8326,#8327);
#6978=AXIS2_PLACEMENT_3D('',#11045,#8329,#8330);
#6979=AXIS2_PLACEMENT_3D('',#11047,#8332,#8333);
#6980=AXIS2_PLACEMENT_3D('',#11049,#8335,#8336);
#6981=AXIS2_PLACEMENT_3D('',#11050,#8337,#8338);
#6982=AXIS2_PLACEMENT_3D('',#11052,#8340,#8341);
#6983=AXIS2_PLACEMENT_3D('',#11054,#8343,#8344);
#6984=AXIS2_PLACEMENT_3D('',#11056,#8346,#8347);
#6985=AXIS2_PLACEMENT_3D('',#11058,#8349,#8350);
#6986=AXIS2_PLACEMENT_3D('',#11059,#8351,#8352);
#6987=AXIS2_PLACEMENT_3D('',#11060,#8353,#8354);
#6988=AXIS2_PLACEMENT_3D('',#11062,#8355,#8356);
#6989=AXIS2_PLACEMENT_3D('',#11065,#8358,#8359);
#6990=AXIS2_PLACEMENT_3D('',#11066,#8360,#8361);
#6991=AXIS2_PLACEMENT_3D('',#11068,#8362,#8363);
#6992=AXIS2_PLACEMENT_3D('',#11071,#8365,#8366);
#6993=AXIS2_PLACEMENT_3D('',#11072,#8367,#8368);
#6994=AXIS2_PLACEMENT_3D('',#11077,#8370,#8371);
#6995=AXIS2_PLACEMENT_3D('',#11080,#8373,#8374);
#6996=AXIS2_PLACEMENT_3D('',#11081,#8375,#8376);
#6997=AXIS2_PLACEMENT_3D('',#11087,#8380,#8381);
#6998=AXIS2_PLACEMENT_3D('',#11092,#8383,#8384);
#6999=AXIS2_PLACEMENT_3D('',#11095,#8386,#8387);
#7000=AXIS2_PLACEMENT_3D('',#11096,#8388,#8389);
#7001=AXIS2_PLACEMENT_3D('',#11102,#8393,#8394);
#7002=AXIS2_PLACEMENT_3D('',#11106,#8396,#8397);
#7003=AXIS2_PLACEMENT_3D('',#11107,#8398,#8399);
#7004=AXIS2_PLACEMENT_3D('',#11108,#8400,#8401);
#7005=AXIS2_PLACEMENT_3D('',#11114,#8405,#8406);
#7006=AXIS2_PLACEMENT_3D('',#11119,#8408,#8409);
#7007=AXIS2_PLACEMENT_3D('',#11122,#8411,#8412);
#7008=AXIS2_PLACEMENT_3D('',#11123,#8413,#8414);
#7009=AXIS2_PLACEMENT_3D('',#11126,#8417,#8418);
#7010=AXIS2_PLACEMENT_3D('',#11128,#8419,#8420);
#7011=AXIS2_PLACEMENT_3D('',#11132,#8422,#8423);
#7012=AXIS2_PLACEMENT_3D('',#11139,#8427,#8428);
#7013=AXIS2_PLACEMENT_3D('',#11142,#8430,#8431);
#7014=AXIS2_PLACEMENT_3D('',#11143,#8432,#8433);
#7015=AXIS2_PLACEMENT_3D('',#11149,#8437,#8438);
#7016=AXIS2_PLACEMENT_3D('',#11150,#8439,#8440);
#7017=AXIS2_PLACEMENT_3D('',#11154,#8443,#8444);
#7018=AXIS2_PLACEMENT_3D('',#11157,#8445,#8446);
#7019=AXIS2_PLACEMENT_3D('',#11161,#8448,#8449);
#7020=AXIS2_PLACEMENT_3D('',#11163,#8451,#8452);
#7021=AXIS2_PLACEMENT_3D('',#11165,#8454,#8455);
#7022=AXIS2_PLACEMENT_3D('',#11169,#8457,#8458);
#7023=AXIS2_PLACEMENT_3D('',#11173,#8460,#8461);
#7024=AXIS2_PLACEMENT_3D('',#11177,#8463,#8464);
#7025=AXIS2_PLACEMENT_3D('',#11181,#8466,#8467);
#7026=AXIS2_PLACEMENT_3D('',#11183,#8469,#8470);
#7027=AXIS2_PLACEMENT_3D('',#11185,#8472,#8473);
#7028=AXIS2_PLACEMENT_3D('',#11189,#8475,#8476);
#7029=AXIS2_PLACEMENT_3D('',#11192,#8478,#8479);
#7030=AXIS2_PLACEMENT_3D('',#11195,#8480,#8481);
#7031=AXIS2_PLACEMENT_3D('',#11199,#8483,#8484);
#7032=AXIS2_PLACEMENT_3D('',#11201,#8486,#8487);
#7033=AXIS2_PLACEMENT_3D('',#11207,#8491,#8492);
#7034=AXIS2_PLACEMENT_3D('',#11208,#8493,#8494);
#7035=AXIS2_PLACEMENT_3D('',#11210,#8495,#8496);
#7036=AXIS2_PLACEMENT_3D('',#11217,#8500,#8501);
#7037=AXIS2_PLACEMENT_3D('',#11220,#8503,#8504);
#7038=AXIS2_PLACEMENT_3D('',#11221,#8505,#8506);
#7039=AXIS2_PLACEMENT_3D('',#11223,#8508,#8509);
#7040=AXIS2_PLACEMENT_3D('',#11229,#8512,#8513);
#7041=AXIS2_PLACEMENT_3D('',#11232,#8515,#8516);
#7042=AXIS2_PLACEMENT_3D('',#11237,#8518,#8519);
#7043=AXIS2_PLACEMENT_3D('',#11240,#8521,#8522);
#7044=AXIS2_PLACEMENT_3D('',#11241,#8523,#8524);
#7045=AXIS2_PLACEMENT_3D('',#11242,#8525,#8526);
#7046=AXIS2_PLACEMENT_3D('',#11244,#8528,#8529);
#7047=AXIS2_PLACEMENT_3D('',#11246,#8531,#8532);
#7048=AXIS2_PLACEMENT_3D('',#11249,#8535,#8536);
#7049=AXIS2_PLACEMENT_3D('',#11251,#8538,#8539);
#7050=AXIS2_PLACEMENT_3D('',#11253,#8541,#8542);
#7051=AXIS2_PLACEMENT_3D('',#11254,#8543,#8544);
#7052=AXIS2_PLACEMENT_3D('',#11257,#8547,#8548);
#7053=AXIS2_PLACEMENT_3D('',#11259,#8550,#8551);
#7054=AXIS2_PLACEMENT_3D('',#11261,#8553,#8554);
#7055=AXIS2_PLACEMENT_3D('',#11262,#8555,#8556);
#7056=AXIS2_PLACEMENT_3D('',#11263,#8557,#8558);
#7057=AXIS2_PLACEMENT_3D('',#11264,#8559,#8560);
#7058=AXIS2_PLACEMENT_3D('',#11265,#8561,#8562);
#7059=AXIS2_PLACEMENT_3D('',#11266,#8563,#8564);
#7060=AXIS2_PLACEMENT_3D('',#11269,#8567,#8568);
#7061=AXIS2_PLACEMENT_3D('',#11271,#8570,#8571);
#7062=AXIS2_PLACEMENT_3D('',#11273,#8573,#8574);
#7063=AXIS2_PLACEMENT_3D('',#11274,#8575,#8576);
#7064=AXIS2_PLACEMENT_3D('',#11277,#8579,#8580);
#7065=AXIS2_PLACEMENT_3D('',#11279,#8582,#8583);
#7066=AXIS2_PLACEMENT_3D('',#11281,#8585,#8586);
#7067=AXIS2_PLACEMENT_3D('',#11282,#8587,#8588);
#7068=AXIS2_PLACEMENT_3D('',#11283,#8589,#8590);
#7069=AXIS2_PLACEMENT_3D('',#11285,#8591,#8592);
#7070=AXIS2_PLACEMENT_3D('',#11287,#8593,#8594);
#7071=AXIS2_PLACEMENT_3D('',#11288,#8595,#8596);
#7072=AXIS2_PLACEMENT_3D('',#11289,#8597,#8598);
#7073=AXIS2_PLACEMENT_3D('',#11292,#8599,#8600);
#7074=AXIS2_PLACEMENT_3D('',#11293,#8601,#8602);
#7075=AXIS2_PLACEMENT_3D('',#11295,#8603,#8604);
#7076=AXIS2_PLACEMENT_3D('',#11296,#8605,#8606);
#7077=AXIS2_PLACEMENT_3D('',#11297,#8607,#8608);
#7078=AXIS2_PLACEMENT_3D('',#11299,#8609,#8610);
#7079=AXIS2_PLACEMENT_3D('',#11301,#8611,#8612);
#7080=AXIS2_PLACEMENT_3D('',#11302,#8613,#8614);
#7081=AXIS2_PLACEMENT_3D('',#11303,#8615,#8616);
#7082=AXIS2_PLACEMENT_3D('',#11305,#8617,#8618);
#7083=AXIS2_PLACEMENT_3D('',#11307,#8619,#8620);
#7084=AXIS2_PLACEMENT_3D('',#11308,#8621,#8622);
#7085=AXIS2_PLACEMENT_3D('',#11309,#8623,#8624);
#7086=AXIS2_PLACEMENT_3D('',#11312,#8625,#8626);
#7087=AXIS2_PLACEMENT_3D('',#11313,#8627,#8628);
#7088=AXIS2_PLACEMENT_3D('',#11315,#8629,#8630);
#7089=AXIS2_PLACEMENT_3D('',#11317,#8631,#8632);
#7090=AXIS2_PLACEMENT_3D('',#11318,#8633,#8634);
#7091=AXIS2_PLACEMENT_3D('',#11319,#8635,#8636);
#7092=AXIS2_PLACEMENT_3D('',#11322,#8637,#8638);
#7093=AXIS2_PLACEMENT_3D('',#11341,#8641,#8642);
#7094=AXIS2_PLACEMENT_3D('',#11344,#8643,#8644);
#7095=AXIS2_PLACEMENT_3D('',#11366,#8647,#8648);
#7096=AXIS2_PLACEMENT_3D('',#11369,#8649,#8650);
#7097=AXIS2_PLACEMENT_3D('',#11391,#8653,#8654);
#7098=AXIS2_PLACEMENT_3D('',#11406,#8655,#8656);
#7099=AXIS2_PLACEMENT_3D('',#11407,#8657,#8658);
#7100=AXIS2_PLACEMENT_3D('',#11409,#8660,#8661);
#7101=AXIS2_PLACEMENT_3D('',#11411,#8662,#8663);
#7102=AXIS2_PLACEMENT_3D('',#11413,#8665,#8666);
#7103=AXIS2_PLACEMENT_3D('',#11415,#8668,#8669);
#7104=AXIS2_PLACEMENT_3D('',#11416,#8670,#8671);
#7105=AXIS2_PLACEMENT_3D('',#11419,#8672,#8673);
#7106=AXIS2_PLACEMENT_3D('',#11421,#8674,#8675);
#7107=AXIS2_PLACEMENT_3D('',#11422,#8676,#8677);
#7108=AXIS2_PLACEMENT_3D('',#11424,#8678,#8679);
#7109=AXIS2_PLACEMENT_3D('',#11425,#8680,#8681);
#7110=AXIS2_PLACEMENT_3D('',#11426,#8682,#8683);
#7111=AXIS2_PLACEMENT_3D('',#11427,#8684,#8685);
#7112=AXIS2_PLACEMENT_3D('',#11428,#8686,#8687);
#7113=AXIS2_PLACEMENT_3D('',#11461,#8688,#8689);
#7114=AXIS2_PLACEMENT_3D('',#11485,#8690,#8691);
#7115=AXIS2_PLACEMENT_3D('',#11509,#8692,#8693);
#7116=AXIS2_PLACEMENT_3D('',#11542,#8694,#8695);
#7117=AXIS2_PLACEMENT_3D('',#11559,#8696,#8697);
#7118=AXIS2_PLACEMENT_3D('',#11562,#8698,#8699);
#7119=AXIS2_PLACEMENT_3D('',#11563,#8700,#8701);
#7120=AXIS2_PLACEMENT_3D('',#11565,#8702,#8703);
#7121=AXIS2_PLACEMENT_3D('',#11567,#8704,#8705);
#7122=AXIS2_PLACEMENT_3D('',#11569,#8706,#8707);
#7123=AXIS2_PLACEMENT_3D('',#11570,#8708,#8709);
#7124=AXIS2_PLACEMENT_3D('',#11571,#8710,#8711);
#7125=AXIS2_PLACEMENT_3D('',#11573,#8712,#8713);
#7126=AXIS2_PLACEMENT_3D('',#11574,#8714,#8715);
#7127=AXIS2_PLACEMENT_3D('',#11575,#8716,#8717);
#7128=AXIS2_PLACEMENT_3D('',#11578,#8720,#8721);
#7129=AXIS2_PLACEMENT_3D('',#11580,#8723,#8724);
#7130=AXIS2_PLACEMENT_3D('',#11581,#8725,#8726);
#7131=AXIS2_PLACEMENT_3D('',#11582,#8727,#8728);
#7132=AXIS2_PLACEMENT_3D('',#11584,#8730,#8731);
#7133=AXIS2_PLACEMENT_3D('',#11586,#8733,#8734);
#7134=AXIS2_PLACEMENT_3D('',#11588,#8736,#8737);
#7135=AXIS2_PLACEMENT_3D('',#11589,#8738,#8739);
#7136=AXIS2_PLACEMENT_3D('',#11590,#8740,#8741);
#7137=AXIS2_PLACEMENT_3D('',#11591,#8742,#8743);
#7138=AXIS2_PLACEMENT_3D('',#11593,#8744,#8745);
#7139=AXIS2_PLACEMENT_3D('',#11596,#8747,#8748);
#7140=AXIS2_PLACEMENT_3D('',#11597,#8749,#8750);
#7141=AXIS2_PLACEMENT_3D('',#11599,#8751,#8752);
#7142=AXIS2_PLACEMENT_3D('',#11602,#8754,#8755);
#7143=AXIS2_PLACEMENT_3D('',#11603,#8756,#8757);
#7144=AXIS2_PLACEMENT_3D('',#11604,#8758,#8759);
#7145=AXIS2_PLACEMENT_3D('',#11605,#8760,#8761);
#7146=AXIS2_PLACEMENT_3D('',#11606,#8762,#8763);
#7147=AXIS2_PLACEMENT_3D('',#11609,#8764,#8765);
#7148=AXIS2_PLACEMENT_3D('',#11611,#8766,#8767);
#7149=AXIS2_PLACEMENT_3D('',#11612,#8768,#8769);
#7150=AXIS2_PLACEMENT_3D('',#11613,#8770,#8771);
#7151=AXIS2_PLACEMENT_3D('',#11616,#8772,#8773);
#7152=AXIS2_PLACEMENT_3D('',#11618,#8774,#8775);
#7153=AXIS2_PLACEMENT_3D('',#11619,#8776,#8777);
#7154=AXIS2_PLACEMENT_3D('',#11620,#8778,#8779);
#7155=AXIS2_PLACEMENT_3D('',#11623,#8780,#8781);
#7156=AXIS2_PLACEMENT_3D('',#11625,#8782,#8783);
#7157=AXIS2_PLACEMENT_3D('',#11626,#8784,#8785);
#7158=AXIS2_PLACEMENT_3D('',#11627,#8786,#8787);
#7159=AXIS2_PLACEMENT_3D('',#11630,#8788,#8789);
#7160=AXIS2_PLACEMENT_3D('',#11632,#8790,#8791);
#7161=AXIS2_PLACEMENT_3D('',#11633,#8792,#8793);
#7162=AXIS2_PLACEMENT_3D('',#11634,#8794,#8795);
#7163=AXIS2_PLACEMENT_3D('',#11637,#8796,#8797);
#7164=AXIS2_PLACEMENT_3D('',#11639,#8798,#8799);
#7165=AXIS2_PLACEMENT_3D('',#11640,#8800,#8801);
#7166=AXIS2_PLACEMENT_3D('',#11641,#8802,#8803);
#7167=AXIS2_PLACEMENT_3D('',#11644,#8804,#8805);
#7168=AXIS2_PLACEMENT_3D('',#11646,#8806,#8807);
#7169=AXIS2_PLACEMENT_3D('',#11647,#8808,#8809);
#7170=AXIS2_PLACEMENT_3D('',#11648,#8810,#8811);
#7171=AXIS2_PLACEMENT_3D('',#11651,#8812,#8813);
#7172=AXIS2_PLACEMENT_3D('',#11652,#8814,#8815);
#7173=AXIS2_PLACEMENT_3D('',#11654,#8816,#8817);
#7174=AXIS2_PLACEMENT_3D('',#11655,#8818,#8819);
#7175=AXIS2_PLACEMENT_3D('',#11656,#8820,#8821);
#7176=AXIS2_PLACEMENT_3D('',#11658,#8822,#8823);
#7177=AXIS2_PLACEMENT_3D('',#11660,#8824,#8825);
#7178=AXIS2_PLACEMENT_3D('',#11662,#8826,#8827);
#7179=AXIS2_PLACEMENT_3D('',#11663,#8828,#8829);
#7180=AXIS2_PLACEMENT_3D('',#11664,#8830,#8831);
#7181=AXIS2_PLACEMENT_3D('',#11666,#8832,#8833);
#7182=AXIS2_PLACEMENT_3D('',#11668,#8834,#8835);
#7183=AXIS2_PLACEMENT_3D('',#11670,#8836,#8837);
#7184=AXIS2_PLACEMENT_3D('',#11671,#8838,#8839);
#7185=AXIS2_PLACEMENT_3D('',#11672,#8840,#8841);
#7186=AXIS2_PLACEMENT_3D('',#11675,#8842,#8843);
#7187=AXIS2_PLACEMENT_3D('',#11677,#8844,#8845);
#7188=AXIS2_PLACEMENT_3D('',#11678,#8846,#8847);
#7189=AXIS2_PLACEMENT_3D('',#11679,#8848,#8849);
#7190=AXIS2_PLACEMENT_3D('',#11680,#8850,#8851);
#7191=AXIS2_PLACEMENT_3D('',#11682,#8852,#8853);
#7192=AXIS2_PLACEMENT_3D('',#11683,#8854,#8855);
#7193=AXIS2_PLACEMENT_3D('',#11684,#8856,#8857);
#7194=AXIS2_PLACEMENT_3D('',#11842,#8859,#8860);
#7195=AXIS2_PLACEMENT_3D('',#12000,#8862,#8863);
#7196=AXIS2_PLACEMENT_3D('',#12002,#8865,#8866);
#7197=AXIS2_PLACEMENT_3D('',#12003,#8867,#8868);
#7198=AXIS2_PLACEMENT_3D('',#12004,#8869,#8870);
#7199=AXIS2_PLACEMENT_3D('',#12047,#8873,#8874);
#7200=AXIS2_PLACEMENT_3D('',#12102,#8877,#8878);
#7201=AXIS2_PLACEMENT_3D('',#12145,#8881,#8882);
#7202=AXIS2_PLACEMENT_3D('',#12188,#8885,#8886);
#7203=AXIS2_PLACEMENT_3D('',#12243,#8889,#8890);
#7204=AXIS2_PLACEMENT_3D('',#12286,#8893,#8894);
#7205=AXIS2_PLACEMENT_3D('',#12287,#8895,#8896);
#7206=AXIS2_PLACEMENT_3D('',#12288,#8897,#8898);
#7207=AXIS2_PLACEMENT_3D('',#12289,#8899,#8900);
#7208=AXIS2_PLACEMENT_3D('',#12290,#8901,#8902);
#7209=AXIS2_PLACEMENT_3D('',#12327,#8903,#8904);
#7210=AXIS2_PLACEMENT_3D('',#12328,#8905,#8906);
#7211=AXIS2_PLACEMENT_3D('',#12347,#8907,#8908);
#7212=AXIS2_PLACEMENT_3D('',#12366,#8909,#8910);
#7213=AXIS2_PLACEMENT_3D('',#12367,#8911,#8912);
#7214=AXIS2_PLACEMENT_3D('',#12368,#8913,#8914);
#7215=AXIS2_PLACEMENT_3D('',#12369,#8915,#8916);
#7216=AXIS2_PLACEMENT_3D('',#12370,#8917,#8918);
#7217=AXIS2_PLACEMENT_3D('',#12371,#8919,#8920);
#7218=AXIS2_PLACEMENT_3D('',#12372,#8921,#8922);
#7219=AXIS2_PLACEMENT_3D('',#12391,#8923,#8924);
#7220=AXIS2_PLACEMENT_3D('',#12410,#8925,#8926);
#7221=AXIS2_PLACEMENT_3D('',#12411,#8927,#8928);
#7222=AXIS2_PLACEMENT_3D('',#12412,#8929,#8930);
#7223=AXIS2_PLACEMENT_3D('',#12449,#8931,#8932);
#7224=AXIS2_PLACEMENT_3D('',#12450,#8933,#8934);
#7225=AXIS2_PLACEMENT_3D('',#12451,#8935,#8936);
#7226=AXIS2_PLACEMENT_3D('',#12452,#8937,#8938);
#7227=AXIS2_PLACEMENT_3D('',#12453,#8939,#8940);
#7228=AXIS2_PLACEMENT_3D('',#12454,#8941,#8942);
#7229=AXIS2_PLACEMENT_3D('',#12473,#8943,#8944);
#7230=AXIS2_PLACEMENT_3D('',#12492,#8945,#8946);
#7231=AXIS2_PLACEMENT_3D('',#12529,#8947,#8948);
#7232=AXIS2_PLACEMENT_3D('',#12530,#8949,#8950);
#7233=AXIS2_PLACEMENT_3D('',#12531,#8951,#8952);
#7234=AXIS2_PLACEMENT_3D('',#12532,#8953,#8954);
#7235=AXIS2_PLACEMENT_3D('',#12533,#8955,#8956);
#7236=AXIS2_PLACEMENT_3D('',#12535,#8957,#8958);
#7237=AXIS2_PLACEMENT_3D('',#12538,#8960,#8961);
#7238=AXIS2_PLACEMENT_3D('',#12539,#8962,#8963);
#7239=AXIS2_PLACEMENT_3D('',#12542,#8964,#8965);
#7240=AXIS2_PLACEMENT_3D('',#12543,#8966,#8967);
#7241=AXIS2_PLACEMENT_3D('',#12546,#8969,#8970);
#7242=AXIS2_PLACEMENT_3D('',#12547,#8971,#8972);
#7243=AXIS2_PLACEMENT_3D('',#12549,#8973,#8974);
#7244=AXIS2_PLACEMENT_3D('',#12553,#8976,#8977);
#7245=AXIS2_PLACEMENT_3D('',#12554,#8978,#8979);
#7246=AXIS2_PLACEMENT_3D('',#12555,#8980,#8981);
#7247=AXIS2_PLACEMENT_3D('',#12558,#8983,#8984);
#7248=AXIS2_PLACEMENT_3D('',#12560,#8985,#8986);
#7249=AXIS2_PLACEMENT_3D('',#12563,#8988,#8989);
#7250=AXIS2_PLACEMENT_3D('',#12564,#8990,#8991);
#7251=AXIS2_PLACEMENT_3D('',#12567,#8993,#8994);
#7252=AXIS2_PLACEMENT_3D('',#12569,#8996,#8997);
#7253=AXIS2_PLACEMENT_3D('',#12570,#8998,#8999);
#7254=AXIS2_PLACEMENT_3D('',#12571,#9000,#9001);
#7255=AXIS2_PLACEMENT_3D('',#12572,#9002,#9003);
#7256=AXIS2_PLACEMENT_3D('',#12574,#9004,#9005);
#7257=AXIS2_PLACEMENT_3D('',#12576,#9006,#9007);
#7258=AXIS2_PLACEMENT_3D('',#12577,#9008,#9009);
#7259=AXIS2_PLACEMENT_3D('',#12578,#9010,#9011);
#7260=AXIS2_PLACEMENT_3D('',#12581,#9012,#9013);
#7261=AXIS2_PLACEMENT_3D('',#12582,#9014,#9015);
#7262=AXIS2_PLACEMENT_3D('',#12584,#9016,#9017);
#7263=AXIS2_PLACEMENT_3D('',#12585,#9018,#9019);
#7264=AXIS2_PLACEMENT_3D('',#12586,#9020,#9021);
#7265=AXIS2_PLACEMENT_3D('',#12588,#9022,#9023);
#7266=AXIS2_PLACEMENT_3D('',#12590,#9024,#9025);
#7267=AXIS2_PLACEMENT_3D('',#12591,#9026,#9027);
#7268=AXIS2_PLACEMENT_3D('',#12592,#9028,#9029);
#7269=AXIS2_PLACEMENT_3D('',#12594,#9030,#9031);
#7270=AXIS2_PLACEMENT_3D('',#12596,#9032,#9033);
#7271=AXIS2_PLACEMENT_3D('',#12597,#9034,#9035);
#7272=AXIS2_PLACEMENT_3D('',#12598,#9036,#9037);
#7273=AXIS2_PLACEMENT_3D('',#12601,#9038,#9039);
#7274=AXIS2_PLACEMENT_3D('',#12602,#9040,#9041);
#7275=AXIS2_PLACEMENT_3D('',#12604,#9042,#9043);
#7276=AXIS2_PLACEMENT_3D('',#12606,#9044,#9045);
#7277=AXIS2_PLACEMENT_3D('',#12607,#9046,#9047);
#7278=AXIS2_PLACEMENT_3D('',#12608,#9048,#9049);
#7279=AXIS2_PLACEMENT_3D('',#12611,#9050,#9051);
#7280=AXIS2_PLACEMENT_3D('',#12630,#9054,#9055);
#7281=AXIS2_PLACEMENT_3D('',#12633,#9056,#9057);
#7282=AXIS2_PLACEMENT_3D('',#12655,#9060,#9061);
#7283=AXIS2_PLACEMENT_3D('',#12658,#9062,#9063);
#7284=AXIS2_PLACEMENT_3D('',#12680,#9066,#9067);
#7285=AXIS2_PLACEMENT_3D('',#12695,#9068,#9069);
#7286=AXIS2_PLACEMENT_3D('',#12696,#9070,#9071);
#7287=AXIS2_PLACEMENT_3D('',#12698,#9073,#9074);
#7288=AXIS2_PLACEMENT_3D('',#12700,#9075,#9076);
#7289=AXIS2_PLACEMENT_3D('',#12702,#9078,#9079);
#7290=AXIS2_PLACEMENT_3D('',#12704,#9081,#9082);
#7291=AXIS2_PLACEMENT_3D('',#12705,#9083,#9084);
#7292=AXIS2_PLACEMENT_3D('',#12708,#9085,#9086);
#7293=AXIS2_PLACEMENT_3D('',#12710,#9087,#9088);
#7294=AXIS2_PLACEMENT_3D('',#12711,#9089,#9090);
#7295=AXIS2_PLACEMENT_3D('',#12713,#9091,#9092);
#7296=AXIS2_PLACEMENT_3D('',#12714,#9093,#9094);
#7297=AXIS2_PLACEMENT_3D('',#12715,#9095,#9096);
#7298=AXIS2_PLACEMENT_3D('',#12716,#9097,#9098);
#7299=AXIS2_PLACEMENT_3D('',#12717,#9099,#9100);
#7300=AXIS2_PLACEMENT_3D('',#12750,#9101,#9102);
#7301=AXIS2_PLACEMENT_3D('',#12774,#9103,#9104);
#7302=AXIS2_PLACEMENT_3D('',#12798,#9105,#9106);
#7303=AXIS2_PLACEMENT_3D('',#12831,#9107,#9108);
#7304=AXIS2_PLACEMENT_3D('',#12848,#9109,#9110);
#7305=AXIS2_PLACEMENT_3D('',#12851,#9111,#9112);
#7306=AXIS2_PLACEMENT_3D('',#12852,#9113,#9114);
#7307=AXIS2_PLACEMENT_3D('',#12854,#9115,#9116);
#7308=AXIS2_PLACEMENT_3D('',#12856,#9117,#9118);
#7309=AXIS2_PLACEMENT_3D('',#12858,#9119,#9120);
#7310=AXIS2_PLACEMENT_3D('',#12859,#9121,#9122);
#7311=AXIS2_PLACEMENT_3D('',#12860,#9123,#9124);
#7312=AXIS2_PLACEMENT_3D('',#12862,#9125,#9126);
#7313=AXIS2_PLACEMENT_3D('',#12863,#9127,#9128);
#7314=AXIS2_PLACEMENT_3D('',#12864,#9129,#9130);
#7315=AXIS2_PLACEMENT_3D('',#12867,#9133,#9134);
#7316=AXIS2_PLACEMENT_3D('',#12869,#9136,#9137);
#7317=AXIS2_PLACEMENT_3D('',#12870,#9138,#9139);
#7318=AXIS2_PLACEMENT_3D('',#12871,#9140,#9141);
#7319=AXIS2_PLACEMENT_3D('',#12873,#9143,#9144);
#7320=AXIS2_PLACEMENT_3D('',#12875,#9146,#9147);
#7321=AXIS2_PLACEMENT_3D('',#12877,#9149,#9150);
#7322=AXIS2_PLACEMENT_3D('',#12878,#9151,#9152);
#7323=AXIS2_PLACEMENT_3D('',#12879,#9153,#9154);
#7324=AXIS2_PLACEMENT_3D('',#12880,#9155,#9156);
#7325=AXIS2_PLACEMENT_3D('',#12882,#9157,#9158);
#7326=AXIS2_PLACEMENT_3D('',#12885,#9160,#9161);
#7327=AXIS2_PLACEMENT_3D('',#12886,#9162,#9163);
#7328=AXIS2_PLACEMENT_3D('',#12888,#9164,#9165);
#7329=AXIS2_PLACEMENT_3D('',#12891,#9167,#9168);
#7330=AXIS2_PLACEMENT_3D('',#12892,#9169,#9170);
#7331=AXIS2_PLACEMENT_3D('',#12893,#9171,#9172);
#7332=AXIS2_PLACEMENT_3D('',#12894,#9173,#9174);
#7333=AXIS2_PLACEMENT_3D('',#12895,#9175,#9176);
#7334=AXIS2_PLACEMENT_3D('',#12897,#9177,#9178);
#7335=AXIS2_PLACEMENT_3D('',#12900,#9180,#9181);
#7336=AXIS2_PLACEMENT_3D('',#12901,#9182,#9183);
#7337=AXIS2_PLACEMENT_3D('',#12903,#9184,#9185);
#7338=AXIS2_PLACEMENT_3D('',#12906,#9187,#9188);
#7339=AXIS2_PLACEMENT_3D('',#12907,#9189,#9190);
#7340=AXIS2_PLACEMENT_3D('',#12908,#9191,#9192);
#7341=AXIS2_PLACEMENT_3D('',#12909,#9193,#9194);
#7342=AXIS2_PLACEMENT_3D('',#12910,#9195,#9196);
#7343=AXIS2_PLACEMENT_3D('',#12911,#9197,#9198);
#7344=AXIS2_PLACEMENT_3D('',#12912,#9199,#9200);
#7345=AXIS2_PLACEMENT_3D('',#12913,#9201,#9202);
#7346=AXIS2_PLACEMENT_3D('',#12914,#9203,#9204);
#7347=AXIS2_PLACEMENT_3D('',#12915,#9205,#9206);
#7348=AXIS2_PLACEMENT_3D('',#12916,#9207,#9208);
#7349=AXIS2_PLACEMENT_3D('',#12917,#9209,#9210);
#7350=AXIS2_PLACEMENT_3D('',#12918,#9211,#9212);
#7351=AXIS2_PLACEMENT_3D('',#12919,#9213,#9214);
#7352=AXIS2_PLACEMENT_3D('',#12920,#9215,#9216);
#7353=AXIS2_PLACEMENT_3D('',#12921,#9217,#9218);
#7354=AXIS2_PLACEMENT_3D('',#12922,#9219,#9220);
#7355=AXIS2_PLACEMENT_3D('',#12923,#9221,#9222);
#7356=AXIS2_PLACEMENT_3D('',#12924,#9223,#9224);
#7357=AXIS2_PLACEMENT_3D('',#12925,#9225,#9226);
#7358=AXIS2_PLACEMENT_3D('',#12926,#9227,#9228);
#7359=AXIS2_PLACEMENT_3D('',#12927,#9229,#9230);
#7360=AXIS2_PLACEMENT_3D('',#12928,#9231,#9232);
#7361=AXIS2_PLACEMENT_3D('',#12929,#9233,#9234);
#7362=AXIS2_PLACEMENT_3D('',#12930,#9235,#9236);
#7363=AXIS2_PLACEMENT_3D('',#12931,#9237,#9238);
#7364=AXIS2_PLACEMENT_3D('',#12932,#9239,#9240);
#7365=AXIS2_PLACEMENT_3D('',#12933,#9241,#9242);
#7366=AXIS2_PLACEMENT_3D('',#12934,#9243,#9244);
#7367=DIRECTION('axis',(0.,0.,1.));
#7368=DIRECTION('refdir',(1.,0.,0.));
#7369=DIRECTION('axis',(0.,0.,1.));
#7370=DIRECTION('refdir',(1.,0.,0.));
#7371=DIRECTION('center_axis',(-0.978147600733807,0.,-0.207911690817753));
#7372=DIRECTION('ref_axis',(0.207911690817753,0.,-0.978147600733807));
#7373=DIRECTION('center_axis',(-0.978147600733807,0.,-0.207911690817753));
#7374=DIRECTION('ref_axis',(0.207911690817753,0.,-0.978147600733807));
#7375=DIRECTION('',(-0.978147600733807,0.,-0.207911690817753));
#7376=DIRECTION('center_axis',(0.978147600733807,0.,0.207911690817753));
#7377=DIRECTION('ref_axis',(0.207911690817753,0.,-0.978147600733807));
#7378=DIRECTION('center_axis',(-0.978147600733807,0.,-0.207911690817753));
#7379=DIRECTION('ref_axis',(0.207911690817753,0.,-0.978147600733807));
#7380=DIRECTION('center_axis',(-0.978147600733807,0.,-0.207911690817753));
#7381=DIRECTION('ref_axis',(0.207911690817753,0.,-0.978147600733807));
#7382=DIRECTION('',(-0.978147600733807,0.,-0.207911690817753));
#7383=DIRECTION('center_axis',(0.978147600733807,0.,0.207911690817753));
#7384=DIRECTION('ref_axis',(0.207911690817753,0.,-0.978147600733807));
#7385=DIRECTION('center_axis',(0.978147600733807,0.,-0.207911690817753));
#7386=DIRECTION('ref_axis',(-0.207911690817753,0.,-0.978147600733807));
#7387=DIRECTION('center_axis',(-0.978147600733807,0.,0.207911690817753));
#7388=DIRECTION('ref_axis',(-0.207911690817753,0.,-0.978147600733807));
#7389=DIRECTION('',(0.978147600733807,0.,-0.207911690817753));
#7390=DIRECTION('center_axis',(0.978147600733807,0.,-0.207911690817753));
#7391=DIRECTION('ref_axis',(-0.207911690817753,0.,-0.978147600733807));
#7392=DIRECTION('center_axis',(0.978147600733807,0.,-0.207911690817753));
#7393=DIRECTION('ref_axis',(-0.207911690817753,0.,-0.978147600733807));
#7394=DIRECTION('center_axis',(-0.978147600733807,0.,0.207911690817753));
#7395=DIRECTION('ref_axis',(-0.207911690817753,0.,-0.978147600733807));
#7396=DIRECTION('',(0.978147600733807,0.,-0.207911690817753));
#7397=DIRECTION('center_axis',(0.978147600733807,0.,-0.207911690817753));
#7398=DIRECTION('ref_axis',(-0.207911690817753,0.,-0.978147600733807));
#7399=DIRECTION('center_axis',(1.,0.,-1.38777878078145E-16));
#7400=DIRECTION('ref_axis',(-1.38777878078145E-16,0.,-1.));
#7401=DIRECTION('center_axis',(1.,0.,-3.60822483003176E-16));
#7402=DIRECTION('ref_axis',(-3.60822483003176E-16,0.,-1.));
#7403=DIRECTION('',(1.,0.,-1.38777878078145E-16));
#7404=DIRECTION('center_axis',(1.,0.,-1.38777878078145E-16));
#7405=DIRECTION('ref_axis',(-1.38777878078145E-16,0.,-1.));
#7406=DIRECTION('center_axis',(1.,0.,-1.38777878078145E-16));
#7407=DIRECTION('ref_axis',(-1.38777878078145E-16,0.,-1.));
#7408=DIRECTION('center_axis',(-1.,0.,2.77555756156289E-17));
#7409=DIRECTION('ref_axis',(2.77555756156289E-17,0.,1.));
#7410=DIRECTION('',(1.,0.,-1.38777878078145E-16));
#7411=DIRECTION('center_axis',(-1.,0.,2.77555756156289E-17));
#7412=DIRECTION('ref_axis',(2.77555756156289E-17,0.,1.));
#7413=DIRECTION('center_axis',(0.978147600733808,0.,-0.207911690817748));
#7414=DIRECTION('ref_axis',(-0.207911690817749,0.,-0.978147600733808));
#7415=DIRECTION('center_axis',(0.978147600733808,0.,-0.207911690817748));
#7416=DIRECTION('ref_axis',(-0.207911690817749,0.,-0.978147600733808));
#7417=DIRECTION('center_axis',(0.978147600733808,0.,-0.207911690817748));
#7418=DIRECTION('ref_axis',(-0.207911690817749,0.,-0.978147600733808));
#7419=DIRECTION('center_axis',(0.978147600733808,0.,-0.207911690817748));
#7420=DIRECTION('ref_axis',(-0.207911690817749,0.,-0.978147600733808));
#7421=DIRECTION('',(-0.978147600733808,0.,0.207911690817748));
#7422=DIRECTION('center_axis',(0.978147600733808,0.,-0.207911690817748));
#7423=DIRECTION('ref_axis',(-0.207911690817749,0.,-0.978147600733808));
#7424=DIRECTION('',(0.978147600733801,0.,-0.207911690817781));
#7425=DIRECTION('center_axis',(0.,-1.,0.));
#7426=DIRECTION('ref_axis',(0.,0.,-1.));
#7427=DIRECTION('',(0.,-1.,0.));
#7428=DIRECTION('center_axis',(0.,-1.,0.));
#7429=DIRECTION('ref_axis',(0.,0.,-1.));
#7430=DIRECTION('',(0.,-1.,0.));
#7431=DIRECTION('',(0.,-1.,0.));
#7432=DIRECTION('',(0.,-1.,0.));
#7433=DIRECTION('',(0.,-1.,0.));
#7434=DIRECTION('',(0.,-1.,0.));
#7435=DIRECTION('center_axis',(0.,1.,0.));
#7436=DIRECTION('ref_axis',(8.5370249802008E-15,0.,-1.));
#7437=DIRECTION('',(0.,-1.,0.));
#7438=DIRECTION('',(0.,-1.,0.));
#7439=DIRECTION('',(0.,-1.,0.));
#7440=DIRECTION('',(0.,-1.,0.));
#7441=DIRECTION('center_axis',(0.,1.,0.));
#7442=DIRECTION('ref_axis',(0.,0.,1.));
#7443=DIRECTION('',(0.,-1.,0.));
#7444=DIRECTION('center_axis',(0.,-1.,0.));
#7445=DIRECTION('ref_axis',(0.,0.,1.));
#7446=DIRECTION('',(0.,-1.,0.));
#7447=DIRECTION('',(0.,-1.,0.));
#7448=DIRECTION('',(0.,-1.,0.));
#7449=DIRECTION('',(0.,-1.,0.));
#7450=DIRECTION('',(0.,-1.,0.));
#7451=DIRECTION('center_axis',(0.,1.,0.));
#7452=DIRECTION('ref_axis',(0.,0.,1.));
#7453=DIRECTION('',(0.,-1.,0.));
#7454=DIRECTION('',(0.,-1.,0.));
#7455=DIRECTION('',(0.,-1.,0.));
#7456=DIRECTION('',(0.,-1.,0.));
#7457=DIRECTION('center_axis',(-9.96374459468998E-17,0.,-1.));
#7458=DIRECTION('ref_axis',(-1.,0.,9.96374459468998E-17));
#7459=DIRECTION('',(-1.,0.,9.96374459468998E-17));
#7460=DIRECTION('',(-1.,0.,9.96374459468998E-17));
#7461=DIRECTION('center_axis',(-9.96374459468998E-17,0.,-1.));
#7462=DIRECTION('ref_axis',(-1.,0.,9.96374459468998E-17));
#7463=DIRECTION('',(-1.,0.,9.96374459468998E-17));
#7464=DIRECTION('',(1.,0.,-9.96374459468998E-17));
#7465=DIRECTION('center_axis',(-9.96374459468998E-17,0.,-1.));
#7466=DIRECTION('ref_axis',(-1.,0.,9.96374459468998E-17));
#7467=DIRECTION('center_axis',(-9.96374459468998E-17,0.,-1.));
#7468=DIRECTION('ref_axis',(-1.,0.,9.96374459468998E-17));
#7469=DIRECTION('',(-1.,0.,9.96374459468998E-17));
#7470=DIRECTION('center_axis',(0.,1.,0.));
#7471=DIRECTION('ref_axis',(0.,0.,1.));
#7472=DIRECTION('',(0.,0.,-1.));
#7473=DIRECTION('',(1.,0.,-9.96374459468998E-17));
#7474=DIRECTION('',(0.,0.,1.));
#7475=DIRECTION('center_axis',(-9.96374459468998E-17,0.,-1.));
#7476=DIRECTION('ref_axis',(-1.,0.,9.96374459468998E-17));
#7477=DIRECTION('',(1.,0.,-1.06752213906265E-16));
#7478=DIRECTION('',(0.,-1.,0.));
#7479=DIRECTION('',(0.,-1.,0.));
#7480=DIRECTION('center_axis',(-9.96374459468998E-17,0.,-1.));
#7481=DIRECTION('ref_axis',(-1.,0.,9.96374459468998E-17));
#7482=DIRECTION('',(-1.,0.,9.96374459468998E-17));
#7483=DIRECTION('center_axis',(0.,1.,0.));
#7484=DIRECTION('ref_axis',(0.,0.,1.));
#7485=DIRECTION('',(0.,0.,1.));
#7486=DIRECTION('',(0.,0.,-1.));
#7487=DIRECTION('center_axis',(0.,-1.,0.));
#7488=DIRECTION('ref_axis',(0.,0.,-1.));
#7489=DIRECTION('',(-0.978147600733808,0.,0.207911690817748));
#7490=DIRECTION('center_axis',(0.,1.,0.));
#7491=DIRECTION('ref_axis',(0.,0.,-1.));
#7492=DIRECTION('center_axis',(0.,1.,0.));
#7493=DIRECTION('ref_axis',(0.,0.,1.));
#7494=DIRECTION('',(-0.978147600733807,0.,0.207911690817753));
#7495=DIRECTION('center_axis',(0.,-1.,0.));
#7496=DIRECTION('ref_axis',(0.,0.,-1.));
#7497=DIRECTION('center_axis',(0.,-1.,0.));
#7498=DIRECTION('ref_axis',(0.,0.,-1.));
#7499=DIRECTION('',(0.,-1.,0.));
#7500=DIRECTION('center_axis',(-0.978147600733808,0.,0.207911690817748));
#7501=DIRECTION('ref_axis',(0.207911690817748,0.,0.978147600733808));
#7502=DIRECTION('center_axis',(0.978147600733807,0.,-0.207911690817753));
#7503=DIRECTION('ref_axis',(-0.207911690817753,0.,-0.978147600733807));
#7504=DIRECTION('',(-0.978147600733808,0.,0.207911690817748));
#7505=DIRECTION('center_axis',(-0.978147600733807,0.,0.207911690817753));
#7506=DIRECTION('ref_axis',(-0.207911690817753,1.38777878078145E-15,-0.978147600733807));
#7507=DIRECTION('',(0.978147600733808,4.21407174581992E-33,-0.207911690817748));
#7508=DIRECTION('center_axis',(0.19724234854824,0.316227766016838,0.927952291844346));
#7509=DIRECTION('ref_axis',(-0.0657474495160801,0.948683298050514,-0.309317430614782));
#7510=DIRECTION('',(-0.0657474495160815,0.948683298050514,-0.309317430614782));
#7511=DIRECTION('',(0.0657474495160801,-0.948683298050514,0.309317430614782));
#7512=DIRECTION('',(-0.978147600733808,-4.21407174581992E-33,0.207911690817748));
#7513=DIRECTION('center_axis',(-0.978147600733808,0.,0.207911690817748));
#7514=DIRECTION('ref_axis',(0.207911690817749,0.,0.978147600733808));
#7515=DIRECTION('center_axis',(-0.978147600733807,0.,0.207911690817753));
#7516=DIRECTION('ref_axis',(-0.207911690817753,0.,-0.978147600733807));
#7517=DIRECTION('center_axis',(0.978147600733807,0.,-0.207911690817753));
#7518=DIRECTION('ref_axis',(-0.207911690817753,0.,-0.978147600733807));
#7519=DIRECTION('',(0.978147600733808,0.,-0.207911690817748));
#7520=DIRECTION('center_axis',(0.,-1.,0.));
#7521=DIRECTION('ref_axis',(0.,0.,-1.));
#7522=DIRECTION('',(0.207911690817753,0.,0.978147600733807));
#7523=DIRECTION('',(-0.978147600733807,0.,0.207911690817753));
#7524=DIRECTION('',(0.207911690817753,0.,0.978147600733807));
#7525=DIRECTION('center_axis',(0.978147600733807,0.,-0.207911690817753));
#7526=DIRECTION('ref_axis',(-0.207911690817753,0.,-0.978147600733807));
#7527=DIRECTION('center_axis',(-0.978147600733807,0.,0.207911690817753));
#7528=DIRECTION('ref_axis',(-0.207911690817753,0.,-0.978147600733807));
#7529=DIRECTION('center_axis',(0.978147600733807,0.,-0.207911690817753));
#7530=DIRECTION('ref_axis',(-0.207911690817753,0.,-0.978147600733807));
#7531=DIRECTION('',(0.978147600733807,0.,-0.207911690817753));
#7532=DIRECTION('center_axis',(0.207911690817753,0.,0.978147600733807));
#7533=DIRECTION('ref_axis',(0.978147600733807,0.,-0.207911690817753));
#7534=DIRECTION('',(0.,-1.,0.));
#7535=DIRECTION('',(-0.978147600733807,0.,0.207911690817753));
#7536=DIRECTION('',(0.,1.,0.));
#7537=DIRECTION('',(0.,1.,0.));
#7538=DIRECTION('',(0.,1.,0.));
#7539=DIRECTION('center_axis',(0.978147600733807,0.,-0.207911690817753));
#7540=DIRECTION('ref_axis',(-0.207911690817753,0.,-0.978147600733807));
#7541=DIRECTION('center_axis',(-0.978147600733807,0.,0.207911690817753));
#7542=DIRECTION('ref_axis',(-0.207911690817753,0.,-0.978147600733807));
#7543=DIRECTION('center_axis',(0.978147600733807,0.,-0.207911690817753));
#7544=DIRECTION('ref_axis',(-0.207911690817753,0.,-0.978147600733807));
#7545=DIRECTION('',(0.978147600733807,0.,-0.207911690817753));
#7546=DIRECTION('center_axis',(0.,1.,0.));
#7547=DIRECTION('ref_axis',(-0.978147600733808,0.,0.207911690817748));
#7548=DIRECTION('',(-0.207911690817753,0.,-0.978147600733807));
#7549=DIRECTION('',(0.207911690817752,0.,0.978147600733807));
#7550=DIRECTION('center_axis',(0.978147600733807,0.,-0.207911690817753));
#7551=DIRECTION('ref_axis',(-0.207911690817753,0.,-0.978147600733807));
#7552=DIRECTION('',(0.207911690817748,0.,0.978147600733808));
#7553=DIRECTION('',(0.207911690817753,0.,0.978147600733807));
#7554=DIRECTION('',(0.,-1.,0.));
#7555=DIRECTION('center_axis',(0.,1.,0.));
#7556=DIRECTION('ref_axis',(0.,0.,1.));
#7557=DIRECTION('',(0.207911690817753,0.,0.978147600733807));
#7558=DIRECTION('',(0.978147600733801,0.,-0.207911690817781));
#7559=DIRECTION('center_axis',(0.978147600733807,0.,-0.207911690817753));
#7560=DIRECTION('ref_axis',(-0.207911690817753,0.,-0.978147600733807));
#7561=DIRECTION('',(0.,-1.,0.));
#7562=DIRECTION('center_axis',(0.978147600733807,0.,-0.207911690817753));
#7563=DIRECTION('ref_axis',(-0.207911690817753,0.,-0.978147600733807));
#7564=DIRECTION('center_axis',(0.978147600733807,0.,-0.207911690817753));
#7565=DIRECTION('ref_axis',(-0.207911690817753,0.,-0.978147600733807));
#7566=DIRECTION('center_axis',(0.978147600733807,0.,-0.207911690817753));
#7567=DIRECTION('ref_axis',(-0.207911690817753,0.,-0.978147600733807));
#7568=DIRECTION('center_axis',(0.978147600733807,0.,-0.207911690817753));
#7569=DIRECTION('ref_axis',(-0.207911690817753,0.,-0.978147600733807));
#7570=DIRECTION('',(-0.207911690817753,0.,-0.978147600733807));
#7571=DIRECTION('center_axis',(0.,1.,0.));
#7572=DIRECTION('ref_axis',(-0.978147600733808,0.,0.207911690817748));
#7573=DIRECTION('center_axis',(0.,-1.,0.));
#7574=DIRECTION('ref_axis',(0.,0.,-1.));
#7575=DIRECTION('',(-0.978147600733802,0.,-0.207911690817774));
#7576=DIRECTION('center_axis',(0.,1.,0.));
#7577=DIRECTION('ref_axis',(0.,0.,-1.));
#7578=DIRECTION('center_axis',(0.,1.,0.));
#7579=DIRECTION('ref_axis',(0.,0.,1.));
#7580=DIRECTION('',(-0.978147600733803,0.,-0.207911690817772));
#7581=DIRECTION('center_axis',(0.,-1.,0.));
#7582=DIRECTION('ref_axis',(0.,0.,-1.));
#7583=DIRECTION('center_axis',(0.,1.,0.));
#7584=DIRECTION('ref_axis',(0.,0.,1.));
#7585=DIRECTION('',(0.,-1.,0.));
#7586=DIRECTION('center_axis',(1.,0.,-1.38777878078145E-16));
#7587=DIRECTION('ref_axis',(1.38777878078145E-16,1.22464679914735E-16,1.));
#7588=DIRECTION('center_axis',(-1.,0.,2.77555756156289E-17));
#7589=DIRECTION('ref_axis',(2.77555756156289E-17,0.,1.));
#7590=DIRECTION('',(1.,0.,-1.38777878078145E-16));
#7591=DIRECTION('center_axis',(-1.,0.,2.77555756156289E-17));
#7592=DIRECTION('ref_axis',(2.77555756156289E-17,0.,1.));
#7593=DIRECTION('',(1.,0.,-1.38777878078145E-16));
#7594=DIRECTION('center_axis',(0.,1.,0.));
#7595=DIRECTION('ref_axis',(1.,0.,-2.77555756156289E-17));
#7596=DIRECTION('',(-1.,0.,2.77555756156289E-17));
#7597=DIRECTION('',(2.77555756156289E-17,0.,1.));
#7598=DIRECTION('',(1.38777878078145E-16,0.,-1.));
#7599=DIRECTION('center_axis',(0.,1.,0.));
#7600=DIRECTION('ref_axis',(2.77555756156289E-17,0.,1.));
#7601=DIRECTION('',(-2.77555756156289E-17,0.,-1.));
#7602=DIRECTION('',(-2.77555756156289E-17,0.,-1.));
#7603=DIRECTION('',(-1.,0.,2.77555756156289E-17));
#7604=DIRECTION('center_axis',(-1.,0.,2.77555756156289E-17));
#7605=DIRECTION('ref_axis',(2.77555756156289E-17,0.,1.));
#7606=DIRECTION('',(0.,-1.,0.));
#7607=DIRECTION('center_axis',(-1.,0.,2.77555756156289E-17));
#7608=DIRECTION('ref_axis',(2.77555756156289E-17,0.,1.));
#7609=DIRECTION('',(0.,-1.,0.));
#7610=DIRECTION('center_axis',(0.,-1.,0.));
#7611=DIRECTION('ref_axis',(-0.978147600733813,0.,-0.207911690817724));
#7612=DIRECTION('',(0.978147600733807,0.,0.207911690817753));
#7613=DIRECTION('center_axis',(0.,1.,0.));
#7614=DIRECTION('ref_axis',(0.978147600733813,0.,0.207911690817724));
#7615=DIRECTION('center_axis',(0.,1.,0.));
#7616=DIRECTION('ref_axis',(0.978147600733813,0.,0.207911690817725));
#7617=DIRECTION('center_axis',(0.,1.,0.));
#7618=DIRECTION('ref_axis',(0.978147600733813,0.,0.207911690817724));
#7619=DIRECTION('center_axis',(0.,-1.,0.));
#7620=DIRECTION('ref_axis',(0.978147600733813,0.,0.207911690817724));
#7621=DIRECTION('',(0.978147600733807,0.,0.207911690817753));
#7622=DIRECTION('center_axis',(0.,-1.,0.));
#7623=DIRECTION('ref_axis',(-0.978147600733813,0.,-0.207911690817725));
#7624=DIRECTION('center_axis',(0.,1.,0.));
#7625=DIRECTION('ref_axis',(0.978147600733813,0.,0.207911690817724));
#7626=DIRECTION('',(0.,-1.,0.));
#7627=DIRECTION('center_axis',(-0.978147600733814,0.,-0.20791169081772));
#7628=DIRECTION('ref_axis',(-0.20791169081772,0.,0.978147600733814));
#7629=DIRECTION('center_axis',(0.978147600733807,0.,0.207911690817752));
#7630=DIRECTION('ref_axis',(-0.207911690817752,0.,0.978147600733807));
#7631=DIRECTION('',(0.978147600733814,0.,0.20791169081772));
#7632=DIRECTION('center_axis',(-0.978147600733807,0.,-0.207911690817752));
#7633=DIRECTION('ref_axis',(-0.207911690817752,0.,0.978147600733807));
#7634=DIRECTION('',(-0.978147600733814,0.,-0.20791169081772));
#7635=DIRECTION('center_axis',(0.,-1.,0.));
#7636=DIRECTION('ref_axis',(0.,0.,-1.));
#7637=DIRECTION('',(0.207911690817752,0.,-0.978147600733807));
#7638=DIRECTION('',(0.207911690817752,0.,-0.978147600733807));
#7639=DIRECTION('',(0.978147600733813,0.,0.207911690817724));
#7640=DIRECTION('center_axis',(0.978147600733813,0.,0.207911690817724));
#7641=DIRECTION('ref_axis',(0.207911690817724,0.,-0.978147600733813));
#7642=DIRECTION('center_axis',(0.978147600733807,0.,0.207911690817752));
#7643=DIRECTION('ref_axis',(-0.207911690817752,8.67361737988404E-16,0.978147600733807));
#7644=DIRECTION('center_axis',(-0.978147600733807,0.,-0.207911690817752));
#7645=DIRECTION('ref_axis',(-0.207911690817752,0.,0.978147600733807));
#7646=DIRECTION('',(-0.978147600733813,-4.21407174581993E-33,-0.207911690817724));
#7647=DIRECTION('center_axis',(-0.197242348548217,0.316227766016838,0.927952291844351));
#7648=DIRECTION('ref_axis',(-0.0657474495160724,-0.948683298050514,0.309317430614784));
#7649=DIRECTION('',(0.0657474495160724,0.948683298050514,-0.309317430614784));
#7650=DIRECTION('',(0.978147600733813,4.21407174581993E-33,0.207911690817724));
#7651=DIRECTION('',(-0.0657474495160814,-0.948683298050514,0.309317430614782));
#7652=DIRECTION('center_axis',(0.978147600733813,0.,0.207911690817724));
#7653=DIRECTION('ref_axis',(0.207911690817724,0.,-0.978147600733813));
#7654=DIRECTION('center_axis',(-0.978147600733807,0.,-0.207911690817752));
#7655=DIRECTION('ref_axis',(-0.207911690817752,0.,0.978147600733807));
#7656=DIRECTION('center_axis',(0.978147600733807,0.,0.207911690817752));
#7657=DIRECTION('ref_axis',(-0.207911690817752,0.,0.978147600733807));
#7658=DIRECTION('',(-0.978147600733813,0.,-0.207911690817724));
#7659=DIRECTION('center_axis',(0.,1.,0.));
#7660=DIRECTION('ref_axis',(0.978147600733813,0.,0.207911690817725));
#7661=DIRECTION('',(0.,-1.,0.));
#7662=DIRECTION('center_axis',(-0.978147600733813,0.,-0.207911690817724));
#7663=DIRECTION('ref_axis',(0.207911690817724,1.22464679914735E-16,-0.978147600733813));
#7664=DIRECTION('center_axis',(-0.978147600733813,0.,-0.207911690817724));
#7665=DIRECTION('ref_axis',(-0.207911690817724,0.,0.978147600733813));
#7666=DIRECTION('center_axis',(-0.978147600733813,0.,-0.207911690817724));
#7667=DIRECTION('ref_axis',(-0.207911690817724,0.,0.978147600733813));
#7668=DIRECTION('',(-0.978147600733813,0.,-0.207911690817724));
#7669=DIRECTION('center_axis',(-0.978147600733813,0.,-0.207911690817724));
#7670=DIRECTION('ref_axis',(-0.207911690817724,0.,0.978147600733813));
#7671=DIRECTION('center_axis',(-0.978147600733813,0.,-0.207911690817724));
#7672=DIRECTION('ref_axis',(-0.207911690817724,0.,0.978147600733813));
#7673=DIRECTION('center_axis',(3.29754780335107E-15,1.,-1.55137426830931E-14));
#7674=DIRECTION('ref_axis',(-0.207911690817724,1.58603289232163E-14,0.978147600733813));
#7675=DIRECTION('',(0.20791169081772,-1.58603289232163E-14,-0.978147600733814));
#7676=DIRECTION('',(0.978147600733814,1.12103877145985E-44,0.20791169081772));
#7677=DIRECTION('',(-0.20791169081772,1.58603289232163E-14,0.978147600733814));
#7678=DIRECTION('center_axis',(-0.978147600733814,-1.12103877145985E-44,
-0.20791169081772));
#7679=DIRECTION('ref_axis',(-0.20791169081772,3.85826947227391E-59,0.978147600733814));
#7680=DIRECTION('center_axis',(0.978147600733807,0.,0.207911690817752));
#7681=DIRECTION('ref_axis',(-0.207911690817752,0.,0.978147600733807));
#7682=DIRECTION('center_axis',(-0.978147600733807,0.,-0.207911690817752));
#7683=DIRECTION('ref_axis',(-0.207911690817752,0.,0.978147600733807));
#7684=DIRECTION('',(-0.978147600733814,-1.12103877145985E-44,-0.20791169081772));
#7685=DIRECTION('center_axis',(-0.20791169081772,0.,0.978147600733814));
#7686=DIRECTION('ref_axis',(0.978147600733814,0.,0.20791169081772));
#7687=DIRECTION('',(0.,-1.,0.));
#7688=DIRECTION('',(0.,1.,0.));
#7689=DIRECTION('',(0.,-1.,0.));
#7690=DIRECTION('',(0.,-1.,0.));
#7691=DIRECTION('center_axis',(-0.978147600733807,0.,-0.207911690817752));
#7692=DIRECTION('ref_axis',(-0.207911690817752,0.,0.978147600733807));
#7693=DIRECTION('',(0.207911690817752,0.,-0.978147600733807));
#7694=DIRECTION('',(0.207911690817724,0.,-0.978147600733813));
#7695=DIRECTION('center_axis',(0.,1.,0.));
#7696=DIRECTION('ref_axis',(0.978147600733813,0.,0.207911690817724));
#7697=DIRECTION('',(-0.207911690817752,0.,0.978147600733807));
#7698=DIRECTION('center_axis',(-0.978147600733807,0.,-0.207911690817752));
#7699=DIRECTION('ref_axis',(-0.207911690817752,0.,0.978147600733807));
#7700=DIRECTION('center_axis',(-0.978147600733807,0.,-0.207911690817752));
#7701=DIRECTION('ref_axis',(-0.207911690817752,0.,0.978147600733807));
#7702=DIRECTION('center_axis',(-0.978147600733807,0.,-0.207911690817752));
#7703=DIRECTION('ref_axis',(-0.207911690817752,0.,0.978147600733807));
#7704=DIRECTION('',(-0.207911690817752,0.,0.978147600733807));
#7705=DIRECTION('center_axis',(-0.978147600733807,0.,-0.207911690817752));
#7706=DIRECTION('ref_axis',(-0.207911690817752,0.,0.978147600733807));
#7707=DIRECTION('',(-0.207911690817752,0.,0.978147600733807));
#7708=DIRECTION('center_axis',(-0.978147600733807,0.,-0.207911690817752));
#7709=DIRECTION('ref_axis',(-0.207911690817752,0.,0.978147600733807));
#7710=DIRECTION('',(0.207911690817752,0.,-0.978147600733807));
#7711=DIRECTION('center_axis',(0.,1.,0.));
#7712=DIRECTION('ref_axis',(0.,0.,1.));
#7713=DIRECTION('center_axis',(0.,1.,0.));
#7714=DIRECTION('ref_axis',(0.,0.,1.));
#7715=DIRECTION('center_axis',(0.,-1.,0.));
#7716=DIRECTION('ref_axis',(0.,0.,-1.));
#7717=DIRECTION('',(-1.,0.,0.));
#7718=DIRECTION('center_axis',(0.,-1.,0.));
#7719=DIRECTION('ref_axis',(0.,0.,-1.));
#7720=DIRECTION('center_axis',(0.,-1.,0.));
#7721=DIRECTION('ref_axis',(0.,0.,-1.));
#7722=DIRECTION('',(-1.,0.,2.41473507855972E-15));
#7723=DIRECTION('center_axis',(0.,1.,0.));
#7724=DIRECTION('ref_axis',(-5.12221498812048E-14,0.,-1.));
#7725=DIRECTION('center_axis',(0.,1.,0.));
#7726=DIRECTION('ref_axis',(0.,0.,1.));
#7727=DIRECTION('center_axis',(0.,-1.,0.));
#7728=DIRECTION('ref_axis',(0.,0.,-1.));
#7729=DIRECTION('',(0.,-1.,0.));
#7730=DIRECTION('center_axis',(0.,-1.,0.));
#7731=DIRECTION('ref_axis',(0.,0.,-1.));
#7732=DIRECTION('',(0.,-1.,0.));
#7733=DIRECTION('center_axis',(1.,0.,-1.38777878078145E-16));
#7734=DIRECTION('ref_axis',(1.38777878078145E-16,1.22464679914735E-16,1.));
#7735=DIRECTION('center_axis',(1.,0.,-3.60822483003176E-16));
#7736=DIRECTION('ref_axis',(-3.60822483003176E-16,0.,-1.));
#7737=DIRECTION('',(1.,0.,-1.38777878078145E-16));
#7738=DIRECTION('center_axis',(1.,0.,-1.38777878078145E-16));
#7739=DIRECTION('ref_axis',(-1.38777878078145E-16,0.,-1.));
#7740=DIRECTION('',(1.,0.,-1.38777878078145E-16));
#7741=DIRECTION('center_axis',(1.,0.,-3.88578058618805E-16));
#7742=DIRECTION('ref_axis',(-3.88578058618805E-16,0.,-1.));
#7743=DIRECTION('',(3.88578058618805E-16,0.,1.));
#7744=DIRECTION('',(3.88578058618805E-16,0.,1.));
#7745=DIRECTION('center_axis',(0.,1.,0.));
#7746=DIRECTION('ref_axis',(1.,0.,0.));
#7747=DIRECTION('',(3.88578058618805E-16,0.,1.));
#7748=DIRECTION('center_axis',(1.,0.,-3.88578058618805E-16));
#7749=DIRECTION('ref_axis',(-3.88578058618805E-16,0.,-1.));
#7750=DIRECTION('',(-3.88578058618805E-16,0.,-1.));
#7751=DIRECTION('center_axis',(0.,1.,0.));
#7752=DIRECTION('ref_axis',(1.,0.,0.));
#7753=DIRECTION('center_axis',(0.978147600733807,0.,-0.207911690817753));
#7754=DIRECTION('ref_axis',(-0.207911690817753,0.,-0.978147600733807));
#7755=DIRECTION('center_axis',(-0.978147600733807,0.,0.207911690817753));
#7756=DIRECTION('ref_axis',(-0.207911690817753,0.,-0.978147600733807));
#7757=DIRECTION('',(0.978147600733807,0.,-0.207911690817753));
#7758=DIRECTION('center_axis',(-0.978147600733807,0.,0.207911690817753));
#7759=DIRECTION('ref_axis',(-0.207911690817753,0.,-0.978147600733807));
#7760=DIRECTION('center_axis',(-0.978147600733807,0.,-0.207911690817752));
#7761=DIRECTION('ref_axis',(-0.207911690817752,0.,0.978147600733807));
#7762=DIRECTION('center_axis',(-0.978147600733807,0.,-0.207911690817753));
#7763=DIRECTION('ref_axis',(0.207911690817753,0.,-0.978147600733807));
#7764=DIRECTION('',(-0.978147600733807,0.,-0.207911690817752));
#7765=DIRECTION('center_axis',(-0.978147600733807,0.,-0.207911690817753));
#7766=DIRECTION('ref_axis',(0.207911690817753,0.,-0.978147600733807));
#7767=DIRECTION('center_axis',(-0.207911690817752,0.,0.978147600733807));
#7768=DIRECTION('ref_axis',(0.,1.,0.));
#7769=DIRECTION('',(0.978147600733807,0.,0.207911690817752));
#7770=DIRECTION('',(0.,-1.,0.));
#7771=DIRECTION('',(0.978147600733807,0.,0.207911690817752));
#7772=DIRECTION('',(0.,-1.,0.));
#7773=DIRECTION('center_axis',(-0.978147600733807,0.,-0.207911690817752));
#7774=DIRECTION('ref_axis',(-0.207911690817752,0.,0.978147600733807));
#7775=DIRECTION('center_axis',(0.978147600733807,0.,0.207911690817752));
#7776=DIRECTION('ref_axis',(-0.207911690817752,-1.06685493772574E-14,0.978147600733807));
#7777=DIRECTION('',(0.978147600733807,0.,0.207911690817752));
#7778=DIRECTION('center_axis',(0.978147600733807,0.,0.207911690817752));
#7779=DIRECTION('ref_axis',(-0.207911690817752,-2.22044604925031E-14,0.978147600733807));
#7780=DIRECTION('center_axis',(0.,-1.,0.));
#7781=DIRECTION('ref_axis',(-0.207911690817752,0.,0.978147600733807));
#7782=DIRECTION('',(0.207911690817752,0.,-0.978147600733807));
#7783=DIRECTION('',(0.978147600733807,0.,0.207911690817752));
#7784=DIRECTION('',(0.207911690817752,0.,-0.978147600733807));
#7785=DIRECTION('center_axis',(-0.978147600733807,0.,-0.207911690817752));
#7786=DIRECTION('ref_axis',(-0.207911690817752,0.,0.978147600733807));
#7787=DIRECTION('center_axis',(0.978147600733807,0.,0.207911690817752));
#7788=DIRECTION('ref_axis',(-0.207911690817752,0.,0.978147600733807));
#7789=DIRECTION('',(0.978147600733807,0.,0.207911690817752));
#7790=DIRECTION('center_axis',(0.978147600733807,0.,0.207911690817752));
#7791=DIRECTION('ref_axis',(-0.207911690817752,8.67361737988404E-16,0.978147600733807));
#7792=DIRECTION('center_axis',(0.197242348548244,-0.316227766016838,-0.927952291844345));
#7793=DIRECTION('ref_axis',(-0.0657474495160814,-0.948683298050514,0.309317430614782));
#7794=DIRECTION('',(-0.0657474495160814,-0.948683298050514,0.309317430614782));
#7795=DIRECTION('',(0.978147600733807,0.,0.207911690817752));
#7796=DIRECTION('',(-0.0657474495160814,-0.948683298050514,0.309317430614782));
#7797=DIRECTION('center_axis',(-0.978147600733807,0.,-0.207911690817752));
#7798=DIRECTION('ref_axis',(-0.207911690817752,0.,0.978147600733807));
#7799=DIRECTION('center_axis',(-0.978147600733807,0.,-0.207911690817752));
#7800=DIRECTION('ref_axis',(-0.207911690817752,0.,0.978147600733807));
#7801=DIRECTION('',(0.978147600733807,0.,0.207911690817752));
#7802=DIRECTION('center_axis',(-0.978147600733807,0.,-0.207911690817752));
#7803=DIRECTION('ref_axis',(-0.207911690817752,0.,0.978147600733807));
#7804=DIRECTION('center_axis',(0.,-1.,0.));
#7805=DIRECTION('ref_axis',(-0.207911690817753,0.,-0.978147600733807));
#7806=DIRECTION('',(-0.207911690817753,0.,-0.978147600733807));
#7807=DIRECTION('center_axis',(0.,1.,0.));
#7808=DIRECTION('ref_axis',(0.,0.,-1.));
#7809=DIRECTION('',(-1.,0.,9.96374459468998E-17));
#7810=DIRECTION('center_axis',(0.,1.,0.));
#7811=DIRECTION('ref_axis',(0.,0.,1.));
#7812=DIRECTION('',(-0.207911690817752,0.,0.978147600733807));
#7813=DIRECTION('',(-0.207911690817752,0.,0.978147600733807));
#7814=DIRECTION('center_axis',(0.,1.,0.));
#7815=DIRECTION('ref_axis',(0.,0.,1.));
#7816=DIRECTION('',(-1.,0.,9.96374459468998E-17));
#7817=DIRECTION('center_axis',(0.,1.,0.));
#7818=DIRECTION('ref_axis',(0.,0.,-1.));
#7819=DIRECTION('',(-0.207911690817753,0.,-0.978147600733807));
#7820=DIRECTION('',(-0.978147600733807,0.,0.207911690817753));
#7821=DIRECTION('center_axis',(0.978147600733807,0.,-0.207911690817753));
#7822=DIRECTION('ref_axis',(-0.207911690817753,0.,-0.978147600733807));
#7823=DIRECTION('center_axis',(0.978147600733807,0.,-0.207911690817753));
#7824=DIRECTION('ref_axis',(-0.207911690817753,0.,-0.978147600733807));
#7825=DIRECTION('',(-0.978147600733807,0.,0.207911690817753));
#7826=DIRECTION('center_axis',(0.978147600733807,0.,-0.207911690817753));
#7827=DIRECTION('ref_axis',(-0.207911690817753,0.,-0.978147600733807));
#7828=DIRECTION('center_axis',(-0.197242348548245,-0.316227766016838,-0.927952291844345));
#7829=DIRECTION('ref_axis',(-0.0657474495160815,0.948683298050514,-0.309317430614782));
#7830=DIRECTION('',(-0.0657474495160815,0.948683298050514,-0.309317430614782));
#7831=DIRECTION('',(-0.978147600733807,0.,0.207911690817753));
#7832=DIRECTION('',(-0.0657474495160815,0.948683298050514,-0.309317430614782));
#7833=DIRECTION('center_axis',(0.978147600733807,0.,-0.207911690817753));
#7834=DIRECTION('ref_axis',(-0.207911690817753,0.,-0.978147600733807));
#7835=DIRECTION('center_axis',(-0.978147600733807,0.,0.207911690817753));
#7836=DIRECTION('ref_axis',(-0.207911690817753,0.,-0.978147600733807));
#7837=DIRECTION('',(-0.978147600733807,0.,0.207911690817753));
#7838=DIRECTION('center_axis',(-0.978147600733807,0.,0.207911690817753));
#7839=DIRECTION('ref_axis',(-0.207911690817753,0.,-0.978147600733807));
#7840=DIRECTION('center_axis',(0.,-1.,0.));
#7841=DIRECTION('ref_axis',(-0.207911690817753,0.,-0.978147600733807));
#7842=DIRECTION('',(0.207911690817753,0.,0.978147600733807));
#7843=DIRECTION('',(-0.978147600733807,0.,0.207911690817753));
#7844=DIRECTION('',(0.207911690817753,0.,0.978147600733807));
#7845=DIRECTION('center_axis',(0.978147600733807,0.,-0.207911690817753));
#7846=DIRECTION('ref_axis',(-0.207911690817753,0.,-0.978147600733807));
#7847=DIRECTION('center_axis',(-0.978147600733807,0.,0.207911690817753));
#7848=DIRECTION('ref_axis',(-0.207911690817753,0.,-0.978147600733807));
#7849=DIRECTION('',(-0.978147600733807,0.,0.207911690817753));
#7850=DIRECTION('center_axis',(-0.978147600733807,0.,0.207911690817753));
#7851=DIRECTION('ref_axis',(-0.207911690817753,0.,-0.978147600733807));
#7852=DIRECTION('center_axis',(-0.207911690817753,0.,-0.978147600733807));
#7853=DIRECTION('ref_axis',(0.,1.,0.));
#7854=DIRECTION('',(0.,1.,0.));
#7855=DIRECTION('',(-0.978147600733807,0.,0.207911690817753));
#7856=DIRECTION('',(0.,1.,0.));
#7857=DIRECTION('center_axis',(0.,-1.,0.));
#7858=DIRECTION('ref_axis',(-0.207911690817753,0.,-0.978147600733807));
#7859=DIRECTION('',(-0.207911690817753,0.,-0.978147600733807));
#7860=DIRECTION('',(-0.978147600733807,0.,0.207911690817753));
#7861=DIRECTION('',(-0.207911690817753,0.,-0.978147600733807));
#7862=DIRECTION('',(-0.978147600733807,0.,0.207911690817753));
#7863=DIRECTION('center_axis',(-0.197242066482657,-0.316231835969366,-0.92795096483009));
#7864=DIRECTION('ref_axis',(-0.0657482957067931,0.948681941389971,-0.309321411629082));
#7865=DIRECTION('',(-0.0657482957067931,0.948681941389971,-0.309321411629082));
#7866=DIRECTION('',(-0.978147600733807,0.,0.207911690817753));
#7867=DIRECTION('',(-0.0657482957067931,0.948681941389971,-0.309321411629082));
#7868=DIRECTION('',(-0.978147600733807,0.,0.207911690817753));
#7869=DIRECTION('center_axis',(0.,-1.,0.));
#7870=DIRECTION('ref_axis',(-0.207911690817752,0.,0.978147600733807));
#7871=DIRECTION('',(-0.207911690817752,0.,0.978147600733807));
#7872=DIRECTION('center_axis',(0.,-1.,0.));
#7873=DIRECTION('ref_axis',(0.,0.,1.));
#7874=DIRECTION('',(-1.,0.,9.96374459468998E-17));
#7875=DIRECTION('center_axis',(0.,-1.,0.));
#7876=DIRECTION('ref_axis',(0.,0.,-1.));
#7877=DIRECTION('',(-0.207911690817753,0.,-0.978147600733807));
#7878=DIRECTION('',(-0.207911690817753,0.,-0.978147600733807));
#7879=DIRECTION('center_axis',(0.,-1.,0.));
#7880=DIRECTION('ref_axis',(0.,0.,-1.));
#7881=DIRECTION('',(-1.,0.,9.96374459468998E-17));
#7882=DIRECTION('center_axis',(0.,-1.,0.));
#7883=DIRECTION('ref_axis',(9.73469964072283E-15,0.,1.));
#7884=DIRECTION('',(-0.207911690817752,0.,0.978147600733807));
#7885=DIRECTION('',(0.978147600733807,0.,0.207911690817752));
#7886=DIRECTION('',(0.978147600733807,0.,0.207911690817752));
#7887=DIRECTION('center_axis',(0.197242108184192,-0.316231234257413,-0.927951161020389));
#7888=DIRECTION('ref_axis',(-0.0657481706038435,-0.948682141963278,0.309320823065979));
#7889=DIRECTION('',(-0.0657481706038435,-0.948682141963278,0.309320823065979));
#7890=DIRECTION('',(0.978147600733807,0.,0.207911690817752));
#7891=DIRECTION('',(-0.0657481706038435,-0.948682141963278,0.309320823065979));
#7892=DIRECTION('',(0.978147600733807,0.,0.207911690817752));
#7893=DIRECTION('center_axis',(0.,-1.,0.));
#7894=DIRECTION('ref_axis',(-0.207911690817752,0.,0.978147600733807));
#7895=DIRECTION('',(-0.207911690817752,0.,0.978147600733807));
#7896=DIRECTION('',(-0.207911690817752,0.,0.978147600733807));
#7897=DIRECTION('center_axis',(-0.978147600733807,0.,-0.207911690817752));
#7898=DIRECTION('ref_axis',(-0.207911690817752,0.,0.978147600733807));
#7899=DIRECTION('',(0.,-1.,0.));
#7900=DIRECTION('center_axis',(0.,1.,0.));
#7901=DIRECTION('ref_axis',(0.,0.,1.));
#7902=DIRECTION('',(0.,-1.,0.));
#7903=DIRECTION('center_axis',(-9.96374459468998E-17,0.,-1.));
#7904=DIRECTION('ref_axis',(-1.,0.,9.96374459468998E-17));
#7905=DIRECTION('',(0.,-1.,0.));
#7906=DIRECTION('center_axis',(0.,-1.,0.));
#7907=DIRECTION('ref_axis',(0.,0.,-1.));
#7908=DIRECTION('',(0.,-1.,0.));
#7909=DIRECTION('center_axis',(0.978147600733807,0.,-0.207911690817753));
#7910=DIRECTION('ref_axis',(-0.207911690817753,0.,-0.978147600733807));
#7911=DIRECTION('center_axis',(-0.978147600733807,0.,-0.207911690817752));
#7912=DIRECTION('ref_axis',(-0.207911690817752,0.,0.978147600733807));
#7913=DIRECTION('',(0.,-1.,0.));
#7914=DIRECTION('center_axis',(0.,1.,0.));
#7915=DIRECTION('ref_axis',(0.,0.,1.));
#7916=DIRECTION('',(0.,-1.,0.));
#7917=DIRECTION('center_axis',(-9.96374459468998E-17,0.,-1.));
#7918=DIRECTION('ref_axis',(-1.,0.,9.96374459468998E-17));
#7919=DIRECTION('',(0.,-1.,0.));
#7920=DIRECTION('center_axis',(0.,-1.,0.));
#7921=DIRECTION('ref_axis',(0.,0.,-1.));
#7922=DIRECTION('',(0.,-1.,0.));
#7923=DIRECTION('center_axis',(0.978147600733807,0.,-0.207911690817753));
#7924=DIRECTION('ref_axis',(-0.207911690817753,0.,-0.978147600733807));
#7925=DIRECTION('center_axis',(-1.,0.,2.77555756156289E-17));
#7926=DIRECTION('ref_axis',(2.77555756156289E-17,0.,1.));
#7927=DIRECTION('center_axis',(-1.,0.,2.77555756156289E-17));
#7928=DIRECTION('ref_axis',(2.77555756156289E-17,0.,1.));
#7929=DIRECTION('',(-1.,0.,2.77555756156289E-17));
#7930=DIRECTION('center_axis',(-1.,0.,2.77555756156289E-17));
#7931=DIRECTION('ref_axis',(2.77555756156289E-17,0.,1.));
#7932=DIRECTION('center_axis',(1.,0.,-3.60822483003176E-16));
#7933=DIRECTION('ref_axis',(-3.60822483003176E-16,0.,-1.));
#7934=DIRECTION('center_axis',(1.,0.,-3.60822483003176E-16));
#7935=DIRECTION('ref_axis',(-3.60822483003176E-16,0.,-1.));
#7936=DIRECTION('',(1.,0.,-3.60822483003176E-16));
#7937=DIRECTION('center_axis',(1.,0.,-3.60822483003176E-16));
#7938=DIRECTION('ref_axis',(-3.60822483003176E-16,0.,-1.));
#7939=DIRECTION('center_axis',(-1.,0.,2.77555756156289E-17));
#7940=DIRECTION('ref_axis',(2.77555756156289E-17,0.,1.));
#7941=DIRECTION('center_axis',(-1.,0.,2.77555756156289E-17));
#7942=DIRECTION('ref_axis',(2.77555756156289E-17,0.,1.));
#7943=DIRECTION('',(1.,0.,-2.77555756156289E-17));
#7944=DIRECTION('center_axis',(-1.,0.,2.77555756156289E-17));
#7945=DIRECTION('ref_axis',(2.77555756156289E-17,0.,1.));
#7946=DIRECTION('',(1.,0.,-2.77555756156289E-17));
#7947=DIRECTION('center_axis',(0.,-1.,0.));
#7948=DIRECTION('ref_axis',(2.77555756156289E-17,0.,1.));
#7949=DIRECTION('',(-2.77555756156289E-17,0.,-1.));
#7950=DIRECTION('center_axis',(0.,-1.,0.));
#7951=DIRECTION('ref_axis',(9.87321272610595E-15,0.,1.));
#7952=DIRECTION('',(0.207911690817752,0.,-0.978147600733807));
#7953=DIRECTION('center_axis',(0.,-1.,0.));
#7954=DIRECTION('ref_axis',(0.,0.,1.));
#7955=DIRECTION('',(1.,0.,-9.96374459468998E-17));
#7956=DIRECTION('center_axis',(0.,-1.,0.));
#7957=DIRECTION('ref_axis',(0.,0.,-1.));
#7958=DIRECTION('',(0.207911690817753,0.,0.978147600733807));
#7959=DIRECTION('center_axis',(0.,-1.,0.));
#7960=DIRECTION('ref_axis',(0.,0.,-1.));
#7961=DIRECTION('',(3.88578058618805E-16,0.,1.));
#7962=DIRECTION('',(-1.,0.,3.60822483003176E-16));
#7963=DIRECTION('',(3.88578058618805E-16,0.,1.));
#7964=DIRECTION('center_axis',(0.,-1.,0.));
#7965=DIRECTION('ref_axis',(0.,0.,-1.));
#7966=DIRECTION('',(0.207911690817753,0.,0.978147600733807));
#7967=DIRECTION('center_axis',(0.,-1.,0.));
#7968=DIRECTION('ref_axis',(0.,0.,-1.));
#7969=DIRECTION('',(1.,0.,-9.96374459468998E-17));
#7970=DIRECTION('center_axis',(0.,-1.,0.));
#7971=DIRECTION('ref_axis',(9.73469964072283E-15,0.,1.));
#7972=DIRECTION('',(0.207911690817752,0.,-0.978147600733807));
#7973=DIRECTION('center_axis',(0.,-1.,0.));
#7974=DIRECTION('ref_axis',(0.,0.,1.));
#7975=DIRECTION('',(-2.77555756156289E-17,0.,-1.));
#7976=DIRECTION('center_axis',(0.,-1.,0.));
#7977=DIRECTION('ref_axis',(0.,0.,-1.));
#7978=DIRECTION('center_axis',(0.,1.,0.));
#7979=DIRECTION('ref_axis',(0.,0.,1.));
#7980=DIRECTION('',(2.77555756156289E-17,0.,1.));
#7981=DIRECTION('',(2.77555756156289E-17,0.,1.));
#7982=DIRECTION('center_axis',(0.,1.,0.));
#7983=DIRECTION('ref_axis',(0.,0.,1.));
#7984=DIRECTION('',(0.978147600733807,0.,0.207911690817752));
#7985=DIRECTION('center_axis',(-0.978147600733807,0.,-0.207911690817752));
#7986=DIRECTION('ref_axis',(-0.207911690817752,0.,0.978147600733807));
#7987=DIRECTION('center_axis',(-0.978147600733813,0.,-0.207911690817724));
#7988=DIRECTION('ref_axis',(-0.207911690817724,0.,0.978147600733813));
#7989=DIRECTION('',(0.978147600733807,0.,0.207911690817752));
#7990=DIRECTION('center_axis',(-0.978147600733813,0.,-0.207911690817724));
#7991=DIRECTION('ref_axis',(-0.207911690817724,0.,0.978147600733813));
#7992=DIRECTION('center_axis',(0.,-1.,0.));
#7993=DIRECTION('ref_axis',(-0.207911690817752,0.,0.978147600733807));
#7994=DIRECTION('',(-0.207911690817752,0.,0.978147600733807));
#7995=DIRECTION('',(0.978147600733807,0.,0.207911690817752));
#7996=DIRECTION('',(-0.207911690817752,0.,0.978147600733807));
#7997=DIRECTION('',(0.978147600733807,0.,0.207911690817752));
#7998=DIRECTION('center_axis',(0.197243728371319,-0.316207855573103,-0.927958783401527));
#7999=DIRECTION('ref_axis',(-0.0657433099020595,-0.948689934632944,0.309297955262013));
#8000=DIRECTION('',(-0.0657433099020594,-0.948689934632944,0.309297955262013));
#8001=DIRECTION('',(0.978147600733807,0.,0.207911690817752));
#8002=DIRECTION('',(-0.0657433099020594,-0.948689934632944,0.309297955262013));
#8003=DIRECTION('',(0.978147600733807,0.,0.207911690817752));
#8004=DIRECTION('center_axis',(0.,-1.,0.));
#8005=DIRECTION('ref_axis',(-0.207911690817753,0.,-0.978147600733807));
#8006=DIRECTION('',(-0.207911690817753,0.,-0.978147600733807));
#8007=DIRECTION('center_axis',(0.,1.,0.));
#8008=DIRECTION('ref_axis',(0.,0.,-1.));
#8009=DIRECTION('',(-1.,0.,9.96374459468998E-17));
#8010=DIRECTION('center_axis',(0.,1.,0.));
#8011=DIRECTION('ref_axis',(0.,0.,1.));
#8012=DIRECTION('',(-0.207911690817752,0.,0.978147600733807));
#8013=DIRECTION('',(-0.207911690817752,0.,0.978147600733807));
#8014=DIRECTION('center_axis',(0.,1.,0.));
#8015=DIRECTION('ref_axis',(0.,0.,1.));
#8016=DIRECTION('',(-1.,0.,9.96374459468998E-17));
#8017=DIRECTION('center_axis',(0.,1.,0.));
#8018=DIRECTION('ref_axis',(0.,0.,-1.));
#8019=DIRECTION('',(-0.207911690817753,0.,-0.978147600733807));
#8020=DIRECTION('',(-0.978147600733807,0.,0.207911690817753));
#8021=DIRECTION('',(-0.978147600733807,0.,0.207911690817753));
#8022=DIRECTION('center_axis',(-0.197240454030855,-0.316255101080188,-0.92794337884079));
#8023=DIRECTION('ref_axis',(-0.0657531327953213,0.948674185925157,-0.309344168341414));
#8024=DIRECTION('',(-0.0657531327953213,0.948674185925157,-0.309344168341414));
#8025=DIRECTION('',(-0.978147600733807,0.,0.207911690817753));
#8026=DIRECTION('',(-0.0657531327953213,0.948674185925157,-0.309344168341414));
#8027=DIRECTION('',(-0.978147600733807,0.,0.207911690817753));
#8028=DIRECTION('center_axis',(0.,-1.,0.));
#8029=DIRECTION('ref_axis',(-0.207911690817753,0.,-0.978147600733807));
#8030=DIRECTION('',(-0.207911690817753,0.,-0.978147600733807));
#8031=DIRECTION('',(-0.978147600733807,0.,0.207911690817753));
#8032=DIRECTION('',(-0.207911690817753,0.,-0.978147600733807));
#8033=DIRECTION('center_axis',(0.978147600733807,0.,-0.207911690817753));
#8034=DIRECTION('ref_axis',(-0.207911690817753,0.,-0.978147600733807));
#8035=DIRECTION('center_axis',(0.978147600733808,0.,-0.207911690817748));
#8036=DIRECTION('ref_axis',(-0.207911690817749,0.,-0.978147600733808));
#8037=DIRECTION('',(-0.978147600733814,0.,0.207911690817718));
#8038=DIRECTION('center_axis',(0.978147600733808,0.,-0.207911690817748));
#8039=DIRECTION('ref_axis',(-0.207911690817749,0.,-0.978147600733808));
#8040=DIRECTION('center_axis',(0.,-1.,0.));
#8041=DIRECTION('ref_axis',(-3.88578058618805E-16,0.,-1.));
#8042=DIRECTION('',(-3.88578058618805E-16,0.,-1.));
#8043=DIRECTION('center_axis',(0.,1.,0.));
#8044=DIRECTION('ref_axis',(-3.94928509044238E-14,0.,-1.));
#8045=DIRECTION('center_axis',(0.,1.,0.));
#8046=DIRECTION('ref_axis',(0.,0.,-1.));
#8047=DIRECTION('',(-3.88578058618805E-16,0.,-1.));
#8048=DIRECTION('',(-1.,0.,3.60822483003176E-16));
#8049=DIRECTION('center_axis',(1.,0.,-3.60822483003176E-16));
#8050=DIRECTION('ref_axis',(3.60822483003176E-16,1.22464679914735E-16,1.));
#8051=DIRECTION('center_axis',(1.,0.,-3.60822483003176E-16));
#8052=DIRECTION('ref_axis',(-3.60822483003176E-16,0.,-1.));
#8053=DIRECTION('center_axis',(1.,0.,-3.60822483003176E-16));
#8054=DIRECTION('ref_axis',(-3.60822483003176E-16,0.,-1.));
#8055=DIRECTION('center_axis',(1.,0.,-3.88578058618805E-16));
#8056=DIRECTION('ref_axis',(-3.88578058618805E-16,0.,-1.));
#8057=DIRECTION('',(0.,-1.,0.));
#8058=DIRECTION('center_axis',(0.,-1.,0.));
#8059=DIRECTION('ref_axis',(0.,0.,-1.));
#8060=DIRECTION('',(0.,-1.,0.));
#8061=DIRECTION('center_axis',(0.978147600733807,0.,-0.207911690817753));
#8062=DIRECTION('ref_axis',(-0.207911690817753,0.,-0.978147600733807));
#8063=DIRECTION('',(0.,-1.,0.));
#8064=DIRECTION('center_axis',(0.,-1.,0.));
#8065=DIRECTION('ref_axis',(0.,0.,-1.));
#8066=DIRECTION('',(0.,-1.,0.));
#8067=DIRECTION('center_axis',(-9.96374459468998E-17,0.,-1.));
#8068=DIRECTION('ref_axis',(-1.,0.,9.96374459468998E-17));
#8069=DIRECTION('',(0.,-1.,0.));
#8070=DIRECTION('center_axis',(0.,1.,0.));
#8071=DIRECTION('ref_axis',(0.,0.,1.));
#8072=DIRECTION('',(0.,-1.,0.));
#8073=DIRECTION('center_axis',(-0.978147600733807,0.,-0.207911690817752));
#8074=DIRECTION('ref_axis',(-0.207911690817752,0.,0.978147600733807));
#8075=DIRECTION('',(0.,-1.,0.));
#8076=DIRECTION('center_axis',(0.,1.,0.));
#8077=DIRECTION('ref_axis',(0.978147600733813,0.,0.207911690817726));
#8078=DIRECTION('',(0.,-1.,0.));
#8079=DIRECTION('center_axis',(-1.,0.,2.77555756156289E-17));
#8080=DIRECTION('ref_axis',(2.77555756156289E-17,0.,1.));
#8081=DIRECTION('center_axis',(1.,0.,-3.88578058618805E-16));
#8082=DIRECTION('ref_axis',(-3.88578058618805E-16,0.,-1.));
#8083=DIRECTION('',(0.,-1.,0.));
#8084=DIRECTION('center_axis',(0.,-1.,0.));
#8085=DIRECTION('ref_axis',(0.,0.,-1.));
#8086=DIRECTION('',(0.,-1.,0.));
#8087=DIRECTION('center_axis',(0.978147600733807,0.,-0.207911690817753));
#8088=DIRECTION('ref_axis',(-0.207911690817753,0.,-0.978147600733807));
#8089=DIRECTION('',(0.,-1.,0.));
#8090=DIRECTION('center_axis',(0.,-1.,0.));
#8091=DIRECTION('ref_axis',(0.,0.,-1.));
#8092=DIRECTION('',(0.,-1.,0.));
#8093=DIRECTION('center_axis',(-9.96374459468998E-17,0.,-1.));
#8094=DIRECTION('ref_axis',(-1.,0.,9.96374459468998E-17));
#8095=DIRECTION('',(0.,-1.,0.));
#8096=DIRECTION('center_axis',(0.,1.,0.));
#8097=DIRECTION('ref_axis',(0.,0.,1.));
#8098=DIRECTION('',(0.,-1.,0.));
#8099=DIRECTION('center_axis',(-0.978147600733807,0.,-0.207911690817752));
#8100=DIRECTION('ref_axis',(-0.207911690817752,0.,0.978147600733807));
#8101=DIRECTION('',(0.,-1.,0.));
#8102=DIRECTION('center_axis',(0.,1.,0.));
#8103=DIRECTION('ref_axis',(0.978147600733812,0.,0.207911690817729));
#8104=DIRECTION('',(0.,-1.,0.));
#8105=DIRECTION('center_axis',(-1.,0.,2.77555756156289E-17));
#8106=DIRECTION('ref_axis',(2.77555756156289E-17,0.,1.));
#8107=DIRECTION('',(-0.978147600733807,0.,0.207911690817753));
#8108=DIRECTION('',(-0.978147600733807,0.,0.207911690817753));
#8109=DIRECTION('center_axis',(-0.197242066482657,-0.316231835969366,-0.92795096483009));
#8110=DIRECTION('ref_axis',(-0.0657482957067932,0.948681941389971,-0.309321411629082));
#8111=DIRECTION('',(-0.0657482957067932,0.948681941389971,-0.309321411629082));
#8112=DIRECTION('',(-0.978147600733807,0.,0.207911690817753));
#8113=DIRECTION('',(-0.0657482957067932,0.948681941389971,-0.309321411629082));
#8114=DIRECTION('',(-0.978147600733807,0.,0.207911690817753));
#8115=DIRECTION('center_axis',(0.,-1.,0.));
#8116=DIRECTION('ref_axis',(-0.207911690817752,0.,0.978147600733807));
#8117=DIRECTION('',(-0.207911690817752,0.,0.978147600733807));
#8118=DIRECTION('center_axis',(0.,1.,0.));
#8119=DIRECTION('ref_axis',(0.,0.,1.));
#8120=DIRECTION('',(-1.,0.,9.96374459468998E-17));
#8121=DIRECTION('center_axis',(0.,1.,0.));
#8122=DIRECTION('ref_axis',(1.97464254522119E-14,0.,-1.));
#8123=DIRECTION('',(-0.207911690817753,0.,-0.978147600733807));
#8124=DIRECTION('',(-0.207911690817753,0.,-0.978147600733807));
#8125=DIRECTION('center_axis',(0.,1.,0.));
#8126=DIRECTION('ref_axis',(1.94693992814457E-14,0.,-1.));
#8127=DIRECTION('',(-1.,0.,9.96374459468998E-17));
#8128=DIRECTION('center_axis',(0.,1.,0.));
#8129=DIRECTION('ref_axis',(0.,0.,1.));
#8130=DIRECTION('',(-0.207911690817752,0.,0.978147600733807));
#8131=DIRECTION('',(0.978147600733807,0.,0.207911690817752));
#8132=DIRECTION('',(0.978147600733807,0.,0.207911690817752));
#8133=DIRECTION('center_axis',(0.197242108184192,-0.316231234257413,-0.927951161020389));
#8134=DIRECTION('ref_axis',(-0.0657481706038436,-0.948682141963278,0.309320823065979));
#8135=DIRECTION('',(-0.0657481706038436,-0.948682141963278,0.309320823065979));
#8136=DIRECTION('',(0.978147600733807,0.,0.207911690817752));
#8137=DIRECTION('',(-0.0657481706038436,-0.948682141963278,0.309320823065979));
#8138=DIRECTION('',(0.978147600733807,0.,0.207911690817752));
#8139=DIRECTION('center_axis',(0.,-1.,0.));
#8140=DIRECTION('ref_axis',(-0.207911690817752,0.,0.978147600733807));
#8141=DIRECTION('',(-0.207911690817752,0.,0.978147600733807));
#8142=DIRECTION('',(0.978147600733807,0.,0.207911690817752));
#8143=DIRECTION('',(-0.207911690817752,0.,0.978147600733807));
#8144=DIRECTION('center_axis',(-0.207911690817752,0.,0.978147600733807));
#8145=DIRECTION('ref_axis',(0.,1.,0.));
#8146=DIRECTION('',(0.,-1.,0.));
#8147=DIRECTION('',(0.978147600733807,0.,0.207911690817752));
#8148=DIRECTION('',(0.,-1.,0.));
#8149=DIRECTION('center_axis',(0.,-1.,0.));
#8150=DIRECTION('ref_axis',(-0.207911690817752,0.,0.978147600733807));
#8151=DIRECTION('',(-0.207911690817752,0.,0.978147600733807));
#8152=DIRECTION('',(0.978147600733807,0.,0.207911690817752));
#8153=DIRECTION('',(-0.207911690817752,0.,0.978147600733807));
#8154=DIRECTION('',(0.978147600733807,0.,0.207911690817752));
#8155=DIRECTION('center_axis',(0.197242108184192,-0.316231234257413,-0.927951161020389));
#8156=DIRECTION('ref_axis',(-0.0657481706038435,-0.948682141963278,0.309320823065979));
#8157=DIRECTION('',(-0.0657481706038435,-0.948682141963278,0.309320823065979));
#8158=DIRECTION('',(0.978147600733807,0.,0.207911690817752));
#8159=DIRECTION('',(-0.0657481706038435,-0.948682141963278,0.309320823065979));
#8160=DIRECTION('',(0.978147600733807,0.,0.207911690817752));
#8161=DIRECTION('center_axis',(0.,-1.,0.));
#8162=DIRECTION('ref_axis',(-0.207911690817753,0.,-0.978147600733807));
#8163=DIRECTION('',(-0.207911690817753,0.,-0.978147600733807));
#8164=DIRECTION('center_axis',(0.,-1.,0.));
#8165=DIRECTION('ref_axis',(0.,0.,-1.));
#8166=DIRECTION('',(-1.,0.,9.96374459468998E-17));
#8167=DIRECTION('center_axis',(0.,-1.,0.));
#8168=DIRECTION('ref_axis',(-9.87321272610595E-15,0.,1.));
#8169=DIRECTION('',(-0.207911690817752,0.,0.978147600733807));
#8170=DIRECTION('',(-0.207911690817752,0.,0.978147600733807));
#8171=DIRECTION('center_axis',(0.,-1.,0.));
#8172=DIRECTION('ref_axis',(0.,0.,1.));
#8173=DIRECTION('',(-1.,0.,9.96374459468998E-17));
#8174=DIRECTION('center_axis',(0.,-1.,0.));
#8175=DIRECTION('ref_axis',(0.,0.,-1.));
#8176=DIRECTION('',(-0.207911690817753,0.,-0.978147600733807));
#8177=DIRECTION('',(-0.978147600733807,0.,0.207911690817753));
#8178=DIRECTION('',(-0.978147600733807,0.,0.207911690817753));
#8179=DIRECTION('center_axis',(-0.197242066482657,-0.316231835969366,-0.92795096483009));
#8180=DIRECTION('ref_axis',(-0.0657482957067931,0.948681941389971,-0.309321411629082));
#8181=DIRECTION('',(-0.0657482957067931,0.948681941389971,-0.309321411629082));
#8182=DIRECTION('',(-0.978147600733807,0.,0.207911690817753));
#8183=DIRECTION('',(-0.0657482957067931,0.948681941389971,-0.309321411629082));
#8184=DIRECTION('',(-0.978147600733807,0.,0.207911690817753));
#8185=DIRECTION('center_axis',(0.,-1.,0.));
#8186=DIRECTION('ref_axis',(-0.207911690817753,0.,-0.978147600733807));
#8187=DIRECTION('',(-0.207911690817753,0.,-0.978147600733807));
#8188=DIRECTION('',(-0.978147600733807,0.,0.207911690817753));
#8189=DIRECTION('',(-0.207911690817753,0.,-0.978147600733807));
#8190=DIRECTION('center_axis',(-0.207911690817753,0.,-0.978147600733807));
#8191=DIRECTION('ref_axis',(0.,1.,0.));
#8192=DIRECTION('',(0.,1.,0.));
#8193=DIRECTION('',(-0.978147600733807,0.,0.207911690817753));
#8194=DIRECTION('',(0.,1.,0.));
#8195=DIRECTION('center_axis',(0.,-1.,0.));
#8196=DIRECTION('ref_axis',(-0.207911690817753,0.,-0.978147600733807));
#8197=DIRECTION('',(-0.207911690817753,0.,-0.978147600733807));
#8198=DIRECTION('',(-0.207911690817753,0.,-0.978147600733807));
#8199=DIRECTION('center_axis',(0.978147600733807,0.,-0.207911690817753));
#8200=DIRECTION('ref_axis',(-0.207911690817753,0.,-0.978147600733807));
#8201=DIRECTION('',(0.,-1.,0.));
#8202=DIRECTION('center_axis',(0.,-1.,0.));
#8203=DIRECTION('ref_axis',(0.,0.,-1.));
#8204=DIRECTION('',(0.,-1.,0.));
#8205=DIRECTION('center_axis',(-9.96374459468998E-17,0.,-1.));
#8206=DIRECTION('ref_axis',(-1.,0.,9.96374459468998E-17));
#8207=DIRECTION('',(0.,-1.,0.));
#8208=DIRECTION('center_axis',(0.,1.,0.));
#8209=DIRECTION('ref_axis',(0.,0.,1.));
#8210=DIRECTION('',(0.,-1.,0.));
#8211=DIRECTION('center_axis',(-0.978147600733807,0.,-0.207911690817752));
#8212=DIRECTION('ref_axis',(-0.207911690817752,0.,0.978147600733807));
#8213=DIRECTION('center_axis',(0.978147600733807,0.,-0.207911690817753));
#8214=DIRECTION('ref_axis',(-0.207911690817753,0.,-0.978147600733807));
#8215=DIRECTION('',(0.,-1.,0.));
#8216=DIRECTION('center_axis',(0.,-1.,0.));
#8217=DIRECTION('ref_axis',(0.,0.,-1.));
#8218=DIRECTION('',(0.,-1.,0.));
#8219=DIRECTION('center_axis',(-9.96374459468998E-17,0.,-1.));
#8220=DIRECTION('ref_axis',(-1.,0.,9.96374459468998E-17));
#8221=DIRECTION('',(0.,-1.,0.));
#8222=DIRECTION('center_axis',(0.,1.,0.));
#8223=DIRECTION('ref_axis',(0.,0.,1.));
#8224=DIRECTION('',(0.,-1.,0.));
#8225=DIRECTION('center_axis',(-0.978147600733807,0.,-0.207911690817752));
#8226=DIRECTION('ref_axis',(-0.207911690817752,0.,0.978147600733807));
#8227=DIRECTION('',(0.978147600733807,0.,0.207911690817752));
#8228=DIRECTION('',(0.978147600733807,0.,0.207911690817752));
#8229=DIRECTION('center_axis',(0.197243728371319,-0.316207855573103,-0.927958783401527));
#8230=DIRECTION('ref_axis',(-0.0657433099020595,-0.948689934632944,0.309297955262013));
#8231=DIRECTION('',(-0.0657433099020594,-0.948689934632944,0.309297955262013));
#8232=DIRECTION('',(0.978147600733807,0.,0.207911690817752));
#8233=DIRECTION('',(-0.0657433099020594,-0.948689934632944,0.309297955262013));
#8234=DIRECTION('',(0.978147600733807,0.,0.207911690817752));
#8235=DIRECTION('center_axis',(0.,-1.,0.));
#8236=DIRECTION('ref_axis',(-0.207911690817752,0.,0.978147600733807));
#8237=DIRECTION('',(-0.207911690817752,0.,0.978147600733807));
#8238=DIRECTION('',(0.978147600733807,0.,0.207911690817752));
#8239=DIRECTION('',(-0.207911690817752,0.,0.978147600733807));
#8240=DIRECTION('center_axis',(-0.978147600733807,0.,-0.207911690817752));
#8241=DIRECTION('ref_axis',(0.194225645710094,-0.356818424924764,-0.913759820840634));
#8242=DIRECTION('center_axis',(-0.978147600733813,0.,-0.207911690817724));
#8243=DIRECTION('ref_axis',(-0.207911690817724,0.,0.978147600733813));
#8244=DIRECTION('',(0.978147600733807,0.,0.207911690817752));
#8245=DIRECTION('center_axis',(-0.978147600733813,0.,-0.207911690817724));
#8246=DIRECTION('ref_axis',(-0.207911690817724,0.,0.978147600733813));
#8247=DIRECTION('center_axis',(0.,-1.,0.));
#8248=DIRECTION('ref_axis',(-0.207911690817752,0.,0.978147600733807));
#8249=DIRECTION('',(-0.207911690817752,0.,0.978147600733807));
#8250=DIRECTION('',(0.978147600733807,0.,0.207911690817752));
#8251=DIRECTION('',(-0.207911690817752,0.,0.978147600733807));
#8252=DIRECTION('',(0.978147600733807,0.,0.207911690817752));
#8253=DIRECTION('center_axis',(0.197243728371318,-0.316207855573103,-0.927958783401526));
#8254=DIRECTION('ref_axis',(-0.0657433099020595,-0.948689934632944,0.309297955262013));
#8255=DIRECTION('',(-0.0657433099020596,-0.948689934632944,0.309297955262013));
#8256=DIRECTION('',(0.978147600733807,0.,0.207911690817752));
#8257=DIRECTION('',(-0.0657433099020596,-0.948689934632944,0.309297955262013));
#8258=DIRECTION('',(0.978147600733807,0.,0.207911690817752));
#8259=DIRECTION('center_axis',(0.,-1.,0.));
#8260=DIRECTION('ref_axis',(-0.207911690817753,0.,-0.978147600733807));
#8261=DIRECTION('',(-0.207911690817753,0.,-0.978147600733807));
#8262=DIRECTION('center_axis',(0.,-1.,0.));
#8263=DIRECTION('ref_axis',(0.,0.,-1.));
#8264=DIRECTION('',(-1.,0.,9.96374459468998E-17));
#8265=DIRECTION('center_axis',(0.,-1.,0.));
#8266=DIRECTION('ref_axis',(-9.87321272610595E-15,0.,1.));
#8267=DIRECTION('',(-0.207911690817752,0.,0.978147600733807));
#8268=DIRECTION('',(-0.207911690817752,0.,0.978147600733807));
#8269=DIRECTION('center_axis',(0.,-1.,0.));
#8270=DIRECTION('ref_axis',(9.73469964072283E-15,0.,1.));
#8271=DIRECTION('',(-1.,0.,9.96374459468998E-17));
#8272=DIRECTION('center_axis',(0.,-1.,0.));
#8273=DIRECTION('ref_axis',(0.,0.,-1.));
#8274=DIRECTION('',(-0.207911690817753,0.,-0.978147600733807));
#8275=DIRECTION('',(-0.978147600733807,0.,0.207911690817753));
#8276=DIRECTION('',(-0.978147600733807,0.,0.207911690817753));
#8277=DIRECTION('center_axis',(-0.197240454030855,-0.316255101080188,-0.92794337884079));
#8278=DIRECTION('ref_axis',(-0.0657531327953213,0.948674185925157,-0.309344168341414));
#8279=DIRECTION('',(-0.0657531327953213,0.948674185925157,-0.309344168341414));
#8280=DIRECTION('',(-0.978147600733807,0.,0.207911690817753));
#8281=DIRECTION('',(-0.0657531327953213,0.948674185925157,-0.309344168341414));
#8282=DIRECTION('',(-0.978147600733807,0.,0.207911690817753));
#8283=DIRECTION('center_axis',(0.,-1.,0.));
#8284=DIRECTION('ref_axis',(-0.207911690817753,0.,-0.978147600733807));
#8285=DIRECTION('',(-0.207911690817753,0.,-0.978147600733807));
#8286=DIRECTION('',(-0.978147600733807,0.,0.207911690817753));
#8287=DIRECTION('',(-0.207911690817753,0.,-0.978147600733807));
#8288=DIRECTION('center_axis',(0.978147600733807,0.,-0.207911690817753));
#8289=DIRECTION('ref_axis',(-0.207911690817753,0.,-0.978147600733807));
#8290=DIRECTION('center_axis',(0.978147600733808,0.,-0.207911690817748));
#8291=DIRECTION('ref_axis',(-0.207911690817749,0.,-0.978147600733808));
#8292=DIRECTION('',(-0.978147600733807,0.,0.207911690817753));
#8293=DIRECTION('center_axis',(0.978147600733808,0.,-0.207911690817748));
#8294=DIRECTION('ref_axis',(-0.207911690817749,0.,-0.978147600733808));
#8295=DIRECTION('center_axis',(0.,-1.,0.));
#8296=DIRECTION('ref_axis',(-0.207911690817753,0.,-0.978147600733807));
#8297=DIRECTION('',(-0.207911690817753,0.,-0.978147600733807));
#8298=DIRECTION('',(-0.978147600733807,0.,0.207911690817753));
#8299=DIRECTION('',(-0.207911690817753,0.,-0.978147600733807));
#8300=DIRECTION('',(-0.978147600733807,0.,0.207911690817753));
#8301=DIRECTION('center_axis',(-0.197240454030855,-0.316255101080188,-0.92794337884079));
#8302=DIRECTION('ref_axis',(-0.0657531327953213,0.948674185925157,-0.309344168341414));
#8303=DIRECTION('',(-0.0657531327953213,0.948674185925157,-0.309344168341414));
#8304=DIRECTION('',(-0.978147600733807,0.,0.207911690817753));
#8305=DIRECTION('',(-0.0657531327953213,0.948674185925157,-0.309344168341414));
#8306=DIRECTION('',(-0.978147600733807,0.,0.207911690817753));
#8307=DIRECTION('center_axis',(0.,-1.,0.));
#8308=DIRECTION('ref_axis',(-0.207911690817753,0.,-0.978147600733807));
#8309=DIRECTION('',(-0.207911690817753,0.,-0.978147600733807));
#8310=DIRECTION('center_axis',(0.,1.,0.));
#8311=DIRECTION('ref_axis',(0.,0.,-1.));
#8312=DIRECTION('',(-1.,0.,9.96374459468998E-17));
#8313=DIRECTION('center_axis',(0.,1.,0.));
#8314=DIRECTION('ref_axis',(0.,0.,1.));
#8315=DIRECTION('',(-0.207911690817752,0.,0.978147600733807));
#8316=DIRECTION('',(-0.207911690817752,0.,0.978147600733807));
#8317=DIRECTION('center_axis',(0.,1.,0.));
#8318=DIRECTION('ref_axis',(0.,0.,1.));
#8319=DIRECTION('',(-1.,0.,9.96374459468998E-17));
#8320=DIRECTION('center_axis',(0.,1.,0.));
#8321=DIRECTION('ref_axis',(1.97464254522119E-14,0.,-1.));
#8322=DIRECTION('',(-0.207911690817753,0.,-0.978147600733807));
#8323=DIRECTION('center_axis',(0.978147600733807,0.,-0.207911690817753));
#8324=DIRECTION('ref_axis',(-0.207911690817753,0.,-0.978147600733807));
#8325=DIRECTION('',(0.,-1.,0.));
#8326=DIRECTION('center_axis',(0.,-1.,0.));
#8327=DIRECTION('ref_axis',(0.,0.,-1.));
#8328=DIRECTION('',(0.,-1.,0.));
#8329=DIRECTION('center_axis',(-9.96374459468998E-17,0.,-1.));
#8330=DIRECTION('ref_axis',(-1.,0.,9.96374459468998E-17));
#8331=DIRECTION('',(0.,-1.,0.));
#8332=DIRECTION('center_axis',(0.,1.,0.));
#8333=DIRECTION('ref_axis',(0.,0.,1.));
#8334=DIRECTION('',(0.,-1.,0.));
#8335=DIRECTION('center_axis',(-0.978147600733807,0.,-0.207911690817752));
#8336=DIRECTION('ref_axis',(-0.207911690817752,0.,0.978147600733807));
#8337=DIRECTION('center_axis',(0.978147600733807,0.,-0.207911690817753));
#8338=DIRECTION('ref_axis',(-0.207911690817753,0.,-0.978147600733807));
#8339=DIRECTION('',(0.,-1.,0.));
#8340=DIRECTION('center_axis',(0.,-1.,0.));
#8341=DIRECTION('ref_axis',(0.,0.,-1.));
#8342=DIRECTION('',(0.,-1.,0.));
#8343=DIRECTION('center_axis',(-9.96374459468998E-17,0.,-1.));
#8344=DIRECTION('ref_axis',(-1.,0.,9.96374459468998E-17));
#8345=DIRECTION('',(0.,-1.,0.));
#8346=DIRECTION('center_axis',(0.,1.,0.));
#8347=DIRECTION('ref_axis',(0.,0.,1.));
#8348=DIRECTION('',(0.,-1.,0.));
#8349=DIRECTION('center_axis',(-0.978147600733807,0.,-0.207911690817752));
#8350=DIRECTION('ref_axis',(-0.207911690817752,0.,0.978147600733807));
#8351=DIRECTION('axis',(0.,0.,1.));
#8352=DIRECTION('refdir',(1.,0.,0.));
#8353=DIRECTION('center_axis',(0.,0.,1.));
#8354=DIRECTION('ref_axis',(1.,0.,0.));
#8355=DIRECTION('center_axis',(-1.93758810048906E-16,0.,-1.));
#8356=DIRECTION('ref_axis',(1.,0.,-1.93758810048906E-16));
#8357=DIRECTION('',(0.,0.,1.));
#8358=DIRECTION('center_axis',(0.,0.,1.));
#8359=DIRECTION('ref_axis',(1.,0.,0.));
#8360=DIRECTION('center_axis',(0.,0.,1.));
#8361=DIRECTION('ref_axis',(1.,0.,0.));
#8362=DIRECTION('center_axis',(-1.93758810048906E-16,0.,-1.));
#8363=DIRECTION('ref_axis',(1.,0.,-1.93758810048906E-16));
#8364=DIRECTION('',(0.,0.,1.));
#8365=DIRECTION('center_axis',(0.,0.,1.));
#8366=DIRECTION('ref_axis',(1.,0.,0.));
#8367=DIRECTION('center_axis',(0.,1.,0.));
#8368=DIRECTION('ref_axis',(0.,0.,1.));
#8369=DIRECTION('',(0.,0.,1.));
#8370=DIRECTION('center_axis',(0.,-1.,0.));
#8371=DIRECTION('ref_axis',(0.,0.,-1.));
#8372=DIRECTION('',(0.978147600733805,0.,0.207911690817761));
#8373=DIRECTION('center_axis',(0.,-1.,0.));
#8374=DIRECTION('ref_axis',(1.,0.,0.));
#8375=DIRECTION('center_axis',(0.,1.,0.));
#8376=DIRECTION('ref_axis',(0.,0.,1.));
#8377=DIRECTION('',(-1.,0.,1.93758810048906E-16));
#8378=DIRECTION('',(-1.,0.,1.93758810048906E-16));
#8379=DIRECTION('',(0.,0.,-1.));
#8380=DIRECTION('center_axis',(0.,-1.,0.));
#8381=DIRECTION('ref_axis',(0.,0.,-1.));
#8382=DIRECTION('',(-0.978147600733805,0.,-0.207911690817761));
#8383=DIRECTION('center_axis',(0.,-1.,0.));
#8384=DIRECTION('ref_axis',(0.,0.,-1.));
#8385=DIRECTION('',(0.,0.,-1.));
#8386=DIRECTION('center_axis',(0.,-1.,0.));
#8387=DIRECTION('ref_axis',(1.,0.,0.));
#8388=DIRECTION('center_axis',(0.,-1.,0.));
#8389=DIRECTION('ref_axis',(0.,0.,-1.));
#8390=DIRECTION('',(0.207911690817761,0.,-0.978147600733805));
#8391=DIRECTION('',(0.978147600733805,0.,0.207911690817761));
#8392=DIRECTION('',(0.207911690817761,0.,-0.978147600733805));
#8393=DIRECTION('center_axis',(0.,1.,0.));
#8394=DIRECTION('ref_axis',(0.,0.,1.));
#8395=DIRECTION('',(0.978147600733806,0.,-0.207911690817755));
#8396=DIRECTION('center_axis',(0.,-1.,0.));
#8397=DIRECTION('ref_axis',(0.,0.,-1.));
#8398=DIRECTION('center_axis',(0.,-1.,0.));
#8399=DIRECTION('ref_axis',(1.,0.,0.));
#8400=DIRECTION('center_axis',(0.,1.,0.));
#8401=DIRECTION('ref_axis',(0.,0.,1.));
#8402=DIRECTION('',(0.207911690817752,0.,0.978147600733807));
#8403=DIRECTION('',(-0.978147600733807,0.,0.207911690817753));
#8404=DIRECTION('',(0.207911690817752,0.,0.978147600733807));
#8405=DIRECTION('center_axis',(0.,-1.,0.));
#8406=DIRECTION('ref_axis',(0.,0.,-1.));
#8407=DIRECTION('',(0.,0.,1.));
#8408=DIRECTION('center_axis',(0.,-1.,0.));
#8409=DIRECTION('ref_axis',(0.,0.,-1.));
#8410=DIRECTION('',(-0.978147600733806,0.,0.207911690817755));
#8411=DIRECTION('center_axis',(0.,-1.,0.));
#8412=DIRECTION('ref_axis',(1.,0.,0.));
#8413=DIRECTION('center_axis',(0.,-1.,0.));
#8414=DIRECTION('ref_axis',(0.,0.,-1.));
#8415=DIRECTION('',(-1.,0.,1.93758810048906E-16));
#8416=DIRECTION('',(-1.,0.,1.93758810048906E-16));
#8417=DIRECTION('center_axis',(-0.978147600733805,0.,-0.207911690817761));
#8418=DIRECTION('ref_axis',(-0.207911690817761,0.,0.978147600733805));
#8419=DIRECTION('center_axis',(0.978147600733805,0.,0.207911690817761));
#8420=DIRECTION('ref_axis',(-0.207911690817761,0.,0.978147600733805));
#8421=DIRECTION('',(0.,-1.,0.));
#8422=DIRECTION('center_axis',(0.978147600733805,0.,0.207911690817761));
#8423=DIRECTION('ref_axis',(-0.207911690817761,0.,0.978147600733805));
#8424=DIRECTION('',(0.207911690817761,0.,-0.978147600733805));
#8425=DIRECTION('',(0.,-1.,0.));
#8426=DIRECTION('',(2.06050408136324E-17,1.,-9.69390954188508E-17));
#8427=DIRECTION('center_axis',(-0.978147600733807,0.,-0.207911690817753));
#8428=DIRECTION('ref_axis',(0.207911690817753,0.,-0.978147600733807));
#8429=DIRECTION('',(2.06050408136324E-17,-1.,-9.69390954188508E-17));
#8430=DIRECTION('center_axis',(-0.978147600733807,0.,-0.207911690817753));
#8431=DIRECTION('ref_axis',(0.207911690817753,0.,-0.978147600733807));
#8432=DIRECTION('center_axis',(0.207911690817761,0.,-0.978147600733805));
#8433=DIRECTION('ref_axis',(-0.978147600733805,0.,-0.207911690817761));
#8434=DIRECTION('',(-0.978147600733805,0.,-0.207911690817761));
#8435=DIRECTION('',(0.,-1.,0.));
#8436=DIRECTION('',(0.978147600733805,0.,0.207911690817761));
#8437=DIRECTION('center_axis',(-0.978147600733805,0.,-0.207911690817761));
#8438=DIRECTION('ref_axis',(-0.207911690817761,0.,0.978147600733805));
#8439=DIRECTION('center_axis',(-0.978147600733805,0.,-0.207911690817761));
#8440=DIRECTION('ref_axis',(-0.207911690817761,0.,0.978147600733805));
#8441=DIRECTION('',(0.,-1.,0.));
#8442=DIRECTION('',(0.207911690817761,0.,-0.978147600733805));
#8443=DIRECTION('center_axis',(-0.978147600733805,0.,-0.207911690817761));
#8444=DIRECTION('ref_axis',(-0.207911690817761,0.,0.978147600733805));
#8445=DIRECTION('center_axis',(0.978147600733807,0.,0.207911690817753));
#8446=DIRECTION('ref_axis',(0.207911690817753,0.,-0.978147600733807));
#8447=DIRECTION('',(-2.40516253168362E-17,-1.,9.62065012673446E-17));
#8448=DIRECTION('center_axis',(0.978147600733807,0.,0.207911690817753));
#8449=DIRECTION('ref_axis',(0.207911690817753,0.,-0.978147600733807));
#8450=DIRECTION('',(-2.40516253168362E-17,1.,9.62065012673446E-17));
#8451=DIRECTION('center_axis',(0.,-1.,0.));
#8452=DIRECTION('ref_axis',(0.,0.,-1.));
#8453=DIRECTION('',(0.,-1.,0.));
#8454=DIRECTION('center_axis',(1.93758810048906E-16,0.,1.));
#8455=DIRECTION('ref_axis',(1.,0.,-1.93758810048906E-16));
#8456=DIRECTION('',(0.,-1.,0.));
#8457=DIRECTION('center_axis',(0.,0.,1.));
#8458=DIRECTION('ref_axis',(1.,0.,0.));
#8459=DIRECTION('',(0.,-1.,0.));
#8460=DIRECTION('center_axis',(0.,0.,1.));
#8461=DIRECTION('ref_axis',(1.,0.,0.));
#8462=DIRECTION('',(0.,1.,0.));
#8463=DIRECTION('center_axis',(0.,0.,1.));
#8464=DIRECTION('ref_axis',(1.,0.,0.));
#8465=DIRECTION('',(0.,-1.,0.));
#8466=DIRECTION('center_axis',(0.,0.,1.));
#8467=DIRECTION('ref_axis',(1.,0.,0.));
#8468=DIRECTION('',(0.,1.,0.));
#8469=DIRECTION('center_axis',(0.,-1.,0.));
#8470=DIRECTION('ref_axis',(0.,0.,-1.));
#8471=DIRECTION('',(0.,-1.,0.));
#8472=DIRECTION('center_axis',(0.978147600733807,0.,-0.207911690817753));
#8473=DIRECTION('ref_axis',(-0.207911690817753,0.,-0.978147600733807));
#8474=DIRECTION('',(0.,-1.,0.));
#8475=DIRECTION('center_axis',(0.978147600733807,0.,-0.207911690817753));
#8476=DIRECTION('ref_axis',(-0.207911690817753,0.,-0.978147600733807));
#8477=DIRECTION('',(0.207911690817752,0.,0.978147600733807));
#8478=DIRECTION('center_axis',(0.978147600733807,0.,-0.207911690817753));
#8479=DIRECTION('ref_axis',(-0.207911690817753,0.,-0.978147600733807));
#8480=DIRECTION('center_axis',(0.978147600733807,0.,-0.207911690817753));
#8481=DIRECTION('ref_axis',(-0.207911690817753,0.,-0.978147600733807));
#8482=DIRECTION('',(2.40516253168362E-17,1.,9.62065012673446E-17));
#8483=DIRECTION('center_axis',(0.978147600733807,0.,-0.207911690817753));
#8484=DIRECTION('ref_axis',(-0.207911690817753,0.,-0.978147600733807));
#8485=DIRECTION('',(2.40516253168362E-17,-1.,9.62065012673446E-17));
#8486=DIRECTION('center_axis',(-0.207911690817753,0.,-0.978147600733807));
#8487=DIRECTION('ref_axis',(-0.978147600733807,0.,0.207911690817753));
#8488=DIRECTION('',(0.,-1.,0.));
#8489=DIRECTION('',(0.978147600733807,0.,-0.207911690817753));
#8490=DIRECTION('',(-0.978147600733807,0.,0.207911690817753));
#8491=DIRECTION('center_axis',(0.978147600733807,0.,-0.207911690817752));
#8492=DIRECTION('ref_axis',(-0.207911690817753,0.,-0.978147600733807));
#8493=DIRECTION('center_axis',(-0.978147600733807,0.,0.207911690817753));
#8494=DIRECTION('ref_axis',(-0.207911690817752,0.,-0.978147600733807));
#8495=DIRECTION('center_axis',(-0.978147600733807,0.,0.207911690817753));
#8496=DIRECTION('ref_axis',(-0.207911690817752,0.,-0.978147600733807));
#8497=DIRECTION('',(0.207911690817752,0.,0.978147600733807));
#8498=DIRECTION('',(0.,-1.,0.));
#8499=DIRECTION('',(-2.06050408136324E-17,-1.,-9.69390954188508E-17));
#8500=DIRECTION('center_axis',(-0.978147600733807,0.,0.207911690817753));
#8501=DIRECTION('ref_axis',(-0.207911690817753,0.,-0.978147600733807));
#8502=DIRECTION('',(-2.06050408136324E-17,1.,-9.69390954188508E-17));
#8503=DIRECTION('center_axis',(-0.978147600733807,0.,0.207911690817753));
#8504=DIRECTION('ref_axis',(-0.207911690817753,0.,-0.978147600733807));
#8505=DIRECTION('center_axis',(0.,-1.,0.));
#8506=DIRECTION('ref_axis',(0.,0.,-1.));
#8507=DIRECTION('',(0.,-1.,0.));
#8508=DIRECTION('center_axis',(1.93758810048906E-16,0.,1.));
#8509=DIRECTION('ref_axis',(1.,0.,-1.93758810048906E-16));
#8510=DIRECTION('',(0.,-1.,0.));
#8511=DIRECTION('',(0.,1.,0.));
#8512=DIRECTION('center_axis',(-1.93758810048906E-16,0.,-1.));
#8513=DIRECTION('ref_axis',(1.,0.,-1.93758810048906E-16));
#8514=DIRECTION('',(0.,-1.,0.));
#8515=DIRECTION('center_axis',(-1.93758810048906E-16,0.,-1.));
#8516=DIRECTION('ref_axis',(1.,2.01858731750029E-14,-1.93758810048906E-16));
#8517=DIRECTION('',(0.,1.,0.));
#8518=DIRECTION('center_axis',(-1.93758810048906E-16,0.,-1.));
#8519=DIRECTION('ref_axis',(1.,0.,-1.93758810048906E-16));
#8520=DIRECTION('',(0.,-1.,0.));
#8521=DIRECTION('center_axis',(-1.93758810048906E-16,0.,-1.));
#8522=DIRECTION('ref_axis',(1.,2.01858731750029E-14,-1.93758810048906E-16));
#8523=DIRECTION('center_axis',(0.,-1.,0.));
#8524=DIRECTION('ref_axis',(0.,0.,-1.));
#8525=DIRECTION('center_axis',(0.,1.,0.));
#8526=DIRECTION('ref_axis',(1.,0.,0.));
#8527=DIRECTION('',(-0.978147600733805,0.,-0.207911690817761));
#8528=DIRECTION('center_axis',(0.,1.,0.));
#8529=DIRECTION('ref_axis',(1.,0.,0.));
#8530=DIRECTION('',(0.978147600733807,0.,-0.207911690817753));
#8531=DIRECTION('center_axis',(0.,0.,1.));
#8532=DIRECTION('ref_axis',(1.,0.,0.));
#8533=DIRECTION('',(0.,0.,1.));
#8534=DIRECTION('',(0.,0.,1.));
#8535=DIRECTION('center_axis',(-1.,0.,0.));
#8536=DIRECTION('ref_axis',(0.,0.,1.));
#8537=DIRECTION('',(0.,0.,1.));
#8538=DIRECTION('center_axis',(0.,0.,1.));
#8539=DIRECTION('ref_axis',(1.,0.,0.));
#8540=DIRECTION('',(0.,0.,1.));
#8541=DIRECTION('center_axis',(1.,0.,0.));
#8542=DIRECTION('ref_axis',(0.,0.,-1.));
#8543=DIRECTION('center_axis',(0.,0.,1.));
#8544=DIRECTION('ref_axis',(1.,0.,0.));
#8545=DIRECTION('',(0.,0.,1.));
#8546=DIRECTION('',(0.,0.,1.));
#8547=DIRECTION('center_axis',(-1.,0.,0.));
#8548=DIRECTION('ref_axis',(0.,0.,1.));
#8549=DIRECTION('',(0.,0.,1.));
#8550=DIRECTION('center_axis',(0.,0.,1.));
#8551=DIRECTION('ref_axis',(1.,0.,0.));
#8552=DIRECTION('',(0.,0.,1.));
#8553=DIRECTION('center_axis',(1.,0.,0.));
#8554=DIRECTION('ref_axis',(0.,0.,-1.));
#8555=DIRECTION('center_axis',(0.978147600733807,0.,-0.207911690817753));
#8556=DIRECTION('ref_axis',(-0.207911690817753,0.,-0.978147600733807));
#8557=DIRECTION('center_axis',(-0.978147600733807,0.,0.207911690817753));
#8558=DIRECTION('ref_axis',(0.207911690817753,0.,0.978147600733807));
#8559=DIRECTION('center_axis',(0.978147600733805,0.,0.207911690817761));
#8560=DIRECTION('ref_axis',(0.207911690817761,0.,-0.978147600733805));
#8561=DIRECTION('center_axis',(0.978147600733805,0.,0.207911690817761));
#8562=DIRECTION('ref_axis',(0.207911690817761,0.,-0.978147600733805));
#8563=DIRECTION('center_axis',(0.978147600733807,0.,-0.207911690817753));
#8564=DIRECTION('ref_axis',(-0.207911690817753,0.,-0.978147600733807));
#8565=DIRECTION('',(0.978147600733807,0.,-0.207911690817753));
#8566=DIRECTION('',(0.978147600733807,0.,-0.207911690817753));
#8567=DIRECTION('center_axis',(-0.207911690817753,9.91047724761856E-17,
-0.978147600733807));
#8568=DIRECTION('ref_axis',(-0.978147600733807,-3.08148791101958E-33,0.207911690817753));
#8569=DIRECTION('',(0.978147600733807,0.,-0.207911690817753));
#8570=DIRECTION('center_axis',(0.978147600733807,0.,-0.207911690817753));
#8571=DIRECTION('ref_axis',(-0.207911690817753,0.,-0.978147600733807));
#8572=DIRECTION('',(0.978147600733807,0.,-0.207911690817753));
#8573=DIRECTION('center_axis',(0.207911690817753,9.91047724761856E-17,0.978147600733807));
#8574=DIRECTION('ref_axis',(0.978147600733807,-3.08148791101958E-33,-0.207911690817753));
#8575=DIRECTION('center_axis',(-0.978147600733807,0.,-0.207911690817753));
#8576=DIRECTION('ref_axis',(0.207911690817753,0.,-0.978147600733807));
#8577=DIRECTION('',(-0.978147600733807,0.,-0.207911690817753));
#8578=DIRECTION('',(-0.978147600733807,0.,-0.207911690817753));
#8579=DIRECTION('center_axis',(0.207911690817753,9.91047724761856E-17,-0.978147600733807));
#8580=DIRECTION('ref_axis',(0.978147600733807,-3.08148791101958E-33,0.207911690817753));
#8581=DIRECTION('',(-0.978147600733807,0.,-0.207911690817753));
#8582=DIRECTION('center_axis',(-0.978147600733807,0.,-0.207911690817753));
#8583=DIRECTION('ref_axis',(0.207911690817753,0.,-0.978147600733807));
#8584=DIRECTION('',(-0.978147600733807,0.,-0.207911690817753));
#8585=DIRECTION('center_axis',(-0.207911690817753,9.91047724761856E-17,
0.978147600733807));
#8586=DIRECTION('ref_axis',(-0.978147600733807,-3.08148791101958E-33,-0.207911690817753));
#8587=DIRECTION('axis',(0.,0.,1.));
#8588=DIRECTION('refdir',(1.,0.,0.));
#8589=DIRECTION('center_axis',(0.,0.,-1.));
#8590=DIRECTION('ref_axis',(-1.,0.,0.));
#8591=DIRECTION('center_axis',(0.,0.,-1.));
#8592=DIRECTION('ref_axis',(-1.,0.,0.));
#8593=DIRECTION('center_axis',(-1.22464679914735E-16,-1.,0.));
#8594=DIRECTION('ref_axis',(1.,-1.22464679914735E-16,0.));
#8595=DIRECTION('center_axis',(0.,0.,1.));
#8596=DIRECTION('ref_axis',(-1.,0.,0.));
#8597=DIRECTION('center_axis',(0.,0.,-1.));
#8598=DIRECTION('ref_axis',(-1.,0.,0.));
#8599=DIRECTION('center_axis',(0.,0.,-1.));
#8600=DIRECTION('ref_axis',(-1.,0.,0.));
#8601=DIRECTION('center_axis',(0.,0.,-1.));
#8602=DIRECTION('ref_axis',(-1.,0.,0.));
#8603=DIRECTION('center_axis',(-1.22464679914735E-16,-1.,0.));
#8604=DIRECTION('ref_axis',(1.,-1.22464679914735E-16,0.));
#8605=DIRECTION('center_axis',(0.,0.,1.));
#8606=DIRECTION('ref_axis',(-1.,0.,0.));
#8607=DIRECTION('center_axis',(0.,0.,1.));
#8608=DIRECTION('ref_axis',(1.,0.,0.));
#8609=DIRECTION('center_axis',(0.,0.,1.));
#8610=DIRECTION('ref_axis',(1.,0.,0.));
#8611=DIRECTION('center_axis',(1.22464679914735E-16,-1.,0.));
#8612=DIRECTION('ref_axis',(-1.,-1.22464679914735E-16,0.));
#8613=DIRECTION('center_axis',(0.,0.,-1.));
#8614=DIRECTION('ref_axis',(1.,0.,0.));
#8615=DIRECTION('center_axis',(0.,0.,1.));
#8616=DIRECTION('ref_axis',(1.,0.,0.));
#8617=DIRECTION('center_axis',(0.,0.,1.));
#8618=DIRECTION('ref_axis',(1.,0.,0.));
#8619=DIRECTION('center_axis',(1.22464679914735E-16,-1.,0.));
#8620=DIRECTION('ref_axis',(-1.,-1.22464679914735E-16,0.));
#8621=DIRECTION('center_axis',(0.,0.,-1.));
#8622=DIRECTION('ref_axis',(1.,0.,0.));
#8623=DIRECTION('center_axis',(0.,0.,-1.));
#8624=DIRECTION('ref_axis',(-1.,0.,0.));
#8625=DIRECTION('center_axis',(0.,0.,-1.));
#8626=DIRECTION('ref_axis',(1.,0.,0.));
#8627=DIRECTION('center_axis',(0.,0.,-1.));
#8628=DIRECTION('ref_axis',(1.,0.,0.));
#8629=DIRECTION('center_axis',(-1.22464679914735E-16,-1.,0.));
#8630=DIRECTION('ref_axis',(1.,-1.22464679914735E-16,0.));
#8631=DIRECTION('center_axis',(0.,0.,1.));
#8632=DIRECTION('ref_axis',(-1.,0.,0.));
#8633=DIRECTION('center_axis',(0.,0.,1.));
#8634=DIRECTION('ref_axis',(-1.,0.,0.));
#8635=DIRECTION('center_axis',(0.,0.,1.));
#8636=DIRECTION('ref_axis',(1.,0.,0.));
#8637=DIRECTION('center_axis',(0.,0.,-1.));
#8638=DIRECTION('ref_axis',(-1.,0.,0.));
#8639=DIRECTION('',(0.,0.,1.));
#8640=DIRECTION('',(0.,0.,1.));
#8641=DIRECTION('center_axis',(0.,0.,1.));
#8642=DIRECTION('ref_axis',(1.,0.,0.));
#8643=DIRECTION('center_axis',(0.,0.,1.));
#8644=DIRECTION('ref_axis',(-0.500000000000004,-0.866025403784436,0.));
#8645=DIRECTION('',(0.,0.,1.));
#8646=DIRECTION('',(0.,0.,1.));
#8647=DIRECTION('center_axis',(0.,0.,1.));
#8648=DIRECTION('ref_axis',(1.,0.,0.));
#8649=DIRECTION('center_axis',(0.,0.,1.));
#8650=DIRECTION('ref_axis',(-1.,0.,0.));
#8651=DIRECTION('',(0.,0.,1.));
#8652=DIRECTION('',(0.,0.,1.));
#8653=DIRECTION('center_axis',(0.,0.,1.));
#8654=DIRECTION('ref_axis',(1.,0.,0.));
#8655=DIRECTION('center_axis',(0.,0.,1.));
#8656=DIRECTION('ref_axis',(1.,0.,0.));
#8657=DIRECTION('center_axis',(0.,0.,1.));
#8658=DIRECTION('ref_axis',(1.,0.,0.));
#8659=DIRECTION('',(0.707106781186548,8.65956056235494E-17,-0.707106781186547));
#8660=DIRECTION('center_axis',(0.,0.,1.));
#8661=DIRECTION('ref_axis',(1.,0.,0.));
#8662=DIRECTION('center_axis',(0.,0.,1.));
#8663=DIRECTION('ref_axis',(1.,0.,0.));
#8664=DIRECTION('',(0.,0.,-1.));
#8665=DIRECTION('center_axis',(0.,0.,1.));
#8666=DIRECTION('ref_axis',(1.,0.,0.));
#8667=DIRECTION('',(0.,0.,-1.));
#8668=DIRECTION('center_axis',(-1.,6.12323399573677E-17,0.));
#8669=DIRECTION('ref_axis',(0.,1.,0.));
#8670=DIRECTION('center_axis',(0.,0.,-1.));
#8671=DIRECTION('ref_axis',(-1.,0.,0.));
#8672=DIRECTION('center_axis',(0.,0.,1.));
#8673=DIRECTION('ref_axis',(1.,0.,0.));
#8674=DIRECTION('center_axis',(0.,0.,1.));
#8675=DIRECTION('ref_axis',(1.,0.,0.));
#8676=DIRECTION('center_axis',(0.,0.,1.));
#8677=DIRECTION('ref_axis',(1.,0.,0.));
#8678=DIRECTION('center_axis',(0.,0.,1.));
#8679=DIRECTION('ref_axis',(1.,0.,0.));
#8680=DIRECTION('center_axis',(0.,0.,1.));
#8681=DIRECTION('ref_axis',(1.,0.,0.));
#8682=DIRECTION('center_axis',(0.,0.,1.));
#8683=DIRECTION('ref_axis',(1.,0.,0.));
#8684=DIRECTION('center_axis',(0.,0.,1.));
#8685=DIRECTION('ref_axis',(1.,0.,0.));
#8686=DIRECTION('center_axis',(0.,0.,1.));
#8687=DIRECTION('ref_axis',(1.,0.,0.));
#8688=DIRECTION('center_axis',(0.,0.,1.));
#8689=DIRECTION('ref_axis',(1.,0.,0.));
#8690=DIRECTION('center_axis',(0.,0.,1.));
#8691=DIRECTION('ref_axis',(1.,0.,0.));
#8692=DIRECTION('center_axis',(0.,0.,1.));
#8693=DIRECTION('ref_axis',(1.,0.,0.));
#8694=DIRECTION('center_axis',(0.,0.,1.));
#8695=DIRECTION('ref_axis',(-1.,1.22464679914735E-16,0.));
#8696=DIRECTION('center_axis',(0.,0.,1.));
#8697=DIRECTION('ref_axis',(1.,0.,0.));
#8698=DIRECTION('center_axis',(0.,0.,-1.));
#8699=DIRECTION('ref_axis',(-0.499999999999998,0.86602540378444,0.));
#8700=DIRECTION('center_axis',(0.,0.,1.));
#8701=DIRECTION('ref_axis',(1.,0.,0.));
#8702=DIRECTION('center_axis',(0.,0.,1.));
#8703=DIRECTION('ref_axis',(1.,0.,0.));
#8704=DIRECTION('center_axis',(0.,0.,-1.));
#8705=DIRECTION('ref_axis',(-0.50000000000001,-0.866025403784433,0.));
#8706=DIRECTION('center_axis',(0.,0.,1.));
#8707=DIRECTION('ref_axis',(-0.499999999999992,0.866025403784443,0.));
#8708=DIRECTION('center_axis',(0.,0.,-1.));
#8709=DIRECTION('ref_axis',(0.499999999999992,-0.866025403784443,0.));
#8710=DIRECTION('center_axis',(0.,0.,-1.));
#8711=DIRECTION('ref_axis',(1.,0.,0.));
#8712=DIRECTION('center_axis',(0.,0.,-1.));
#8713=DIRECTION('ref_axis',(0.500000000000004,0.866025403784436,0.));
#8714=DIRECTION('center_axis',(0.,0.,1.));
#8715=DIRECTION('ref_axis',(0.499999999999998,-0.86602540378444,0.));
#8716=DIRECTION('center_axis',(0.,0.,1.));
#8717=DIRECTION('ref_axis',(1.,0.,0.));
#8718=DIRECTION('',(0.,0.,1.));
#8719=DIRECTION('',(0.,0.,1.));
#8720=DIRECTION('center_axis',(0.,0.,1.));
#8721=DIRECTION('ref_axis',(1.,0.,0.));
#8722=DIRECTION('',(0.,0.,1.));
#8723=DIRECTION('center_axis',(0.,0.,1.));
#8724=DIRECTION('ref_axis',(1.,0.,0.));
#8725=DIRECTION('center_axis',(0.,0.,1.));
#8726=DIRECTION('ref_axis',(-1.,-3.58946546238765E-13,0.));
#8727=DIRECTION('center_axis',(0.,0.,1.));
#8728=DIRECTION('ref_axis',(1.,0.,0.));
#8729=DIRECTION('',(0.,0.,1.));
#8730=DIRECTION('center_axis',(0.,0.,1.));
#8731=DIRECTION('ref_axis',(1.,0.,0.));
#8732=DIRECTION('',(0.,0.,1.));
#8733=DIRECTION('center_axis',(0.,0.,1.));
#8734=DIRECTION('ref_axis',(1.,0.,0.));
#8735=DIRECTION('',(0.,0.,1.));
#8736=DIRECTION('center_axis',(0.,0.,1.));
#8737=DIRECTION('ref_axis',(-0.866025403784438,0.500000000000001,0.));
#8738=DIRECTION('center_axis',(0.,0.,1.));
#8739=DIRECTION('ref_axis',(-0.866025403784446,-0.499999999999987,0.));
#8740=DIRECTION('axis',(0.,0.,1.));
#8741=DIRECTION('refdir',(1.,0.,0.));
#8742=DIRECTION('center_axis',(0.,-1.,0.));
#8743=DIRECTION('ref_axis',(0.,0.,-1.));
#8744=DIRECTION('center_axis',(0.,1.,0.));
#8745=DIRECTION('ref_axis',(0.,0.,1.));
#8746=DIRECTION('',(0.,-1.,0.));
#8747=DIRECTION('center_axis',(0.,1.,0.));
#8748=DIRECTION('ref_axis',(0.,0.,1.));
#8749=DIRECTION('center_axis',(0.,-1.,0.));
#8750=DIRECTION('ref_axis',(0.,0.,-1.));
#8751=DIRECTION('center_axis',(0.,1.,0.));
#8752=DIRECTION('ref_axis',(0.,0.,1.));
#8753=DIRECTION('',(0.,1.,0.));
#8754=DIRECTION('center_axis',(0.,1.,0.));
#8755=DIRECTION('ref_axis',(0.,0.,1.));
#8756=DIRECTION('center_axis',(0.,1.,0.));
#8757=DIRECTION('ref_axis',(0.,0.,1.));
#8758=DIRECTION('center_axis',(0.,1.,0.));
#8759=DIRECTION('ref_axis',(0.,0.,1.));
#8760=DIRECTION('axis',(0.,0.,1.));
#8761=DIRECTION('refdir',(1.,0.,0.));
#8762=DIRECTION('center_axis',(0.985570941909845,0.161600851006265,0.0503496118852276));
#8763=DIRECTION('ref_axis',(0.,0.297464012623072,-0.95473303137274));
#8764=DIRECTION('center_axis',(-1.87789324842144E-15,1.,0.));
#8765=DIRECTION('ref_axis',(1.,1.87789324842144E-15,8.67361737988405E-15));
#8766=DIRECTION('center_axis',(-0.492101635643602,0.1770421441001,-0.85234503542247));
#8767=DIRECTION('ref_axis',(-0.866025403784439,-3.7470027081099E-16,0.499999999999999));
#8768=DIRECTION('center_axis',(0.984203271287208,0.177042144100097,-2.87924215882225E-16));
#8769=DIRECTION('ref_axis',(-0.177042144100097,0.984203271287207,3.32800694390114E-31));
#8770=DIRECTION('center_axis',(0.,-5.55111512312578E-15,1.));
#8771=DIRECTION('ref_axis',(0.940957133002473,0.338525735878037,0.));
#8772=DIRECTION('center_axis',(-1.25192883228097E-15,-1.,-2.16840434497102E-15));
#8773=DIRECTION('ref_axis',(2.03188277327098E-44,2.16840434497102E-15,-1.));
#8774=DIRECTION('center_axis',(0.492101635643602,0.177042144100104,-0.852345035422469));
#8775=DIRECTION('ref_axis',(-0.866025403784439,1.80411241501588E-16,-0.499999999999999));
#8776=DIRECTION('center_axis',(-0.492101635643599,-0.177042144100095,-0.852345035422472));
#8777=DIRECTION('ref_axis',(0.866025403784442,-1.56819002228303E-15,-0.499999999999995));
#8778=DIRECTION('center_axis',(0.985570941909845,-0.16160085100626,-0.0503496118852277));
#8779=DIRECTION('ref_axis',(0.,0.297464012623072,-0.95473303137274));
#8780=DIRECTION('center_axis',(3.12982208070239E-16,-1.,-5.42101086242751E-16));
#8781=DIRECTION('ref_axis',(2.18952885050753E-47,5.42101086242751E-16,-1.));
#8782=DIRECTION('center_axis',(0.984203271287208,-0.177042144100093,0.));
#8783=DIRECTION('ref_axis',(-0.177042144100093,-0.984203271287208,0.));
#8784=DIRECTION('center_axis',(0.4921016356436,0.177042144100098,-0.852345035422471));
#8785=DIRECTION('ref_axis',(-0.866025403784441,-5.55111512312578E-17,-0.499999999999996));
#8786=DIRECTION('center_axis',(0.,0.,1.));
#8787=DIRECTION('ref_axis',(-0.940957133002474,-0.338525735878034,0.));
#8788=DIRECTION('center_axis',(0.,1.,0.));
#8789=DIRECTION('ref_axis',(0.,0.,1.));
#8790=DIRECTION('center_axis',(-0.492101635643604,-0.177042144100089,-0.852345035422471));
#8791=DIRECTION('ref_axis',(-0.866025403784439,1.66533453693773E-16,0.499999999999999));
#8792=DIRECTION('center_axis',(0.492101635643609,0.177042144100094,-0.852345035422467));
#8793=DIRECTION('ref_axis',(0.866025403784435,3.19189119579733E-16,0.500000000000006));
#8794=DIRECTION('center_axis',(0.985570941909846,-0.161600851006254,-0.0503496118852275));
#8795=DIRECTION('ref_axis',(0.,-0.297464012623062,0.954733031372743));
#8796=DIRECTION('center_axis',(0.,1.,0.));
#8797=DIRECTION('ref_axis',(0.,0.,1.));
#8798=DIRECTION('center_axis',(0.492101635643603,0.177042144100094,-0.852345035422471));
#8799=DIRECTION('ref_axis',(0.866025403784439,-3.7470027081099E-16,0.499999999999999));
#8800=DIRECTION('center_axis',(0.984203271287209,-0.177042144100091,-4.26830129958772E-15));
#8801=DIRECTION('ref_axis',(0.177042144100091,0.984203271287209,3.25405123403667E-30));
#8802=DIRECTION('center_axis',(0.985570941909846,0.161600851006254,0.0503496118852275));
#8803=DIRECTION('ref_axis',(0.,-0.297464012623062,0.954733031372743));
#8804=DIRECTION('center_axis',(0.,1.,0.));
#8805=DIRECTION('ref_axis',(0.,0.,1.));
#8806=DIRECTION('center_axis',(0.984203271287208,0.177042144100092,0.));
#8807=DIRECTION('ref_axis',(0.177042144100092,-0.984203271287208,0.));
#8808=DIRECTION('center_axis',(-0.492101635643608,0.17704214410009,-0.852345035422469));
#8809=DIRECTION('ref_axis',(0.866025403784437,-3.7470027081099E-16,-0.500000000000003));
#8810=DIRECTION('center_axis',(0.,1.,0.));
#8811=DIRECTION('ref_axis',(0.,0.,1.));
#8812=DIRECTION('center_axis',(0.,1.,0.));
#8813=DIRECTION('ref_axis',(0.,0.,1.));
#8814=DIRECTION('center_axis',(0.,1.,0.));
#8815=DIRECTION('ref_axis',(0.,0.,1.));
#8816=DIRECTION('center_axis',(-1.,0.,1.22464679914735E-16));
#8817=DIRECTION('ref_axis',(-1.22464679914735E-16,0.,-1.));
#8818=DIRECTION('center_axis',(0.,-1.,0.));
#8819=DIRECTION('ref_axis',(0.,0.,1.));
#8820=DIRECTION('center_axis',(0.,1.,0.));
#8821=DIRECTION('ref_axis',(0.,0.,1.));
#8822=DIRECTION('center_axis',(0.,1.,0.));
#8823=DIRECTION('ref_axis',(0.,0.,1.));
#8824=DIRECTION('center_axis',(-1.,0.,1.22464679914735E-16));
#8825=DIRECTION('ref_axis',(-1.22464679914735E-16,0.,-1.));
#8826=DIRECTION('center_axis',(0.,-1.,0.));
#8827=DIRECTION('ref_axis',(0.,0.,1.));
#8828=DIRECTION('center_axis',(0.,-1.,0.));
#8829=DIRECTION('ref_axis',(0.,0.,1.));
#8830=DIRECTION('center_axis',(-1.22464679914735E-16,1.,0.));
#8831=DIRECTION('ref_axis',(-1.,-2.03556290419755E-16,0.));
#8832=DIRECTION('center_axis',(-1.22464679914735E-16,1.,0.));
#8833=DIRECTION('ref_axis',(1.,1.22464679914735E-16,0.));
#8834=DIRECTION('center_axis',(1.22464679914735E-16,1.49975978266186E-32,
1.));
#8835=DIRECTION('ref_axis',(1.,0.,-1.22464679914735E-16));
#8836=DIRECTION('center_axis',(1.22464679914735E-16,-1.,0.));
#8837=DIRECTION('ref_axis',(1.,1.22464679914735E-16,0.));
#8838=DIRECTION('center_axis',(1.22464679914735E-16,-1.,0.));
#8839=DIRECTION('ref_axis',(1.,1.22464679914735E-16,0.));
#8840=DIRECTION('center_axis',(0.,1.,0.));
#8841=DIRECTION('ref_axis',(0.,0.,1.));
#8842=DIRECTION('center_axis',(0.,1.,0.));
#8843=DIRECTION('ref_axis',(0.,0.,-1.));
#8844=DIRECTION('center_axis',(-1.,0.,1.22464679914735E-16));
#8845=DIRECTION('ref_axis',(-1.22464679914735E-16,0.,-1.));
#8846=DIRECTION('center_axis',(0.,-1.,0.));
#8847=DIRECTION('ref_axis',(0.,0.,1.));
#8848=DIRECTION('center_axis',(0.,1.,0.));
#8849=DIRECTION('ref_axis',(0.,0.,-1.));
#8850=DIRECTION('center_axis',(-1.22464679914735E-16,1.,0.));
#8851=DIRECTION('ref_axis',(-1.,0.,0.));
#8852=DIRECTION('center_axis',(-1.22464679914735E-16,1.,0.));
#8853=DIRECTION('ref_axis',(-1.,-1.22464679914735E-16,0.));
#8854=DIRECTION('center_axis',(-1.22464679914735E-16,-1.49975978266186E-32,
-1.));
#8855=DIRECTION('ref_axis',(1.,1.33260077974512E-16,-1.22464679914735E-16));
#8856=DIRECTION('center_axis',(1.22464679914735E-16,-1.,0.));
#8857=DIRECTION('ref_axis',(1.,1.22464679914735E-16,0.));
#8858=DIRECTION('',(0.940957133002474,0.338525735878033,1.15234014106635E-16));
#8859=DIRECTION('center_axis',(-1.22464679914735E-16,1.,0.));
#8860=DIRECTION('ref_axis',(-1.,-1.22464679914735E-16,0.));
#8861=DIRECTION('',(-0.940957133002473,-0.338525735878037,1.15234014106635E-16));
#8862=DIRECTION('center_axis',(0.,-1.,0.));
#8863=DIRECTION('ref_axis',(0.,0.,-1.));
#8864=DIRECTION('',(0.,-1.,0.));
#8865=DIRECTION('center_axis',(0.,1.,0.));
#8866=DIRECTION('ref_axis',(0.,0.,1.));
#8867=DIRECTION('center_axis',(0.,1.,0.));
#8868=DIRECTION('ref_axis',(0.,0.,1.));
#8869=DIRECTION('center_axis',(-0.866025403784439,0.,-0.5));
#8870=DIRECTION('ref_axis',(-0.5,0.,0.866025403784439));
#8871=DIRECTION('',(0.,-1.,0.));
#8872=DIRECTION('',(0.,1.,0.));
#8873=DIRECTION('center_axis',(0.,0.,-1.));
#8874=DIRECTION('ref_axis',(-1.,0.,0.));
#8875=DIRECTION('',(0.,-1.,0.));
#8876=DIRECTION('',(0.,1.,0.));
#8877=DIRECTION('center_axis',(0.866025403784439,0.,-0.5));
#8878=DIRECTION('ref_axis',(-0.5,0.,-0.866025403784439));
#8879=DIRECTION('',(0.,-1.,0.));
#8880=DIRECTION('',(0.,1.,0.));
#8881=DIRECTION('center_axis',(0.866025403784439,0.,0.5));
#8882=DIRECTION('ref_axis',(0.5,0.,-0.866025403784439));
#8883=DIRECTION('',(0.,-1.,0.));
#8884=DIRECTION('',(0.,1.,0.));
#8885=DIRECTION('center_axis',(1.72061800857513E-16,0.,1.));
#8886=DIRECTION('ref_axis',(1.,0.,-1.72061800857513E-16));
#8887=DIRECTION('',(0.,-1.,0.));
#8888=DIRECTION('',(0.,1.,0.));
#8889=DIRECTION('center_axis',(-0.866025403784439,0.,0.5));
#8890=DIRECTION('ref_axis',(0.5,0.,0.866025403784439));
#8891=DIRECTION('',(0.,-1.,0.));
#8892=DIRECTION('',(0.,1.,0.));
#8893=DIRECTION('center_axis',(0.,-1.,0.));
#8894=DIRECTION('ref_axis',(0.,0.,-1.));
#8895=DIRECTION('center_axis',(-3.12982208070241E-15,-1.,0.));
#8896=DIRECTION('ref_axis',(1.,-3.12982208070241E-15,0.));
#8897=DIRECTION('center_axis',(0.985570941909845,-0.16160085100626,0.0503496118852277));
#8898=DIRECTION('ref_axis',(0.,-0.297464012623072,-0.95473303137274));
#8899=DIRECTION('center_axis',(0.984203271287208,-0.177042144100097,-1.91949477254817E-16));
#8900=DIRECTION('ref_axis',(-0.177042144100097,-0.984203271287207,2.09541177949331E-31));
#8901=DIRECTION('center_axis',(-0.492101635643603,-0.177042144100092,-0.852345035422471));
#8902=DIRECTION('ref_axis',(0.86602540378444,-2.99760216648792E-15,-0.499999999999998));
#8903=DIRECTION('center_axis',(0.,-1.,0.));
#8904=DIRECTION('ref_axis',(0.,0.,-1.));
#8905=DIRECTION('center_axis',(6.25964416140485E-16,-1.,1.08420217248551E-15));
#8906=DIRECTION('ref_axis',(4.29147654699475E-45,-1.08420217248551E-15,
-1.));
#8907=DIRECTION('center_axis',(-0.4921016356436,0.177042144100096,-0.852345035422472));
#8908=DIRECTION('ref_axis',(-0.866025403784441,0.,0.499999999999996));
#8909=DIRECTION('center_axis',(0.984203271287208,0.177042144100093,0.));
#8910=DIRECTION('ref_axis',(-0.177042144100093,0.984203271287208,0.));
#8911=DIRECTION('center_axis',(0.,-1.,0.));
#8912=DIRECTION('ref_axis',(0.,0.,-1.));
#8913=DIRECTION('center_axis',(-3.12982208070239E-16,-1.,5.42101086242751E-16));
#8914=DIRECTION('ref_axis',(2.18952885050753E-47,-5.42101086242751E-16,
-1.));
#8915=DIRECTION('center_axis',(0.,3.88578058618805E-15,1.));
#8916=DIRECTION('ref_axis',(0.940957133002473,-0.338525735878037,0.));
#8917=DIRECTION('center_axis',(0.492101635643602,-0.177042144100106,-0.852345035422468));
#8918=DIRECTION('ref_axis',(0.866025403784439,1.66533453693773E-16,0.499999999999999));
#8919=DIRECTION('center_axis',(0.985570941909845,0.16160085100626,-0.0503496118852277));
#8920=DIRECTION('ref_axis',(0.,-0.297464012623072,-0.95473303137274));
#8921=DIRECTION('center_axis',(0.4921016356436,-0.177042144100098,-0.852345035422471));
#8922=DIRECTION('ref_axis',(0.866025403784441,-1.63757896132211E-15,0.499999999999997));
#8923=DIRECTION('center_axis',(0.492101635643609,-0.177042144100094,-0.852345035422467));
#8924=DIRECTION('ref_axis',(-0.866025403784436,2.91433543964103E-16,-0.500000000000005));
#8925=DIRECTION('center_axis',(0.492101635643603,-0.177042144100094,-0.852345035422471));
#8926=DIRECTION('ref_axis',(-0.866025403784439,-3.7470027081099E-16,-0.499999999999999));
#8927=DIRECTION('center_axis',(0.,-1.,0.));
#8928=DIRECTION('ref_axis',(0.,0.,-1.));
#8929=DIRECTION('center_axis',(0.,1.,0.));
#8930=DIRECTION('ref_axis',(0.,0.,1.));
#8931=DIRECTION('center_axis',(0.,-1.,0.));
#8932=DIRECTION('ref_axis',(0.,0.,-1.));
#8933=DIRECTION('center_axis',(0.,1.,0.));
#8934=DIRECTION('ref_axis',(0.,0.,1.));
#8935=DIRECTION('center_axis',(0.,0.,1.));
#8936=DIRECTION('ref_axis',(-0.940957133002474,0.338525735878034,0.));
#8937=DIRECTION('center_axis',(-0.492101635643603,0.17704214410009,-0.852345035422471));
#8938=DIRECTION('ref_axis',(0.866025403784438,-1.70280456401883E-14,-0.500000000000002));
#8939=DIRECTION('center_axis',(0.985570941909846,0.161600851006254,-0.0503496118852275));
#8940=DIRECTION('ref_axis',(0.,0.297464012623062,0.954733031372743));
#8941=DIRECTION('center_axis',(0.984203271287209,0.177042144100091,-4.26830129958772E-15));
#8942=DIRECTION('ref_axis',(0.177042144100091,-0.984203271287209,3.25405123403667E-30));
#8943=DIRECTION('center_axis',(-0.492101635643601,-0.177042144100092,-0.852345035422472));
#8944=DIRECTION('ref_axis',(-0.866025403784441,0.,0.499999999999997));
#8945=DIRECTION('center_axis',(0.984203271287208,-0.177042144100092,0.));
#8946=DIRECTION('ref_axis',(0.177042144100092,0.984203271287208,0.));
#8947=DIRECTION('center_axis',(0.985570941909845,-0.161600851006263,0.0503496118852276));
#8948=DIRECTION('ref_axis',(0.,0.297464012623062,0.954733031372743));
#8949=DIRECTION('center_axis',(0.,-1.,0.));
#8950=DIRECTION('ref_axis',(-8.67361737988401E-15,0.,1.));
#8951=DIRECTION('center_axis',(0.,-1.,0.));
#8952=DIRECTION('ref_axis',(0.,0.,-1.));
#8953=DIRECTION('axis',(0.,0.,1.));
#8954=DIRECTION('refdir',(1.,0.,0.));
#8955=DIRECTION('center_axis',(0.,-1.,0.));
#8956=DIRECTION('ref_axis',(0.,0.,-1.));
#8957=DIRECTION('center_axis',(0.,-1.,0.));
#8958=DIRECTION('ref_axis',(0.,0.,1.));
#8959=DIRECTION('',(8.65956056235486E-17,0.707106781186554,-0.707106781186541));
#8960=DIRECTION('center_axis',(0.,1.,0.));
#8961=DIRECTION('ref_axis',(0.,0.,1.));
#8962=DIRECTION('center_axis',(0.,1.,0.));
#8963=DIRECTION('ref_axis',(0.,0.,1.));
#8964=DIRECTION('center_axis',(0.,1.,0.));
#8965=DIRECTION('ref_axis',(0.,0.,1.));
#8966=DIRECTION('center_axis',(0.,1.,0.));
#8967=DIRECTION('ref_axis',(0.,0.,1.));
#8968=DIRECTION('',(8.65956056235485E-17,-0.707106781186554,0.707106781186541));
#8969=DIRECTION('center_axis',(0.,-1.,0.));
#8970=DIRECTION('ref_axis',(0.,0.,1.));
#8971=DIRECTION('center_axis',(0.,-1.,0.));
#8972=DIRECTION('ref_axis',(0.,0.,-1.));
#8973=DIRECTION('center_axis',(0.,-1.,0.));
#8974=DIRECTION('ref_axis',(0.,0.,-1.));
#8975=DIRECTION('',(0.,-1.,0.));
#8976=DIRECTION('center_axis',(0.,-1.,0.));
#8977=DIRECTION('ref_axis',(0.,0.,-1.));
#8978=DIRECTION('center_axis',(0.,-1.,0.));
#8979=DIRECTION('ref_axis',(0.,0.,-1.));
#8980=DIRECTION('center_axis',(0.,1.,0.));
#8981=DIRECTION('ref_axis',(0.,0.,1.));
#8982=DIRECTION('',(-1.08129894340955E-16,0.469471562785888,-0.882947592858929));
#8983=DIRECTION('center_axis',(0.,-1.,0.));
#8984=DIRECTION('ref_axis',(0.,0.,-1.));
#8985=DIRECTION('center_axis',(0.,-1.,0.));
#8986=DIRECTION('ref_axis',(0.,0.,-1.));
#8987=DIRECTION('',(0.,-1.,0.));
#8988=DIRECTION('center_axis',(0.,-1.,0.));
#8989=DIRECTION('ref_axis',(0.,0.,-1.));
#8990=DIRECTION('center_axis',(0.,-1.,0.));
#8991=DIRECTION('ref_axis',(0.,0.,-1.));
#8992=DIRECTION('',(-1.08129894340955E-16,-0.469471562785888,0.882947592858929));
#8993=DIRECTION('center_axis',(0.,-1.,0.));
#8994=DIRECTION('ref_axis',(0.,0.,-1.));
#8995=DIRECTION('',(0.,1.,0.));
#8996=DIRECTION('center_axis',(0.,1.,0.));
#8997=DIRECTION('ref_axis',(0.,0.,1.));
#8998=DIRECTION('center_axis',(0.,1.,0.));
#8999=DIRECTION('ref_axis',(0.,0.,1.));
#9000=DIRECTION('axis',(0.,0.,1.));
#9001=DIRECTION('refdir',(1.,0.,0.));
#9002=DIRECTION('center_axis',(0.,0.,-1.));
#9003=DIRECTION('ref_axis',(-1.,0.,0.));
#9004=DIRECTION('center_axis',(0.,0.,-1.));
#9005=DIRECTION('ref_axis',(-1.,0.,0.));
#9006=DIRECTION('center_axis',(-1.22464679914735E-16,-1.,0.));
#9007=DIRECTION('ref_axis',(1.,-1.22464679914735E-16,0.));
#9008=DIRECTION('center_axis',(0.,0.,1.));
#9009=DIRECTION('ref_axis',(-1.,0.,0.));
#9010=DIRECTION('center_axis',(0.,0.,-1.));
#9011=DIRECTION('ref_axis',(-1.,0.,0.));
#9012=DIRECTION('center_axis',(0.,0.,-1.));
#9013=DIRECTION('ref_axis',(-1.,0.,0.));
#9014=DIRECTION('center_axis',(0.,0.,-1.));
#9015=DIRECTION('ref_axis',(-1.,0.,0.));
#9016=DIRECTION('center_axis',(-1.22464679914735E-16,-1.,0.));
#9017=DIRECTION('ref_axis',(1.,-1.22464679914735E-16,0.));
#9018=DIRECTION('center_axis',(0.,0.,1.));
#9019=DIRECTION('ref_axis',(-1.,0.,0.));
#9020=DIRECTION('center_axis',(0.,0.,1.));
#9021=DIRECTION('ref_axis',(1.,0.,0.));
#9022=DIRECTION('center_axis',(0.,0.,1.));
#9023=DIRECTION('ref_axis',(1.,0.,0.));
#9024=DIRECTION('center_axis',(1.22464679914735E-16,-1.,0.));
#9025=DIRECTION('ref_axis',(-1.,-1.22464679914735E-16,0.));
#9026=DIRECTION('center_axis',(0.,0.,-1.));
#9027=DIRECTION('ref_axis',(1.,0.,0.));
#9028=DIRECTION('center_axis',(0.,0.,1.));
#9029=DIRECTION('ref_axis',(1.,0.,0.));
#9030=DIRECTION('center_axis',(0.,0.,1.));
#9031=DIRECTION('ref_axis',(1.,0.,0.));
#9032=DIRECTION('center_axis',(1.22464679914735E-16,-1.,0.));
#9033=DIRECTION('ref_axis',(-1.,-1.22464679914735E-16,0.));
#9034=DIRECTION('center_axis',(0.,0.,-1.));
#9035=DIRECTION('ref_axis',(1.,0.,0.));
#9036=DIRECTION('center_axis',(0.,0.,-1.));
#9037=DIRECTION('ref_axis',(-1.,0.,0.));
#9038=DIRECTION('center_axis',(0.,0.,-1.));
#9039=DIRECTION('ref_axis',(1.,0.,0.));
#9040=DIRECTION('center_axis',(0.,0.,-1.));
#9041=DIRECTION('ref_axis',(1.,0.,0.));
#9042=DIRECTION('center_axis',(-1.22464679914735E-16,-1.,0.));
#9043=DIRECTION('ref_axis',(1.,-1.22464679914735E-16,0.));
#9044=DIRECTION('center_axis',(0.,0.,1.));
#9045=DIRECTION('ref_axis',(-1.,0.,0.));
#9046=DIRECTION('center_axis',(0.,0.,1.));
#9047=DIRECTION('ref_axis',(-1.,0.,0.));
#9048=DIRECTION('center_axis',(0.,0.,1.));
#9049=DIRECTION('ref_axis',(1.,0.,0.));
#9050=DIRECTION('center_axis',(0.,0.,-1.));
#9051=DIRECTION('ref_axis',(-1.,0.,0.));
#9052=DIRECTION('',(0.,0.,1.));
#9053=DIRECTION('',(0.,0.,1.));
#9054=DIRECTION('center_axis',(0.,0.,1.));
#9055=DIRECTION('ref_axis',(1.,0.,0.));
#9056=DIRECTION('center_axis',(0.,0.,1.));
#9057=DIRECTION('ref_axis',(-0.500000000000004,-0.866025403784436,0.));
#9058=DIRECTION('',(0.,0.,1.));
#9059=DIRECTION('',(0.,0.,1.));
#9060=DIRECTION('center_axis',(0.,0.,1.));
#9061=DIRECTION('ref_axis',(1.,0.,0.));
#9062=DIRECTION('center_axis',(0.,0.,1.));
#9063=DIRECTION('ref_axis',(-1.,0.,0.));
#9064=DIRECTION('',(0.,0.,1.));
#9065=DIRECTION('',(0.,0.,1.));
#9066=DIRECTION('center_axis',(0.,0.,1.));
#9067=DIRECTION('ref_axis',(1.,0.,0.));
#9068=DIRECTION('center_axis',(0.,0.,1.));
#9069=DIRECTION('ref_axis',(1.,0.,0.));
#9070=DIRECTION('center_axis',(0.,0.,1.));
#9071=DIRECTION('ref_axis',(1.,0.,0.));
#9072=DIRECTION('',(0.70710678118655,8.65956056235496E-17,-0.707106781186545));
#9073=DIRECTION('center_axis',(0.,0.,1.));
#9074=DIRECTION('ref_axis',(1.,0.,0.));
#9075=DIRECTION('center_axis',(0.,0.,1.));
#9076=DIRECTION('ref_axis',(1.,0.,0.));
#9077=DIRECTION('',(0.,0.,-1.));
#9078=DIRECTION('center_axis',(0.,0.,1.));
#9079=DIRECTION('ref_axis',(1.,0.,0.));
#9080=DIRECTION('',(0.,0.,-1.));
#9081=DIRECTION('center_axis',(-1.,6.12323399573677E-17,0.));
#9082=DIRECTION('ref_axis',(0.,1.,0.));
#9083=DIRECTION('center_axis',(0.,0.,-1.));
#9084=DIRECTION('ref_axis',(-1.,0.,0.));
#9085=DIRECTION('center_axis',(0.,0.,1.));
#9086=DIRECTION('ref_axis',(1.,0.,0.));
#9087=DIRECTION('center_axis',(0.,0.,1.));
#9088=DIRECTION('ref_axis',(1.,0.,0.));
#9089=DIRECTION('center_axis',(0.,0.,1.));
#9090=DIRECTION('ref_axis',(1.,0.,0.));
#9091=DIRECTION('center_axis',(0.,0.,1.));
#9092=DIRECTION('ref_axis',(1.,0.,0.));
#9093=DIRECTION('center_axis',(0.,0.,1.));
#9094=DIRECTION('ref_axis',(1.,0.,0.));
#9095=DIRECTION('center_axis',(0.,0.,1.));
#9096=DIRECTION('ref_axis',(1.,0.,0.));
#9097=DIRECTION('center_axis',(0.,0.,1.));
#9098=DIRECTION('ref_axis',(1.,0.,0.));
#9099=DIRECTION('center_axis',(0.,0.,1.));
#9100=DIRECTION('ref_axis',(1.,0.,0.));
#9101=DIRECTION('center_axis',(0.,0.,1.));
#9102=DIRECTION('ref_axis',(1.,0.,0.));
#9103=DIRECTION('center_axis',(0.,0.,1.));
#9104=DIRECTION('ref_axis',(1.,0.,0.));
#9105=DIRECTION('center_axis',(0.,0.,1.));
#9106=DIRECTION('ref_axis',(1.,0.,0.));
#9107=DIRECTION('center_axis',(0.,0.,1.));
#9108=DIRECTION('ref_axis',(-1.,1.22464679914735E-16,0.));
#9109=DIRECTION('center_axis',(0.,0.,1.));
#9110=DIRECTION('ref_axis',(1.,0.,0.));
#9111=DIRECTION('center_axis',(0.,0.,-1.));
#9112=DIRECTION('ref_axis',(-0.499999999999998,0.86602540378444,0.));
#9113=DIRECTION('center_axis',(0.,0.,1.));
#9114=DIRECTION('ref_axis',(1.,0.,0.));
#9115=DIRECTION('center_axis',(0.,0.,1.));
#9116=DIRECTION('ref_axis',(1.,0.,0.));
#9117=DIRECTION('center_axis',(0.,0.,-1.));
#9118=DIRECTION('ref_axis',(-0.50000000000001,-0.866025403784433,0.));
#9119=DIRECTION('center_axis',(0.,0.,1.));
#9120=DIRECTION('ref_axis',(-0.499999999999992,0.866025403784443,0.));
#9121=DIRECTION('center_axis',(0.,0.,-1.));
#9122=DIRECTION('ref_axis',(0.499999999999992,-0.866025403784443,0.));
#9123=DIRECTION('center_axis',(0.,0.,-1.));
#9124=DIRECTION('ref_axis',(1.,0.,0.));
#9125=DIRECTION('center_axis',(0.,0.,-1.));
#9126=DIRECTION('ref_axis',(0.500000000000004,0.866025403784436,0.));
#9127=DIRECTION('center_axis',(0.,0.,1.));
#9128=DIRECTION('ref_axis',(0.499999999999998,-0.86602540378444,0.));
#9129=DIRECTION('center_axis',(0.,0.,1.));
#9130=DIRECTION('ref_axis',(1.,0.,0.));
#9131=DIRECTION('',(0.,0.,1.));
#9132=DIRECTION('',(0.,0.,1.));
#9133=DIRECTION('center_axis',(0.,0.,1.));
#9134=DIRECTION('ref_axis',(1.,0.,0.));
#9135=DIRECTION('',(0.,0.,1.));
#9136=DIRECTION('center_axis',(0.,0.,1.));
#9137=DIRECTION('ref_axis',(1.,0.,0.));
#9138=DIRECTION('center_axis',(0.,0.,1.));
#9139=DIRECTION('ref_axis',(-1.,-3.58946546238765E-13,0.));
#9140=DIRECTION('center_axis',(0.,0.,1.));
#9141=DIRECTION('ref_axis',(1.,0.,0.));
#9142=DIRECTION('',(0.,0.,1.));
#9143=DIRECTION('center_axis',(0.,0.,1.));
#9144=DIRECTION('ref_axis',(1.,0.,0.));
#9145=DIRECTION('',(0.,0.,1.));
#9146=DIRECTION('center_axis',(0.,0.,1.));
#9147=DIRECTION('ref_axis',(1.,0.,0.));
#9148=DIRECTION('',(0.,0.,1.));
#9149=DIRECTION('center_axis',(0.,0.,1.));
#9150=DIRECTION('ref_axis',(-0.866025403784438,0.500000000000001,0.));
#9151=DIRECTION('center_axis',(0.,0.,1.));
#9152=DIRECTION('ref_axis',(-0.866025403784446,-0.499999999999987,0.));
#9153=DIRECTION('axis',(0.,0.,1.));
#9154=DIRECTION('refdir',(1.,0.,0.));
#9155=DIRECTION('center_axis',(0.,-1.,0.));
#9156=DIRECTION('ref_axis',(0.,0.,-1.));
#9157=DIRECTION('center_axis',(0.,1.,0.));
#9158=DIRECTION('ref_axis',(0.,0.,1.));
#9159=DIRECTION('',(0.,-1.,0.));
#9160=DIRECTION('center_axis',(0.,1.,0.));
#9161=DIRECTION('ref_axis',(0.,0.,1.));
#9162=DIRECTION('center_axis',(0.,-1.,0.));
#9163=DIRECTION('ref_axis',(0.,0.,-1.));
#9164=DIRECTION('center_axis',(0.,1.,0.));
#9165=DIRECTION('ref_axis',(0.,0.,1.));
#9166=DIRECTION('',(0.,1.,0.));
#9167=DIRECTION('center_axis',(0.,1.,0.));
#9168=DIRECTION('ref_axis',(0.,0.,1.));
#9169=DIRECTION('center_axis',(0.,1.,0.));
#9170=DIRECTION('ref_axis',(0.,0.,1.));
#9171=DIRECTION('center_axis',(0.,1.,0.));
#9172=DIRECTION('ref_axis',(0.,0.,1.));
#9173=DIRECTION('axis',(0.,0.,1.));
#9174=DIRECTION('refdir',(1.,0.,0.));
#9175=DIRECTION('center_axis',(0.,-1.,0.));
#9176=DIRECTION('ref_axis',(0.,0.,-1.));
#9177=DIRECTION('center_axis',(0.,1.,0.));
#9178=DIRECTION('ref_axis',(0.,0.,1.));
#9179=DIRECTION('',(0.,-1.,0.));
#9180=DIRECTION('center_axis',(0.,1.,0.));
#9181=DIRECTION('ref_axis',(0.,0.,1.));
#9182=DIRECTION('center_axis',(0.,-1.,0.));
#9183=DIRECTION('ref_axis',(0.,0.,-1.));
#9184=DIRECTION('center_axis',(0.,1.,0.));
#9185=DIRECTION('ref_axis',(0.,0.,1.));
#9186=DIRECTION('',(0.,1.,0.));
#9187=DIRECTION('center_axis',(0.,1.,0.));
#9188=DIRECTION('ref_axis',(0.,0.,1.));
#9189=DIRECTION('center_axis',(0.,1.,0.));
#9190=DIRECTION('ref_axis',(0.,0.,1.));
#9191=DIRECTION('center_axis',(0.,1.,0.));
#9192=DIRECTION('ref_axis',(0.,0.,1.));
#9193=DIRECTION('',(1.,5.13047711390308E-17,-4.00354446802083E-17));
#9194=DIRECTION('',(-4.00354446802085E-17,-4.29621616060416E-14,-1.));
#9195=DIRECTION('',(1.,5.13047711390335E-17,2.1196895277162E-17));
#9196=DIRECTION('',(2.11968952771642E-17,-4.29621616060416E-14,-1.));
#9197=DIRECTION('',(-0.207911690817753,-4.18995604674066E-14,-0.978147600733807));
#9198=DIRECTION('',(-0.903542267029402,-0.383049207221746,0.192053837603317));
#9199=DIRECTION('',(0.9567727726681,-0.207911479926207,-0.203368330857808));
#9200=DIRECTION('',(0.203368115254826,0.978147645560165,-0.043227227331919));
#9201=DIRECTION('',(0.084578015874289,0.996254668590647,-0.0179776122471535));
#9202=DIRECTION('',(-0.974484113801796,0.0864675390614334,0.207132992631759));
#9203=DIRECTION('',(-0.207911690817753,4.2180685409726E-14,0.978147600733807));
#9204=DIRECTION('',(0.903542267029402,0.383049207221762,0.192053837603284));
#9205=DIRECTION('',(-0.9567727726681,0.207911479926189,-0.203368330857826));
#9206=DIRECTION('',(0.203368115254826,0.978147645560169,0.0432272273318349));
#9207=DIRECTION('',(-0.0845780158742892,-0.996254668590648,-0.017977612247068));
#9208=DIRECTION('',(-0.974484113801796,0.0864675390614155,-0.207132992631766));
#9209=DIRECTION('',(-0.207911690817753,-4.18995604674066E-14,-0.978147600733807));
#9210=DIRECTION('',(-0.903542267029402,-0.383049207221746,0.192053837603317));
#9211=DIRECTION('',(0.9567727726681,-0.207911479926207,-0.203368330857809));
#9212=DIRECTION('',(0.203368115254826,0.978147645560165,-0.0432272273319189));
#9213=DIRECTION('',(0.133637200363377,0.990623151508273,-0.0284054638204887));
#9214=DIRECTION('',(-0.96897565887918,0.1366227349156,0.20596213439329));
#9215=DIRECTION('',(-0.207911690817753,4.21654371032062E-14,0.978147600733807));
#9216=DIRECTION('',(0.903542267029402,0.383049207221762,0.192053837603284));
#9217=DIRECTION('',(-0.9567727726681,0.20791147992619,-0.203368330857827));
#9218=DIRECTION('',(0.203368115254826,0.978147645560169,0.0432272273318349));
#9219=DIRECTION('',(-0.133637200363377,-0.990623151508275,-0.0284054638204036));
#9220=DIRECTION('',(-0.96897565887918,0.136622734915583,-0.205962134393302));
#9221=DIRECTION('',(0.956772684974462,0.207911901709287,-0.20336831221797));
#9222=DIRECTION('',(0.203368527820951,-0.978147555907404,-0.0432273150254725));
#9223=DIRECTION('',(0.956772684974463,0.207911901709287,-0.203368312217969));
#9224=DIRECTION('',(0.203368527820951,-0.978147555907404,-0.0432273150254724));
#9225=DIRECTION('',(-1.78813322758353E-16,-4.30107338633689E-14,-1.));
#9226=DIRECTION('',(-0.923728021347068,-0.383049008063238,1.66744854874277E-14));
#9227=DIRECTION('',(-0.548961394129135,0.835847706077965,-3.57230203792571E-14));
#9228=DIRECTION('',(-0.835847706077965,-0.548961394129135,2.3733654834197E-14));
#9229=DIRECTION('',(1.78813322758353E-16,4.30107338633689E-14,1.));
#9230=DIRECTION('',(-0.923728021347068,0.383049008063237,-1.62740407047508E-14));
#9231=DIRECTION('',(-0.956772684974463,-0.207911901709305,-0.203368312217952));
#9232=DIRECTION('',(0.203368527820951,-0.9781475559074,0.0432273150255565));
#9233=DIRECTION('',(-0.956772684974463,-0.207911901709305,-0.203368312217951));
#9234=DIRECTION('',(0.203368527820951,-0.9781475559074,0.0432273150255564));
#9235=DIRECTION('',(0.907318616579551,0.373603116405898,-0.19285652547936));
#9236=DIRECTION('',(0.365438991939111,-0.927588654206055,-0.0776764556266941));
#9237=DIRECTION('',(0.956772728821303,0.207911690817744,-0.203368321537903));
#9238=DIRECTION('',(0.203368321537894,-0.978147600733809,-0.043227271178655));
#9239=DIRECTION('',(-0.90731861657955,-0.373603116405915,-0.192856525479328));
#9240=DIRECTION('',(0.365438991939111,-0.927588654206049,0.0776764556267737));
#9241=DIRECTION('',(-0.956772728821303,-0.207911690817762,-0.203368321537885));
#9242=DIRECTION('',(0.203368321537894,-0.978147600733805,0.043227271178739));
#9243=DIRECTION('center_axis',(0.,0.,1.));
#9244=DIRECTION('ref_axis',(1.,0.,0.));
#9245=CARTESIAN_POINT('',(0.,0.,0.));
#9246=CARTESIAN_POINT('',(0.,0.,0.));
#9247=CARTESIAN_POINT('Origin',(-42.7691314132634,15.25,31.8053200587022));
#9248=CARTESIAN_POINT('',(-50.9490913792948,15.25,32.8780525296031));
#9249=CARTESIAN_POINT('Origin',(-50.3773342295459,15.25,30.1881466275851));
#9250=CARTESIAN_POINT('',(-53.8835341814962,15.25,32.2543174571498));
#9251=CARTESIAN_POINT('',(-43.3408885630123,15.25,34.4952259607202));
#9252=CARTESIAN_POINT('Origin',(-53.3117770317474,15.25,29.5644115551318));
#9253=CARTESIAN_POINT('Origin',(-42.7691314132634,83.25,31.8053200587022));
#9254=CARTESIAN_POINT('',(-50.9490913792948,83.25,32.8780525296031));
#9255=CARTESIAN_POINT('Origin',(-50.377334229546,83.25,30.1881466275851));
#9256=CARTESIAN_POINT('',(-53.8835341814962,83.25,32.2543174571498));
#9257=CARTESIAN_POINT('',(-43.3408885630123,83.25,34.4952259607202));
#9258=CARTESIAN_POINT('Origin',(-53.3117770317474,83.25,29.5644115551318));
#9259=CARTESIAN_POINT('Origin',(42.7691314132634,83.25,31.8053200587022));
#9260=CARTESIAN_POINT('',(50.9490913792948,83.25,32.8780525296031));
#9261=CARTESIAN_POINT('Origin',(50.377334229546,83.25,30.1881466275851));
#9262=CARTESIAN_POINT('',(53.8835341814962,83.25,32.2543174571498));
#9263=CARTESIAN_POINT('',(43.3408885630123,83.25,34.4952259607202));
#9264=CARTESIAN_POINT('Origin',(53.3117770317474,83.25,29.5644115551318));
#9265=CARTESIAN_POINT('Origin',(42.7691314132634,15.25,31.8053200587022));
#9266=CARTESIAN_POINT('',(50.9490913792948,15.25,32.8780525296031));
#9267=CARTESIAN_POINT('Origin',(50.3773342295459,15.25,30.1881466275851));
#9268=CARTESIAN_POINT('',(53.8835341814962,15.25,32.2543174571498));
#9269=CARTESIAN_POINT('',(43.3408885630123,15.25,34.4952259607202));
#9270=CARTESIAN_POINT('Origin',(53.3117770317474,15.25,29.5644115551318));
#9271=CARTESIAN_POINT('Origin',(-59.2180263092744,341.0728,78.2745039236228));
#9272=CARTESIAN_POINT('',(52.5,341.0728,81.0245039236228));
#9273=CARTESIAN_POINT('Origin',(52.5,341.0728,78.2745039236229));
#9274=CARTESIAN_POINT('',(55.5,341.0728,81.0245039236228));
#9275=CARTESIAN_POINT('',(-59.2180263092744,341.0728,81.0245039236228));
#9276=CARTESIAN_POINT('Origin',(55.5,341.0728,78.2745039236228));
#9277=CARTESIAN_POINT('Origin',(-59.2180263092743,341.0728,78.2745039236232));
#9278=CARTESIAN_POINT('',(-55.4999999999999,341.0728,81.0245039236232));
#9279=CARTESIAN_POINT('Origin',(-55.4999999999999,341.0728,78.2745039236232));
#9280=CARTESIAN_POINT('',(-52.4999999999999,341.0728,81.0245039236232));
#9281=CARTESIAN_POINT('',(-59.2180263092743,341.0728,81.0245039236232));
#9282=CARTESIAN_POINT('Origin',(-52.4999999999999,341.0728,78.2745039236231));
#9283=CARTESIAN_POINT('Origin',(52.4822383698761,318.0728,40.09094202375));
#9284=CARTESIAN_POINT('',(51.8585032974228,318.0728,37.1564992215486));
#9285=CARTESIAN_POINT('',(52.4822383698761,321.0728,40.09094202375));
#9286=CARTESIAN_POINT('Origin',(52.4822383698761,318.0728,40.09094202375));
#9287=CARTESIAN_POINT('',(52.0173336958907,316.0728,37.9037374964811));
#9288=CARTESIAN_POINT('Origin',(52.4822383698761,318.0728,40.09094202375));
#9289=CARTESIAN_POINT('',(52.4822383698764,315.0728,40.0909420237501));
#9290=CARTESIAN_POINT('Origin',(52.4822383698761,318.0728,40.09094202375));
#9291=CARTESIAN_POINT('',(55.4166811720775,315.0728,39.4672069512968));
#9292=CARTESIAN_POINT('',(52.4822383698761,315.0728,40.0909420237501));
#9293=CARTESIAN_POINT('',(55.4166811720778,321.0728,39.4672069512967));
#9294=CARTESIAN_POINT('Origin',(55.4166811720775,318.0728,39.4672069512968));
#9295=CARTESIAN_POINT('',(55.4166811720778,321.0728,39.4672069512967));
#9296=CARTESIAN_POINT('Origin',(34.1625209652046,502.353935212239,-42.1872));
#9297=CARTESIAN_POINT('',(34.9575593350811,361.0728,-42.3561906222967));
#9298=CARTESIAN_POINT('',(34.9575593350811,342.022800004763,-42.3561906222967));
#9299=CARTESIAN_POINT('',(34.9575593350811,361.0728,-42.3561906222967));
#9300=CARTESIAN_POINT('',(34.1625209652046,361.0728,-43.));
#9301=CARTESIAN_POINT('Origin',(34.1625209652046,361.0728,-42.1872));
#9302=CARTESIAN_POINT('',(34.1625209652046,342.022800004763,-43.));
#9303=CARTESIAN_POINT('',(34.1625209652046,361.0728,-43.));
#9304=CARTESIAN_POINT('',(34.1625209652046,340.022800004762,-43.));
#9305=CARTESIAN_POINT('',(34.1625209652046,361.0728,-43.));
#9306=CARTESIAN_POINT('',(34.1625209652046,99.8091138387281,-43.));
#9307=CARTESIAN_POINT('',(34.1625209652046,361.0728,-43.));
#9308=CARTESIAN_POINT('',(34.1625209652046,97.8091138387281,-43.));
#9309=CARTESIAN_POINT('',(34.1625209652046,361.0728,-43.));
#9310=CARTESIAN_POINT('',(34.1625209652046,78.5728,-43.));
#9311=CARTESIAN_POINT('',(34.1625209652046,361.0728,-43.));
#9312=CARTESIAN_POINT('',(34.9575593350811,78.5728,-42.3561906222967));
#9313=CARTESIAN_POINT('Origin',(34.1625209652046,78.5728,-42.1872));
#9314=CARTESIAN_POINT('',(34.9575593350811,97.8091138387281,-42.3561906222967));
#9315=CARTESIAN_POINT('',(34.9575593350811,361.0728,-42.3561906222967));
#9316=CARTESIAN_POINT('',(34.9575593350811,99.8091138387281,-42.3561906222967));
#9317=CARTESIAN_POINT('',(34.9575593350811,361.0728,-42.3561906222967));
#9318=CARTESIAN_POINT('',(34.9575593350811,340.022800004762,-42.3561906222967));
#9319=CARTESIAN_POINT('',(34.9575593350811,361.0728,-42.3561906222967));
#9320=CARTESIAN_POINT('',(34.9575593350811,361.0728,-42.3561906222967));
#9321=CARTESIAN_POINT('Origin',(-34.1625209652046,-62.7083352122392,-42.1872));
#9322=CARTESIAN_POINT('',(-34.1625209652046,361.0728,-43.));
#9323=CARTESIAN_POINT('',(-34.1625209652046,342.022800004763,-43.));
#9324=CARTESIAN_POINT('',(-34.1625209652046,361.0728,-43.));
#9325=CARTESIAN_POINT('',(-34.957559335081,361.0728,-42.3561906222964));
#9326=CARTESIAN_POINT('Origin',(-34.1625209652046,361.0728,-42.1872));
#9327=CARTESIAN_POINT('',(-34.957559335081,342.022800004763,-42.3561906222964));
#9328=CARTESIAN_POINT('',(-34.957559335081,361.0728,-42.3561906222964));
#9329=CARTESIAN_POINT('',(-34.957559335081,340.022800004762,-42.3561906222964));
#9330=CARTESIAN_POINT('',(-34.957559335081,361.0728,-42.3561906222964));
#9331=CARTESIAN_POINT('',(-34.957559335081,99.8091138387281,-42.3561906222964));
#9332=CARTESIAN_POINT('',(-34.957559335081,361.0728,-42.3561906222964));
#9333=CARTESIAN_POINT('',(-34.957559335081,97.8091138387281,-42.3561906222964));
#9334=CARTESIAN_POINT('',(-34.957559335081,361.0728,-42.3561906222964));
#9335=CARTESIAN_POINT('',(-34.957559335081,78.5728,-42.3561906222964));
#9336=CARTESIAN_POINT('',(-34.957559335081,361.0728,-42.3561906222964));
#9337=CARTESIAN_POINT('',(-34.1625209652046,78.5728,-43.));
#9338=CARTESIAN_POINT('Origin',(-34.1625209652046,78.5728,-42.1872));
#9339=CARTESIAN_POINT('',(-34.1625209652046,97.8091138387281,-43.));
#9340=CARTESIAN_POINT('',(-34.1625209652046,361.0728,-43.));
#9341=CARTESIAN_POINT('',(-34.1625209652046,99.8091138387281,-43.));
#9342=CARTESIAN_POINT('',(-34.1625209652046,361.0728,-43.));
#9343=CARTESIAN_POINT('',(-34.1625209652046,340.022800004762,-43.));
#9344=CARTESIAN_POINT('',(-34.1625209652046,361.0728,-43.));
#9345=CARTESIAN_POINT('',(-34.1625209652046,361.0728,-43.));
#9346=CARTESIAN_POINT('Origin',(-34.8207134273856,361.0728,-43.));
#9347=CARTESIAN_POINT('',(-34.8207134273856,99.809113838728,-43.));
#9348=CARTESIAN_POINT('',(-34.8207134273856,340.022800004762,-43.));
#9349=CARTESIAN_POINT('Origin',(-34.8207134273856,361.0728,-43.));
#9350=CARTESIAN_POINT('',(-34.8207134273856,342.022800004763,-43.));
#9351=CARTESIAN_POINT('',(-34.8207134273856,361.0728,-43.));
#9352=CARTESIAN_POINT('Origin',(-34.8207134273856,361.0728,-43.));
#9353=CARTESIAN_POINT('Origin',(-34.8207134273856,361.0728,-43.));
#9354=CARTESIAN_POINT('',(-34.8207134273856,97.809113838728,-43.));
#9355=CARTESIAN_POINT('Origin',(37.8920021372825,361.0728,-42.9799256947499));
#9356=CARTESIAN_POINT('',(34.1625209652046,361.0728,-46.));
#9357=CARTESIAN_POINT('',(34.1625209652046,361.0728,-43.));
#9358=CARTESIAN_POINT('',(-34.1625209652046,361.0728,-46.));
#9359=CARTESIAN_POINT('',(-34.8207134273856,361.0728,-46.));
#9360=CARTESIAN_POINT('',(-34.1625209652046,361.0728,-46.));
#9361=CARTESIAN_POINT('Origin',(-34.8207134273856,361.0728,-46.));
#9362=CARTESIAN_POINT('',(-34.1625209652046,78.5728,-46.));
#9363=CARTESIAN_POINT('',(34.1625209652046,78.5728,-46.));
#9364=CARTESIAN_POINT('',(65.,78.5728,-46.));
#9365=CARTESIAN_POINT('',(-34.1625209652046,361.0728,-46.));
#9366=CARTESIAN_POINT('',(34.1625209652046,361.0728,-46.));
#9367=CARTESIAN_POINT('Origin',(-34.8207134273856,361.0728,-43.));
#9368=CARTESIAN_POINT('',(65.,78.5728,-43.));
#9369=CARTESIAN_POINT('Origin',(65.,78.5728,49.001));
#9370=CARTESIAN_POINT('',(-34.1625209652046,78.5728,-46.));
#9371=CARTESIAN_POINT('',(34.1625209652046,78.5728,-43.));
#9372=CARTESIAN_POINT('Origin',(34.1625209652046,78.5728,-42.1872));
#9373=CARTESIAN_POINT('',(37.8920021372825,78.5728,-42.9799256947499));
#9374=CARTESIAN_POINT('',(37.8920021372825,78.5728,-42.9799256947499));
#9375=CARTESIAN_POINT('Origin',(34.1625209652046,78.5728,-42.1872));
#9376=CARTESIAN_POINT('Origin',(34.1625209652046,361.0728,-42.1872));
#9377=CARTESIAN_POINT('',(37.8920021372825,361.0728,-42.9799256947499));
#9378=CARTESIAN_POINT('',(37.8920021372825,361.0728,-42.9799256947499));
#9379=CARTESIAN_POINT('Origin',(34.1625209652046,361.0728,-42.1872));
#9380=CARTESIAN_POINT('Origin',(34.1625209652046,502.353935212239,-42.1872));
#9381=CARTESIAN_POINT('',(37.8920021372825,361.0728,-42.9799256947499));
#9382=CARTESIAN_POINT('Origin',(-50.7295143835876,68.5728,-2.98180818143925));
#9383=CARTESIAN_POINT('',(39.2610430315236,78.5728,-22.109891648363));
#9384=CARTESIAN_POINT('',(41.233466517006,71.7350776601684,-12.8303687299195));
#9385=CARTESIAN_POINT('Origin',(39.2610430315236,68.5728,-22.109891648363));
#9386=CARTESIAN_POINT('',(42.1954858337249,78.5728,-22.7336267208162));
#9387=CARTESIAN_POINT('',(39.2610430315235,78.5728,-22.109891648363));
#9388=CARTESIAN_POINT('',(44.1679093192073,71.7350776601684,-13.4541038023727));
#9389=CARTESIAN_POINT('Origin',(42.195485833725,68.5728,-22.7336267208162));
#9390=CARTESIAN_POINT('',(44.1679093192073,71.7350776601684,-13.4541038023727));
#9391=CARTESIAN_POINT('Origin',(-49.2309717024441,78.5728,4.06828083660746));
#9392=CARTESIAN_POINT('',(46.0032764058164,2.91052233983158,9.60982248946669));
#9393=CARTESIAN_POINT('',(40.7595857126671,78.5728000000001,-15.0598026303163));
#9394=CARTESIAN_POINT('',(48.9377192080176,2.91052233983159,8.9860874170135));
#9395=CARTESIAN_POINT('',(43.6940285148684,78.5728,-15.6835377027695));
#9396=CARTESIAN_POINT('',(46.0032764058163,2.91052233983161,9.60982248946672));
#9397=CARTESIAN_POINT('Origin',(47.9560642577818,6.07279999999999,18.8935190906567));
#9398=CARTESIAN_POINT('',(47.9756998912989,-3.92720000000001,18.8893454079102));
#9399=CARTESIAN_POINT('Origin',(47.9756998912989,6.07279999999999,18.8893454079102));
#9400=CARTESIAN_POINT('',(50.9101426935003,-3.92720000000001,18.2656103354569));
#9401=CARTESIAN_POINT('Origin',(50.9101426935003,6.07279999999999,18.2656103354569));
#9402=CARTESIAN_POINT('',(50.9101426935,-3.92720000000001,18.265610335457));
#9403=CARTESIAN_POINT('Origin',(34.1625209652046,-3.92720000000001,-46.));
#9404=CARTESIAN_POINT('',(54.0652551817625,-3.92720000000001,33.109247546527));
#9405=CARTESIAN_POINT('',(37.755156229587,-3.92720000000001,-43.6237350724533));
#9406=CARTESIAN_POINT('',(51.130812379561,-3.92720000000001,33.7329826189803));
#9407=CARTESIAN_POINT('',(51.1111767460443,-3.92720000000001,33.7371563017268));
#9408=CARTESIAN_POINT('',(34.8207134273855,-3.92720000000001,-43.));
#9409=CARTESIAN_POINT('Origin',(-260.917052736534,6.07279999999999,100.060803904526));
#9410=CARTESIAN_POINT('',(53.2099292877385,6.07279999999999,43.5144586263183));
#9411=CARTESIAN_POINT('Origin',(51.130812379561,6.07279999999999,33.7329826189803));
#9412=CARTESIAN_POINT('',(56.14437208994,6.07279999999999,42.8907235538651));
#9413=CARTESIAN_POINT('Origin',(54.0652551817625,6.07279999999999,33.109247546527));
#9414=CARTESIAN_POINT('',(-258.837935828357,6.07279999999999,109.842279911864));
#9415=CARTESIAN_POINT('Origin',(-258.837935828357,-3.92720000000001,109.842279911864));
#9416=CARTESIAN_POINT('',(56.14437208994,312.0728,42.8907235538651));
#9417=CARTESIAN_POINT('',(56.14437208994,-3.92720000000001,42.8907235538651));
#9418=CARTESIAN_POINT('',(53.2099292877385,312.0728,43.5144586263183));
#9419=CARTESIAN_POINT('',(-258.837935828357,312.0728,109.842279911864));
#9420=CARTESIAN_POINT('',(53.2099292877385,61.5728014801411,43.5144586263183));
#9421=CARTESIAN_POINT('',(53.2099292877385,-3.92720000000001,43.5144586263183));
#9422=CARTESIAN_POINT('',(53.2099292877385,59.5728014801411,43.5144586263183));
#9423=CARTESIAN_POINT('',(53.2099292877385,-3.92720000000001,43.5144586263183));
#9424=CARTESIAN_POINT('',(53.2099292877385,-3.92720000000001,43.5144586263183));
#9425=CARTESIAN_POINT('Origin',(-259.46167090081,312.0728,106.907837109663));
#9426=CARTESIAN_POINT('',(52.5861942152853,315.0728,40.5800158241169));
#9427=CARTESIAN_POINT('Origin',(52.5861942152853,312.0728,40.5800158241169));
#9428=CARTESIAN_POINT('',(55.5206370174867,315.0728,39.9562807516636));
#9429=CARTESIAN_POINT('Origin',(55.5206370174867,312.0728,39.9562807516636));
#9430=CARTESIAN_POINT('',(-259.46167090081,315.0728,106.907837109663));
#9431=CARTESIAN_POINT('Origin',(-259.565626746219,315.0728,106.418763309296));
#9432=CARTESIAN_POINT('',(52.4822383698764,315.0728,40.0909420237501));
#9433=CARTESIAN_POINT('',(55.4166811720779,315.0728,39.4672069512969));
#9434=CARTESIAN_POINT('Origin',(37.755156229587,361.0728,-43.6237350724533));
#9435=CARTESIAN_POINT('',(43.6940285148684,78.5728,-15.6835377027695));
#9436=CARTESIAN_POINT('',(55.4166811720778,361.0728,39.4672069512967));
#9437=CARTESIAN_POINT('',(37.755156229587,361.0728,-43.6237350724533));
#9438=CARTESIAN_POINT('',(55.4166811720778,361.0728,39.4672069512967));
#9439=CARTESIAN_POINT('Origin',(55.5,361.0728,40.2599326460468));
#9440=CARTESIAN_POINT('',(52.4822383698764,361.0728,40.0909420237501));
#9441=CARTESIAN_POINT('',(34.8207134273855,361.0728,-43.));
#9442=CARTESIAN_POINT('',(52.4822383698764,361.0728,40.0909420237501));
#9443=CARTESIAN_POINT('Origin',(34.8207134273855,361.0728,-43.));
#9444=CARTESIAN_POINT('Ctrl Pts',(34.9575593350811,342.022800004763,-42.3561906222967));
#9445=CARTESIAN_POINT('Ctrl Pts',(37.9762223588066,342.022800004763,-28.1544976705076));
#9446=CARTESIAN_POINT('Ctrl Pts',(40.9948853825322,342.022800004763,-13.9528047187186));
#9447=CARTESIAN_POINT('Ctrl Pts',(44.0135484062578,342.022800004763,0.248888233070419));
#9448=CARTESIAN_POINT('Ctrl Pts',(45.1500626291251,342.022800004763,5.59576726582256));
#9449=CARTESIAN_POINT('Ctrl Pts',(46.1590737513912,338.525007367886,10.3427913724346));
#9450=CARTESIAN_POINT('Ctrl Pts',(46.518502171823,333.339239790653,12.0337691414006));
#9451=CARTESIAN_POINT('Ctrl Pts',(46.6705898472314,331.144946598473,12.7492853984074));
#9452=CARTESIAN_POINT('Ctrl Pts',(46.8226775226398,328.950653406293,13.4648016554142));
#9453=CARTESIAN_POINT('Ctrl Pts',(46.9747651980481,326.756360214113,14.180317912421));
#9454=CARTESIAN_POINT('Ctrl Pts',(47.33419361848,321.570592636876,15.871295681387));
#9455=CARTESIAN_POINT('Ctrl Pts',(48.3432047407469,318.0728,20.6183197880027));
#9456=CARTESIAN_POINT('Ctrl Pts',(49.4797189636141,318.0728,25.9651988207543));
#9457=CARTESIAN_POINT('Ctrl Pts',(50.2726470748838,318.0728,29.6956322876858));
#9458=CARTESIAN_POINT('Ctrl Pts',(51.0655751861535,318.0728,33.4260657546172));
#9459=CARTESIAN_POINT('Ctrl Pts',(51.8585032974231,318.0728,37.1564992215486));
#9460=CARTESIAN_POINT('',(52.4822383698764,361.0728,40.0909420237501));
#9461=CARTESIAN_POINT('Origin',(34.8207134273855,361.0728,-43.));
#9462=CARTESIAN_POINT('Ctrl Pts',(34.9575593350811,340.022800004762,-42.3561906222967));
#9463=CARTESIAN_POINT('Ctrl Pts',(37.9762223588066,340.022800004762,-28.1544976705076));
#9464=CARTESIAN_POINT('Ctrl Pts',(40.9948853825322,340.022800004762,-13.9528047187186));
#9465=CARTESIAN_POINT('Ctrl Pts',(44.0135484062578,340.022800004762,0.248888233070401));
#9466=CARTESIAN_POINT('Ctrl Pts',(44.1316939669716,340.022800004762,0.804719395306163));
#9467=CARTESIAN_POINT('Ctrl Pts',(44.2509644909283,339.976718585931,1.36584309348603));
#9468=CARTESIAN_POINT('Ctrl Pts',(44.36686921272,339.887632831219,1.91113193745782));
#9469=CARTESIAN_POINT('Ctrl Pts',(44.4827739345116,339.798547076508,2.45642078142961));
#9470=CARTESIAN_POINT('Ctrl Pts',(44.5953128541383,339.666456985916,2.98587477119331));
#9471=CARTESIAN_POINT('Ctrl Pts',(44.7046383964403,339.494281310026,3.50021100924228));
#9472=CARTESIAN_POINT('Ctrl Pts',(44.9232894810442,339.149929958245,4.52888348534022));
#9473=CARTESIAN_POINT('Ctrl Pts',(45.1290870563495,338.64523626527,5.49708495457922));
#9474=CARTESIAN_POINT('Ctrl Pts',(45.3143011170667,338.003181521247,6.36844860132824));
#9475=CARTESIAN_POINT('Ctrl Pts',(45.499515177784,337.361126777225,7.23981224807726));
#9476=CARTESIAN_POINT('Ctrl Pts',(45.6641457239131,336.581710982155,8.0143380723363));
#9477=CARTESIAN_POINT('Ctrl Pts',(45.8012152617471,335.692937201327,8.65919954712242));
#9478=CARTESIAN_POINT('Ctrl Pts',(45.8697500306641,335.248550310914,8.98163028451548));
#9479=CARTESIAN_POINT('Ctrl Pts',(45.9313945475073,334.77682392406,9.27164493454032));
#9480=CARTESIAN_POINT('Ctrl Pts',(45.9856213217202,334.276139476151,9.52676184924212));
#9481=CARTESIAN_POINT('Ctrl Pts',(46.0398480959331,333.775455028243,9.78187876394393));
#9482=CARTESIAN_POINT('Ctrl Pts',(46.0866571275156,333.245812519279,10.0020979433227));
#9483=CARTESIAN_POINT('Ctrl Pts',(46.1240212637613,332.706729588492,10.177882383719));
#9484=CARTESIAN_POINT('Ctrl Pts',(46.2761089391697,330.512436396312,10.8933986407258));
#9485=CARTESIAN_POINT('Ctrl Pts',(46.428196614578,328.318143204133,11.6089148977325));
#9486=CARTESIAN_POINT('Ctrl Pts',(46.5802842899864,326.123850011953,12.3244311547393));
#9487=CARTESIAN_POINT('Ctrl Pts',(46.6315814874721,325.383743419367,12.5657654945623));
#9488=CARTESIAN_POINT('Ctrl Pts',(46.6957930168791,324.657165677012,12.8678569891862));
#9489=CARTESIAN_POINT('Ctrl Pts',(46.7703146681238,323.969251467721,13.2184537934403));
#9490=CARTESIAN_POINT('Ctrl Pts',(46.8448363193686,323.28133725843,13.5690505976944));
#9491=CARTESIAN_POINT('Ctrl Pts',(46.929668092451,322.632086582202,13.9681527115786));
#9492=CARTESIAN_POINT('Ctrl Pts',(47.0238994442694,322.020953664586,14.4114763666002));
#9493=CARTESIAN_POINT('Ctrl Pts',(47.2123621479062,320.798687829354,15.2981236766434));
#9494=CARTESIAN_POINT('Ctrl Pts',(47.4384231664866,319.728893028568,16.3616571512362));
#9495=CARTESIAN_POINT('Ctrl Pts',(47.6927035570309,318.84741604767,17.557952332841));
#9496=CARTESIAN_POINT('Ctrl Pts',(47.9469839475752,317.965939066772,18.7542475144459));
#9497=CARTESIAN_POINT('Ctrl Pts',(48.2294837100835,317.272779905762,20.0833044030628));
#9498=CARTESIAN_POINT('Ctrl Pts',(48.5301662697596,316.799396741076,21.49790462671));
#9499=CARTESIAN_POINT('Ctrl Pts',(48.6805075495976,316.562705158732,22.2052047385335));
#9500=CARTESIAN_POINT('Ctrl Pts',(48.8353945287276,316.38095757547,22.9338906841146));
#9501=CARTESIAN_POINT('Ctrl Pts',(48.9946468920495,316.258481285787,23.6831141476045));
#9502=CARTESIAN_POINT('Ctrl Pts',(49.1538992553714,316.136004996104,24.4323376110944));
#9503=CARTESIAN_POINT('Ctrl Pts',(49.3175170028853,316.0728,25.2020985924932));
#9504=CARTESIAN_POINT('Ctrl Pts',(49.4797189636141,316.0728,25.9651988207543));
#9505=CARTESIAN_POINT('Ctrl Pts',(50.3255905410397,316.0728,29.9447117126633));
#9506=CARTESIAN_POINT('Ctrl Pts',(51.1714621184654,316.0728,33.9242246045723));
#9507=CARTESIAN_POINT('Ctrl Pts',(52.0173336958911,316.0728,37.9037374964812));
#9508=CARTESIAN_POINT('Origin',(34.8207134273855,361.0728,-43.));
#9509=CARTESIAN_POINT('Ctrl Pts',(34.9575593350811,99.8091138387279,-42.3561906222967));
#9510=CARTESIAN_POINT('Ctrl Pts',(37.2125760933655,99.8091138387279,-31.7471708838928));
#9511=CARTESIAN_POINT('Ctrl Pts',(39.46759285165,99.8091138387279,-21.1381511454889));
#9512=CARTESIAN_POINT('Ctrl Pts',(41.7226096099344,99.8091138387279,-10.529131407085));
#9513=CARTESIAN_POINT('Ctrl Pts',(41.8848148759756,99.8091138387282,-9.76601562855189));
#9514=CARTESIAN_POINT('Ctrl Pts',(42.0484360128362,99.7459062384816,-8.99623870153016));
#9515=CARTESIAN_POINT('Ctrl Pts',(42.2076915043784,99.6234250342759,-8.24700052092113));
#9516=CARTESIAN_POINT('Ctrl Pts',(42.3669469959205,99.5009438300701,-7.49776234031209));
#9517=CARTESIAN_POINT('Ctrl Pts',(42.5218368421442,99.3191890219051,-6.76906290611575));
#9518=CARTESIAN_POINT('Ctrl Pts',(42.6721807270917,99.0824882382847,-6.06175053821584));
#9519=CARTESIAN_POINT('Ctrl Pts',(42.9728684969866,98.6090866710438,-4.647125802416));
#9520=CARTESIAN_POINT('Ctrl Pts',(43.2553724217769,97.9159012019807,-3.31804933180185));
#9521=CARTESIAN_POINT('Ctrl Pts',(43.5096554187614,97.0343923986468,-2.12174188785992));
#9522=CARTESIAN_POINT('Ctrl Pts',(43.763938415746,96.1528835953129,-0.925434443917999));
#9523=CARTESIAN_POINT('Ctrl Pts',(43.9900004849248,95.0830514577082,0.138103973351699));
#9524=CARTESIAN_POINT('Ctrl Pts',(44.1784622338511,93.8607454389101,1.02474679183517));
#9525=CARTESIAN_POINT('Ctrl Pts',(44.2726931083142,93.2495924295109,1.4680682010769));
#9526=CARTESIAN_POINT('Ctrl Pts',(44.3575239027142,92.6003209498136,1.86716571062208));
#9527=CARTESIAN_POINT('Ctrl Pts',(44.4320440050156,91.9123852310574,2.21775522767093));
#9528=CARTESIAN_POINT('Ctrl Pts',(44.5065641073171,91.2244495123011,2.56834474471979));
#9529=CARTESIAN_POINT('Ctrl Pts',(44.57077351752,90.4978495544862,2.87042626927231));
#9530=CARTESIAN_POINT('Ctrl Pts',(44.6220679866041,89.7577218296511,3.11174777297497));
#9531=CARTESIAN_POINT('Ctrl Pts',(45.1041666716134,82.8015214974664,5.37984376220973));
#9532=CARTESIAN_POINT('Ctrl Pts',(45.5862653566227,75.8453211652816,7.64793975144455));
#9533=CARTESIAN_POINT('Ctrl Pts',(46.068364041632,68.8891208330969,9.91603574067935));
#9534=CARTESIAN_POINT('Ctrl Pts',(46.1057261925248,68.3500224813845,10.0918108407244));
#9535=CARTESIAN_POINT('Ctrl Pts',(46.152533684769,67.8203637187154,10.3120227780856));
#9536=CARTESIAN_POINT('Ctrl Pts',(46.2067593298804,67.3196636194546,10.5671343807828));
#9537=CARTESIAN_POINT('Ctrl Pts',(46.2609849749918,66.8189635201939,10.8222459834799));
#9538=CARTESIAN_POINT('Ctrl Pts',(46.3226287729705,66.3472220843416,11.1122572515128));
#9539=CARTESIAN_POINT('Ctrl Pts',(46.3911631909793,65.9028206184217,11.434686338013));
#9540=CARTESIAN_POINT('Ctrl Pts',(46.5282320269971,65.0140176865819,12.0795445110133));
#9541=CARTESIAN_POINT('Ctrl Pts',(46.6928633431357,64.2345746344718,12.8540739578822));
#9542=CARTESIAN_POINT('Ctrl Pts',(46.8780793120372,63.592496677861,13.7254465819324));
#9543=CARTESIAN_POINT('Ctrl Pts',(47.0632952809387,62.9504187212501,14.5968192059826));
#9544=CARTESIAN_POINT('Ctrl Pts',(47.269095902603,62.4457058601387,15.5650350072141));
#9545=CARTESIAN_POINT('Ctrl Pts',(47.487750759243,62.101341138809,16.5937252293463));
#9546=CARTESIAN_POINT('Ctrl Pts',(47.597078187563,61.9291587781442,17.1080703404124));
#9547=CARTESIAN_POINT('Ctrl Pts',(47.7096191746269,61.7970634524249,17.6375340567036));
#9548=CARTESIAN_POINT('Ctrl Pts',(47.8255261722033,61.7079741279241,18.1828336074009));
#9549=CARTESIAN_POINT('Ctrl Pts',(47.9414331697797,61.6188848034233,18.7281331580981));
#9550=CARTESIAN_POINT('Ctrl Pts',(48.0607061778687,61.572801480141,19.2892685432014));
#9551=CARTESIAN_POINT('Ctrl Pts',(48.1788541523703,61.572801480141,19.8451110614159));
#9552=CARTESIAN_POINT('Ctrl Pts',(49.8558791974931,61.572801480141,27.73489358305));
#9553=CARTESIAN_POINT('Ctrl Pts',(51.5329042426158,61.572801480141,35.6246761046841));
#9554=CARTESIAN_POINT('Ctrl Pts',(53.2099292877385,61.572801480141,43.5144586263182));
#9555=CARTESIAN_POINT('Origin',(34.8207134273855,361.0728,-43.));
#9556=CARTESIAN_POINT('Ctrl Pts',(34.9575593350811,97.8091138387279,-42.3561906222967));
#9557=CARTESIAN_POINT('Ctrl Pts',(37.2125760933656,97.8091138387279,-31.7471708838926));
#9558=CARTESIAN_POINT('Ctrl Pts',(39.4675928516501,97.8091138387279,-21.1381511454885));
#9559=CARTESIAN_POINT('Ctrl Pts',(41.7226096099346,97.8091138387279,-10.5291314070844));
#9560=CARTESIAN_POINT('Ctrl Pts',(42.8591476669678,97.8091138387298,-5.18214024339725));
#9561=CARTESIAN_POINT('Ctrl Pts',(43.8681743372142,94.3111768819976,-0.435042989289298));
#9562=CARTESIAN_POINT('Ctrl Pts',(44.2275838536388,89.1252581577124,1.25584584331479));
#9563=CARTESIAN_POINT('Ctrl Pts',(44.7096825386481,82.1690578255276,3.52394183254962));
#9564=CARTESIAN_POINT('Ctrl Pts',(45.1917812236574,75.2128574933426,5.7920378217845));
#9565=CARTESIAN_POINT('Ctrl Pts',(45.6738799086667,68.2566571611576,8.06013381101937));
#9566=CARTESIAN_POINT('Ctrl Pts',(46.0332894250916,63.0707384368716,9.7510226436252));
#9567=CARTESIAN_POINT('Ctrl Pts',(47.0423160953379,59.572801480141,14.4981198977326));
#9568=CARTESIAN_POINT('Ctrl Pts',(48.1788541523703,59.572801480141,19.8451110614159));
#9569=CARTESIAN_POINT('Ctrl Pts',(49.8558791974931,59.572801480141,27.73489358305));
#9570=CARTESIAN_POINT('Ctrl Pts',(51.5329042426158,59.572801480141,35.6246761046841));
#9571=CARTESIAN_POINT('Ctrl Pts',(53.2099292877385,59.572801480141,43.5144586263182));
#9572=CARTESIAN_POINT('Origin',(34.8207134273855,361.0728,-43.));
#9573=CARTESIAN_POINT('',(40.759585712667,78.5728,-15.0598026303167));
#9574=CARTESIAN_POINT('Origin',(-49.2309717024441,78.5728,4.06828083660746));
#9575=CARTESIAN_POINT('Origin',(-34.1625209652046,78.5728,-42.1872));
#9576=CARTESIAN_POINT('',(-37.8920021372824,78.5728,-42.9799256947497));
#9577=CARTESIAN_POINT('',(-34.957559335081,78.5728,-42.3561906222964));
#9578=CARTESIAN_POINT('Origin',(-34.1625209652046,78.5728,-42.1872));
#9579=CARTESIAN_POINT('Origin',(-34.1625209652046,361.0728,-42.1872));
#9580=CARTESIAN_POINT('',(-37.8920021372825,361.0728,-42.97992569475));
#9581=CARTESIAN_POINT('',(-34.957559335081,361.0728,-42.3561906222964));
#9582=CARTESIAN_POINT('Origin',(-34.1625209652046,361.0728,-42.1872));
#9583=CARTESIAN_POINT('Origin',(-34.1625209652046,-62.7083352122392,-42.1872));
#9584=CARTESIAN_POINT('',(-37.8920021372824,361.0728,-42.9799256947497));
#9585=CARTESIAN_POINT('Origin',(-59.2180263092743,341.0728,70.9745039236232));
#9586=CARTESIAN_POINT('',(-55.4999999999999,321.0728,70.9745039236232));
#9587=CARTESIAN_POINT('',(-55.4999999999999,361.0728,70.9745039236232));
#9588=CARTESIAN_POINT('Origin',(-55.4999999999999,341.0728,70.9745039236232));
#9589=CARTESIAN_POINT('',(-52.4999999999999,321.0728,70.9745039236232));
#9590=CARTESIAN_POINT('',(-59.2180263092743,321.0728,70.9745039236232));
#9591=CARTESIAN_POINT('',(-52.4999999999999,361.0728,70.9745039236232));
#9592=CARTESIAN_POINT('Origin',(-52.4999999999999,341.0728,70.9745039236232));
#9593=CARTESIAN_POINT('',(-59.2180263092743,361.0728,70.9745039236232));
#9594=CARTESIAN_POINT('Origin',(51.6872000000001,321.0728,40.259932646047));
#9595=CARTESIAN_POINT('',(-52.4999999999999,321.0728,40.2599326460471));
#9596=CARTESIAN_POINT('',(-55.4999999999999,321.0728,40.2599326460471));
#9597=CARTESIAN_POINT('',(-52.4999999999999,321.0728,40.2599326460471));
#9598=CARTESIAN_POINT('',(-52.4999999999999,321.0728,90.9745039236232));
#9599=CARTESIAN_POINT('',(-55.4999999999999,321.0728,90.9745039236232));
#9600=CARTESIAN_POINT('Origin',(-55.4166811720778,361.0728,39.4672069512972));
#9601=CARTESIAN_POINT('',(-55.4999999999999,361.0728,40.2599326460471));
#9602=CARTESIAN_POINT('',(-55.4999999999999,361.0728,40.1745039236231));
#9603=CARTESIAN_POINT('',(-52.4999999999999,361.0728,40.2599326460471));
#9604=CARTESIAN_POINT('',(-52.4999999999999,361.0728,40.1745039236231));
#9605=CARTESIAN_POINT('',(-52.4999999999999,361.0728,40.2599326460471));
#9606=CARTESIAN_POINT('Origin',(-52.4999999999999,361.0728,40.1745039236231));
#9607=CARTESIAN_POINT('',(-52.4999999999999,361.0728,40.2599326460471));
#9608=CARTESIAN_POINT('Origin',(-55.4999999999999,361.0728,40.1745039236231));
#9609=CARTESIAN_POINT('',(-55.4999999999999,361.0728,40.2599326460471));
#9610=CARTESIAN_POINT('Origin',(-51.6871999999999,321.0728,40.2599326460471));
#9611=CARTESIAN_POINT('',(-55.4166811720778,321.0728,39.4672069512972));
#9612=CARTESIAN_POINT('',(-52.4822383698764,321.0728,40.0909420237504));
#9613=CARTESIAN_POINT('',(-52.4822383698764,321.0728,40.0909420237504));
#9614=CARTESIAN_POINT('Origin',(-51.6871999999999,321.0728,40.2599326460471));
#9615=CARTESIAN_POINT('Origin',(-51.6871999999999,321.0728,40.2599326460471));
#9616=CARTESIAN_POINT('Origin',(-51.6871999999999,361.0728,40.2599326460471));
#9617=CARTESIAN_POINT('',(-52.4822383698764,361.0728,40.0909420237504));
#9618=CARTESIAN_POINT('Origin',(-51.6871999999999,361.0728,40.2599326460471));
#9619=CARTESIAN_POINT('',(-55.4166811720778,361.0728,39.4672069512973));
#9620=CARTESIAN_POINT('',(-55.4166811720778,361.0728,39.4672069512972));
#9621=CARTESIAN_POINT('Origin',(-51.6871999999999,361.0728,40.2599326460471));
#9622=CARTESIAN_POINT('Origin',(-51.6871999999999,300.957922839903,40.2599326460471));
#9623=CARTESIAN_POINT('',(-52.4822383698764,361.0728,40.0909420237504));
#9624=CARTESIAN_POINT('Origin',(-53.9837570701346,6.07279999999999,33.1265705049176));
#9625=CARTESIAN_POINT('',(-53.2099292877353,6.07279999999999,43.5144586263194));
#9626=CARTESIAN_POINT('',(-51.130812379561,-3.92720000000001,33.7329826189806));
#9627=CARTESIAN_POINT('Origin',(-51.130812379561,6.07279999999999,33.7329826189806));
#9628=CARTESIAN_POINT('',(-56.1443720899367,6.07279999999999,42.8907235538662));
#9629=CARTESIAN_POINT('',(258.837935828362,6.07279999999999,109.842279911855));
#9630=CARTESIAN_POINT('',(-54.0652551817624,-3.92720000000001,33.1092475465275));
#9631=CARTESIAN_POINT('Origin',(-54.0652551817624,6.07279999999999,33.1092475465275));
#9632=CARTESIAN_POINT('',(-53.9837570701346,-3.92720000000001,33.1265705049176));
#9633=CARTESIAN_POINT('Origin',(-55.4999999999999,-3.92720000000001,40.2599326460471));
#9634=CARTESIAN_POINT('',(-47.9756998912988,-3.92720000000001,18.8893454079102));
#9635=CARTESIAN_POINT('',(-52.4999999999999,-3.92720000000001,40.1745039236232));
#9636=CARTESIAN_POINT('',(-50.9101426935002,-3.92720000000001,18.2656103354571));
#9637=CARTESIAN_POINT('',(-55.4344428022013,-3.92720000000001,39.5507688511699));
#9638=CARTESIAN_POINT('',(-47.9756998912978,-3.92720000000001,18.8893454079104));
#9639=CARTESIAN_POINT('Origin',(42.0148575238146,6.07279999999999,38.017428874832));
#9640=CARTESIAN_POINT('',(-46.0032764058163,2.91052233983161,9.60982248946679));
#9641=CARTESIAN_POINT('Origin',(-47.9756998912987,6.07279999999999,18.8893454079102));
#9642=CARTESIAN_POINT('',(-48.9377192080162,2.91052233983161,8.98608741701393));
#9643=CARTESIAN_POINT('Origin',(-50.9101426935002,6.07279999999999,18.2656103354571));
#9644=CARTESIAN_POINT('',(-48.9377192080162,2.91052233983161,8.98608741701393));
#9645=CARTESIAN_POINT('Origin',(43.5134002049579,-3.92720000000001,30.9673398567853));
#9646=CARTESIAN_POINT('',(-44.1679093192065,71.7350776601684,-13.4541038023724));
#9647=CARTESIAN_POINT('',(-49.4116000123551,-3.92720000000001,11.2155213174107));
#9648=CARTESIAN_POINT('',(-41.2334665170059,71.7350776601684,-12.8303687299194));
#9649=CARTESIAN_POINT('',(-41.2334665170059,71.7350776601684,-12.8303687299194));
#9650=CARTESIAN_POINT('',(-46.4771572101551,-3.92719999999921,11.8392563898633));
#9651=CARTESIAN_POINT('Origin',(50.7295143835887,68.5728,-2.98180818144132));
#9652=CARTESIAN_POINT('',(-39.2610430315235,78.5728,-22.1098916483629));
#9653=CARTESIAN_POINT('Origin',(-39.2610430315235,68.5728,-22.1098916483629));
#9654=CARTESIAN_POINT('',(-42.1954858337243,78.5728,-22.7336267208159));
#9655=CARTESIAN_POINT('Origin',(-42.1954858337249,68.5728,-22.733626720816));
#9656=CARTESIAN_POINT('',(-42.1954858337243,78.5728,-22.7336267208159));
#9657=CARTESIAN_POINT('Origin',(-51.6871999999999,300.957922839903,40.2599326460471));
#9658=CARTESIAN_POINT('',(-55.4166811720778,361.0728,39.4672069512972));
#9659=CARTESIAN_POINT('Origin',(-52.4822383698739,318.0728,40.0909420237508));
#9660=CARTESIAN_POINT('',(-51.8585032974242,318.072810052177,37.1564992215659));
#9661=CARTESIAN_POINT('Origin',(-52.4822383698739,318.0728,40.0909420237508));
#9662=CARTESIAN_POINT('',(-55.4166811720747,315.0728,39.4672069512978));
#9663=CARTESIAN_POINT('Origin',(-55.4166811720754,318.0728,39.4672069512976));
#9664=CARTESIAN_POINT('',(-52.4822383698764,315.0728,40.0909420237504));
#9665=CARTESIAN_POINT('',(-52.482238369874,315.0728,40.0909420237509));
#9666=CARTESIAN_POINT('',(-52.0173318265753,316.072810052177,37.9037287020543));
#9667=CARTESIAN_POINT('Origin',(-52.4822383698739,318.0728,40.0909420237508));
#9668=CARTESIAN_POINT('Origin',(-52.4822383698739,318.0728,40.0909420237508));
#9669=CARTESIAN_POINT('Origin',(259.565626746224,315.0728,106.418763309286));
#9670=CARTESIAN_POINT('',(-55.5206370174835,315.0728,39.9562807516647));
#9671=CARTESIAN_POINT('',(-55.4166811720747,315.0728,39.4672069512978));
#9672=CARTESIAN_POINT('',(-52.5861942152821,315.0728,40.5800158241179));
#9673=CARTESIAN_POINT('',(259.461670900815,315.0728,106.907837109653));
#9674=CARTESIAN_POINT('',(-52.4822383698732,315.0728,40.090942023751));
#9675=CARTESIAN_POINT('Origin',(259.461670900815,312.0728,106.907837109653));
#9676=CARTESIAN_POINT('',(-53.2099292877353,312.0728,43.5144586263194));
#9677=CARTESIAN_POINT('Origin',(-52.5861942152852,312.0728,40.5800158241173));
#9678=CARTESIAN_POINT('',(-56.1443720899367,312.0728,42.8907235538662));
#9679=CARTESIAN_POINT('Origin',(-55.5206370174866,312.0728,39.9562807516641));
#9680=CARTESIAN_POINT('',(258.837935828362,312.0728,109.842279911855));
#9681=CARTESIAN_POINT('Origin',(258.837935828362,-3.92719999999998,109.842279911855));
#9682=CARTESIAN_POINT('',(-53.2099292877353,61.5728014801367,43.5144586263194));
#9683=CARTESIAN_POINT('',(-53.2099292877353,-3.92719999999998,43.5144586263194));
#9684=CARTESIAN_POINT('',(-56.1443720899367,-3.92719999999998,42.8907235538662));
#9685=CARTESIAN_POINT('',(-53.2099292877353,59.5728014801367,43.5144586263194));
#9686=CARTESIAN_POINT('',(-53.2099292877353,-3.92719999999998,43.5144586263194));
#9687=CARTESIAN_POINT('',(-53.2099292877353,-3.92719999999998,43.5144586263194));
#9688=CARTESIAN_POINT('Origin',(-55.4344428022013,361.0728,39.5507688511699));
#9689=CARTESIAN_POINT('',(-55.4344428022013,361.0728,39.5507688511699));
#9690=CARTESIAN_POINT('',(-16.6655087085636,78.5728,-142.842725798165));
#9691=CARTESIAN_POINT('Origin',(76.2594915087495,78.5728,-123.09090725879));
#9692=CARTESIAN_POINT('',(-13.7310659063586,78.5728,-142.218990725714));
#9693=CARTESIAN_POINT('Origin',(-52.4999999999999,361.0728,40.1745039236232));
#9694=CARTESIAN_POINT('Ctrl Pts',(-34.957559335081,97.8091138387279,-42.3561906222964));
#9695=CARTESIAN_POINT('Ctrl Pts',(-37.1966622329416,97.8091138387279,-31.8220397108009));
#9696=CARTESIAN_POINT('Ctrl Pts',(-39.4357651308021,97.8091138387279,-21.2878887993054));
#9697=CARTESIAN_POINT('Ctrl Pts',(-41.6748680286626,97.8091138387279,-10.7537378878099));
#9698=CARTESIAN_POINT('Ctrl Pts',(-42.8114067021237,97.8091138387279,-5.40674382405783));
#9699=CARTESIAN_POINT('Ctrl Pts',(-43.8204337744858,94.3111731493796,-0.65964467814446));
#9700=CARTESIAN_POINT('Ctrl Pts',(-44.1798428019756,89.1252505159656,1.03124185420263));
#9701=CARTESIAN_POINT('Ctrl Pts',(-44.6619401146696,82.1690552782757,3.29933138720159));
#9702=CARTESIAN_POINT('Ctrl Pts',(-45.1440374273636,75.2128600405857,5.56742092020053));
#9703=CARTESIAN_POINT('Ctrl Pts',(-45.6261347400576,68.2566648028957,7.83551045319947));
#9704=CARTESIAN_POINT('Ctrl Pts',(-45.9855437675476,63.0707421694815,9.52639698554747));
#9705=CARTESIAN_POINT('Ctrl Pts',(-46.9945708399096,59.5728014801365,14.2734961314605));
#9706=CARTESIAN_POINT('Ctrl Pts',(-48.1311095133707,59.5728014801365,19.6204901952127));
#9707=CARTESIAN_POINT('Ctrl Pts',(-49.82404943816,59.5728014801366,27.5851463389146));
#9708=CARTESIAN_POINT('Ctrl Pts',(-51.5169893629492,59.5728014801366,35.5498024826166));
#9709=CARTESIAN_POINT('Ctrl Pts',(-53.2099292877385,59.5728014801366,43.5144586263186));
#9710=CARTESIAN_POINT('Origin',(-52.4999999999999,361.0728,40.1745039236232));
#9711=CARTESIAN_POINT('Ctrl Pts',(-34.957559335081,99.809113838728,-42.3561906222964));
#9712=CARTESIAN_POINT('Ctrl Pts',(-37.1966622329416,99.809113838728,-31.8220397108009));
#9713=CARTESIAN_POINT('Ctrl Pts',(-39.4357651308021,99.809113838728,-21.2878887993054));
#9714=CARTESIAN_POINT('Ctrl Pts',(-41.6748680286626,99.809113838728,-10.7537378878099));
#9715=CARTESIAN_POINT('Ctrl Pts',(-41.8370733801897,99.8091138387279,-9.99062170709724));
#9716=CARTESIAN_POINT('Ctrl Pts',(-42.0006946047097,99.7459061711288,-9.22084436767073));
#9717=CARTESIAN_POINT('Ctrl Pts',(-42.1599501771575,99.6234248398162,-8.47160580643057));
#9718=CARTESIAN_POINT('Ctrl Pts',(-42.3192057496053,99.5009435085036,-7.72236724519042));
#9719=CARTESIAN_POINT('Ctrl Pts',(-42.4740956699809,99.3191885134775,-6.99366746213664));
#9720=CARTESIAN_POINT('Ctrl Pts',(-42.6244396223044,99.0824874918802,-6.28635477725727));
#9721=CARTESIAN_POINT('Ctrl Pts',(-42.9251275269515,98.6090854486857,-4.87172940749852));
#9722=CARTESIAN_POINT('Ctrl Pts',(-43.2076315593904,97.9158992992065,-3.54265243043742));
#9723=CARTESIAN_POINT('Ctrl Pts',(-43.4619146237839,97.0343896728376,-2.34634466936126));
#9724=CARTESIAN_POINT('Ctrl Pts',(-43.7161976881774,96.1528800464687,-1.1500369082851));
#9725=CARTESIAN_POINT('Ctrl Pts',(-43.9422597845255,95.0830469432102,-0.086498363193856));
#9726=CARTESIAN_POINT('Ctrl Pts',(-44.1307215087566,93.8607398851348,0.800144339108249));
#9727=CARTESIAN_POINT('Ctrl Pts',(-44.2249523708722,93.249586356097,1.2434656902593));
#9728=CARTESIAN_POINT('Ctrl Pts',(-44.3097831399585,92.6003143383551,1.64256308071307));
#9729=CARTESIAN_POINT('Ctrl Pts',(-44.3843032021974,91.9123780632958,1.99315240928197));
#9730=CARTESIAN_POINT('Ctrl Pts',(-44.4588232644362,91.2244417882366,2.34374173785087));
#9731=CARTESIAN_POINT('Ctrl Pts',(-44.5230326198274,90.4978412558601,2.6458230045349));
#9732=CARTESIAN_POINT('Ctrl Pts',(-44.574327018344,89.7577129844804,2.88714417624345));
#9733=CARTESIAN_POINT('Ctrl Pts',(-45.056424331038,82.8015177467905,5.15523370924235));
#9734=CARTESIAN_POINT('Ctrl Pts',(-45.538521643732,75.8453225091006,7.42332324224125));
#9735=CARTESIAN_POINT('Ctrl Pts',(-46.020618956426,68.8891272714106,9.69141277524017));
#9736=CARTESIAN_POINT('Ctrl Pts',(-46.0579810559694,68.3500285208659,9.8671876337057));
#9737=CARTESIAN_POINT('Ctrl Pts',(-46.1047885083998,67.8203693378249,10.0873993837574));
#9738=CARTESIAN_POINT('Ctrl Pts',(-46.1590141243076,67.3196688337706,10.3425108490622));
#9739=CARTESIAN_POINT('Ctrl Pts',(-46.2132397402153,66.8189683297163,10.5976223143669));
#9740=CARTESIAN_POINT('Ctrl Pts',(-46.2748835196005,66.3472265046488,10.8876334949246));
#9741=CARTESIAN_POINT('Ctrl Pts',(-46.3434179285326,65.9028246617592,11.2100625387218));
#9742=CARTESIAN_POINT('Ctrl Pts',(-46.4804867463968,65.0140209759801,11.8549206263163));
#9743=CARTESIAN_POINT('Ctrl Pts',(-46.6451180824485,64.2345772189127,12.629450166869));
#9744=CARTESIAN_POINT('Ctrl Pts',(-46.8303341007004,63.5924986619467,13.5008230230946));
#9745=CARTESIAN_POINT('Ctrl Pts',(-47.0155501189523,62.9504201049806,14.3721958793203));
#9746=CARTESIAN_POINT('Ctrl Pts',(-47.2213508194044,62.445706748116,15.3404120512189));
#9747=CARTESIAN_POINT('Ctrl Pts',(-47.4400057736008,62.1013416810041,16.3691027323178));
#9748=CARTESIAN_POINT('Ctrl Pts',(-47.549333250699,61.9291591474481,16.8834480728673));
#9749=CARTESIAN_POINT('Ctrl Pts',(-47.6618742912332,61.7970636863303,17.4129120407168));
#9750=CARTESIAN_POINT('Ctrl Pts',(-47.7777813476687,61.7079742695024,17.958211868324));
#9751=CARTESIAN_POINT('Ctrl Pts',(-47.8936884041041,61.6188848526745,18.5035116959312));
#9752=CARTESIAN_POINT('Ctrl Pts',(-48.0129614764407,61.5728014801365,19.0646473832961));
#9753=CARTESIAN_POINT('Ctrl Pts',(-48.1311095133707,61.5728014801366,19.6204901952127));
#9754=CARTESIAN_POINT('Ctrl Pts',(-49.82404943816,61.5728014801366,27.5851463389146));
#9755=CARTESIAN_POINT('Ctrl Pts',(-51.5169893629492,61.5728014801366,35.5498024826166));
#9756=CARTESIAN_POINT('Ctrl Pts',(-53.2099292877385,61.5728014801366,43.5144586263186));
#9757=CARTESIAN_POINT('Origin',(-52.4999999999999,361.0728,40.1745039236232));
#9758=CARTESIAN_POINT('',(-49.4760457881209,316.072810052177,25.9479178887326));
#9759=CARTESIAN_POINT('Ctrl Pts',(-34.957559335081,340.022800004762,-42.3561906222964));
#9760=CARTESIAN_POINT('Ctrl Pts',(-37.9762223588066,340.022800004762,-28.1544976705074));
#9761=CARTESIAN_POINT('Ctrl Pts',(-40.9948853825321,340.022800004762,-13.9528047187184));
#9762=CARTESIAN_POINT('Ctrl Pts',(-44.0135484062577,340.022800004762,0.248888233070534));
#9763=CARTESIAN_POINT('Ctrl Pts',(-44.1316988687443,340.022800004762,0.80474245633401));
#9764=CARTESIAN_POINT('Ctrl Pts',(-44.2509744373282,339.976714718447,1.36588988761881));
#9765=CARTESIAN_POINT('Ctrl Pts',(-44.3668837806385,339.887621714356,1.91120047412665));
#9766=CARTESIAN_POINT('Ctrl Pts',(-44.4827931239489,339.798528710265,2.45651106063448));
#9767=CARTESIAN_POINT('Ctrl Pts',(-44.5953362419858,339.666427988399,2.98598480236534));
#9768=CARTESIAN_POINT('Ctrl Pts',(-44.7046656142766,339.494238737363,3.50033905909527));
#9769=CARTESIAN_POINT('Ctrl Pts',(-44.9233243588583,339.149860235291,4.52904757255512));
#9770=CARTESIAN_POINT('Ctrl Pts',(-45.1291281204559,338.645127616541,5.49727814601128));
#9771=CARTESIAN_POINT('Ctrl Pts',(-45.314346056093,338.003025733549,6.36866002282486));
#9772=CARTESIAN_POINT('Ctrl Pts',(-45.4995639917301,337.360923850557,7.24004189963845));
#9773=CARTESIAN_POINT('Ctrl Pts',(-45.6641961014066,336.581452703323,8.01457507980946));
#9774=CARTESIAN_POINT('Ctrl Pts',(-45.8012642138526,335.692619724321,8.65942984867274));
#9775=CARTESIAN_POINT('Ctrl Pts',(-45.8697982700757,335.24820323482,8.98185723310438));
#9776=CARTESIAN_POINT('Ctrl Pts',(-45.9314413269911,334.776446287377,9.27186501470908));
#9777=CARTESIAN_POINT('Ctrl Pts',(-45.9856658081789,334.275730055688,9.52697114157577));
#9778=CARTESIAN_POINT('Ctrl Pts',(-46.0398902893666,333.775013823999,9.78207726844246));
#9779=CARTESIAN_POINT('Ctrl Pts',(-46.0866961948267,333.245338308063,10.0022817405711));
#9780=CARTESIAN_POINT('Ctrl Pts',(-46.1240562992045,332.706224061565,10.1780472125205));
#9781=CARTESIAN_POINT('Ctrl Pts',(-46.2760910093599,330.512330881345,10.8933142876032));
#9782=CARTESIAN_POINT('Ctrl Pts',(-46.4281257195152,328.318437701125,11.608581362686));
#9783=CARTESIAN_POINT('Ctrl Pts',(-46.5801604296706,326.124544520905,12.3238484377687));
#9784=CARTESIAN_POINT('Ctrl Pts',(-46.6314063681119,325.385054737647,12.5649416227483));
#9785=CARTESIAN_POINT('Ctrl Pts',(-46.6955446311392,324.659066720325,12.866688426156));
#9786=CARTESIAN_POINT('Ctrl Pts',(-46.76997659264,323.971669881253,13.2168632733402));
#9787=CARTESIAN_POINT('Ctrl Pts',(-46.8444085541407,323.28427304218,13.5670381205244));
#9788=CARTESIAN_POINT('Ctrl Pts',(-46.9291342141151,322.635467381359,13.965641011485));
#9789=CARTESIAN_POINT('Ctrl Pts',(-47.0232459730751,322.024704110426,14.4084020263442));
#9790=CARTESIAN_POINT('Ctrl Pts',(-47.2114694909951,320.803177568559,15.2939240560627));
#9791=CARTESIAN_POINT('Ctrl Pts',(-47.4372374048579,319.733820586244,16.3560785813757));
#9792=CARTESIAN_POINT('Ctrl Pts',(-47.6911904141007,318.852401967804,17.5508335550522));
#9793=CARTESIAN_POINT('Ctrl Pts',(-47.9451434233435,317.970983349365,18.7455885287287));
#9794=CARTESIAN_POINT('Ctrl Pts',(-48.2272815279664,317.277503094801,20.0729439507686));
#9795=CARTESIAN_POINT('Ctrl Pts',(-48.5276081734252,316.803306108911,21.4858697296728));
#9796=CARTESIAN_POINT('Ctrl Pts',(-48.6777714961546,316.566207615966,22.1923326191249));
#9797=CARTESIAN_POINT('Ctrl Pts',(-48.832481954093,316.38392994019,22.920188097793));
#9798=CARTESIAN_POINT('Ctrl Pts',(-48.991544230449,316.260824592095,23.6685172724197));
#9799=CARTESIAN_POINT('Ctrl Pts',(-49.150606506805,316.137719244,24.4168464470465));
#9800=CARTESIAN_POINT('Ctrl Pts',(-49.3140206015786,316.073786223587,25.1856493176318));
#9801=CARTESIAN_POINT('Ctrl Pts',(-49.4760457881209,316.072810052177,25.9479178887326));
#9802=CARTESIAN_POINT('',(-52.4999999999999,316.072810052177,40.1745039236232));
#9803=CARTESIAN_POINT('Origin',(-52.4999999999999,361.0728,40.1745039236232));
#9804=CARTESIAN_POINT('',(-49.4763062242319,318.072810052177,25.9491431442996));
#9805=CARTESIAN_POINT('Ctrl Pts',(-34.957559335081,342.022800004763,-42.3561906222964));
#9806=CARTESIAN_POINT('Ctrl Pts',(-37.9762223588066,342.022800004763,-28.1544976705074));
#9807=CARTESIAN_POINT('Ctrl Pts',(-40.9948853825321,342.022800004763,-13.9528047187184));
#9808=CARTESIAN_POINT('Ctrl Pts',(-44.0135484062577,342.022800004763,0.248888233070534));
#9809=CARTESIAN_POINT('Ctrl Pts',(-45.1501110301321,342.022800004763,5.59599497465819));
#9810=CARTESIAN_POINT('Ctrl Pts',(-46.1591537259274,338.524714288814,10.3431676230463));
#9811=CARTESIAN_POINT('Ctrl Pts',(-46.5185437559472,333.338639772711,12.0339647793236));
#9812=CARTESIAN_POINT('Ctrl Pts',(-46.6705784661025,331.144746592491,12.7492318544063));
#9813=CARTESIAN_POINT('Ctrl Pts',(-46.8226131762578,328.950853412271,13.464498929489));
#9814=CARTESIAN_POINT('Ctrl Pts',(-46.9746478864132,326.756960232051,14.1797660045718));
#9815=CARTESIAN_POINT('Ctrl Pts',(-47.3336861479616,321.575961809755,15.8689082203071));
#9816=CARTESIAN_POINT('Ctrl Pts',(-48.3411059466186,318.079649421283,20.6084457379538));
#9817=CARTESIAN_POINT('Ctrl Pts',(-49.4763062242315,318.072810052177,25.9491431442997));
#9818=CARTESIAN_POINT('',(-52.4999999999999,318.072810052177,40.1745039236232));
#9819=CARTESIAN_POINT('Origin',(-52.4999999999999,361.0728,40.1745039236232));
#9820=CARTESIAN_POINT('',(-52.4999999999999,361.0728,40.1745039236232));
#9821=CARTESIAN_POINT('Origin',(-34.1625209652046,361.0728,-45.9999999999997));
#9822=CARTESIAN_POINT('Origin',(51.6872,361.0728,40.2599326460467));
#9823=CARTESIAN_POINT('',(52.5,361.0728,40.2599326460467));
#9824=CARTESIAN_POINT('Origin',(51.6872,361.0728,40.2599326460467));
#9825=CARTESIAN_POINT('',(55.5,361.0728,40.2599326460467));
#9826=CARTESIAN_POINT('',(55.5,361.0728,40.2599326460467));
#9827=CARTESIAN_POINT('Origin',(51.6872,361.0728,40.2599326460467));
#9828=CARTESIAN_POINT('Origin',(51.6872,321.0728,40.2599326460467));
#9829=CARTESIAN_POINT('',(55.5,321.0728,40.2599326460467));
#9830=CARTESIAN_POINT('',(52.5,321.0728,40.2599326460467));
#9831=CARTESIAN_POINT('',(55.5,321.0728,40.2599326460467));
#9832=CARTESIAN_POINT('Origin',(51.6872,321.0728,40.2599326460467));
#9833=CARTESIAN_POINT('Origin',(51.6872,321.0728,40.2599326460467));
#9834=CARTESIAN_POINT('Origin',(51.6872,381.201392224069,40.2599326460467));
#9835=CARTESIAN_POINT('',(55.5,361.0728,40.2599326460467));
#9836=CARTESIAN_POINT('Origin',(51.6872,381.201392224069,40.2599326460467));
#9837=CARTESIAN_POINT('',(52.5,361.0728,40.2599326460467));
#9838=CARTESIAN_POINT('Origin',(-59.2180263092744,341.0728,70.9745039236229));
#9839=CARTESIAN_POINT('',(52.5,361.0728,70.9745039236228));
#9840=CARTESIAN_POINT('',(52.5,321.0728,70.9745039236228));
#9841=CARTESIAN_POINT('Origin',(52.5,341.0728,70.9745039236228));
#9842=CARTESIAN_POINT('',(55.5,321.0728,70.9745039236228));
#9843=CARTESIAN_POINT('',(-59.2180263092744,321.0728,70.9745039236229));
#9844=CARTESIAN_POINT('',(55.5,361.0728,70.9745039236228));
#9845=CARTESIAN_POINT('Origin',(55.5,341.0728,70.9745039236228));
#9846=CARTESIAN_POINT('',(-59.2180263092744,361.0728,70.9745039236229));
#9847=CARTESIAN_POINT('Origin',(55.5,361.0728,40.1745039236227));
#9848=CARTESIAN_POINT('',(55.5,321.0728,40.2599326460467));
#9849=CARTESIAN_POINT('',(55.5,361.0728,40.1745039236227));
#9850=CARTESIAN_POINT('Origin',(51.6871999999999,361.0728,40.2599326460467));
#9851=CARTESIAN_POINT('',(52.5,361.0728,40.1745039236228));
#9852=CARTESIAN_POINT('Origin',(52.5,361.0728,40.1745039236228));
#9853=CARTESIAN_POINT('',(52.5,321.0728,40.2599326460467));
#9854=CARTESIAN_POINT('Origin',(51.6871999999999,321.0728,40.2599326460467));
#9855=CARTESIAN_POINT('Origin',(50.2795194694726,15.25,30.2089377966669));
#9856=CARTESIAN_POINT('',(50.841495143214,15.25,32.900922815593));
#9857=CARTESIAN_POINT('Origin',(50.2697379934652,15.25,30.2110169135751));
#9858=CARTESIAN_POINT('',(50.8512766192214,15.25,32.8988436986848));
#9859=CARTESIAN_POINT('',(50.8512766192214,15.25,32.8988436986848));
#9860=CARTESIAN_POINT('Origin',(50.2795194694726,15.25,30.2089377966669));
#9861=CARTESIAN_POINT('Origin',(-50.2795194694726,15.25,30.2089377966669));
#9862=CARTESIAN_POINT('',(-49.6979808437164,15.25,27.5211110115571));
#9863=CARTESIAN_POINT('Origin',(-50.2697379934652,15.25,30.2110169135751));
#9864=CARTESIAN_POINT('',(-49.7077623197237,15.25,27.5190318946489));
#9865=CARTESIAN_POINT('',(-49.7077623197237,15.25,27.5190318946489));
#9866=CARTESIAN_POINT('Origin',(-50.2795194694726,15.25,30.2089377966669));
#9867=CARTESIAN_POINT('Origin',(-53.1121145276651,361.0728,43.5352497954005));
#9868=CARTESIAN_POINT('',(-53.1121145276651,59.5728014801366,43.5352497954005));
#9869=CARTESIAN_POINT('',(-53.1023330516578,59.5728014801364,43.5373289123086));
#9870=CARTESIAN_POINT('',(-53.1121145276651,59.5728014801366,43.5352497954005));
#9871=CARTESIAN_POINT('',(-53.1121145276651,6.07279999999988,43.5352497954005));
#9872=CARTESIAN_POINT('',(-53.1121145276651,361.0728,43.5352497954005));
#9873=CARTESIAN_POINT('',(-53.1023330516578,6.07279999999977,43.5373289123086));
#9874=CARTESIAN_POINT('',(-53.1121145276651,6.07279999999988,43.5352497954005));
#9875=CARTESIAN_POINT('',(-53.1023330516578,361.0728,43.5373289123086));
#9876=CARTESIAN_POINT('Origin',(-51.0329976194876,6.07279999999999,33.7537737880624));
#9877=CARTESIAN_POINT('',(-51.0329976194876,-3.92720000000013,33.7537737880624));
#9878=CARTESIAN_POINT('Origin',(-51.0329976194876,6.07279999999999,33.7537737880624));
#9879=CARTESIAN_POINT('',(-51.0232161434802,-3.92720000000024,33.7558529049706));
#9880=CARTESIAN_POINT('',(-51.0329976194876,-3.92720000000013,33.7537737880624));
#9881=CARTESIAN_POINT('Origin',(-51.0232161434802,6.07279999999999,33.7558529049706));
#9882=CARTESIAN_POINT('Origin',(-52.4021852399265,-3.92720000000013,40.1952950927049));
#9883=CARTESIAN_POINT('',(-47.8778851312254,-3.92720000000013,18.910136576992));
#9884=CARTESIAN_POINT('',(-52.4021852399265,-3.92720000000013,40.1952950927049));
#9885=CARTESIAN_POINT('',(-47.868103655218,-3.92720000000024,18.9122156939002));
#9886=CARTESIAN_POINT('',(-47.8778851312254,-3.92720000000013,18.910136576992));
#9887=CARTESIAN_POINT('',(-52.3924037639192,-3.92720000000024,40.1973742096131));
#9888=CARTESIAN_POINT('Origin',(-47.8778851312254,6.07279999999999,18.910136576992));
#9889=CARTESIAN_POINT('',(-45.9054616457429,2.91052233983152,9.63061365854855));
#9890=CARTESIAN_POINT('Origin',(-47.8778851312254,6.07279999999999,18.910136576992));
#9891=CARTESIAN_POINT('',(-45.8956801697356,2.91052233983141,9.63269277545671));
#9892=CARTESIAN_POINT('',(-45.9054616457429,2.91052233983152,9.63061365854855));
#9893=CARTESIAN_POINT('Origin',(-47.868103655218,6.07279999999999,18.9122156939002));
#9894=CARTESIAN_POINT('Origin',(-46.3793424500818,-3.92719999999921,11.860047558945));
#9895=CARTESIAN_POINT('',(-41.1356517569325,71.7350776601683,-12.8095775608377));
#9896=CARTESIAN_POINT('',(-46.3793424500818,-3.92719999999921,11.860047558945));
#9897=CARTESIAN_POINT('',(-41.1258702809252,71.7350776601682,-12.8074984439295));
#9898=CARTESIAN_POINT('',(-41.1356517569325,71.7350776601683,-12.8095775608377));
#9899=CARTESIAN_POINT('',(-46.3695609740744,-3.92719999999921,11.8621266758532));
#9900=CARTESIAN_POINT('Origin',(-39.1632282714501,68.5728,-22.0891004792811));
#9901=CARTESIAN_POINT('',(-39.1632282714501,78.5727999999999,-22.0891004792811));
#9902=CARTESIAN_POINT('Origin',(-39.1632282714501,68.5728,-22.0891004792811));
#9903=CARTESIAN_POINT('',(-39.1534467954427,78.5727999999998,-22.087021362373));
#9904=CARTESIAN_POINT('',(-39.1632282714501,78.5727999999999,-22.0891004792811));
#9905=CARTESIAN_POINT('Origin',(-39.1534467954428,68.5728,-22.0870213623729));
#9906=CARTESIAN_POINT('Origin',(34.7228986673122,78.5727999999999,-42.9792088309182));
#9907=CARTESIAN_POINT('',(39.1534467954429,78.5727999999998,-22.087021362373));
#9908=CARTESIAN_POINT('',(34.8499630990004,78.5728,-42.3333203363067));
#9909=CARTESIAN_POINT('',(34.7131171913048,78.5727999999998,-42.97712971401));
#9910=CARTESIAN_POINT('',(34.1625209652046,78.5728000000001,-42.89));
#9911=CARTESIAN_POINT('Origin',(34.1625209652046,78.5728,-42.1872));
#9912=CARTESIAN_POINT('',(-34.1625209652046,78.5728,-42.89));
#9913=CARTESIAN_POINT('',(-34.8207134273856,78.5728000000001,-42.89));
#9914=CARTESIAN_POINT('',(-34.8499630990003,78.5727999999998,-42.3333203363065));
#9915=CARTESIAN_POINT('Origin',(-34.1625209652046,78.5728,-42.1872));
#9916=CARTESIAN_POINT('',(-52.3924037639192,78.5727999999998,40.1973742096131));
#9917=CARTESIAN_POINT('',(-34.8597445750076,78.5727999999999,-42.3353994532146));
#9918=CARTESIAN_POINT('',(-52.4021852399265,78.5727999999999,40.1952950927049));
#9919=CARTESIAN_POINT('',(-34.1625209652046,78.5728,-42.9));
#9920=CARTESIAN_POINT('Origin',(-34.1625209652046,78.5728,-42.1872));
#9921=CARTESIAN_POINT('',(34.1625209652046,78.5728,-42.9));
#9922=CARTESIAN_POINT('',(-34.8207134273856,78.5728000000001,-42.9));
#9923=CARTESIAN_POINT('',(34.8597445750077,78.5728,-42.3353994532149));
#9924=CARTESIAN_POINT('Origin',(34.1625209652046,78.5728,-42.1872));
#9925=CARTESIAN_POINT('',(39.1632282714502,78.5727999999999,-22.0891004792812));
#9926=CARTESIAN_POINT('',(34.7228986673122,78.5727999999999,-42.9792088309182));
#9927=CARTESIAN_POINT('',(39.1632282714502,78.5727999999999,-22.0891004792812));
#9928=CARTESIAN_POINT('Origin',(39.1632282714502,68.5728,-22.0891004792812));
#9929=CARTESIAN_POINT('',(41.1356517569326,71.7350776601683,-12.8095775608377));
#9930=CARTESIAN_POINT('Origin',(39.1632282714502,68.5728,-22.0891004792812));
#9931=CARTESIAN_POINT('',(41.1258702809253,71.7350776601682,-12.8074984439295));
#9932=CARTESIAN_POINT('',(41.1356517569326,71.7350776601683,-12.8095775608377));
#9933=CARTESIAN_POINT('Origin',(39.1534467954429,68.5728,-22.087021362373));
#9934=CARTESIAN_POINT('Origin',(40.6617709525937,78.5728000000001,-15.0390114612345));
#9935=CARTESIAN_POINT('',(45.905461645743,2.91052233983147,9.63061365854849));
#9936=CARTESIAN_POINT('',(40.6617709525937,78.5728000000001,-15.0390114612345));
#9937=CARTESIAN_POINT('',(45.8956801697357,2.91052233983136,9.6326927754567));
#9938=CARTESIAN_POINT('',(45.905461645743,2.91052233983147,9.63061365854849));
#9939=CARTESIAN_POINT('',(40.6519894765864,78.5728000000001,-15.0369323443263));
#9940=CARTESIAN_POINT('Origin',(47.8778851312255,6.07279999999999,18.9101365769919));
#9941=CARTESIAN_POINT('',(47.8778851312255,-3.92720000000013,18.910136576992));
#9942=CARTESIAN_POINT('Origin',(47.8778851312255,6.07279999999999,18.9101365769919));
#9943=CARTESIAN_POINT('',(47.8681036552182,-3.92720000000024,18.9122156939002));
#9944=CARTESIAN_POINT('',(47.8778851312255,-3.92720000000013,18.910136576992));
#9945=CARTESIAN_POINT('Origin',(47.8681036552181,6.07279999999999,18.9122156939001));
#9946=CARTESIAN_POINT('Origin',(34.7228986673122,-3.92720000000013,-42.9792088309182));
#9947=CARTESIAN_POINT('',(51.0329976194876,-3.92720000000013,33.7537737880621));
#9948=CARTESIAN_POINT('',(34.7228986673122,-3.92720000000013,-42.9792088309182));
#9949=CARTESIAN_POINT('',(51.0232161434803,-3.92720000000024,33.7558529049703));
#9950=CARTESIAN_POINT('',(51.0329976194876,-3.92720000000013,33.7537737880621));
#9951=CARTESIAN_POINT('',(34.7131171913048,-3.92720000000024,-42.97712971401));
#9952=CARTESIAN_POINT('Origin',(51.0329976194877,6.07279999999999,33.753773788062));
#9953=CARTESIAN_POINT('',(53.1121145276652,6.07279999999988,43.5352497954001));
#9954=CARTESIAN_POINT('Origin',(51.0329976194877,6.07279999999999,33.753773788062));
#9955=CARTESIAN_POINT('',(53.1023330516578,6.07279999999977,43.5373289123083));
#9956=CARTESIAN_POINT('',(53.1121145276652,6.07279999999988,43.5352497954001));
#9957=CARTESIAN_POINT('Origin',(51.0232161434803,6.07279999999999,33.7558529049702));
#9958=CARTESIAN_POINT('Origin',(53.1121145276652,361.0728,43.5352497954001));
#9959=CARTESIAN_POINT('',(53.1121145276652,59.5728014801409,43.5352497954001));
#9960=CARTESIAN_POINT('',(53.1121145276652,361.0728,43.5352497954001));
#9961=CARTESIAN_POINT('',(53.1023330516578,59.5728014801408,43.5373289123083));
#9962=CARTESIAN_POINT('',(53.1121145276652,59.5728014801409,43.5352497954001));
#9963=CARTESIAN_POINT('',(53.1023330516578,361.0728,43.5373289123083));
#9964=CARTESIAN_POINT('Origin',(34.7228986673122,59.5728014801409,-42.9792088309182));
#9965=CARTESIAN_POINT('',(48.081039392297,59.5728014801409,19.8659022304977));
#9966=CARTESIAN_POINT('',(34.7228986673122,59.5728014801409,-42.9792088309182));
#9967=CARTESIAN_POINT('',(48.0712579162896,59.5728014801408,19.8679813474059));
#9968=CARTESIAN_POINT('',(48.081039392297,59.5728014801409,19.8659022304977));
#9969=CARTESIAN_POINT('',(34.7131171913048,59.5728014801408,-42.97712971401));
#9970=CARTESIAN_POINT('Ctrl Pts',(45.566283672586,68.2566571611577,8.08300409700928));
#9971=CARTESIAN_POINT('Ctrl Pts',(45.5780214437948,68.2566571611577,8.08050915671945));
#9972=CARTESIAN_POINT('Ctrl Pts',(45.9256931890109,63.0707384368716,9.77389292961515));
#9973=CARTESIAN_POINT('Ctrl Pts',(45.9374309602198,63.0707384368716,9.77139798932533));
#9974=CARTESIAN_POINT('Ctrl Pts',(46.9347198592571,59.5728014801411,14.5209901837225));
#9975=CARTESIAN_POINT('Ctrl Pts',(46.946457630466,59.5728014801411,14.5184952434327));
#9976=CARTESIAN_POINT('Ctrl Pts',(48.0712579162896,59.5728014801411,19.8679813474058));
#9977=CARTESIAN_POINT('Ctrl Pts',(48.0829956874984,59.5728014801411,19.865486407116));
#9978=CARTESIAN_POINT('',(45.5760651485933,68.2566571611576,8.08092498010113));
#9979=CARTESIAN_POINT('Ctrl Pts',(48.081039392297,59.5728014801409,19.8659022304977));
#9980=CARTESIAN_POINT('Ctrl Pts',(46.9445013352642,59.5728014801411,14.5189110668144));
#9981=CARTESIAN_POINT('Ctrl Pts',(45.935474665018,63.0707384368716,9.77181381270702));
#9982=CARTESIAN_POINT('Ctrl Pts',(45.5760651485933,68.2566571611576,8.08092498010113));
#9983=CARTESIAN_POINT('',(45.566283672586,68.2566571611575,8.08300409700934));
#9984=CARTESIAN_POINT('',(45.5760651485933,68.2566571611576,8.08092498010113));
#9985=CARTESIAN_POINT('Ctrl Pts',(48.0712579162896,59.5728014801411,19.8679813474058));
#9986=CARTESIAN_POINT('Ctrl Pts',(46.9347198592571,59.5728014801411,14.5209901837225));
#9987=CARTESIAN_POINT('Ctrl Pts',(45.9256931890109,63.0707384368716,9.77389292961515));
#9988=CARTESIAN_POINT('Ctrl Pts',(45.566283672586,68.2566571611577,8.08300409700928));
#9989=CARTESIAN_POINT('Origin',(26.2265418121474,347.450865413364,-82.9514251126012));
#9990=CARTESIAN_POINT('',(44.1297690935654,89.1252581577123,1.27663701239658));
#9991=CARTESIAN_POINT('',(26.2265418121474,347.450865413364,-82.9514251126012));
#9992=CARTESIAN_POINT('',(44.119987617558,89.1252581577122,1.27871612930478));
#9993=CARTESIAN_POINT('',(44.1297690935654,89.1252581577123,1.27663701239658));
#9994=CARTESIAN_POINT('',(26.2167603361401,347.450865413364,-82.9493459956931));
#9995=CARTESIAN_POINT('Ctrl Pts',(41.6150133738538,97.8091138387279,-10.5062611210944));
#9996=CARTESIAN_POINT('Ctrl Pts',(41.6267511450631,97.8091138387279,-10.5087560613843));
#9997=CARTESIAN_POINT('Ctrl Pts',(42.7515514308871,97.8091138387298,-5.1592699574073));
#9998=CARTESIAN_POINT('Ctrl Pts',(42.7632892020964,97.8091138387298,-5.16176489769721));
#9999=CARTESIAN_POINT('Ctrl Pts',(43.7605781011334,94.3111768819977,-0.412172703299336));
#10000=CARTESIAN_POINT('Ctrl Pts',(43.7723158723427,94.3111768819977,-0.414667643589251));
#10001=CARTESIAN_POINT('Ctrl Pts',(44.119987617558,89.1252581577125,1.27871612930475));
#10002=CARTESIAN_POINT('Ctrl Pts',(44.1317253887673,89.1252581577125,1.27622118901483));
#10003=CARTESIAN_POINT('',(41.6247948498612,97.8091138387278,-10.5083402380026));
#10004=CARTESIAN_POINT('Ctrl Pts',(44.1297690935654,89.1252581577123,1.27663701239658));
#10005=CARTESIAN_POINT('Ctrl Pts',(43.7703595771406,94.3111768819977,-0.414251820207483));
#10006=CARTESIAN_POINT('Ctrl Pts',(42.7613329068943,97.8091138387298,-5.16134907431545));
#10007=CARTESIAN_POINT('Ctrl Pts',(41.6247948498612,97.8091138387278,-10.5083402380026));
#10008=CARTESIAN_POINT('',(41.6150133738538,97.8091138387277,-10.5062611210944));
#10009=CARTESIAN_POINT('',(41.6247948498612,97.8091138387278,-10.5083402380026));
#10010=CARTESIAN_POINT('Ctrl Pts',(44.119987617558,89.1252581577122,1.27871612930478));
#10011=CARTESIAN_POINT('Ctrl Pts',(43.7605781011333,94.3111768819977,-0.412172703299306));
#10012=CARTESIAN_POINT('Ctrl Pts',(42.751551430887,97.8091138387298,-5.15926995740727));
#10013=CARTESIAN_POINT('Ctrl Pts',(41.6150133738538,97.8091138387277,-10.5062611210944));
#10014=CARTESIAN_POINT('Origin',(-52.4021852399265,97.809113838728,40.1952950927049));
#10015=CARTESIAN_POINT('',(-34.8499630990004,97.809113838728,-42.3333203363065));
#10016=CARTESIAN_POINT('',(-41.5672717925819,97.8091138387278,-10.73086760182));
#10017=CARTESIAN_POINT('',(-52.3924037639192,97.8091138387279,40.1973742096131));
#10018=CARTESIAN_POINT('',(-34.1625209652046,97.8091138387283,-42.89));
#10019=CARTESIAN_POINT('Origin',(-34.1625209652046,97.809113838728,-42.1872));
#10020=CARTESIAN_POINT('',(34.1625209652046,97.8091138387282,-42.89));
#10021=CARTESIAN_POINT('',(-34.8207134273856,97.8091138387283,-42.89));
#10022=CARTESIAN_POINT('',(34.8499630990003,97.8091138387278,-42.3333203363067));
#10023=CARTESIAN_POINT('Origin',(34.1625209652046,97.8091138387282,-42.1872));
#10024=CARTESIAN_POINT('',(34.7131171913048,97.8091138387277,-42.97712971401));
#10025=CARTESIAN_POINT('',(34.8597445750077,97.8091138387279,-42.3353994532149));
#10026=CARTESIAN_POINT('',(34.7228986673122,97.8091138387278,-42.9792088309182));
#10027=CARTESIAN_POINT('',(34.1625209652046,97.8091138387282,-42.9));
#10028=CARTESIAN_POINT('Origin',(34.1625209652046,97.8091138387281,-42.1872));
#10029=CARTESIAN_POINT('',(-34.1625209652046,97.8091138387282,-42.9));
#10030=CARTESIAN_POINT('',(-34.8207134273856,97.8091138387282,-42.9));
#10031=CARTESIAN_POINT('',(-34.8597445750076,97.809113838728,-42.3353994532146));
#10032=CARTESIAN_POINT('Origin',(-34.1625209652046,97.8091138387281,-42.1872));
#10033=CARTESIAN_POINT('',(-41.5770532685892,97.8091138387279,-10.7329467187282));
#10034=CARTESIAN_POINT('',(-52.4021852399265,97.809113838728,40.1952950927049));
#10035=CARTESIAN_POINT('',(-41.5770532685892,97.8091138387279,-10.7329467187282));
#10036=CARTESIAN_POINT('Ctrl Pts',(-44.0722465658945,89.1252505159657,1.05411214019266));
#10037=CARTESIAN_POINT('Ctrl Pts',(-44.0839843371076,89.1252505159657,1.05161719990195));
#10038=CARTESIAN_POINT('Ctrl Pts',(-43.7128375384047,94.3111731493797,-0.63677439215444));
#10039=CARTESIAN_POINT('Ctrl Pts',(-43.7245753096178,94.3111731493797,-0.639269332445154));
#10040=CARTESIAN_POINT('Ctrl Pts',(-42.7038104660429,97.8091138387279,-5.38387353806784));
#10041=CARTESIAN_POINT('Ctrl Pts',(-42.7155482372559,97.8091138387279,-5.38636847835855));
#10042=CARTESIAN_POINT('Ctrl Pts',(-41.5672717925819,97.8091138387279,-10.73086760182));
#10043=CARTESIAN_POINT('Ctrl Pts',(-41.5790095637949,97.8091138387279,-10.7333625421107));
#10044=CARTESIAN_POINT('',(-44.0820280419022,89.1252505159657,1.05203302328439));
#10045=CARTESIAN_POINT('Ctrl Pts',(-41.5770532685892,97.8091138387279,-10.7329467187282));
#10046=CARTESIAN_POINT('Ctrl Pts',(-42.7135919420517,97.8091138387279,-5.38595265497633));
#10047=CARTESIAN_POINT('Ctrl Pts',(-43.7226190144136,94.3111731493797,-0.638853509062932));
#10048=CARTESIAN_POINT('Ctrl Pts',(-44.0820280419022,89.1252505159657,1.05203302328439));
#10049=CARTESIAN_POINT('',(-44.0722465658949,89.1252505159655,1.05411214019255));
#10050=CARTESIAN_POINT('',(-44.0820280419022,89.1252505159657,1.05203302328439));
#10051=CARTESIAN_POINT('Ctrl Pts',(-41.5672717925819,97.8091138387279,-10.73086760182));
#10052=CARTESIAN_POINT('Ctrl Pts',(-42.7038104660429,97.8091138387279,-5.38387353806784));
#10053=CARTESIAN_POINT('Ctrl Pts',(-43.7128375384047,94.3111731493797,-0.63677439215444));
#10054=CARTESIAN_POINT('Ctrl Pts',(-44.0722465658945,89.1252505159657,1.05411214019266));
#10055=CARTESIAN_POINT('Origin',(-27.951574200002,321.872007741773,-74.8357858008745));
#10056=CARTESIAN_POINT('',(-45.5283199799842,68.2566648028956,7.85630162228123));
#10057=CARTESIAN_POINT('',(-27.951574200002,321.872007741773,-74.8357858008745));
#10058=CARTESIAN_POINT('',(-45.5185385039769,68.2566648028954,7.85838073918939));
#10059=CARTESIAN_POINT('',(-45.5283199799842,68.2566648028956,7.85630162228123));
#10060=CARTESIAN_POINT('',(-27.9417927239946,321.872007741773,-74.8337066839663));
#10061=CARTESIAN_POINT('Ctrl Pts',(-48.0235132772896,59.5728014801366,19.6433604812027));
#10062=CARTESIAN_POINT('Ctrl Pts',(-48.0352510484996,59.5728014801366,19.6408655409126));
#10063=CARTESIAN_POINT('Ctrl Pts',(-46.8869746038287,59.5728014801366,14.2963664174505));
#10064=CARTESIAN_POINT('Ctrl Pts',(-46.8987123750386,59.5728014801366,14.2938714771605));
#10065=CARTESIAN_POINT('Ctrl Pts',(-45.8779475314669,63.0707421694816,9.54926727153744));
#10066=CARTESIAN_POINT('Ctrl Pts',(-45.8896853026768,63.0707421694816,9.54677233124739));
#10067=CARTESIAN_POINT('Ctrl Pts',(-45.5185385039769,68.2566648028956,7.85838073918941));
#10068=CARTESIAN_POINT('Ctrl Pts',(-45.5302762751868,68.2566648028956,7.85588579889936));
#10069=CARTESIAN_POINT('',(-48.0332947532973,59.5728014801365,19.6412813642944));
#10070=CARTESIAN_POINT('Ctrl Pts',(-45.5283199799842,68.2566648028956,7.85630162228123));
#10071=CARTESIAN_POINT('Ctrl Pts',(-45.8877290074751,63.0707421694816,9.54718815462907));
#10072=CARTESIAN_POINT('Ctrl Pts',(-46.8967560798369,59.5728014801366,14.2942873005421));
#10073=CARTESIAN_POINT('Ctrl Pts',(-48.0332947532973,59.5728014801365,19.6412813642944));
#10074=CARTESIAN_POINT('',(-48.02351327729,59.5728014801364,19.6433604812026));
#10075=CARTESIAN_POINT('',(-48.0332947532973,59.5728014801365,19.6412813642944));
#10076=CARTESIAN_POINT('Ctrl Pts',(-45.5185385039769,68.2566648028954,7.85838073918939));
#10077=CARTESIAN_POINT('Ctrl Pts',(-45.8779475314678,63.0707421694816,9.54926727153724));
#10078=CARTESIAN_POINT('Ctrl Pts',(-46.8869746038296,59.5728014801366,14.2963664174503));
#10079=CARTESIAN_POINT('Ctrl Pts',(-48.02351327729,59.5728014801364,19.6433604812026));
#10080=CARTESIAN_POINT('Origin',(-52.4021852399265,59.5728014801365,40.1952950927049));
#10081=CARTESIAN_POINT('',(-52.4021852399265,59.5728014801365,40.1952950927049));
#10082=CARTESIAN_POINT('',(-52.3924037639192,59.5728014801364,40.1973742096131));
#10083=CARTESIAN_POINT('Origin',(-52.3924037639192,361.0728,40.1973742096131));
#10084=CARTESIAN_POINT('',(-34.8499630990004,-62.7083352122392,-42.3333203363065));
#10085=CARTESIAN_POINT('Origin',(-34.1625209652046,-62.7083352122392,-42.1872));
#10086=CARTESIAN_POINT('',(-34.1625209652046,361.0728,-42.89));
#10087=CARTESIAN_POINT('Origin',(-34.8207134273856,361.0728,-42.89));
#10088=CARTESIAN_POINT('',(34.1625209652046,502.353935212239,-42.89));
#10089=CARTESIAN_POINT('Origin',(34.1625209652046,502.353935212239,-42.1872));
#10090=CARTESIAN_POINT('',(34.8499630990003,361.0728,-42.3333203363067));
#10091=CARTESIAN_POINT('Origin',(34.7131171913048,361.0728,-42.97712971401));
#10092=CARTESIAN_POINT('Origin',(-52.4021852399265,361.0728,40.1952950927049));
#10093=CARTESIAN_POINT('',(-34.8597445750077,-62.7083352122392,-42.3353994532147));
#10094=CARTESIAN_POINT('Origin',(-34.1625209652046,-62.7083352122392,-42.1872));
#10095=CARTESIAN_POINT('',(-34.1625209652046,361.0728,-42.9));
#10096=CARTESIAN_POINT('Origin',(-34.8207134273856,361.0728,-42.9));
#10097=CARTESIAN_POINT('',(34.1625209652046,502.353935212239,-42.9));
#10098=CARTESIAN_POINT('Origin',(34.1625209652046,502.353935212239,-42.1872));
#10099=CARTESIAN_POINT('',(34.8597445750077,361.0728,-42.3353994532149));
#10100=CARTESIAN_POINT('Origin',(34.7228986673122,361.0728,-42.9792088309182));
#10101=CARTESIAN_POINT('Origin',(-52.3999999999999,341.0728,78.2745039236231));
#10102=CARTESIAN_POINT('',(-52.3899999999999,341.0728,75.5245039236231));
#10103=CARTESIAN_POINT('Origin',(-52.3899999999999,341.0728,78.2745039236231));
#10104=CARTESIAN_POINT('',(-52.3999999999999,341.0728,75.5245039236231));
#10105=CARTESIAN_POINT('',(-52.3999999999999,341.0728,75.5245039236231));
#10106=CARTESIAN_POINT('Origin',(-52.3999999999999,341.0728,78.2745039236231));
#10107=CARTESIAN_POINT('Origin',(52.4,341.0728,78.2745039236229));
#10108=CARTESIAN_POINT('',(52.39,341.0728,81.0245039236229));
#10109=CARTESIAN_POINT('Origin',(52.39,341.0728,78.2745039236229));
#10110=CARTESIAN_POINT('',(52.4,341.0728,81.0245039236229));
#10111=CARTESIAN_POINT('',(52.4,341.0728,81.0245039236229));
#10112=CARTESIAN_POINT('Origin',(52.4,341.0728,78.2745039236229));
#10113=CARTESIAN_POINT('Origin',(-52.3999999999999,341.0728,70.9745039236232));
#10114=CARTESIAN_POINT('',(-52.3899999999999,321.0728,70.9745039236232));
#10115=CARTESIAN_POINT('',(-52.3899999999999,361.0728,70.9745039236232));
#10116=CARTESIAN_POINT('Origin',(-52.3899999999999,341.0728,70.9745039236232));
#10117=CARTESIAN_POINT('',(-52.3999999999999,361.0728,70.9745039236232));
#10118=CARTESIAN_POINT('',(-52.3999999999999,361.0728,70.9745039236232));
#10119=CARTESIAN_POINT('',(-52.3999999999999,321.0728,70.9745039236232));
#10120=CARTESIAN_POINT('Origin',(-52.3999999999999,341.0728,70.9745039236232));
#10121=CARTESIAN_POINT('',(-52.3999999999999,321.0728,70.9745039236232));
#10122=CARTESIAN_POINT('Origin',(-52.3999999999999,361.0728,40.1745039236231));
#10123=CARTESIAN_POINT('',(-52.3899999999999,361.0728,40.2599326460471));
#10124=CARTESIAN_POINT('',(-52.3899999999999,361.0728,40.1745039236231));
#10125=CARTESIAN_POINT('',(-52.3746421337956,361.0728,40.1138123097404));
#10126=CARTESIAN_POINT('Origin',(-51.6871999999999,361.0728,40.2599326460471));
#10127=CARTESIAN_POINT('',(-34.8499630990004,361.0728,-42.3333203363065));
#10128=CARTESIAN_POINT('',(-52.3924037639192,361.0728,40.1973742096131));
#10129=CARTESIAN_POINT('',(-34.1625209652046,361.0728,-42.89));
#10130=CARTESIAN_POINT('Origin',(-34.1625209652046,361.0728,-42.1872));
#10131=CARTESIAN_POINT('',(34.1625209652046,361.0728,-42.89));
#10132=CARTESIAN_POINT('',(-34.8207134273856,361.0728,-42.89));
#10133=CARTESIAN_POINT('',(34.8499630990003,361.0728,-42.3333203363067));
#10134=CARTESIAN_POINT('Origin',(34.1625209652046,361.0728,-42.1872));
#10135=CARTESIAN_POINT('',(52.3746421337957,361.0728,40.1138123097401));
#10136=CARTESIAN_POINT('',(34.7131171913048,361.0728,-42.97712971401));
#10137=CARTESIAN_POINT('',(52.39,361.0728,40.2599326460467));
#10138=CARTESIAN_POINT('Origin',(51.6872,361.0728,40.2599326460467));
#10139=CARTESIAN_POINT('',(52.39,361.0728,70.9745039236228));
#10140=CARTESIAN_POINT('',(52.39,361.0728,40.1745039236228));
#10141=CARTESIAN_POINT('',(52.4,361.0728,70.9745039236228));
#10142=CARTESIAN_POINT('',(52.4,361.0728,70.9745039236228));
#10143=CARTESIAN_POINT('',(52.4,361.0728,40.2599326460467));
#10144=CARTESIAN_POINT('',(52.4,361.0728,40.1745039236228));
#10145=CARTESIAN_POINT('',(52.3844236098031,361.0728,40.1117331928319));
#10146=CARTESIAN_POINT('Origin',(51.6872,361.0728,40.2599326460467));
#10147=CARTESIAN_POINT('',(34.8597445750077,361.0728,-42.3353994532149));
#10148=CARTESIAN_POINT('',(34.7228986673122,361.0728,-42.9792088309182));
#10149=CARTESIAN_POINT('',(34.1625209652046,361.0728,-42.9));
#10150=CARTESIAN_POINT('Origin',(34.1625209652046,361.0728,-42.1872));
#10151=CARTESIAN_POINT('',(-34.1625209652046,361.0728,-42.9));
#10152=CARTESIAN_POINT('',(-34.8207134273856,361.0728,-42.9));
#10153=CARTESIAN_POINT('',(-34.8597445750076,361.0728,-42.3353994532146));
#10154=CARTESIAN_POINT('Origin',(-34.1625209652046,361.0728,-42.1872));
#10155=CARTESIAN_POINT('',(-52.384423609803,361.0728,40.1117331928322));
#10156=CARTESIAN_POINT('',(-52.4021852399265,361.0728,40.1952950927049));
#10157=CARTESIAN_POINT('',(-52.3999999999999,361.0728,40.2599326460471));
#10158=CARTESIAN_POINT('Origin',(-51.6871999999999,361.0728,40.2599326460471));
#10159=CARTESIAN_POINT('',(-52.3999999999999,361.0728,40.1745039236231));
#10160=CARTESIAN_POINT('Origin',(-51.6871999999999,321.0728,40.2599326460471));
#10161=CARTESIAN_POINT('',(-52.3746421337956,321.0728,40.1138123097404));
#10162=CARTESIAN_POINT('',(-52.3899999999999,321.0728,40.2599326460471));
#10163=CARTESIAN_POINT('Origin',(-51.6871999999999,321.0728,40.2599326460471));
#10164=CARTESIAN_POINT('',(-52.3899999999999,321.0728,40.1745039236231));
#10165=CARTESIAN_POINT('',(-52.3999999999999,321.0728,40.2599326460471));
#10166=CARTESIAN_POINT('',(-52.3999999999999,321.0728,40.1745039236231));
#10167=CARTESIAN_POINT('',(-52.384423609803,321.0728,40.1117331928322));
#10168=CARTESIAN_POINT('Origin',(-51.6871999999999,321.0728,40.2599326460471));
#10169=CARTESIAN_POINT('',(-52.384423609803,321.0728,40.1117331928322));
#10170=CARTESIAN_POINT('Origin',(-52.3844236098006,318.0728,40.1117331928326));
#10171=CARTESIAN_POINT('',(-51.7606885373508,318.072810052177,37.1772903906476));
#10172=CARTESIAN_POINT('Origin',(-52.3844236098006,318.0728,40.1117331928326));
#10173=CARTESIAN_POINT('',(-51.7509070613435,318.072810052177,37.1793695075558));
#10174=CARTESIAN_POINT('',(-51.7606885373508,318.072810052177,37.1772903906476));
#10175=CARTESIAN_POINT('Origin',(-52.3746421337932,318.0728,40.1138123097408));
#10176=CARTESIAN_POINT('Origin',(-52.4021852399265,318.072810052177,40.1952950927049));
#10177=CARTESIAN_POINT('',(-49.3784914641581,318.072810052177,25.9699343133815));
#10178=CARTESIAN_POINT('',(-52.4021852399265,318.072810052177,40.1952950927049));
#10179=CARTESIAN_POINT('',(-49.3687099881507,318.072810052177,25.9720134302896));
#10180=CARTESIAN_POINT('',(-49.3784914641581,318.072810052177,25.9699343133815));
#10181=CARTESIAN_POINT('',(-52.3924037639192,318.072810052177,40.1973742096131));
#10182=CARTESIAN_POINT('Ctrl Pts',(-46.8670516503325,326.756960232051,14.2026362905617));
#10183=CARTESIAN_POINT('Ctrl Pts',(-46.8787894215428,326.756960232051,14.2001413502716));
#10184=CARTESIAN_POINT('Ctrl Pts',(-47.2260899118816,321.575961809755,15.8917785062969));
#10185=CARTESIAN_POINT('Ctrl Pts',(-47.2378276830918,321.575961809755,15.8892835660068));
#10186=CARTESIAN_POINT('Ctrl Pts',(-48.2335097105384,318.079649421283,20.6313160239437));
#10187=CARTESIAN_POINT('Ctrl Pts',(-48.2452474817487,318.079649421283,20.6288210836535));
#10188=CARTESIAN_POINT('Ctrl Pts',(-49.3687099881507,318.072810052177,25.9720134302896));
#10189=CARTESIAN_POINT('Ctrl Pts',(-49.380447759361,318.072810052177,25.9695184899995));
#10190=CARTESIAN_POINT('',(-46.8768331263398,326.756960232051,14.2005571736535));
#10191=CARTESIAN_POINT('Ctrl Pts',(-46.8768331263398,326.756960232051,14.2005571736535));
#10192=CARTESIAN_POINT('Ctrl Pts',(-47.2358713878889,321.575961809755,15.8896993893887));
#10193=CARTESIAN_POINT('Ctrl Pts',(-48.2432911865458,318.079649421283,20.6292369070355));
#10194=CARTESIAN_POINT('Ctrl Pts',(-49.3784914641581,318.072810052177,25.9699343133815));
#10195=CARTESIAN_POINT('',(-46.8670516503325,326.756960232051,14.2026362905617));
#10196=CARTESIAN_POINT('',(-46.8768331263398,326.756960232051,14.2005571736535));
#10197=CARTESIAN_POINT('Ctrl Pts',(-46.8670516503325,326.756960232051,14.2026362905617));
#10198=CARTESIAN_POINT('Ctrl Pts',(-47.2260899118816,321.575961809755,15.8917785062969));
#10199=CARTESIAN_POINT('Ctrl Pts',(-48.2335097105384,318.079649421283,20.6313160239437));
#10200=CARTESIAN_POINT('Ctrl Pts',(-49.3687099881507,318.072810052177,25.9720134302896));
#10201=CARTESIAN_POINT('Origin',(-45.2890192738579,349.669451589186,6.73048031501983));
#10202=CARTESIAN_POINT('',(-46.4207289958738,333.338639772711,12.0547559484054));
#10203=CARTESIAN_POINT('',(-45.2890192738579,349.669451589186,6.73048031501983));
#10204=CARTESIAN_POINT('',(-46.4109475198664,333.338639772711,12.0568350653136));
#10205=CARTESIAN_POINT('',(-46.4207289958738,333.338639772711,12.0547559484054));
#10206=CARTESIAN_POINT('',(-45.2792377978506,349.669451589186,6.73255943192801));
#10207=CARTESIAN_POINT('Ctrl Pts',(-43.9059521701769,342.022800004763,0.271758519060444));
#10208=CARTESIAN_POINT('Ctrl Pts',(-43.9176899413873,342.022800004763,0.269263578770308));
#10209=CARTESIAN_POINT('Ctrl Pts',(-45.0425147940524,342.022800004763,5.61886526064794));
#10210=CARTESIAN_POINT('Ctrl Pts',(-45.0542525652627,342.022800004763,5.6163703203578));
#10211=CARTESIAN_POINT('Ctrl Pts',(-46.0515574898476,338.524714288814,10.3660379090361));
#10212=CARTESIAN_POINT('Ctrl Pts',(-46.0632952610579,338.524714288814,10.3635429687459));
#10213=CARTESIAN_POINT('Ctrl Pts',(-46.4109475198664,333.338639772711,12.0568350653136));
#10214=CARTESIAN_POINT('Ctrl Pts',(-46.4226852910768,333.338639772711,12.0543401250234));
#10215=CARTESIAN_POINT('',(-43.9157336461843,342.022800004763,0.269679402152292));
#10216=CARTESIAN_POINT('Ctrl Pts',(-43.9157336461843,342.022800004763,0.269679402152292));
#10217=CARTESIAN_POINT('Ctrl Pts',(-45.0522962700597,342.022800004763,5.61678614373976));
#10218=CARTESIAN_POINT('Ctrl Pts',(-46.0613389658549,338.524714288814,10.3639587921279));
#10219=CARTESIAN_POINT('Ctrl Pts',(-46.4207289958738,333.338639772711,12.0547559484054));
#10220=CARTESIAN_POINT('',(-43.9059521701769,342.022800004763,0.271758519060444));
#10221=CARTESIAN_POINT('',(-43.9157336461843,342.022800004763,0.269679402152292));
#10222=CARTESIAN_POINT('Ctrl Pts',(-43.9059521701769,342.022800004763,0.271758519060444));
#10223=CARTESIAN_POINT('Ctrl Pts',(-45.0425147940524,342.022800004763,5.61886526064794));
#10224=CARTESIAN_POINT('Ctrl Pts',(-46.0515574898476,338.524714288814,10.3660379090361));
#10225=CARTESIAN_POINT('Ctrl Pts',(-46.4109475198664,333.338639772711,12.0568350653136));
#10226=CARTESIAN_POINT('Origin',(34.7228986673122,342.022800004763,-42.9792088309182));
#10227=CARTESIAN_POINT('',(43.9059521701771,342.022800004763,0.27175851906041));
#10228=CARTESIAN_POINT('',(34.8499630990004,342.022800004763,-42.3333203363067));
#10229=CARTESIAN_POINT('',(34.7131171913048,342.022800004763,-42.97712971401));
#10230=CARTESIAN_POINT('',(34.1625209652046,342.022800004763,-42.89));
#10231=CARTESIAN_POINT('Origin',(34.1625209652046,342.022800004763,-42.1872));
#10232=CARTESIAN_POINT('',(-34.1625209652046,342.022800004763,-42.89));
#10233=CARTESIAN_POINT('',(-34.8207134273856,342.022800004763,-42.89));
#10234=CARTESIAN_POINT('',(-34.8499630990003,342.022800004763,-42.3333203363065));
#10235=CARTESIAN_POINT('Origin',(-34.1625209652046,342.022800004763,-42.1872));
#10236=CARTESIAN_POINT('',(-52.3924037639192,342.022800004763,40.1973742096131));
#10237=CARTESIAN_POINT('',(-34.8597445750076,342.022800004763,-42.3353994532146));
#10238=CARTESIAN_POINT('',(-52.4021852399265,342.022800004763,40.1952950927049));
#10239=CARTESIAN_POINT('',(-34.1625209652046,342.022800004763,-42.9));
#10240=CARTESIAN_POINT('Origin',(-34.1625209652046,342.022800004763,-42.1872));
#10241=CARTESIAN_POINT('',(34.1625209652046,342.022800004763,-42.9));
#10242=CARTESIAN_POINT('',(-34.8207134273856,342.022800004763,-42.9));
#10243=CARTESIAN_POINT('',(34.8597445750077,342.022800004763,-42.3353994532149));
#10244=CARTESIAN_POINT('Origin',(34.1625209652046,342.022800004763,-42.1872));
#10245=CARTESIAN_POINT('',(43.9157336461844,342.022800004763,0.269679402152209));
#10246=CARTESIAN_POINT('',(34.7228986673122,342.022800004763,-42.9792088309182));
#10247=CARTESIAN_POINT('',(43.9157336461844,342.022800004763,0.269679402152209));
#10248=CARTESIAN_POINT('Ctrl Pts',(46.4109059357423,333.339239790653,12.0566394273906));
#10249=CARTESIAN_POINT('Ctrl Pts',(46.4226437069512,333.339239790653,12.0541444871008));
#10250=CARTESIAN_POINT('Ctrl Pts',(46.0514775153102,338.525007367886,10.3656616584246));
#10251=CARTESIAN_POINT('Ctrl Pts',(46.0632152865191,338.525007367886,10.3631667181347));
#10252=CARTESIAN_POINT('Ctrl Pts',(45.0424663930441,342.022800004763,5.61863755181256));
#10253=CARTESIAN_POINT('Ctrl Pts',(45.054204164253,342.022800004763,5.61614261152273));
#10254=CARTESIAN_POINT('Ctrl Pts',(43.9059521701771,342.022800004763,0.27175851906041));
#10255=CARTESIAN_POINT('Ctrl Pts',(43.9176899413859,342.022800004763,0.269263578770583));
#10256=CARTESIAN_POINT('',(46.4206874117497,333.339239790653,12.0545603104824));
#10257=CARTESIAN_POINT('Ctrl Pts',(46.4206874117497,333.339239790653,12.0545603104824));
#10258=CARTESIAN_POINT('Ctrl Pts',(46.0612589913175,338.525007367886,10.3635825415164));
#10259=CARTESIAN_POINT('Ctrl Pts',(45.0522478690514,342.022800004763,5.61655843490438));
#10260=CARTESIAN_POINT('Ctrl Pts',(43.9157336461844,342.022800004763,0.269679402152209));
#10261=CARTESIAN_POINT('',(46.4109059357423,333.339239790653,12.0566394273906));
#10262=CARTESIAN_POINT('',(46.4206874117497,333.339239790653,12.0545603104824));
#10263=CARTESIAN_POINT('Ctrl Pts',(46.4109059357423,333.339239790653,12.0566394273906));
#10264=CARTESIAN_POINT('Ctrl Pts',(46.0514775153102,338.525007367886,10.3656616584246));
#10265=CARTESIAN_POINT('Ctrl Pts',(45.0424663930441,342.022800004763,5.61863755181256));
#10266=CARTESIAN_POINT('Ctrl Pts',(43.9059521701771,342.022800004763,0.27175851906041));
#10267=CARTESIAN_POINT('Origin',(43.5207339634879,375.179238278852,-1.5886479982962));
#10268=CARTESIAN_POINT('',(46.8769504379747,326.756360214113,14.2011090815028));
#10269=CARTESIAN_POINT('',(43.5207339634879,375.179238278852,-1.5886479982962));
#10270=CARTESIAN_POINT('',(46.8671689619674,326.756360214113,14.203188198411));
#10271=CARTESIAN_POINT('',(46.8769504379747,326.756360214113,14.2011090815028));
#10272=CARTESIAN_POINT('',(43.5109524874806,375.179238278852,-1.58656888138802));
#10273=CARTESIAN_POINT('Ctrl Pts',(49.3721227275334,318.0728,25.9880691067444));
#10274=CARTESIAN_POINT('Ctrl Pts',(49.3838604987449,318.0728,25.985574166454));
#10275=CARTESIAN_POINT('Ctrl Pts',(48.2356085046659,318.0728,20.6411900739927));
#10276=CARTESIAN_POINT('Ctrl Pts',(48.2473462758774,318.0728,20.6386951337023));
#10277=CARTESIAN_POINT('Ctrl Pts',(47.226597382399,321.570592636876,15.894165967377));
#10278=CARTESIAN_POINT('Ctrl Pts',(47.2383351536105,321.570592636876,15.8916710270866));
#10279=CARTESIAN_POINT('Ctrl Pts',(46.8671689619674,326.756360214113,14.203188198411));
#10280=CARTESIAN_POINT('Ctrl Pts',(46.878906733179,326.756360214113,14.2006932581206));
#10281=CARTESIAN_POINT('',(49.3819042035407,318.0728,25.9859899898361));
#10282=CARTESIAN_POINT('Ctrl Pts',(49.3819042035407,318.0728,25.9859899898361));
#10283=CARTESIAN_POINT('Ctrl Pts',(48.2453899806732,318.0728,20.6391109570846));
#10284=CARTESIAN_POINT('Ctrl Pts',(47.2363788584063,321.570592636876,15.8920868504688));
#10285=CARTESIAN_POINT('Ctrl Pts',(46.8769504379747,326.756360214113,14.2011090815028));
#10286=CARTESIAN_POINT('',(49.3721227275334,318.0728,25.9880691067444));
#10287=CARTESIAN_POINT('',(49.3819042035407,318.0728,25.9859899898361));
#10288=CARTESIAN_POINT('Ctrl Pts',(49.3721227275334,318.0728,25.9880691067444));
#10289=CARTESIAN_POINT('Ctrl Pts',(48.2356085046659,318.0728,20.6411900739927));
#10290=CARTESIAN_POINT('Ctrl Pts',(47.226597382399,321.570592636876,15.894165967377));
#10291=CARTESIAN_POINT('Ctrl Pts',(46.8671689619674,326.756360214113,14.203188198411));
#10292=CARTESIAN_POINT('Origin',(34.7228986673122,318.0728,-42.9792088309182));
#10293=CARTESIAN_POINT('',(51.7606885373494,318.0728,37.1772903906304));
#10294=CARTESIAN_POINT('',(34.7228986673122,318.0728,-42.9792088309182));
#10295=CARTESIAN_POINT('',(51.7509070613421,318.0728,37.1793695075386));
#10296=CARTESIAN_POINT('',(51.7606885373494,318.0728,37.1772903906304));
#10297=CARTESIAN_POINT('',(34.7131171913048,318.0728,-42.97712971401));
#10298=CARTESIAN_POINT('Origin',(52.3844236098027,318.0728,40.1117331928318));
#10299=CARTESIAN_POINT('',(52.384423609803,321.0728,40.1117331928318));
#10300=CARTESIAN_POINT('Origin',(52.3844236098027,318.0728,40.1117331928318));
#10301=CARTESIAN_POINT('',(52.3746421337957,321.0728,40.11381230974));
#10302=CARTESIAN_POINT('',(52.384423609803,321.0728,40.1117331928318));
#10303=CARTESIAN_POINT('Origin',(52.3746421337953,318.0728,40.11381230974));
#10304=CARTESIAN_POINT('Origin',(52.4,321.0728,40.1745039236228));
#10305=CARTESIAN_POINT('',(52.39,321.0728,70.9745039236228));
#10306=CARTESIAN_POINT('',(52.39,321.0728,40.2599326460467));
#10307=CARTESIAN_POINT('',(52.39,321.0728,40.1745039236228));
#10308=CARTESIAN_POINT('Origin',(51.6872,321.0728,40.2599326460467));
#10309=CARTESIAN_POINT('',(52.4,321.0728,40.2599326460467));
#10310=CARTESIAN_POINT('Origin',(51.6872,321.0728,40.2599326460467));
#10311=CARTESIAN_POINT('',(52.4,321.0728,70.9745039236228));
#10312=CARTESIAN_POINT('',(52.4,321.0728,40.1745039236228));
#10313=CARTESIAN_POINT('',(52.4,321.0728,70.9745039236228));
#10314=CARTESIAN_POINT('Origin',(52.4,341.0728,70.9745039236228));
#10315=CARTESIAN_POINT('Origin',(52.4,341.0728,70.9745039236228));
#10316=CARTESIAN_POINT('Origin',(52.39,341.0728,70.9745039236228));
#10317=CARTESIAN_POINT('Origin',(52.39,361.0728,40.1745039236228));
#10318=CARTESIAN_POINT('',(52.39,361.0728,40.2599326460467));
#10319=CARTESIAN_POINT('Origin',(51.6872,381.201392224069,40.2599326460467));
#10320=CARTESIAN_POINT('',(52.3746421337957,381.201392224069,40.11381230974));
#10321=CARTESIAN_POINT('Origin',(34.7131171913048,361.0728,-42.97712971401));
#10322=CARTESIAN_POINT('',(34.8499630990003,361.0728,-42.3333203363067));
#10323=CARTESIAN_POINT('Origin',(34.1625209652046,502.353935212239,-42.1872));
#10324=CARTESIAN_POINT('',(34.1625209652046,502.353935212239,-42.89));
#10325=CARTESIAN_POINT('Origin',(-34.8207134273856,361.0728,-42.89));
#10326=CARTESIAN_POINT('',(-34.1625209652046,361.0728,-42.89));
#10327=CARTESIAN_POINT('Origin',(-34.1625209652046,-62.7083352122392,-42.1872));
#10328=CARTESIAN_POINT('',(-34.8499630990004,-62.7083352122392,-42.3333203363065));
#10329=CARTESIAN_POINT('Origin',(-52.3924037639192,361.0728,40.1973742096131));
#10330=CARTESIAN_POINT('',(-52.3746421337956,361.0728,40.1138123097404));
#10331=CARTESIAN_POINT('Origin',(-51.6871999999999,300.957922839903,40.2599326460471));
#10332=CARTESIAN_POINT('',(-52.3899999999999,300.957922839903,40.2599326460471));
#10333=CARTESIAN_POINT('Origin',(-52.3899999999999,361.0728,40.1745039236231));
#10334=CARTESIAN_POINT('Origin',(52.4,361.0728,40.1745039236228));
#10335=CARTESIAN_POINT('',(52.4,361.0728,40.2599326460467));
#10336=CARTESIAN_POINT('Origin',(51.6872,381.201392224069,40.2599326460467));
#10337=CARTESIAN_POINT('',(52.384423609803,381.201392224069,40.1117331928318));
#10338=CARTESIAN_POINT('Origin',(34.7228986673122,361.0728,-42.9792088309182));
#10339=CARTESIAN_POINT('',(34.8597445750077,361.0728,-42.3353994532149));
#10340=CARTESIAN_POINT('Origin',(34.1625209652046,502.353935212239,-42.1872));
#10341=CARTESIAN_POINT('',(34.1625209652046,502.353935212239,-42.9));
#10342=CARTESIAN_POINT('Origin',(-34.8207134273856,361.0728,-42.9));
#10343=CARTESIAN_POINT('',(-34.1625209652046,361.0728,-42.9));
#10344=CARTESIAN_POINT('Origin',(-34.1625209652046,-62.7083352122392,-42.1872));
#10345=CARTESIAN_POINT('',(-34.8597445750077,-62.7083352122392,-42.3353994532147));
#10346=CARTESIAN_POINT('Origin',(-52.4021852399265,361.0728,40.1952950927049));
#10347=CARTESIAN_POINT('',(-52.384423609803,361.0728,40.1117331928322));
#10348=CARTESIAN_POINT('Origin',(-51.6871999999999,300.957922839903,40.2599326460471));
#10349=CARTESIAN_POINT('',(-52.3999999999999,300.957922839903,40.2599326460471));
#10350=CARTESIAN_POINT('Origin',(-52.3999999999999,361.0728,40.1745039236231));
#10351=CARTESIAN_POINT('Ctrl Pts',(45.9607678055513,68.8891208330969,9.9389060266693));
#10352=CARTESIAN_POINT('Ctrl Pts',(45.9725055767603,68.8891208330969,9.93641108637943));
#10353=CARTESIAN_POINT('Ctrl Pts',(45.998129956444,68.3500224813845,10.1146811267143));
#10354=CARTESIAN_POINT('Ctrl Pts',(46.0098677276531,68.3500224813845,10.1121861864245));
#10355=CARTESIAN_POINT('Ctrl Pts',(46.0917449409324,67.2907049560462,10.5551050014368));
#10356=CARTESIAN_POINT('Ctrl Pts',(46.1034827121415,67.2907049560462,10.552610061147));
#10357=CARTESIAN_POINT('Ctrl Pts',(46.338320132847,65.403739212637,11.7151500735687));
#10358=CARTESIAN_POINT('Ctrl Pts',(46.3500579040561,65.403739212637,11.7126551332789));
#10359=CARTESIAN_POINT('Ctrl Pts',(46.7498984231936,63.4551315823617,13.6514736907411));
#10360=CARTESIAN_POINT('Ctrl Pts',(46.7616361944027,63.4551315823617,13.6489787504512));
#10361=CARTESIAN_POINT('Ctrl Pts',(47.2643999773545,62.1933494295829,16.0720131938198));
#10362=CARTESIAN_POINT('Ctrl Pts',(47.2761377485635,62.1933494295829,16.0695182535299));
#10363=CARTESIAN_POINT('Ctrl Pts',(47.71456392561,61.6649681267056,18.1898680589848));
#10364=CARTESIAN_POINT('Ctrl Pts',(47.7263016968191,61.6649681267056,18.1873731186949));
#10365=CARTESIAN_POINT('Ctrl Pts',(47.9531099417879,61.5728014801411,19.3121388291914));
#10366=CARTESIAN_POINT('Ctrl Pts',(47.964847712997,61.5728014801411,19.3096438889015));
#10367=CARTESIAN_POINT('Ctrl Pts',(48.0712579162896,61.5728014801411,19.8679813474058));
#10368=CARTESIAN_POINT('Ctrl Pts',(48.0829956874986,61.5728014801411,19.8654864071159));
#10369=CARTESIAN_POINT('',(48.081039392297,61.5728014801409,19.8659022304977));
#10370=CARTESIAN_POINT('',(48.0712579162896,61.5728014801408,19.8679813474059));
#10371=CARTESIAN_POINT('',(48.081039392297,61.5728014801409,19.8659022304977));
#10372=CARTESIAN_POINT('',(45.9705492815586,68.8891208330968,9.93682690976116));
#10373=CARTESIAN_POINT('Ctrl Pts',(48.081039392297,61.5728014801409,19.8659022304977));
#10374=CARTESIAN_POINT('Ctrl Pts',(47.962891417795,61.5728014801411,19.3100597122833));
#10375=CARTESIAN_POINT('Ctrl Pts',(47.7243454016171,61.6649681267056,18.1877889420767));
#10376=CARTESIAN_POINT('Ctrl Pts',(47.2741814533616,62.1933494295829,16.0699340769117));
#10377=CARTESIAN_POINT('Ctrl Pts',(46.7596798992007,63.4551315823617,13.649394573833));
#10378=CARTESIAN_POINT('Ctrl Pts',(46.3481016088541,65.403739212637,11.7130709566606));
#10379=CARTESIAN_POINT('Ctrl Pts',(46.1015264169395,67.2907049560462,10.5530258845287));
#10380=CARTESIAN_POINT('Ctrl Pts',(46.0079114324511,68.3500224813845,10.1126020098062));
#10381=CARTESIAN_POINT('Ctrl Pts',(45.9705492815586,68.8891208330968,9.93682690976116));
#10382=CARTESIAN_POINT('',(45.9607678055513,68.8891208330967,9.93890602666936));
#10383=CARTESIAN_POINT('',(45.9705492815586,68.8891208330968,9.93682690976116));
#10384=CARTESIAN_POINT('Ctrl Pts',(48.0712579162896,61.5728014801408,19.8679813474059));
#10385=CARTESIAN_POINT('Ctrl Pts',(47.9531099417877,61.5728014801411,19.3121388291914));
#10386=CARTESIAN_POINT('Ctrl Pts',(47.7145639256098,61.6649681267056,18.1898680589849));
#10387=CARTESIAN_POINT('Ctrl Pts',(47.2643999773542,62.1933494295829,16.0720131938198));
#10388=CARTESIAN_POINT('Ctrl Pts',(46.7498984231934,63.4551315823617,13.6514736907412));
#10389=CARTESIAN_POINT('Ctrl Pts',(46.3383201328468,65.403739212637,11.7151500735688));
#10390=CARTESIAN_POINT('Ctrl Pts',(46.0917449409322,67.2907049560462,10.5551050014369));
#10391=CARTESIAN_POINT('Ctrl Pts',(45.9981299564438,68.3500224813845,10.1146811267144));
#10392=CARTESIAN_POINT('Ctrl Pts',(45.9607678055513,68.8891208330967,9.93890602666936));
#10393=CARTESIAN_POINT('Origin',(26.6210259451127,348.083329085303,-81.0955231829411));
#10394=CARTESIAN_POINT('',(44.5242532265307,89.757721829651,3.13253894205677));
#10395=CARTESIAN_POINT('',(26.6210259451127,348.083329085303,-81.0955231829411));
#10396=CARTESIAN_POINT('',(44.5144717505234,89.7577218296509,3.13461805896498));
#10397=CARTESIAN_POINT('',(44.5242532265307,89.757721829651,3.13253894205677));
#10398=CARTESIAN_POINT('',(26.6112444691054,348.083329085303,-81.0934440660329));
#10399=CARTESIAN_POINT('Ctrl Pts',(41.6150133738537,99.8091138387279,-10.5062611210951));
#10400=CARTESIAN_POINT('Ctrl Pts',(41.6267511450631,99.8091138387279,-10.508756061385));
#10401=CARTESIAN_POINT('Ctrl Pts',(41.7772186398948,99.8091138387282,-9.74314534256194));
#10402=CARTESIAN_POINT('Ctrl Pts',(41.7889564111042,99.8091138387282,-9.74564028285186));
#10403=CARTESIAN_POINT('Ctrl Pts',(42.1044609136161,99.6826986382351,-8.20359148851848));
#10404=CARTESIAN_POINT('Ctrl Pts',(42.1161986848255,99.6826986382351,-8.2060864288084));
#10405=CARTESIAN_POINT('Ctrl Pts',(42.7240202985108,98.9556794055753,-5.28879375173312));
#10406=CARTESIAN_POINT('Ctrl Pts',(42.7357580697201,98.9556794055753,-5.29128869202305));
#10407=CARTESIAN_POINT('Ctrl Pts',(43.4302801104864,97.2227157329176,-1.96610257519773));
#10408=CARTESIAN_POINT('Ctrl Pts',(43.4420178816958,97.2227157329176,-1.96859751548766));
#10409=CARTESIAN_POINT('Ctrl Pts',(43.9954352834334,94.5481353889059,0.692743467976502));
#10410=CARTESIAN_POINT('Ctrl Pts',(44.0071730546428,94.5481353889059,0.690248527686573));
#10411=CARTESIAN_POINT('Ctrl Pts',(44.3347584610334,91.9510494701161,2.28913350615723));
#10412=CARTESIAN_POINT('Ctrl Pts',(44.3464962322427,91.9510494701161,2.2866385658673));
#10413=CARTESIAN_POINT('Ctrl Pts',(44.4631772814392,90.4978495544862,2.89329655526227));
#10414=CARTESIAN_POINT('Ctrl Pts',(44.4749150526486,90.4978495544862,2.89080161497234));
#10415=CARTESIAN_POINT('Ctrl Pts',(44.5144717505233,89.7577218296511,3.13461805896494));
#10416=CARTESIAN_POINT('Ctrl Pts',(44.5262095217326,89.7577218296511,3.13212311867501));
#10417=CARTESIAN_POINT('',(41.624794849861,99.8091138387278,-10.5083402380033));
#10418=CARTESIAN_POINT('Ctrl Pts',(44.5242532265307,89.757721829651,3.13253894205677));
#10419=CARTESIAN_POINT('Ctrl Pts',(44.4729587574464,90.4978495544862,2.89121743835413));
#10420=CARTESIAN_POINT('Ctrl Pts',(44.3445399370406,91.9510494701161,2.28705438924908));
#10421=CARTESIAN_POINT('Ctrl Pts',(44.0052167594406,94.5481353889059,0.690664351068355));
#10422=CARTESIAN_POINT('Ctrl Pts',(43.4400615864936,97.2227157329176,-1.96818169210588));
#10423=CARTESIAN_POINT('Ctrl Pts',(42.7338017745179,98.9556794055753,-5.29087286864127));
#10424=CARTESIAN_POINT('Ctrl Pts',(42.1142423896233,99.6826986382351,-8.20567060542663));
#10425=CARTESIAN_POINT('Ctrl Pts',(41.787000115902,99.8091138387282,-9.74522445947008));
#10426=CARTESIAN_POINT('Ctrl Pts',(41.624794849861,99.8091138387278,-10.5083402380033));
#10427=CARTESIAN_POINT('',(41.6150133738537,99.8091138387277,-10.5062611210951));
#10428=CARTESIAN_POINT('',(41.624794849861,99.8091138387278,-10.5083402380033));
#10429=CARTESIAN_POINT('Ctrl Pts',(44.5144717505234,89.7577218296509,3.13461805896498));
#10430=CARTESIAN_POINT('Ctrl Pts',(44.4631772814391,90.4978495544862,2.8932965552623));
#10431=CARTESIAN_POINT('Ctrl Pts',(44.3347584610332,91.9510494701161,2.28913350615726));
#10432=CARTESIAN_POINT('Ctrl Pts',(43.9954352834333,94.5481353889059,0.692743467976533));
#10433=CARTESIAN_POINT('Ctrl Pts',(43.4302801104863,97.2227157329176,-1.9661025751977));
#10434=CARTESIAN_POINT('Ctrl Pts',(42.7240202985106,98.9556794055753,-5.28879375173309));
#10435=CARTESIAN_POINT('Ctrl Pts',(42.104460913616,99.6826986382351,-8.20359148851845));
#10436=CARTESIAN_POINT('Ctrl Pts',(41.7772186398947,99.8091138387282,-9.74314534256191));
#10437=CARTESIAN_POINT('Ctrl Pts',(41.6150133738537,99.8091138387277,-10.5062611210951));
#10438=CARTESIAN_POINT('Origin',(-52.4021852399265,99.809113838728,40.1952950927049));
#10439=CARTESIAN_POINT('',(-34.8499630990004,99.8091138387281,-42.3333203363065));
#10440=CARTESIAN_POINT('',(-41.5672717925819,99.8091138387277,-10.73086760182));
#10441=CARTESIAN_POINT('',(-52.3924037639192,99.809113838728,40.1973742096131));
#10442=CARTESIAN_POINT('',(-34.1625209652046,99.8091138387283,-42.89));
#10443=CARTESIAN_POINT('Origin',(-34.1625209652046,99.8091138387282,-42.1872));
#10444=CARTESIAN_POINT('',(34.1625209652046,99.8091138387281,-42.89));
#10445=CARTESIAN_POINT('',(-34.8207134273856,99.8091138387282,-42.89));
#10446=CARTESIAN_POINT('',(34.8499630990003,99.8091138387278,-42.3333203363067));
#10447=CARTESIAN_POINT('Origin',(34.1625209652046,99.8091138387279,-42.1872));
#10448=CARTESIAN_POINT('',(34.7131171913048,99.8091138387277,-42.97712971401));
#10449=CARTESIAN_POINT('',(34.8597445750077,99.8091138387279,-42.3353994532149));
#10450=CARTESIAN_POINT('',(34.7228986673122,99.8091138387278,-42.9792088309182));
#10451=CARTESIAN_POINT('',(34.1625209652046,99.8091138387281,-42.9));
#10452=CARTESIAN_POINT('Origin',(34.1625209652046,99.8091138387281,-42.1872));
#10453=CARTESIAN_POINT('',(-34.1625209652046,99.8091138387282,-42.9));
#10454=CARTESIAN_POINT('',(-34.8207134273856,99.8091138387282,-42.9));
#10455=CARTESIAN_POINT('',(-34.8597445750077,99.8091138387281,-42.3353994532147));
#10456=CARTESIAN_POINT('Origin',(-34.1625209652046,99.8091138387281,-42.1872));
#10457=CARTESIAN_POINT('',(-41.5770532685892,99.8091138387278,-10.7329467187282));
#10458=CARTESIAN_POINT('',(-52.4021852399265,99.809113838728,40.1952950927049));
#10459=CARTESIAN_POINT('',(-41.5770532685892,99.8091138387278,-10.7329467187282));
#10460=CARTESIAN_POINT('Ctrl Pts',(-44.4667307822629,89.7577129844805,2.91001446223348));
#10461=CARTESIAN_POINT('Ctrl Pts',(-44.4784685534736,89.7577129844805,2.90751952194325));
#10462=CARTESIAN_POINT('Ctrl Pts',(-44.4154363837463,90.4978412558602,2.66869329052494));
#10463=CARTESIAN_POINT('Ctrl Pts',(-44.4271741549571,90.4978412558602,2.66619835023471));
#10464=CARTESIAN_POINT('Ctrl Pts',(-44.2870176729638,91.9510423206133,2.06453075715687));
#10465=CARTESIAN_POINT('Ctrl Pts',(-44.2987554441745,91.9510423206133,2.06203581686665));
#10466=CARTESIAN_POINT('Ctrl Pts',(-43.9476945966185,94.548130391581,0.46814119534179));
#10467=CARTESIAN_POINT('Ctrl Pts',(-43.9594323678293,94.548130391581,0.465646255051563));
#10468=CARTESIAN_POINT('Ctrl Pts',(-43.3825393557483,97.2227131497273,-2.19070516738633));
#10469=CARTESIAN_POINT('Ctrl Pts',(-43.394277126959,97.2227131497273,-2.19320010767655));
#10470=CARTESIAN_POINT('Ctrl Pts',(-42.6762792746512,98.9556785234254,-5.51339761003908));
#10471=CARTESIAN_POINT('Ctrl Pts',(-42.6880170458619,98.9556785234254,-5.5158925503293));
#10472=CARTESIAN_POINT('Ctrl Pts',(-42.0567195931489,99.6826985035298,-8.42819674225423));
#10473=CARTESIAN_POINT('Ctrl Pts',(-42.0684573643596,99.6826985035298,-8.43069168254446));
#10474=CARTESIAN_POINT('Ctrl Pts',(-41.7294771441089,99.8091138387279,-9.96775142110728));
#10475=CARTESIAN_POINT('Ctrl Pts',(-41.7412149153197,99.8091138387279,-9.97024636139751));
#10476=CARTESIAN_POINT('Ctrl Pts',(-41.5672717925819,99.8091138387279,-10.73086760182));
#10477=CARTESIAN_POINT('Ctrl Pts',(-41.5790095637927,99.8091138387279,-10.7333625421102));
#10478=CARTESIAN_POINT('',(-44.4765122582706,89.7577129844804,2.90793534532521));
#10479=CARTESIAN_POINT('Ctrl Pts',(-41.5770532685892,99.8091138387278,-10.7329467187282));
#10480=CARTESIAN_POINT('Ctrl Pts',(-41.7392586201177,99.8091138387279,-9.96983053801578));
#10481=CARTESIAN_POINT('Ctrl Pts',(-42.0665010691577,99.6826985035298,-8.43027585916272));
#10482=CARTESIAN_POINT('Ctrl Pts',(-42.68606075066,98.9556785234254,-5.51547672694757));
#10483=CARTESIAN_POINT('Ctrl Pts',(-43.3923208317571,97.2227131497273,-2.19278428429482));
#10484=CARTESIAN_POINT('Ctrl Pts',(-43.9574760726273,94.548130391581,0.466062078433298));
#10485=CARTESIAN_POINT('Ctrl Pts',(-44.2967991489726,91.9510423206133,2.06245164024838));
#10486=CARTESIAN_POINT('Ctrl Pts',(-44.4252178597551,90.4978412558602,2.66661417361644));
#10487=CARTESIAN_POINT('Ctrl Pts',(-44.4765122582706,89.7577129844804,2.90793534532521));
#10488=CARTESIAN_POINT('',(-44.4667307822632,89.7577129844803,2.91001446223337));
#10489=CARTESIAN_POINT('',(-44.4765122582706,89.7577129844804,2.90793534532521));
#10490=CARTESIAN_POINT('Ctrl Pts',(-41.5672717925819,99.8091138387277,-10.73086760182));
#10491=CARTESIAN_POINT('Ctrl Pts',(-41.7294771441104,99.8091138387279,-9.9677514211076));
#10492=CARTESIAN_POINT('Ctrl Pts',(-42.0567195931503,99.6826985035298,-8.42819674225454));
#10493=CARTESIAN_POINT('Ctrl Pts',(-42.6762792746527,98.9556785234254,-5.51339761003939));
#10494=CARTESIAN_POINT('Ctrl Pts',(-43.3825393557498,97.2227131497273,-2.19070516738664));
#10495=CARTESIAN_POINT('Ctrl Pts',(-43.94769459662,94.548130391581,0.468141195341475));
#10496=CARTESIAN_POINT('Ctrl Pts',(-44.2870176729653,91.9510423206133,2.06453075715656));
#10497=CARTESIAN_POINT('Ctrl Pts',(-44.4154363837478,90.4978412558602,2.66869329052462));
#10498=CARTESIAN_POINT('Ctrl Pts',(-44.4667307822632,89.7577129844803,2.91001446223337));
#10499=CARTESIAN_POINT('Origin',(-28.3460584163703,322.504470210288,-72.9798834788338));
#10500=CARTESIAN_POINT('',(-45.9228041963526,68.8891272714106,9.71220394432193));
#10501=CARTESIAN_POINT('',(-28.3460584163703,322.504470210288,-72.9798834788338));
#10502=CARTESIAN_POINT('',(-45.9130227203452,68.8891272714104,9.71428306123009));
#10503=CARTESIAN_POINT('',(-45.9228041963526,68.8891272714106,9.71220394432193));
#10504=CARTESIAN_POINT('',(-28.336276940363,322.504470210288,-72.9778043619256));
#10505=CARTESIAN_POINT('Ctrl Pts',(-48.0235132772897,61.5728014801366,19.6433604812027));
#10506=CARTESIAN_POINT('Ctrl Pts',(-48.0352510484996,61.5728014801366,19.6408655409126));
#10507=CARTESIAN_POINT('Ctrl Pts',(-47.9053652403597,61.5728014801366,19.0875176692861));
#10508=CARTESIAN_POINT('Ctrl Pts',(-47.9171030115696,61.5728014801366,19.0850227289961));
#10509=CARTESIAN_POINT('Ctrl Pts',(-47.6668190956865,61.6649682252126,17.9652462945563));
#10510=CARTESIAN_POINT('Ctrl Pts',(-47.6785568668964,61.6649682252126,17.9627513542663));
#10511=CARTESIAN_POINT('Ctrl Pts',(-47.2166549335495,62.1933500696837,15.8473904231582));
#10512=CARTESIAN_POINT('Ctrl Pts',(-47.2283927047594,62.1933500696837,15.8448954828682));
#10513=CARTESIAN_POINT('Ctrl Pts',(-46.7021531824194,63.4551334618454,13.4268499934116));
#10514=CARTESIAN_POINT('Ctrl Pts',(-46.7138909536293,63.4551334618454,13.4243550531216));
#10515=CARTESIAN_POINT('Ctrl Pts',(-46.2905748422902,65.4037428545138,11.49052614203));
#10516=CARTESIAN_POINT('Ctrl Pts',(-46.3023126135,65.4037428545138,11.4880312017399));
#10517=CARTESIAN_POINT('Ctrl Pts',(-46.0439997247494,67.2907101547839,10.3304814197991));
#10518=CARTESIAN_POINT('Ctrl Pts',(-46.0557374959592,67.2907101547839,10.3279864795091));
#10519=CARTESIAN_POINT('Ctrl Pts',(-45.9503848198887,68.350028520866,9.89005791969566));
#10520=CARTESIAN_POINT('Ctrl Pts',(-45.9621225910986,68.350028520866,9.88756297940562));
#10521=CARTESIAN_POINT('Ctrl Pts',(-45.9130227203452,68.8891272714107,9.71428306123012));
#10522=CARTESIAN_POINT('Ctrl Pts',(-45.9247604915551,68.8891272714107,9.71178812094008));
#10523=CARTESIAN_POINT('',(-48.0332947532973,61.5728014801366,19.6412813642944));
#10524=CARTESIAN_POINT('Ctrl Pts',(-45.9228041963526,68.8891272714106,9.71220394432193));
#10525=CARTESIAN_POINT('Ctrl Pts',(-45.9601662958969,68.350028520866,9.88797880278729));
#10526=CARTESIAN_POINT('Ctrl Pts',(-46.0537812007576,67.2907101547839,10.3284023028908));
#10527=CARTESIAN_POINT('Ctrl Pts',(-46.3003563182984,65.4037428545138,11.4884470251216));
#10528=CARTESIAN_POINT('Ctrl Pts',(-46.7119346584277,63.4551334618454,13.4247708765032));
#10529=CARTESIAN_POINT('Ctrl Pts',(-47.2264364095578,62.1933500696837,15.8453113062498));
#10530=CARTESIAN_POINT('Ctrl Pts',(-47.6766005716947,61.6649682252126,17.9631671776479));
#10531=CARTESIAN_POINT('Ctrl Pts',(-47.915146716368,61.5728014801366,19.0854385523778));
#10532=CARTESIAN_POINT('Ctrl Pts',(-48.0332947532973,61.5728014801366,19.6412813642944));
#10533=CARTESIAN_POINT('',(-48.02351327729,61.5728014801364,19.6433604812026));
#10534=CARTESIAN_POINT('',(-48.0332947532973,61.5728014801366,19.6412813642944));
#10535=CARTESIAN_POINT('Ctrl Pts',(-45.9130227203452,68.8891272714104,9.71428306123009));
#10536=CARTESIAN_POINT('Ctrl Pts',(-45.9503848198896,68.350028520866,9.89005791969547));
#10537=CARTESIAN_POINT('Ctrl Pts',(-46.0439997247503,67.2907101547839,10.330481419799));
#10538=CARTESIAN_POINT('Ctrl Pts',(-46.2905748422911,65.4037428545138,11.4905261420298));
#10539=CARTESIAN_POINT('Ctrl Pts',(-46.7021531824203,63.4551334618454,13.4268499934114));
#10540=CARTESIAN_POINT('Ctrl Pts',(-47.2166549335504,62.1933500696837,15.847390423158));
#10541=CARTESIAN_POINT('Ctrl Pts',(-47.6668190956874,61.6649682252126,17.9652462945561));
#10542=CARTESIAN_POINT('Ctrl Pts',(-47.9053652403606,61.5728014801366,19.087517669286));
#10543=CARTESIAN_POINT('Ctrl Pts',(-48.02351327729,61.5728014801364,19.6433604812026));
#10544=CARTESIAN_POINT('Origin',(-52.4021852399265,61.5728014801366,40.1952950927049));
#10545=CARTESIAN_POINT('',(-53.1121145276651,61.5728014801366,43.5352497954005));
#10546=CARTESIAN_POINT('',(-52.4021852399265,61.5728014801366,40.1952950927049));
#10547=CARTESIAN_POINT('',(-53.1023330516578,61.5728014801364,43.5373289123086));
#10548=CARTESIAN_POINT('',(-53.1121145276651,61.5728014801366,43.5352497954005));
#10549=CARTESIAN_POINT('',(-52.3924037639192,61.5728014801364,40.1973742096131));
#10550=CARTESIAN_POINT('Origin',(-53.1121145276651,361.0728,43.5352497954005));
#10551=CARTESIAN_POINT('',(-53.1121145276651,59.5728014801366,43.5352497954005));
#10552=CARTESIAN_POINT('',(-53.1121145276651,361.0728,43.5352497954005));
#10553=CARTESIAN_POINT('',(-53.1023330516578,59.5728014801364,43.5373289123086));
#10554=CARTESIAN_POINT('',(-53.1121145276651,59.5728014801366,43.5352497954005));
#10555=CARTESIAN_POINT('',(-53.1023330516578,361.0728,43.5373289123086));
#10556=CARTESIAN_POINT('Origin',(-52.4021852399265,59.5728014801365,40.1952950927049));
#10557=CARTESIAN_POINT('',(-48.0332947532973,59.5728014801365,19.6412813642944));
#10558=CARTESIAN_POINT('',(-52.4021852399265,59.5728014801365,40.1952950927049));
#10559=CARTESIAN_POINT('',(-48.02351327729,59.5728014801364,19.6433604812026));
#10560=CARTESIAN_POINT('',(-48.0332947532973,59.5728014801365,19.6412813642944));
#10561=CARTESIAN_POINT('',(-52.3924037639192,59.5728014801364,40.1973742096131));
#10562=CARTESIAN_POINT('Ctrl Pts',(-45.5185385039769,68.2566648028954,7.85838073918939));
#10563=CARTESIAN_POINT('Ctrl Pts',(-45.5302762751868,68.2566648028954,7.85588579889934));
#10564=CARTESIAN_POINT('Ctrl Pts',(-45.8779475314678,63.0707421694816,9.54926727153724));
#10565=CARTESIAN_POINT('Ctrl Pts',(-45.8896853026777,63.0707421694816,9.54677233124719));
#10566=CARTESIAN_POINT('Ctrl Pts',(-46.8869746038296,59.5728014801366,14.2963664174503));
#10567=CARTESIAN_POINT('Ctrl Pts',(-46.8987123750395,59.5728014801366,14.2938714771603));
#10568=CARTESIAN_POINT('Ctrl Pts',(-48.02351327729,59.5728014801364,19.6433604812026));
#10569=CARTESIAN_POINT('Ctrl Pts',(-48.0352510484999,59.5728014801364,19.6408655409125));
#10570=CARTESIAN_POINT('',(-45.5283199799842,68.2566648028956,7.85630162228123));
#10571=CARTESIAN_POINT('Ctrl Pts',(-45.5283199799842,68.2566648028956,7.85630162228123));
#10572=CARTESIAN_POINT('Ctrl Pts',(-45.8877290074751,63.0707421694816,9.54718815462907));
#10573=CARTESIAN_POINT('Ctrl Pts',(-46.8967560798369,59.5728014801366,14.2942873005421));
#10574=CARTESIAN_POINT('Ctrl Pts',(-48.0332947532973,59.5728014801365,19.6412813642944));
#10575=CARTESIAN_POINT('',(-45.5185385039769,68.2566648028954,7.85838073918939));
#10576=CARTESIAN_POINT('',(-45.5283199799842,68.2566648028956,7.85630162228123));
#10577=CARTESIAN_POINT('Ctrl Pts',(-45.5185385039769,68.2566648028954,7.85838073918939));
#10578=CARTESIAN_POINT('Ctrl Pts',(-45.8779475314678,63.0707421694816,9.54926727153724));
#10579=CARTESIAN_POINT('Ctrl Pts',(-46.8869746038296,59.5728014801366,14.2963664174503));
#10580=CARTESIAN_POINT('Ctrl Pts',(-48.02351327729,59.5728014801364,19.6433604812026));
#10581=CARTESIAN_POINT('Origin',(-27.951574200002,321.872007741773,-74.8357858008745));
#10582=CARTESIAN_POINT('',(-44.0820280419022,89.1252505159657,1.05203302328439));
#10583=CARTESIAN_POINT('',(-27.951574200002,321.872007741773,-74.8357858008745));
#10584=CARTESIAN_POINT('',(-44.0722465658949,89.1252505159655,1.05411214019255));
#10585=CARTESIAN_POINT('',(-44.0820280419022,89.1252505159657,1.05203302328439));
#10586=CARTESIAN_POINT('',(-27.9417927239946,321.872007741773,-74.8337066839663));
#10587=CARTESIAN_POINT('Ctrl Pts',(-41.5672717925819,97.8091138387279,-10.73086760182));
#10588=CARTESIAN_POINT('Ctrl Pts',(-41.5790095637926,97.8091138387279,-10.7333625421102));
#10589=CARTESIAN_POINT('Ctrl Pts',(-42.7038104660429,97.8091138387279,-5.38387353806784));
#10590=CARTESIAN_POINT('Ctrl Pts',(-42.7155482372536,97.8091138387279,-5.38636847835806));
#10591=CARTESIAN_POINT('Ctrl Pts',(-43.7128375384047,94.3111731493797,-0.63677439215444));
#10592=CARTESIAN_POINT('Ctrl Pts',(-43.7245753096155,94.3111731493797,-0.639269332444664));
#10593=CARTESIAN_POINT('Ctrl Pts',(-44.0722465658945,89.1252505159657,1.05411214019266));
#10594=CARTESIAN_POINT('Ctrl Pts',(-44.0839843371053,89.1252505159657,1.05161719990244));
#10595=CARTESIAN_POINT('',(-41.5770532685892,97.8091138387279,-10.7329467187282));
#10596=CARTESIAN_POINT('Ctrl Pts',(-41.5770532685892,97.8091138387279,-10.7329467187282));
#10597=CARTESIAN_POINT('Ctrl Pts',(-42.7135919420517,97.8091138387279,-5.38595265497633));
#10598=CARTESIAN_POINT('Ctrl Pts',(-43.7226190144136,94.3111731493797,-0.638853509062932));
#10599=CARTESIAN_POINT('Ctrl Pts',(-44.0820280419022,89.1252505159657,1.05203302328439));
#10600=CARTESIAN_POINT('',(-41.5672717925819,97.8091138387278,-10.73086760182));
#10601=CARTESIAN_POINT('',(-41.5770532685892,97.8091138387279,-10.7329467187282));
#10602=CARTESIAN_POINT('Ctrl Pts',(-41.5672717925819,97.8091138387279,-10.73086760182));
#10603=CARTESIAN_POINT('Ctrl Pts',(-42.7038104660429,97.8091138387279,-5.38387353806784));
#10604=CARTESIAN_POINT('Ctrl Pts',(-43.7128375384047,94.3111731493797,-0.63677439215444));
#10605=CARTESIAN_POINT('Ctrl Pts',(-44.0722465658945,89.1252505159657,1.05411214019266));
#10606=CARTESIAN_POINT('Origin',(34.7228986673122,97.8091138387278,-42.9792088309182));
#10607=CARTESIAN_POINT('',(41.6150133738538,97.8091138387277,-10.5062611210944));
#10608=CARTESIAN_POINT('',(34.8499630990004,97.8091138387279,-42.3333203363067));
#10609=CARTESIAN_POINT('',(34.7131171913048,97.8091138387277,-42.97712971401));
#10610=CARTESIAN_POINT('',(34.1625209652046,97.8091138387282,-42.89));
#10611=CARTESIAN_POINT('Origin',(34.1625209652046,97.8091138387281,-42.1872));
#10612=CARTESIAN_POINT('',(-34.1625209652046,97.8091138387282,-42.89));
#10613=CARTESIAN_POINT('',(-34.8207134273856,97.8091138387282,-42.89));
#10614=CARTESIAN_POINT('',(-34.8499630990003,97.809113838728,-42.3333203363065));
#10615=CARTESIAN_POINT('Origin',(-34.1625209652046,97.8091138387281,-42.1872));
#10616=CARTESIAN_POINT('',(-52.3924037639192,97.809113838728,40.1973742096131));
#10617=CARTESIAN_POINT('',(-34.8597445750077,97.8091138387281,-42.3353994532147));
#10618=CARTESIAN_POINT('',(-52.4021852399265,97.809113838728,40.1952950927049));
#10619=CARTESIAN_POINT('',(-34.1625209652046,97.8091138387282,-42.9));
#10620=CARTESIAN_POINT('Origin',(-34.1625209652046,97.8091138387281,-42.1872));
#10621=CARTESIAN_POINT('',(34.1625209652046,97.8091138387281,-42.9));
#10622=CARTESIAN_POINT('',(-34.8207134273856,97.8091138387282,-42.9));
#10623=CARTESIAN_POINT('',(34.8597445750077,97.8091138387279,-42.3353994532149));
#10624=CARTESIAN_POINT('Origin',(34.1625209652046,97.8091138387281,-42.1872));
#10625=CARTESIAN_POINT('',(41.6247948498612,97.8091138387278,-10.5083402380026));
#10626=CARTESIAN_POINT('',(34.7228986673122,97.8091138387278,-42.9792088309182));
#10627=CARTESIAN_POINT('',(41.6247948498612,97.8091138387278,-10.5083402380026));
#10628=CARTESIAN_POINT('Ctrl Pts',(44.119987617558,89.1252581577122,1.27871612930478));
#10629=CARTESIAN_POINT('Ctrl Pts',(44.1317253887669,89.1252581577122,1.27622118901495));
#10630=CARTESIAN_POINT('Ctrl Pts',(43.7605781011333,94.3111768819977,-0.412172703299306));
#10631=CARTESIAN_POINT('Ctrl Pts',(43.7723158723422,94.3111768819977,-0.414667643589135));
#10632=CARTESIAN_POINT('Ctrl Pts',(42.751551430887,97.8091138387298,-5.15926995740727));
#10633=CARTESIAN_POINT('Ctrl Pts',(42.7632892020958,97.8091138387298,-5.1617648976971));
#10634=CARTESIAN_POINT('Ctrl Pts',(41.6150133738538,97.8091138387277,-10.5062611210944));
#10635=CARTESIAN_POINT('Ctrl Pts',(41.6267511450627,97.8091138387277,-10.5087560613842));
#10636=CARTESIAN_POINT('',(44.1297690935654,89.1252581577123,1.27663701239658));
#10637=CARTESIAN_POINT('Ctrl Pts',(44.1297690935654,89.1252581577123,1.27663701239658));
#10638=CARTESIAN_POINT('Ctrl Pts',(43.7703595771406,94.3111768819977,-0.414251820207483));
#10639=CARTESIAN_POINT('Ctrl Pts',(42.7613329068943,97.8091138387298,-5.16134907431545));
#10640=CARTESIAN_POINT('Ctrl Pts',(41.6247948498612,97.8091138387278,-10.5083402380026));
#10641=CARTESIAN_POINT('',(44.119987617558,89.1252581577122,1.27871612930478));
#10642=CARTESIAN_POINT('',(44.1297690935654,89.1252581577123,1.27663701239658));
#10643=CARTESIAN_POINT('Ctrl Pts',(44.119987617558,89.1252581577122,1.27871612930478));
#10644=CARTESIAN_POINT('Ctrl Pts',(43.7605781011333,94.3111768819977,-0.412172703299306));
#10645=CARTESIAN_POINT('Ctrl Pts',(42.751551430887,97.8091138387298,-5.15926995740727));
#10646=CARTESIAN_POINT('Ctrl Pts',(41.6150133738538,97.8091138387277,-10.5062611210944));
#10647=CARTESIAN_POINT('Origin',(26.2265418121474,347.450865413364,-82.9514251126012));
#10648=CARTESIAN_POINT('',(45.5760651485933,68.2566571611576,8.08092498010113));
#10649=CARTESIAN_POINT('',(26.2265418121474,347.450865413364,-82.9514251126012));
#10650=CARTESIAN_POINT('',(45.566283672586,68.2566571611575,8.08300409700934));
#10651=CARTESIAN_POINT('',(45.5760651485933,68.2566571611576,8.08092498010113));
#10652=CARTESIAN_POINT('',(26.2167603361401,347.450865413364,-82.9493459956931));
#10653=CARTESIAN_POINT('Ctrl Pts',(48.0712579162896,59.5728014801411,19.8679813474058));
#10654=CARTESIAN_POINT('Ctrl Pts',(48.0829956874984,59.5728014801411,19.865486407116));
#10655=CARTESIAN_POINT('Ctrl Pts',(46.9347198592571,59.5728014801411,14.5209901837225));
#10656=CARTESIAN_POINT('Ctrl Pts',(46.946457630466,59.5728014801411,14.5184952434327));
#10657=CARTESIAN_POINT('Ctrl Pts',(45.9256931890109,63.0707384368716,9.77389292961515));
#10658=CARTESIAN_POINT('Ctrl Pts',(45.9374309602198,63.0707384368716,9.77139798932533));
#10659=CARTESIAN_POINT('Ctrl Pts',(45.566283672586,68.2566571611577,8.08300409700928));
#10660=CARTESIAN_POINT('Ctrl Pts',(45.5780214437948,68.2566571611577,8.08050915671945));
#10661=CARTESIAN_POINT('',(48.081039392297,59.5728014801409,19.8659022304977));
#10662=CARTESIAN_POINT('Ctrl Pts',(48.081039392297,59.5728014801409,19.8659022304977));
#10663=CARTESIAN_POINT('Ctrl Pts',(46.9445013352642,59.5728014801411,14.5189110668144));
#10664=CARTESIAN_POINT('Ctrl Pts',(45.935474665018,63.0707384368716,9.77181381270702));
#10665=CARTESIAN_POINT('Ctrl Pts',(45.5760651485933,68.2566571611576,8.08092498010113));
#10666=CARTESIAN_POINT('',(48.0712579162896,59.5728014801408,19.8679813474059));
#10667=CARTESIAN_POINT('',(48.081039392297,59.5728014801409,19.8659022304977));
#10668=CARTESIAN_POINT('Ctrl Pts',(48.0712579162896,59.5728014801411,19.8679813474058));
#10669=CARTESIAN_POINT('Ctrl Pts',(46.9347198592571,59.5728014801411,14.5209901837225));
#10670=CARTESIAN_POINT('Ctrl Pts',(45.9256931890109,63.0707384368716,9.77389292961515));
#10671=CARTESIAN_POINT('Ctrl Pts',(45.566283672586,68.2566571611577,8.08300409700928));
#10672=CARTESIAN_POINT('Origin',(34.7228986673122,59.5728014801409,-42.9792088309182));
#10673=CARTESIAN_POINT('',(53.1121145276652,59.5728014801409,43.5352497954001));
#10674=CARTESIAN_POINT('',(34.7228986673122,59.5728014801409,-42.9792088309182));
#10675=CARTESIAN_POINT('',(53.1023330516578,59.5728014801408,43.5373289123083));
#10676=CARTESIAN_POINT('',(53.1121145276652,59.5728014801409,43.5352497954001));
#10677=CARTESIAN_POINT('',(34.7131171913048,59.5728014801408,-42.97712971401));
#10678=CARTESIAN_POINT('Origin',(53.1121145276652,361.0728,43.5352497954001));
#10679=CARTESIAN_POINT('',(53.1121145276652,61.5728014801409,43.5352497954001));
#10680=CARTESIAN_POINT('',(53.1121145276652,361.0728,43.5352497954001));
#10681=CARTESIAN_POINT('',(53.1023330516578,61.5728014801408,43.5373289123083));
#10682=CARTESIAN_POINT('',(53.1121145276652,61.5728014801409,43.5352497954001));
#10683=CARTESIAN_POINT('',(53.1023330516578,361.0728,43.5373289123083));
#10684=CARTESIAN_POINT('Origin',(34.7228986673122,61.5728014801409,-42.9792088309182));
#10685=CARTESIAN_POINT('',(34.7228986673122,61.5728014801409,-42.9792088309182));
#10686=CARTESIAN_POINT('',(34.7131171913048,61.5728014801408,-42.97712971401));
#10687=CARTESIAN_POINT('Origin',(34.7131171913048,361.0728,-42.97712971401));
#10688=CARTESIAN_POINT('',(34.8499630990003,361.0728,-42.3333203363067));
#10689=CARTESIAN_POINT('Origin',(34.1625209652046,502.353935212239,-42.1872));
#10690=CARTESIAN_POINT('',(34.1625209652046,502.353935212239,-42.89));
#10691=CARTESIAN_POINT('Origin',(-34.8207134273856,361.0728,-42.89));
#10692=CARTESIAN_POINT('',(-34.1625209652046,361.0728,-42.89));
#10693=CARTESIAN_POINT('Origin',(-34.1625209652046,-62.7083352122392,-42.1872));
#10694=CARTESIAN_POINT('',(-34.8499630990004,-62.7083352122392,-42.3333203363065));
#10695=CARTESIAN_POINT('Origin',(-52.3924037639192,361.0728,40.1973742096131));
#10696=CARTESIAN_POINT('Origin',(34.7228986673122,361.0728,-42.9792088309182));
#10697=CARTESIAN_POINT('',(34.8597445750077,361.0728,-42.3353994532149));
#10698=CARTESIAN_POINT('Origin',(34.1625209652046,502.353935212239,-42.1872));
#10699=CARTESIAN_POINT('',(34.1625209652046,502.353935212239,-42.9));
#10700=CARTESIAN_POINT('Origin',(-34.8207134273856,361.0728,-42.9));
#10701=CARTESIAN_POINT('',(-34.1625209652046,361.0728,-42.9));
#10702=CARTESIAN_POINT('Origin',(-34.1625209652046,-62.7083352122392,-42.1872));
#10703=CARTESIAN_POINT('',(-34.8597445750077,-62.7083352122392,-42.3353994532147));
#10704=CARTESIAN_POINT('Origin',(-52.4021852399265,361.0728,40.1952950927049));
#10705=CARTESIAN_POINT('Ctrl Pts',(-46.4109475198661,333.338639772711,12.0568350653137));
#10706=CARTESIAN_POINT('Ctrl Pts',(-46.4226852910806,333.338639772711,12.0543401250226));
#10707=CARTESIAN_POINT('Ctrl Pts',(-46.0515574898464,338.524714288814,10.3660379090363));
#10708=CARTESIAN_POINT('Ctrl Pts',(-46.0632952610609,338.524714288814,10.3635429687453));
#10709=CARTESIAN_POINT('Ctrl Pts',(-45.0425147940512,342.022800004763,5.61886526064819));
#10710=CARTESIAN_POINT('Ctrl Pts',(-45.0542525652657,342.022800004763,5.61637032035716));
#10711=CARTESIAN_POINT('Ctrl Pts',(-43.9059521701769,342.022800004763,0.271758519060488));
#10712=CARTESIAN_POINT('Ctrl Pts',(-43.9176899413915,342.022800004763,0.269263578769459));
#10713=CARTESIAN_POINT('',(-43.9157336461843,342.022800004763,0.269679402152292));
#10714=CARTESIAN_POINT('',(-43.9059521701769,342.022800004763,0.271758519060444));
#10715=CARTESIAN_POINT('',(-43.9157336461843,342.022800004763,0.269679402152292));
#10716=CARTESIAN_POINT('',(-46.4207289958738,333.338639772711,12.0547559484054));
#10717=CARTESIAN_POINT('Ctrl Pts',(-43.9157336461843,342.022800004763,0.269679402152292));
#10718=CARTESIAN_POINT('Ctrl Pts',(-45.0522962700597,342.022800004763,5.61678614373976));
#10719=CARTESIAN_POINT('Ctrl Pts',(-46.0613389658549,338.524714288814,10.3639587921279));
#10720=CARTESIAN_POINT('Ctrl Pts',(-46.4207289958738,333.338639772711,12.0547559484054));
#10721=CARTESIAN_POINT('',(-46.4109475198664,333.338639772711,12.0568350653136));
#10722=CARTESIAN_POINT('',(-46.4207289958738,333.338639772711,12.0547559484054));
#10723=CARTESIAN_POINT('Ctrl Pts',(-43.9059521701769,342.022800004763,0.271758519060444));
#10724=CARTESIAN_POINT('Ctrl Pts',(-45.0425147940524,342.022800004763,5.61886526064794));
#10725=CARTESIAN_POINT('Ctrl Pts',(-46.0515574898476,338.524714288814,10.3660379090361));
#10726=CARTESIAN_POINT('Ctrl Pts',(-46.4109475198664,333.338639772711,12.0568350653136));
#10727=CARTESIAN_POINT('Origin',(-45.2890192738579,349.669451589186,6.73048031501983));
#10728=CARTESIAN_POINT('',(-46.8768331263398,326.756960232051,14.2005571736535));
#10729=CARTESIAN_POINT('',(-45.2890192738579,349.669451589186,6.73048031501983));
#10730=CARTESIAN_POINT('',(-46.8670516503325,326.756960232051,14.2026362905617));
#10731=CARTESIAN_POINT('',(-46.8768331263398,326.756960232051,14.2005571736535));
#10732=CARTESIAN_POINT('',(-45.2792377978506,349.669451589186,6.73255943192801));
#10733=CARTESIAN_POINT('Ctrl Pts',(-49.3687099881504,318.072810052177,25.9720134302897));
#10734=CARTESIAN_POINT('Ctrl Pts',(-49.3804477593621,318.072810052177,25.9695184899993));
#10735=CARTESIAN_POINT('Ctrl Pts',(-48.2335097105377,318.079649421283,20.6313160239438));
#10736=CARTESIAN_POINT('Ctrl Pts',(-48.2452474817495,318.079649421283,20.6288210836534));
#10737=CARTESIAN_POINT('Ctrl Pts',(-47.2260899118808,321.575961809755,15.8917785062971));
#10738=CARTESIAN_POINT('Ctrl Pts',(-47.2378276830926,321.575961809755,15.8892835660066));
#10739=CARTESIAN_POINT('Ctrl Pts',(-46.8670516503325,326.756960232051,14.2026362905617));
#10740=CARTESIAN_POINT('Ctrl Pts',(-46.8787894215443,326.756960232051,14.2001413502713));
#10741=CARTESIAN_POINT('',(-49.3784914641581,318.072810052177,25.9699343133815));
#10742=CARTESIAN_POINT('Ctrl Pts',(-46.8768331263398,326.756960232051,14.2005571736535));
#10743=CARTESIAN_POINT('Ctrl Pts',(-47.2358713878889,321.575961809755,15.8896993893887));
#10744=CARTESIAN_POINT('Ctrl Pts',(-48.2432911865458,318.079649421283,20.6292369070355));
#10745=CARTESIAN_POINT('Ctrl Pts',(-49.3784914641581,318.072810052177,25.9699343133815));
#10746=CARTESIAN_POINT('',(-49.3687099881507,318.072810052177,25.9720134302896));
#10747=CARTESIAN_POINT('',(-49.3784914641581,318.072810052177,25.9699343133815));
#10748=CARTESIAN_POINT('Ctrl Pts',(-46.8670516503325,326.756960232051,14.2026362905617));
#10749=CARTESIAN_POINT('Ctrl Pts',(-47.2260899118816,321.575961809755,15.8917785062969));
#10750=CARTESIAN_POINT('Ctrl Pts',(-48.2335097105384,318.079649421283,20.6313160239437));
#10751=CARTESIAN_POINT('Ctrl Pts',(-49.3687099881507,318.072810052177,25.9720134302896));
#10752=CARTESIAN_POINT('Origin',(-52.4021852399265,318.072810052177,40.1952950927049));
#10753=CARTESIAN_POINT('',(-51.7606885373508,318.072810052177,37.1772903906476));
#10754=CARTESIAN_POINT('',(-52.4021852399265,318.072810052177,40.1952950927049));
#10755=CARTESIAN_POINT('',(-51.7509070613435,318.072810052177,37.1793695075558));
#10756=CARTESIAN_POINT('',(-51.7606885373508,318.072810052177,37.1772903906476));
#10757=CARTESIAN_POINT('',(-52.3924037639192,318.072810052177,40.1973742096131));
#10758=CARTESIAN_POINT('Origin',(-52.3844236098006,318.0728,40.1117331928326));
#10759=CARTESIAN_POINT('',(-51.9195170665019,316.072810052177,37.9245198711361));
#10760=CARTESIAN_POINT('Origin',(-52.3844236098006,318.0728,40.1117331928326));
#10761=CARTESIAN_POINT('',(-51.9097355904946,316.072810052177,37.9265989880443));
#10762=CARTESIAN_POINT('',(-51.9195170665019,316.072810052177,37.9245198711361));
#10763=CARTESIAN_POINT('Origin',(-52.3746421337932,318.0728,40.1138123097408));
#10764=CARTESIAN_POINT('Origin',(-52.4021852399265,316.072810052177,40.1952950927049));
#10765=CARTESIAN_POINT('',(-49.3782310280475,316.072810052177,25.9687090578143));
#10766=CARTESIAN_POINT('',(-52.4021852399265,316.072810052177,40.1952950927049));
#10767=CARTESIAN_POINT('',(-49.3684495520402,316.072810052177,25.9707881747225));
#10768=CARTESIAN_POINT('',(-49.3782310280475,316.072810052177,25.9687090578143));
#10769=CARTESIAN_POINT('',(-52.3924037639192,316.072810052177,40.1973742096131));
#10770=CARTESIAN_POINT('Ctrl Pts',(-46.4725641935898,326.124544520905,12.3467187237587));
#10771=CARTESIAN_POINT('Ctrl Pts',(-46.4843019648012,326.124544520905,12.3442237834683));
#10772=CARTESIAN_POINT('Ctrl Pts',(-46.5238101320312,325.385054737647,12.5878119087382));
#10773=CARTESIAN_POINT('Ctrl Pts',(-46.5355479032425,325.385054737647,12.5853169684479));
#10774=CARTESIAN_POINT('Ctrl Pts',(-46.6520866580857,323.933078703002,13.1913055155537));
#10775=CARTESIAN_POINT('Ctrl Pts',(-46.663824429297,323.933078703002,13.1888105752633));
#10776=CARTESIAN_POINT('Ctrl Pts',(-46.9909892979829,321.337856059717,14.7857170793962));
#10777=CARTESIAN_POINT('Ctrl Pts',(-47.0027270691942,321.337856059717,14.7832221391058));
#10778=CARTESIAN_POINT('Ctrl Pts',(-47.5554090826398,318.664463603929,17.4411033926787));
#10779=CARTESIAN_POINT('Ctrl Pts',(-47.5671468538511,318.664463603929,17.4386084523884));
#10780=CARTESIAN_POINT('Ctrl Pts',(-48.2607543441968,316.930762967518,20.7594919477786));
#10781=CARTESIAN_POINT('Ctrl Pts',(-48.2724921154082,316.930762967518,20.7569970074883));
#10782=CARTESIAN_POINT('Ctrl Pts',(-48.8795961759503,316.201652264414,23.6709138624512));
#10783=CARTESIAN_POINT('Ctrl Pts',(-48.8913339471616,316.201652264414,23.6684189221608));
#10784=CARTESIAN_POINT('Ctrl Pts',(-49.2064243654975,316.073786223587,25.2085196036218));
#10785=CARTESIAN_POINT('Ctrl Pts',(-49.2181621367089,316.073786223587,25.2060246633315));
#10786=CARTESIAN_POINT('Ctrl Pts',(-49.3684495520398,316.072810052177,25.9707881747226));
#10787=CARTESIAN_POINT('Ctrl Pts',(-49.3801873232512,316.072810052177,25.9682932344322));
#10788=CARTESIAN_POINT('',(-46.4823456695972,326.124544520905,12.3446396068505));
#10789=CARTESIAN_POINT('Ctrl Pts',(-46.4823456695972,326.124544520905,12.3446396068505));
#10790=CARTESIAN_POINT('Ctrl Pts',(-46.5335916080393,325.385054737647,12.5857327918299));
#10791=CARTESIAN_POINT('Ctrl Pts',(-46.6618681340938,323.933078703002,13.1892263986453));
#10792=CARTESIAN_POINT('Ctrl Pts',(-47.0007707739911,321.337856059717,14.7836379624878));
#10793=CARTESIAN_POINT('Ctrl Pts',(-47.5651905586479,318.664463603929,17.4390242757704));
#10794=CARTESIAN_POINT('Ctrl Pts',(-48.270535820205,316.930762967518,20.7574128308703));
#10795=CARTESIAN_POINT('Ctrl Pts',(-48.8893776519584,316.201652264414,23.6688347455428));
#10796=CARTESIAN_POINT('Ctrl Pts',(-49.2162058415057,316.073786223587,25.2064404867135));
#10797=CARTESIAN_POINT('Ctrl Pts',(-49.3782310280475,316.072810052177,25.9687090578143));
#10798=CARTESIAN_POINT('',(-46.4725641935898,326.124544520905,12.3467187237586));
#10799=CARTESIAN_POINT('',(-46.4823456695972,326.124544520905,12.3446396068505));
#10800=CARTESIAN_POINT('Ctrl Pts',(-46.4725641935898,326.124544520905,12.3467187237587));
#10801=CARTESIAN_POINT('Ctrl Pts',(-46.5238101320312,325.385054737647,12.5878119087382));
#10802=CARTESIAN_POINT('Ctrl Pts',(-46.6520866580857,323.933078703002,13.1913055155537));
#10803=CARTESIAN_POINT('Ctrl Pts',(-46.9909892979829,321.337856059717,14.7857170793962));
#10804=CARTESIAN_POINT('Ctrl Pts',(-47.5554090826398,318.664463603929,17.4411033926787));
#10805=CARTESIAN_POINT('Ctrl Pts',(-48.2607543441968,316.930762967518,20.7594919477786));
#10806=CARTESIAN_POINT('Ctrl Pts',(-48.8795961759503,316.201652264414,23.6709138624512));
#10807=CARTESIAN_POINT('Ctrl Pts',(-49.2064243654975,316.073786223587,25.2085196036218));
#10808=CARTESIAN_POINT('Ctrl Pts',(-49.3684495520398,316.072810052177,25.9707881747226));
#10809=CARTESIAN_POINT('Origin',(-44.8945318171153,349.03703587804,4.87456274821677));
#10810=CARTESIAN_POINT('',(-46.0262415391311,332.706224061565,10.1988383816022));
#10811=CARTESIAN_POINT('',(-44.8945318171153,349.03703587804,4.87456274821677));
#10812=CARTESIAN_POINT('',(-46.0164600631238,332.706224061565,10.2009174985104));
#10813=CARTESIAN_POINT('',(-46.0262415391311,332.706224061565,10.1988383816022));
#10814=CARTESIAN_POINT('',(-44.8847503411079,349.03703587804,4.87664186512495));
#10815=CARTESIAN_POINT('Ctrl Pts',(-43.9059521701769,340.022800004762,0.271758519060488));
#10816=CARTESIAN_POINT('Ctrl Pts',(-43.9176899413871,340.022800004762,0.269263578770379));
#10817=CARTESIAN_POINT('Ctrl Pts',(-44.0241026326636,340.022800004762,0.827612742323973));
#10818=CARTESIAN_POINT('Ctrl Pts',(-44.0358404038738,340.022800004762,0.825117802033865));
#10819=CARTESIAN_POINT('Ctrl Pts',(-44.2626537698313,339.930629432132,1.9499076048936));
#10820=CARTESIAN_POINT('Ctrl Pts',(-44.2743915410415,339.930629432132,1.94741266460349));
#10821=CARTESIAN_POINT('Ctrl Pts',(-44.7128262419787,339.402226544666,4.06780257181702));
#10822=CARTESIAN_POINT('Ctrl Pts',(-44.7245640131889,339.402226544666,4.06530763152691));
#10823=CARTESIAN_POINT('Ctrl Pts',(-45.2273356459727,338.140394997791,6.48837900545745));
#10824=CARTESIAN_POINT('Ctrl Pts',(-45.2390734171829,338.140394997791,6.48588406516734));
#10825=CARTESIAN_POINT('Ctrl Pts',(-45.6389159201639,336.191717129706,8.42471195588497));
#10826=CARTESIAN_POINT('Ctrl Pts',(-45.650653691374,336.191717129706,8.42221701559486));
#10827=CARTESIAN_POINT('Ctrl Pts',(-45.8854881478256,334.304689339935,9.5847430823038));
#10828=CARTESIAN_POINT('Ctrl Pts',(-45.8972259190358,334.304689339935,9.58224814201369));
#10829=CARTESIAN_POINT('Ctrl Pts',(-45.9790999587456,333.245338308063,10.0251520265612));
#10830=CARTESIAN_POINT('Ctrl Pts',(-45.9908377299558,333.245338308063,10.022657086271));
#10831=CARTESIAN_POINT('Ctrl Pts',(-46.0164600631235,332.706224061565,10.2009174985105));
#10832=CARTESIAN_POINT('Ctrl Pts',(-46.0281978343337,332.706224061565,10.1984225582204));
#10833=CARTESIAN_POINT('',(-43.9157336461843,340.022800004762,0.269679402152286));
#10834=CARTESIAN_POINT('Ctrl Pts',(-43.9157336461843,340.022800004762,0.269679402152286));
#10835=CARTESIAN_POINT('Ctrl Pts',(-44.0338841086721,340.022800004762,0.825533625415549));
#10836=CARTESIAN_POINT('Ctrl Pts',(-44.2724352458398,339.930629432132,1.94782848798517));
#10837=CARTESIAN_POINT('Ctrl Pts',(-44.7226077179872,339.402226544666,4.0657234549086));
#10838=CARTESIAN_POINT('Ctrl Pts',(-45.2371171219812,338.140394997791,6.48629988854902));
#10839=CARTESIAN_POINT('Ctrl Pts',(-45.6486973961723,336.191717129706,8.42263283897655));
#10840=CARTESIAN_POINT('Ctrl Pts',(-45.8952696238341,334.304689339935,9.58266396539537));
#10841=CARTESIAN_POINT('Ctrl Pts',(-45.9888814347541,333.245338308063,10.0230729096527));
#10842=CARTESIAN_POINT('Ctrl Pts',(-46.0262415391311,332.706224061565,10.1988383816022));
#10843=CARTESIAN_POINT('',(-43.9059521701769,340.022800004762,0.271758519060437));
#10844=CARTESIAN_POINT('',(-43.9157336461843,340.022800004762,0.269679402152286));
#10845=CARTESIAN_POINT('Ctrl Pts',(-43.9059521701769,340.022800004762,0.271758519060488));
#10846=CARTESIAN_POINT('Ctrl Pts',(-44.0241026326636,340.022800004762,0.827612742323973));
#10847=CARTESIAN_POINT('Ctrl Pts',(-44.2626537698313,339.930629432132,1.9499076048936));
#10848=CARTESIAN_POINT('Ctrl Pts',(-44.7128262419787,339.402226544666,4.06780257181702));
#10849=CARTESIAN_POINT('Ctrl Pts',(-45.2273356459727,338.140394997791,6.48837900545745));
#10850=CARTESIAN_POINT('Ctrl Pts',(-45.6389159201639,336.191717129706,8.42471195588497));
#10851=CARTESIAN_POINT('Ctrl Pts',(-45.8854881478256,334.304689339935,9.5847430823038));
#10852=CARTESIAN_POINT('Ctrl Pts',(-45.9790999587456,333.245338308063,10.0251520265612));
#10853=CARTESIAN_POINT('Ctrl Pts',(-46.0164600631235,332.706224061565,10.2009174985105));
#10854=CARTESIAN_POINT('Origin',(34.7228986673122,340.022800004762,-42.9792088309182));
#10855=CARTESIAN_POINT('',(43.9059521701771,340.022800004762,0.271758519060396));
#10856=CARTESIAN_POINT('',(34.8499630990004,340.022800004762,-42.3333203363067));
#10857=CARTESIAN_POINT('',(34.7131171913048,340.022800004762,-42.97712971401));
#10858=CARTESIAN_POINT('',(34.1625209652046,340.022800004762,-42.89));
#10859=CARTESIAN_POINT('Origin',(34.1625209652046,340.022800004762,-42.1872));
#10860=CARTESIAN_POINT('',(-34.1625209652046,340.022800004762,-42.89));
#10861=CARTESIAN_POINT('',(-34.8207134273856,340.022800004762,-42.89));
#10862=CARTESIAN_POINT('',(-34.8499630990003,340.022800004762,-42.3333203363065));
#10863=CARTESIAN_POINT('Origin',(-34.1625209652046,340.022800004762,-42.1872));
#10864=CARTESIAN_POINT('',(-52.3924037639192,340.022800004762,40.1973742096131));
#10865=CARTESIAN_POINT('',(-34.8597445750076,340.022800004762,-42.3353994532146));
#10866=CARTESIAN_POINT('',(-52.4021852399265,340.022800004762,40.1952950927049));
#10867=CARTESIAN_POINT('',(-34.1625209652046,340.022800004762,-42.9));
#10868=CARTESIAN_POINT('Origin',(-34.1625209652046,340.022800004762,-42.1872));
#10869=CARTESIAN_POINT('',(34.1625209652046,340.022800004762,-42.9));
#10870=CARTESIAN_POINT('',(-34.8207134273856,340.022800004762,-42.9));
#10871=CARTESIAN_POINT('',(34.8597445750077,340.022800004762,-42.3353994532149));
#10872=CARTESIAN_POINT('Origin',(34.1625209652046,340.022800004762,-42.1872));
#10873=CARTESIAN_POINT('',(43.9157336461844,340.022800004762,0.269679402152195));
#10874=CARTESIAN_POINT('',(34.7228986673122,340.022800004762,-42.9792088309182));
#10875=CARTESIAN_POINT('',(43.9157336461844,340.022800004762,0.269679402152195));
#10876=CARTESIAN_POINT('Ctrl Pts',(46.0164250276806,332.706729588492,10.200752669709));
#10877=CARTESIAN_POINT('Ctrl Pts',(46.0281627988901,332.706729588492,10.198257729419));
#10878=CARTESIAN_POINT('Ctrl Pts',(45.9790608914348,333.245812519279,10.0249682293127));
#10879=CARTESIAN_POINT('Ctrl Pts',(45.9907986626444,333.245812519279,10.0224732890227));
#10880=CARTESIAN_POINT('Ctrl Pts',(45.8854428282698,334.305097537206,9.58452987055511));
#10881=CARTESIAN_POINT('Ctrl Pts',(45.8971805994793,334.305097537206,9.58203493026514));
#10882=CARTESIAN_POINT('Ctrl Pts',(45.6388647608969,336.192003084621,8.42447127045577));
#10883=CARTESIAN_POINT('Ctrl Pts',(45.6506025321065,336.192003084621,8.4219763301658));
#10884=CARTESIAN_POINT('Ctrl Pts',(45.2272883955741,338.140542572295,6.48815670980817));
#10885=CARTESIAN_POINT('Ctrl Pts',(45.2390261667836,338.140542572295,6.4856617695182));
#10886=CARTESIAN_POINT('Ctrl Pts',(44.7127944573108,339.402276804733,4.06765303671067));
#10887=CARTESIAN_POINT('Ctrl Pts',(44.7245322285204,339.402276804733,4.0651580964207));
#10888=CARTESIAN_POINT('Ctrl Pts',(44.2626387788043,339.930637167099,1.94983707765585));
#10889=CARTESIAN_POINT('Ctrl Pts',(44.2743765500138,339.930637167099,1.94734213736588));
#10890=CARTESIAN_POINT('Ctrl Pts',(44.0240977308909,340.022800004762,0.827589681296109));
#10891=CARTESIAN_POINT('Ctrl Pts',(44.0358355021005,340.022800004762,0.825094741006139));
#10892=CARTESIAN_POINT('Ctrl Pts',(43.905952170177,340.022800004762,0.271758519060363));
#10893=CARTESIAN_POINT('Ctrl Pts',(43.9176899413866,340.022800004762,0.269263578770393));
#10894=CARTESIAN_POINT('',(46.026206503688,332.706729588492,10.1986735528008));
#10895=CARTESIAN_POINT('Ctrl Pts',(46.026206503688,332.706729588492,10.1986735528008));
#10896=CARTESIAN_POINT('Ctrl Pts',(45.988842367442,333.245812519279,10.0228891124045));
#10897=CARTESIAN_POINT('Ctrl Pts',(45.8952243042769,334.305097537206,9.58245075364698));
#10898=CARTESIAN_POINT('Ctrl Pts',(45.648646236904,336.192003084621,8.42239215354764));
#10899=CARTESIAN_POINT('Ctrl Pts',(45.2370698715812,338.140542572295,6.48607759290003));
#10900=CARTESIAN_POINT('Ctrl Pts',(44.722575933318,339.402276804733,4.06557391980254));
#10901=CARTESIAN_POINT('Ctrl Pts',(44.2724202548114,339.930637167099,1.94775796074772));
#10902=CARTESIAN_POINT('Ctrl Pts',(44.033879206898,340.022800004762,0.825510564387975));
#10903=CARTESIAN_POINT('Ctrl Pts',(43.9157336461844,340.022800004762,0.269679402152195));
#10904=CARTESIAN_POINT('',(46.0164250276806,332.706729588492,10.200752669709));
#10905=CARTESIAN_POINT('',(46.026206503688,332.706729588492,10.1986735528008));
#10906=CARTESIAN_POINT('Ctrl Pts',(46.0164250276806,332.706729588492,10.200752669709));
#10907=CARTESIAN_POINT('Ctrl Pts',(45.9790608914348,333.245812519279,10.0249682293127));
#10908=CARTESIAN_POINT('Ctrl Pts',(45.8854428282698,334.305097537206,9.58452987055511));
#10909=CARTESIAN_POINT('Ctrl Pts',(45.6388647608969,336.192003084621,8.42447127045577));
#10910=CARTESIAN_POINT('Ctrl Pts',(45.2272883955741,338.140542572295,6.48815670980817));
#10911=CARTESIAN_POINT('Ctrl Pts',(44.7127944573108,339.402276804733,4.06765303671067));
#10912=CARTESIAN_POINT('Ctrl Pts',(44.2626387788043,339.930637167099,1.94983707765585));
#10913=CARTESIAN_POINT('Ctrl Pts',(44.0240977308909,340.022800004762,0.827589681296109));
#10914=CARTESIAN_POINT('Ctrl Pts',(43.905952170177,340.022800004762,0.271758519060363));
#10915=CARTESIAN_POINT('Origin',(43.1262530554262,374.546728076691,-3.4445347559778));
#10916=CARTESIAN_POINT('',(46.482469529913,326.123850011953,12.3452223238211));
#10917=CARTESIAN_POINT('',(43.1262530554262,374.546728076691,-3.4445347559778));
#10918=CARTESIAN_POINT('',(46.4726880539057,326.123850011953,12.3473014407293));
#10919=CARTESIAN_POINT('',(46.482469529913,326.123850011953,12.3452223238211));
#10920=CARTESIAN_POINT('',(43.1164715794188,374.546728076691,-3.44245563906962));
#10921=CARTESIAN_POINT('Ctrl Pts',(49.3721227275333,316.0728,25.9880691067443));
#10922=CARTESIAN_POINT('Ctrl Pts',(49.3838604987452,316.0728,25.9855741664538));
#10923=CARTESIAN_POINT('Ctrl Pts',(49.2099207668045,316.0728,25.2249688784831));
#10924=CARTESIAN_POINT('Ctrl Pts',(49.2216585380165,316.0728,25.2224739381927));
#10925=CARTESIAN_POINT('Ctrl Pts',(48.8826852717768,316.199209992207,23.6854469156857));
#10926=CARTESIAN_POINT('Ctrl Pts',(48.8944230429888,316.199209992207,23.6829519753952));
#10927=CARTESIAN_POINT('Ctrl Pts',(48.2631373552569,316.926200325257,20.7707031333613));
#10928=CARTESIAN_POINT('Ctrl Pts',(48.2748751264689,316.926200325257,20.7682081930708));
#10929=CARTESIAN_POINT('Ctrl Pts',(47.5568879489862,318.659098227782,17.4480609118189));
#10930=CARTESIAN_POINT('Ctrl Pts',(47.5686257201982,318.659098227782,17.4455659715284));
#10931=CARTESIAN_POINT('Ctrl Pts',(46.9917354025352,321.333585229747,14.789227225337));
#10932=CARTESIAN_POINT('Ctrl Pts',(47.0034731737472,321.333585229747,14.7867322850465));
#10933=CARTESIAN_POINT('Ctrl Pts',(46.6524083102054,323.930587934658,13.1928187698001));
#10934=CARTESIAN_POINT('Ctrl Pts',(46.6641460814173,323.930587934658,13.1903238295096));
#10935=CARTESIAN_POINT('Ctrl Pts',(46.5239852513914,325.383743419367,12.5886357805523));
#10936=CARTESIAN_POINT('Ctrl Pts',(46.5357230226033,325.383743419367,12.5861408402618));
#10937=CARTESIAN_POINT('Ctrl Pts',(46.4726880539057,326.123850011953,12.3473014407293));
#10938=CARTESIAN_POINT('Ctrl Pts',(46.4844258251176,326.123850011953,12.3448065004388));
#10939=CARTESIAN_POINT('',(49.3819042035407,316.0728,25.9859899898361));
#10940=CARTESIAN_POINT('Ctrl Pts',(49.3819042035407,316.0728,25.9859899898361));
#10941=CARTESIAN_POINT('Ctrl Pts',(49.2197022428116,316.0728,25.222889761575));
#10942=CARTESIAN_POINT('Ctrl Pts',(48.8924667477839,316.199209992207,23.6833677987775));
#10943=CARTESIAN_POINT('Ctrl Pts',(48.272918831264,316.926200325257,20.7686240164531));
#10944=CARTESIAN_POINT('Ctrl Pts',(47.5666694249933,318.659098227782,17.4459817949108));
#10945=CARTESIAN_POINT('Ctrl Pts',(47.0015168785423,321.333585229747,14.7871481084289));
#10946=CARTESIAN_POINT('Ctrl Pts',(46.6621897862125,323.930587934658,13.1907396528919));
#10947=CARTESIAN_POINT('Ctrl Pts',(46.5337667273984,325.383743419367,12.5865566636441));
#10948=CARTESIAN_POINT('Ctrl Pts',(46.482469529913,326.123850011953,12.3452223238211));
#10949=CARTESIAN_POINT('',(49.3721227275334,316.0728,25.9880691067444));
#10950=CARTESIAN_POINT('',(49.3819042035407,316.0728,25.9859899898361));
#10951=CARTESIAN_POINT('Ctrl Pts',(49.3721227275333,316.0728,25.9880691067443));
#10952=CARTESIAN_POINT('Ctrl Pts',(49.2099207668045,316.0728,25.2249688784831));
#10953=CARTESIAN_POINT('Ctrl Pts',(48.8826852717768,316.199209992207,23.6854469156857));
#10954=CARTESIAN_POINT('Ctrl Pts',(48.2631373552569,316.926200325257,20.7707031333613));
#10955=CARTESIAN_POINT('Ctrl Pts',(47.5568879489862,318.659098227782,17.4480609118189));
#10956=CARTESIAN_POINT('Ctrl Pts',(46.9917354025352,321.333585229747,14.789227225337));
#10957=CARTESIAN_POINT('Ctrl Pts',(46.6524083102054,323.930587934658,13.1928187698001));
#10958=CARTESIAN_POINT('Ctrl Pts',(46.5239852513914,325.383743419367,12.5886357805523));
#10959=CARTESIAN_POINT('Ctrl Pts',(46.4726880539057,326.123850011953,12.3473014407293));
#10960=CARTESIAN_POINT('Origin',(34.7228986673122,316.0728,-42.9792088309182));
#10961=CARTESIAN_POINT('',(51.9195189358173,316.0728,37.9245286655629));
#10962=CARTESIAN_POINT('',(34.7228986673122,316.0728,-42.9792088309182));
#10963=CARTESIAN_POINT('',(51.90973745981,316.0728,37.9266077824711));
#10964=CARTESIAN_POINT('',(51.9195189358173,316.0728,37.9245286655629));
#10965=CARTESIAN_POINT('',(34.7131171913048,316.0728,-42.97712971401));
#10966=CARTESIAN_POINT('Origin',(52.3844236098027,318.0728,40.1117331928318));
#10967=CARTESIAN_POINT('',(51.7606885373494,318.0728,37.1772903906304));
#10968=CARTESIAN_POINT('Origin',(52.3844236098027,318.0728,40.1117331928318));
#10969=CARTESIAN_POINT('',(51.7509070613421,318.0728,37.1793695075386));
#10970=CARTESIAN_POINT('',(51.7606885373494,318.0728,37.1772903906304));
#10971=CARTESIAN_POINT('Origin',(52.3746421337953,318.0728,40.11381230974));
#10972=CARTESIAN_POINT('Origin',(34.7228986673122,318.0728,-42.9792088309182));
#10973=CARTESIAN_POINT('',(49.3819042035407,318.0728,25.9859899898361));
#10974=CARTESIAN_POINT('',(34.7228986673122,318.0728,-42.9792088309182));
#10975=CARTESIAN_POINT('',(49.3721227275334,318.0728,25.9880691067444));
#10976=CARTESIAN_POINT('',(49.3819042035407,318.0728,25.9859899898361));
#10977=CARTESIAN_POINT('',(34.7131171913048,318.0728,-42.97712971401));
#10978=CARTESIAN_POINT('Ctrl Pts',(46.8671689619674,326.756360214113,14.2031881984109));
#10979=CARTESIAN_POINT('Ctrl Pts',(46.8789067331798,326.756360214113,14.2006932581204));
#10980=CARTESIAN_POINT('Ctrl Pts',(47.2265973823992,321.570592636876,15.8941659673769));
#10981=CARTESIAN_POINT('Ctrl Pts',(47.2383351536116,321.570592636876,15.8916710270864));
#10982=CARTESIAN_POINT('Ctrl Pts',(48.2356085046661,318.0728,20.6411900739927));
#10983=CARTESIAN_POINT('Ctrl Pts',(48.2473462758785,318.0728,20.6386951337021));
#10984=CARTESIAN_POINT('Ctrl Pts',(49.3721227275333,318.0728,25.9880691067443));
#10985=CARTESIAN_POINT('Ctrl Pts',(49.3838604987456,318.0728,25.9855741664537));
#10986=CARTESIAN_POINT('',(46.8769504379747,326.756360214113,14.2011090815028));
#10987=CARTESIAN_POINT('Ctrl Pts',(49.3819042035407,318.0728,25.9859899898361));
#10988=CARTESIAN_POINT('Ctrl Pts',(48.2453899806732,318.0728,20.6391109570846));
#10989=CARTESIAN_POINT('Ctrl Pts',(47.2363788584063,321.570592636876,15.8920868504688));
#10990=CARTESIAN_POINT('Ctrl Pts',(46.8769504379747,326.756360214113,14.2011090815028));
#10991=CARTESIAN_POINT('',(46.8671689619674,326.756360214113,14.203188198411));
#10992=CARTESIAN_POINT('',(46.8769504379747,326.756360214113,14.2011090815028));
#10993=CARTESIAN_POINT('Ctrl Pts',(49.3721227275334,318.0728,25.9880691067444));
#10994=CARTESIAN_POINT('Ctrl Pts',(48.2356085046659,318.0728,20.6411900739927));
#10995=CARTESIAN_POINT('Ctrl Pts',(47.226597382399,321.570592636876,15.894165967377));
#10996=CARTESIAN_POINT('Ctrl Pts',(46.8671689619674,326.756360214113,14.203188198411));
#10997=CARTESIAN_POINT('Origin',(43.5207339634879,375.179238278852,-1.5886479982962));
#10998=CARTESIAN_POINT('',(46.4206874117497,333.339239790653,12.0545603104824));
#10999=CARTESIAN_POINT('',(43.5207339634879,375.179238278852,-1.5886479982962));
#11000=CARTESIAN_POINT('',(46.4109059357423,333.339239790653,12.0566394273906));
#11001=CARTESIAN_POINT('',(46.4206874117497,333.339239790653,12.0545603104824));
#11002=CARTESIAN_POINT('',(43.5109524874806,375.179238278852,-1.58656888138802));
#11003=CARTESIAN_POINT('Ctrl Pts',(43.905952170177,342.022800004763,0.271758519060364));
#11004=CARTESIAN_POINT('Ctrl Pts',(43.9176899413859,342.022800004763,0.269263578770538));
#11005=CARTESIAN_POINT('Ctrl Pts',(45.0424663930443,342.022800004763,5.61863755181251));
#11006=CARTESIAN_POINT('Ctrl Pts',(45.0542041642532,342.022800004763,5.61614261152268));
#11007=CARTESIAN_POINT('Ctrl Pts',(46.0514775153104,338.525007367886,10.3656616584245));
#11008=CARTESIAN_POINT('Ctrl Pts',(46.0632152865193,338.525007367886,10.3631667181347));
#11009=CARTESIAN_POINT('Ctrl Pts',(46.4109059357423,333.339239790653,12.0566394273906));
#11010=CARTESIAN_POINT('Ctrl Pts',(46.4226437069511,333.339239790653,12.0541444871007));
#11011=CARTESIAN_POINT('',(43.9157336461844,342.022800004763,0.269679402152209));
#11012=CARTESIAN_POINT('Ctrl Pts',(46.4206874117497,333.339239790653,12.0545603104824));
#11013=CARTESIAN_POINT('Ctrl Pts',(46.0612589913175,338.525007367886,10.3635825415164));
#11014=CARTESIAN_POINT('Ctrl Pts',(45.0522478690514,342.022800004763,5.61655843490438));
#11015=CARTESIAN_POINT('Ctrl Pts',(43.9157336461844,342.022800004763,0.269679402152209));
#11016=CARTESIAN_POINT('',(43.9059521701771,342.022800004763,0.27175851906041));
#11017=CARTESIAN_POINT('',(43.9157336461844,342.022800004763,0.269679402152209));
#11018=CARTESIAN_POINT('Ctrl Pts',(46.4109059357423,333.339239790653,12.0566394273906));
#11019=CARTESIAN_POINT('Ctrl Pts',(46.0514775153102,338.525007367886,10.3656616584246));
#11020=CARTESIAN_POINT('Ctrl Pts',(45.0424663930441,342.022800004763,5.61863755181256));
#11021=CARTESIAN_POINT('Ctrl Pts',(43.9059521701771,342.022800004763,0.27175851906041));
#11022=CARTESIAN_POINT('Origin',(34.7228986673122,342.022800004763,-42.9792088309182));
#11023=CARTESIAN_POINT('',(34.8597445750077,342.022800004763,-42.3353994532149));
#11024=CARTESIAN_POINT('',(34.7228986673122,342.022800004763,-42.9792088309182));
#11025=CARTESIAN_POINT('',(34.1625209652046,342.022800004763,-42.9));
#11026=CARTESIAN_POINT('Origin',(34.1625209652046,342.022800004763,-42.1872));
#11027=CARTESIAN_POINT('',(-34.1625209652046,342.022800004763,-42.9));
#11028=CARTESIAN_POINT('',(-34.8207134273856,342.022800004763,-42.9));
#11029=CARTESIAN_POINT('',(-34.8597445750076,342.022800004763,-42.3353994532146));
#11030=CARTESIAN_POINT('Origin',(-34.1625209652046,342.022800004763,-42.1872));
#11031=CARTESIAN_POINT('',(-52.4021852399265,342.022800004763,40.1952950927049));
#11032=CARTESIAN_POINT('',(-34.8499630990004,342.022800004763,-42.3333203363065));
#11033=CARTESIAN_POINT('',(-52.3924037639192,342.022800004763,40.1973742096131));
#11034=CARTESIAN_POINT('',(-34.1625209652046,342.022800004763,-42.89));
#11035=CARTESIAN_POINT('Origin',(-34.1625209652046,342.022800004763,-42.1872));
#11036=CARTESIAN_POINT('',(34.1625209652046,342.022800004763,-42.89));
#11037=CARTESIAN_POINT('',(-34.8207134273856,342.022800004763,-42.89));
#11038=CARTESIAN_POINT('',(34.8499630990003,342.022800004763,-42.3333203363067));
#11039=CARTESIAN_POINT('Origin',(34.1625209652046,342.022800004763,-42.1872));
#11040=CARTESIAN_POINT('',(34.7131171913048,342.022800004763,-42.97712971401));
#11041=CARTESIAN_POINT('Origin',(34.7131171913048,361.0728,-42.97712971401));
#11042=CARTESIAN_POINT('',(34.8499630990003,361.0728,-42.3333203363067));
#11043=CARTESIAN_POINT('Origin',(34.1625209652046,502.353935212239,-42.1872));
#11044=CARTESIAN_POINT('',(34.1625209652046,502.353935212239,-42.89));
#11045=CARTESIAN_POINT('Origin',(-34.8207134273856,361.0728,-42.89));
#11046=CARTESIAN_POINT('',(-34.1625209652046,361.0728,-42.89));
#11047=CARTESIAN_POINT('Origin',(-34.1625209652046,-62.7083352122392,-42.1872));
#11048=CARTESIAN_POINT('',(-34.8499630990004,-62.7083352122392,-42.3333203363065));
#11049=CARTESIAN_POINT('Origin',(-52.3924037639192,361.0728,40.1973742096131));
#11050=CARTESIAN_POINT('Origin',(34.7228986673122,361.0728,-42.9792088309182));
#11051=CARTESIAN_POINT('',(34.8597445750077,361.0728,-42.3353994532149));
#11052=CARTESIAN_POINT('Origin',(34.1625209652046,502.353935212239,-42.1872));
#11053=CARTESIAN_POINT('',(34.1625209652046,502.353935212239,-42.9));
#11054=CARTESIAN_POINT('Origin',(-34.8207134273856,361.0728,-42.9));
#11055=CARTESIAN_POINT('',(-34.1625209652046,361.0728,-42.9));
#11056=CARTESIAN_POINT('Origin',(-34.1625209652046,-62.7083352122392,-42.1872));
#11057=CARTESIAN_POINT('',(-34.8597445750077,-62.7083352122392,-42.3353994532147));
#11058=CARTESIAN_POINT('Origin',(-52.4021852399265,361.0728,40.1952950927049));
#11059=CARTESIAN_POINT('',(0.,0.,0.));
#11060=CARTESIAN_POINT('Origin',(12.7,12.7,-46.001));
#11061=CARTESIAN_POINT('',(9.95000000000004,12.7,46.5));
#11062=CARTESIAN_POINT('Origin',(12.7,12.7,46.5));
#11063=CARTESIAN_POINT('',(9.95000000000004,12.7,49.));
#11064=CARTESIAN_POINT('',(9.95000000000004,12.7,-46.001));
#11065=CARTESIAN_POINT('Origin',(12.7,12.7,49.));
#11066=CARTESIAN_POINT('Origin',(-12.7,12.7,-46.001));
#11067=CARTESIAN_POINT('',(-15.45,12.7,46.5));
#11068=CARTESIAN_POINT('Origin',(-12.7,12.7,46.5));
#11069=CARTESIAN_POINT('',(-15.45,12.7,49.));
#11070=CARTESIAN_POINT('',(-15.45,12.7,-46.001));
#11071=CARTESIAN_POINT('Origin',(-12.7,12.7,49.));
#11072=CARTESIAN_POINT('Origin',(-53.7180263092744,315.,46.5));
#11073=CARTESIAN_POINT('',(-53.7180263092744,315.,46.5));
#11074=CARTESIAN_POINT('',(-53.7180263092744,315.,49.));
#11075=CARTESIAN_POINT('',(-53.7180263092744,315.,46.5));
#11076=CARTESIAN_POINT('',(-56.6524691114758,315.,42.8762649275467));
#11077=CARTESIAN_POINT('Origin',(-53.7180263092744,315.,43.5));
#11078=CARTESIAN_POINT('',(-59.0978381133103,315.,42.3564857005023));
#11079=CARTESIAN_POINT('',(-59.0978381133103,315.,42.3564857005023));
#11080=CARTESIAN_POINT('Origin',(-53.7180263092744,315.,43.5));
#11081=CARTESIAN_POINT('Origin',(-59.0978381133103,315.,42.3564857005023));
#11082=CARTESIAN_POINT('',(53.7180263092744,315.,46.5));
#11083=CARTESIAN_POINT('',(-53.7180263092744,315.,46.5));
#11084=CARTESIAN_POINT('',(53.7180263092744,315.,49.));
#11085=CARTESIAN_POINT('',(-53.7180263092744,315.,49.));
#11086=CARTESIAN_POINT('',(53.7180263092744,315.,49.));
#11087=CARTESIAN_POINT('Origin',(-56.6524691114758,0.,42.8762649275467));
#11088=CARTESIAN_POINT('',(-56.6524691114758,0.,42.8762649275467));
#11089=CARTESIAN_POINT('',(-59.0978381133103,0.,42.3564857005023));
#11090=CARTESIAN_POINT('',(-56.6524691114758,0.,42.8762649275467));
#11091=CARTESIAN_POINT('',(-53.7180263092744,0.,46.5));
#11092=CARTESIAN_POINT('Origin',(-53.7180263092744,0.,43.5));
#11093=CARTESIAN_POINT('',(-53.7180263092744,0.,49.));
#11094=CARTESIAN_POINT('',(-53.7180263092744,0.,49.));
#11095=CARTESIAN_POINT('Origin',(-53.7180263092744,0.,43.5));
#11096=CARTESIAN_POINT('Origin',(-53.7180263092744,0.,49.));
#11097=CARTESIAN_POINT('',(-55.570506838791,0.,25.7616967802937));
#11098=CARTESIAN_POINT('',(-59.0978381133103,0.,42.3564857005023));
#11099=CARTESIAN_POINT('',(-53.1251378369564,0.,26.2814760073381));
#11100=CARTESIAN_POINT('',(-49.0721692662966,0.,27.1429610712742));
#11101=CARTESIAN_POINT('',(-56.6524691114758,0.,42.8762649275467));
#11102=CARTESIAN_POINT('Origin',(56.6524691114758,315.,42.8762649275467));
#11103=CARTESIAN_POINT('',(56.6524691114758,315.,42.8762649275467));
#11104=CARTESIAN_POINT('',(59.0978381133103,315.,42.3564857005023));
#11105=CARTESIAN_POINT('',(56.6524691114758,315.,42.8762649275467));
#11106=CARTESIAN_POINT('Origin',(53.7180263092744,315.,43.5));
#11107=CARTESIAN_POINT('Origin',(53.7180263092744,315.,43.5));
#11108=CARTESIAN_POINT('Origin',(53.7180263092744,315.,49.));
#11109=CARTESIAN_POINT('',(55.5705068387911,315.,25.7616967802937));
#11110=CARTESIAN_POINT('',(53.4913899306136,315.,15.9802207729556));
#11111=CARTESIAN_POINT('',(53.1251378369566,315.,26.2814760073381));
#11112=CARTESIAN_POINT('',(49.0721692662968,315.,27.1429610712742));
#11113=CARTESIAN_POINT('',(51.046020928779,315.,16.5));
#11114=CARTESIAN_POINT('Origin',(53.7180263092744,0.,46.5));
#11115=CARTESIAN_POINT('',(53.7180263092744,0.,46.5));
#11116=CARTESIAN_POINT('',(53.7180263092744,0.,49.));
#11117=CARTESIAN_POINT('',(53.7180263092744,0.,46.5));
#11118=CARTESIAN_POINT('',(56.6524691114758,0.,42.8762649275467));
#11119=CARTESIAN_POINT('Origin',(53.7180263092744,0.,43.5));
#11120=CARTESIAN_POINT('',(59.0978381133103,0.,42.3564857005023));
#11121=CARTESIAN_POINT('',(59.0978381133103,0.,42.3564857005023));
#11122=CARTESIAN_POINT('Origin',(53.7180263092744,0.,43.5));
#11123=CARTESIAN_POINT('Origin',(59.0978381133103,0.,42.3564857005023));
#11124=CARTESIAN_POINT('',(-53.7180263092744,0.,46.5));
#11125=CARTESIAN_POINT('',(-53.7180263092744,0.,49.));
#11126=CARTESIAN_POINT('Origin',(-56.6524691114758,315.,42.8762649275467));
#11127=CARTESIAN_POINT('',(-51.0460209287788,10.,16.5));
#11128=CARTESIAN_POINT('Origin',(-53.1251378369564,10.,26.2814760073381));
#11129=CARTESIAN_POINT('',(-51.0460209287788,305.,16.5));
#11130=CARTESIAN_POINT('',(-51.0460209287788,315.,16.5));
#11131=CARTESIAN_POINT('',(-53.1251378369564,315.,26.2814760073381));
#11132=CARTESIAN_POINT('Origin',(-53.1251378369564,305.,26.2814760073381));
#11133=CARTESIAN_POINT('',(-56.6524691114758,315.,42.8762649275467));
#11134=CARTESIAN_POINT('',(-56.6524691114758,315.,42.8762649275467));
#11135=CARTESIAN_POINT('',(-54.7884313634986,13.25,34.1066568132085));
#11136=CARTESIAN_POINT('',(-54.7884313634985,301.75,34.1066568132085));
#11137=CARTESIAN_POINT('',(-54.7884313634986,13.25,34.1066568132086));
#11138=CARTESIAN_POINT('',(-52.8132703007299,301.75,24.8142546062374));
#11139=CARTESIAN_POINT('Origin',(-53.8008508321143,301.75,29.460455709723));
#11140=CARTESIAN_POINT('',(-52.81327030073,13.25,24.8142546062373));
#11141=CARTESIAN_POINT('',(-52.8132703007299,301.75,24.8142546062374));
#11142=CARTESIAN_POINT('Origin',(-53.8008508321143,13.25,29.460455709723));
#11143=CARTESIAN_POINT('Origin',(-53.4913899306133,315.,15.9802207729556));
#11144=CARTESIAN_POINT('',(-53.4913899306133,10.,15.9802207729556));
#11145=CARTESIAN_POINT('',(-53.4913899306133,10.,15.9802207729556));
#11146=CARTESIAN_POINT('',(-53.4913899306133,305.,15.9802207729556));
#11147=CARTESIAN_POINT('',(-53.4913899306133,315.,15.9802207729556));
#11148=CARTESIAN_POINT('',(-53.4913899306133,305.,15.9802207729556));
#11149=CARTESIAN_POINT('Origin',(-59.0978381133103,315.,42.3564857005023));
#11150=CARTESIAN_POINT('Origin',(-55.5705068387909,10.,25.7616967802937));
#11151=CARTESIAN_POINT('',(-59.0978381133103,315.,42.3564857005023));
#11152=CARTESIAN_POINT('',(-55.570506838791,315.,25.7616967802937));
#11153=CARTESIAN_POINT('',(-59.0978381133103,315.,42.3564857005023));
#11154=CARTESIAN_POINT('Origin',(-55.5705068387909,305.,25.7616967802937));
#11155=CARTESIAN_POINT('',(-55.2586393025645,301.75,24.294475379193));
#11156=CARTESIAN_POINT('',(-57.2338003653331,301.75,33.5868775861641));
#11157=CARTESIAN_POINT('Origin',(-56.2462198339488,301.75,28.9406764826786));
#11158=CARTESIAN_POINT('',(-57.2338003653331,13.25,33.5868775861642));
#11159=CARTESIAN_POINT('',(-57.2338003653331,13.25,33.5868775861642));
#11160=CARTESIAN_POINT('',(-55.2586393025645,13.25,24.2944753791929));
#11161=CARTESIAN_POINT('Origin',(-56.2462198339488,13.25,28.9406764826786));
#11162=CARTESIAN_POINT('',(-55.2586393025645,301.75,24.294475379193));
#11163=CARTESIAN_POINT('Origin',(-53.7180263092744,315.,43.5));
#11164=CARTESIAN_POINT('',(-53.7180263092744,315.,49.));
#11165=CARTESIAN_POINT('Origin',(-53.7180263092744,315.,49.));
#11166=CARTESIAN_POINT('',(53.7180263092744,315.,49.));
#11167=CARTESIAN_POINT('',(-15.45,270.4056,49.));
#11168=CARTESIAN_POINT('',(-9.94999999999999,270.4056,49.));
#11169=CARTESIAN_POINT('Origin',(-12.7,270.4056,49.));
#11170=CARTESIAN_POINT('',(-15.45,276.4056,49.));
#11171=CARTESIAN_POINT('',(-15.45,270.4056,49.));
#11172=CARTESIAN_POINT('',(-9.94999999999999,276.4056,49.));
#11173=CARTESIAN_POINT('Origin',(-12.7,276.4056,49.));
#11174=CARTESIAN_POINT('',(-9.94999999999999,270.4056,49.));
#11175=CARTESIAN_POINT('',(9.95000000000001,270.4056,49.));
#11176=CARTESIAN_POINT('',(15.45,270.4056,49.));
#11177=CARTESIAN_POINT('Origin',(12.7,270.4056,49.));
#11178=CARTESIAN_POINT('',(9.95000000000001,276.4056,49.));
#11179=CARTESIAN_POINT('',(9.95000000000001,270.4056,49.));
#11180=CARTESIAN_POINT('',(15.45,276.4056,49.));
#11181=CARTESIAN_POINT('Origin',(12.7,276.4056,49.));
#11182=CARTESIAN_POINT('',(15.45,270.4056,49.));
#11183=CARTESIAN_POINT('Origin',(53.7180263092744,315.,43.5));
#11184=CARTESIAN_POINT('',(59.0978381133103,315.,42.3564857005023));
#11185=CARTESIAN_POINT('Origin',(53.4913899306136,315.,15.9802207729556));
#11186=CARTESIAN_POINT('',(53.4913899306136,305.,15.9802207729556));
#11187=CARTESIAN_POINT('',(53.4913899306136,10.,15.9802207729556));
#11188=CARTESIAN_POINT('',(53.4913899306136,315.,15.9802207729556));
#11189=CARTESIAN_POINT('Origin',(55.5705068387911,305.,25.7616967802937));
#11190=CARTESIAN_POINT('',(55.5705068387911,0.,25.7616967802937));
#11191=CARTESIAN_POINT('',(53.4913899306136,0.,15.9802207729556));
#11192=CARTESIAN_POINT('Origin',(55.5705068387911,10.,25.7616967802937));
#11193=CARTESIAN_POINT('',(55.2586393025645,301.75,24.294475379193));
#11194=CARTESIAN_POINT('',(57.2338003653331,301.75,33.5868775861641));
#11195=CARTESIAN_POINT('Origin',(56.2462198339488,301.75,28.9406764826786));
#11196=CARTESIAN_POINT('',(55.2586393025645,13.25,24.2944753791929));
#11197=CARTESIAN_POINT('',(55.2586393025645,301.75,24.294475379193));
#11198=CARTESIAN_POINT('',(57.2338003653331,13.25,33.5868775861642));
#11199=CARTESIAN_POINT('Origin',(56.2462198339488,13.25,28.9406764826786));
#11200=CARTESIAN_POINT('',(57.2338003653331,13.25,33.5868775861642));
#11201=CARTESIAN_POINT('Origin',(51.046020928779,315.,16.5));
#11202=CARTESIAN_POINT('',(51.046020928779,305.,16.5));
#11203=CARTESIAN_POINT('',(51.046020928779,10.,16.5));
#11204=CARTESIAN_POINT('',(51.046020928779,315.,16.5));
#11205=CARTESIAN_POINT('',(51.046020928779,305.,16.5));
#11206=CARTESIAN_POINT('',(51.0460209287791,10.,16.5));
#11207=CARTESIAN_POINT('Origin',(51.046020928779,315.,16.5));
#11208=CARTESIAN_POINT('Origin',(53.1251378369566,305.,26.2814760073381));
#11209=CARTESIAN_POINT('',(53.1251378369566,0.,26.2814760073381));
#11210=CARTESIAN_POINT('Origin',(53.1251378369566,10.,26.2814760073381));
#11211=CARTESIAN_POINT('',(51.046020928779,0.,16.5));
#11212=CARTESIAN_POINT('',(56.6524691114758,315.,42.8762649275467));
#11213=CARTESIAN_POINT('',(52.8132703007299,301.75,24.8142546062374));
#11214=CARTESIAN_POINT('',(52.81327030073,13.25,24.8142546062373));
#11215=CARTESIAN_POINT('',(52.8132703007299,301.75,24.8142546062374));
#11216=CARTESIAN_POINT('',(54.7884313634986,301.75,34.1066568132085));
#11217=CARTESIAN_POINT('Origin',(53.8008508321143,301.75,29.460455709723));
#11218=CARTESIAN_POINT('',(54.7884313634986,13.25,34.1066568132085));
#11219=CARTESIAN_POINT('',(54.7884313634986,13.25,34.1066568132086));
#11220=CARTESIAN_POINT('Origin',(53.8008508321143,13.25,29.460455709723));
#11221=CARTESIAN_POINT('Origin',(53.7180263092744,315.,43.5));
#11222=CARTESIAN_POINT('',(53.7180263092744,315.,46.5));
#11223=CARTESIAN_POINT('Origin',(-53.7180263092744,315.,46.5));
#11224=CARTESIAN_POINT('',(-53.7180263092744,315.,46.5));
#11225=CARTESIAN_POINT('',(-15.45,270.4056,46.5));
#11226=CARTESIAN_POINT('',(-15.45,276.4056,46.5));
#11227=CARTESIAN_POINT('',(-15.45,270.4056,46.5));
#11228=CARTESIAN_POINT('',(-9.94999999999999,270.4056,46.5));
#11229=CARTESIAN_POINT('Origin',(-12.7,270.4056,46.5));
#11230=CARTESIAN_POINT('',(-9.94999999999999,276.4056,46.5));
#11231=CARTESIAN_POINT('',(-9.94999999999999,270.4056,46.5));
#11232=CARTESIAN_POINT('Origin',(-12.7,276.4056,46.5));
#11233=CARTESIAN_POINT('',(9.95000000000001,270.4056,46.5));
#11234=CARTESIAN_POINT('',(9.95000000000001,276.4056,46.5));
#11235=CARTESIAN_POINT('',(9.95000000000001,270.4056,46.5));
#11236=CARTESIAN_POINT('',(15.45,270.4056,46.5));
#11237=CARTESIAN_POINT('Origin',(12.7,270.4056,46.5));
#11238=CARTESIAN_POINT('',(15.45,276.4056,46.5));
#11239=CARTESIAN_POINT('',(15.45,270.4056,46.5));
#11240=CARTESIAN_POINT('Origin',(12.7,276.4056,46.5));
#11241=CARTESIAN_POINT('Origin',(-53.7180263092744,315.,43.5));
#11242=CARTESIAN_POINT('Origin',(-53.7180263092744,315.,43.5));
#11243=CARTESIAN_POINT('',(-50.190695034755,315.,26.9052110797913));
#11244=CARTESIAN_POINT('Origin',(-53.7180263092744,0.,43.5));
#11245=CARTESIAN_POINT('',(55.5705068387911,0.,25.7616967802937));
#11246=CARTESIAN_POINT('Origin',(12.7,270.4056,-46.001));
#11247=CARTESIAN_POINT('',(9.95000000000001,270.4056,-46.001));
#11248=CARTESIAN_POINT('',(15.45,270.4056,-46.001));
#11249=CARTESIAN_POINT('Origin',(9.95000000000001,270.4056,-46.001));
#11250=CARTESIAN_POINT('',(9.95000000000001,276.4056,-46.001));
#11251=CARTESIAN_POINT('Origin',(12.7,276.4056,-46.001));
#11252=CARTESIAN_POINT('',(15.45,276.4056,-46.001));
#11253=CARTESIAN_POINT('Origin',(15.45,270.4056,-46.001));
#11254=CARTESIAN_POINT('Origin',(-12.7,270.4056,-46.001));
#11255=CARTESIAN_POINT('',(-15.45,270.4056,-46.001));
#11256=CARTESIAN_POINT('',(-9.94999999999999,270.4056,-46.001));
#11257=CARTESIAN_POINT('Origin',(-15.45,270.4056,-46.001));
#11258=CARTESIAN_POINT('',(-15.45,276.4056,-46.001));
#11259=CARTESIAN_POINT('Origin',(-12.7,276.4056,-46.001));
#11260=CARTESIAN_POINT('',(-9.94999999999999,276.4056,-46.001));
#11261=CARTESIAN_POINT('Origin',(-9.94999999999999,270.4056,-46.001));
#11262=CARTESIAN_POINT('Origin',(53.1251378369566,305.,26.2814760073381));
#11263=CARTESIAN_POINT('Origin',(-52.6011902028829,10.,48.7543007734825));
#11264=CARTESIAN_POINT('Origin',(-49.0721692662966,10.,27.1429610712742));
#11265=CARTESIAN_POINT('Origin',(-55.5705068387909,305.,25.7616967802937));
#11266=CARTESIAN_POINT('Origin',(-237.835213722706,301.75,91.44961485047));
#11267=CARTESIAN_POINT('',(-238.82279425409,301.75,86.8034137469845));
#11268=CARTESIAN_POINT('',(-236.847633191321,301.75,96.0958159539556));
#11269=CARTESIAN_POINT('Origin',(-238.82279425409,301.75,86.8034137469845));
#11270=CARTESIAN_POINT('',(-238.82279425409,13.25,86.8034137469844));
#11271=CARTESIAN_POINT('Origin',(-237.835213722706,13.25,91.44961485047));
#11272=CARTESIAN_POINT('',(-236.847633191321,13.25,96.0958159539557));
#11273=CARTESIAN_POINT('Origin',(-236.847633191321,13.25,96.0958159539557));
#11274=CARTESIAN_POINT('Origin',(237.835213722706,301.75,91.44961485047));
#11275=CARTESIAN_POINT('',(236.847633191321,301.75,96.0958159539556));
#11276=CARTESIAN_POINT('',(238.82279425409,301.75,86.8034137469845));
#11277=CARTESIAN_POINT('Origin',(238.82279425409,301.75,86.8034137469845));
#11278=CARTESIAN_POINT('',(238.82279425409,13.25,86.8034137469844));
#11279=CARTESIAN_POINT('Origin',(237.835213722706,13.25,91.44961485047));
#11280=CARTESIAN_POINT('',(236.847633191321,13.25,96.0958159539557));
#11281=CARTESIAN_POINT('Origin',(236.847633191321,13.25,96.0958159539557));
#11282=CARTESIAN_POINT('',(0.,0.,0.));
#11283=CARTESIAN_POINT('Origin',(0.,0.,2.11));
#11284=CARTESIAN_POINT('',(2.10500922670447,-2.57789281165928E-16,2.19823480681548));
#11285=CARTESIAN_POINT('Origin',(0.,0.,2.19823480681548));
#11286=CARTESIAN_POINT('',(2.05794948949489,-2.52026125511685E-16,2.21));
#11287=CARTESIAN_POINT('Origin',(2.05794948949489,-2.52026125511685E-16,
2.11));
#11288=CARTESIAN_POINT('Origin',(0.,0.,2.21));
#11289=CARTESIAN_POINT('Origin',(0.,0.,0.306686458555016));
#11290=CARTESIAN_POINT('',(-3.96,4.84960132462352E-16,0.306686458555016));
#11291=CARTESIAN_POINT('',(3.96,-4.84960132462352E-16,0.306686458555016));
#11292=CARTESIAN_POINT('Origin',(0.,0.,0.306686458555016));
#11293=CARTESIAN_POINT('Origin',(0.,0.,0.306686458555016));
#11294=CARTESIAN_POINT('',(3.94826775708356,-4.83523347088909E-16,0.353684363395947));
#11295=CARTESIAN_POINT('Origin',(3.86,-4.72713664470878E-16,0.306686458555016));
#11296=CARTESIAN_POINT('Origin',(0.,0.,0.353684363395947));
#11297=CARTESIAN_POINT('Origin',(0.,0.,0.0999999999999994));
#11298=CARTESIAN_POINT('',(-3.96,-4.84960132462352E-16,0.0999999999999994));
#11299=CARTESIAN_POINT('Origin',(0.,0.,0.0999999999999994));
#11300=CARTESIAN_POINT('',(-3.86,-4.72713664470878E-16,-5.89805981832114E-16));
#11301=CARTESIAN_POINT('Origin',(-3.86,-4.72713664470878E-16,0.0999999999999994));
#11302=CARTESIAN_POINT('Origin',(0.,0.,-5.96311194867027E-16));
#11303=CARTESIAN_POINT('Origin',(0.,0.,-15.775));
#11304=CARTESIAN_POINT('',(-1.73708932188135,-2.12732087787504E-16,-15.8457106781187));
#11305=CARTESIAN_POINT('Origin',(0.,0.,-15.8457106781187));
#11306=CARTESIAN_POINT('',(-1.66637864376269,-2.04072527225149E-16,-15.875));
#11307=CARTESIAN_POINT('Origin',(-1.66637864376269,-2.04072527225149E-16,
-15.775));
#11308=CARTESIAN_POINT('Origin',(0.,0.,-15.875));
#11309=CARTESIAN_POINT('Origin',(0.,0.,-15.4585786437627));
#11310=CARTESIAN_POINT('',(-2.05351067811866,2.51482527897292E-16,-15.5292893218814));
#11311=CARTESIAN_POINT('',(2.05351067811866,-2.51482527897292E-16,-15.5292893218814));
#11312=CARTESIAN_POINT('Origin',(0.,0.,-15.5292893218814));
#11313=CARTESIAN_POINT('Origin',(0.,0.,-15.5292893218814));
#11314=CARTESIAN_POINT('',(2.0828,-2.55069435326411E-16,-15.4585786437627));
#11315=CARTESIAN_POINT('Origin',(1.9828,-2.42822967334937E-16,-15.4585786437627));
#11316=CARTESIAN_POINT('',(-2.0828,2.55069435326411E-16,-15.4585786437627));
#11317=CARTESIAN_POINT('Origin',(0.,0.,-15.4585786437627));
#11318=CARTESIAN_POINT('Origin',(0.,0.,-15.4585786437627));
#11319=CARTESIAN_POINT('Origin',(-2.01833127826195,-3.25260651745651E-16,
0.66299999999552));
#11320=CARTESIAN_POINT('',(-1.41888552009207,0.557073481682604,0.66299999999552));
#11321=CARTESIAN_POINT('',(-1.41888552009207,-0.557073481682604,0.66299999999552));
#11322=CARTESIAN_POINT('Origin',(-2.01833127826195,-3.25260651745651E-16,
0.66299999999552));
#11323=CARTESIAN_POINT('',(-1.41888552009207,0.557073481682603,2.12300780074175));
#11324=CARTESIAN_POINT('',(-1.41888552009207,0.557073481682604,0.66299999999552));
#11325=CARTESIAN_POINT('',(-1.41888552009208,-0.55707348168261,2.12300780074175));
#11326=CARTESIAN_POINT('Ctrl Pts',(-1.41888552009247,0.557073481683027,
2.12300780074205));
#11327=CARTESIAN_POINT('Ctrl Pts',(-1.3803860801791,0.515645686774814,2.09357655558532));
#11328=CARTESIAN_POINT('Ctrl Pts',(-1.34642360043548,0.470301785179147,
2.06609446031737));
#11329=CARTESIAN_POINT('Ctrl Pts',(-1.28339645855765,0.366129783007324,
2.01304950810915));
#11330=CARTESIAN_POINT('Ctrl Pts',(-1.25227499209026,0.297681025688744,
1.9850410858041));
#11331=CARTESIAN_POINT('Ctrl Pts',(-1.21052299635923,0.15133416925162,1.94617152607647));
#11332=CARTESIAN_POINT('Ctrl Pts',(-1.2,0.0732867423093289,1.93575862213493));
#11333=CARTESIAN_POINT('Ctrl Pts',(-1.2,-0.0732867423093299,1.93575862213493));
#11334=CARTESIAN_POINT('Ctrl Pts',(-1.21052299635923,-0.151334169251621,
1.94617152607647));
#11335=CARTESIAN_POINT('Ctrl Pts',(-1.25227499209026,-0.297681025688745,
1.9850410858041));
#11336=CARTESIAN_POINT('Ctrl Pts',(-1.28339645855765,-0.366129783007325,
2.01304950810915));
#11337=CARTESIAN_POINT('Ctrl Pts',(-1.34642360043538,-0.470301785178991,
2.06609446031729));
#11338=CARTESIAN_POINT('Ctrl Pts',(-1.38038608017887,-0.51564568677451,
2.09357655558514));
#11339=CARTESIAN_POINT('Ctrl Pts',(-1.41888552009208,-0.557073481682609,
2.12300780074175));
#11340=CARTESIAN_POINT('',(-1.41888552009207,-0.557073481682604,0.66299999999552));
#11341=CARTESIAN_POINT('Origin',(1.24491151794014,0.718749999999993,0.66299999999552));
#11342=CARTESIAN_POINT('',(1.41888552009207,0.557073481682604,0.66299999999552));
#11343=CARTESIAN_POINT('',(1.19188254695782,0.950254164620323,0.66299999999552));
#11344=CARTESIAN_POINT('Origin',(1.24491151794014,0.718749999999993,0.66299999999552));
#11345=CARTESIAN_POINT('',(1.41888552009207,0.557073481682604,2.12300780074175));
#11346=CARTESIAN_POINT('',(1.41888552009207,0.557073481682604,0.66299999999552));
#11347=CARTESIAN_POINT('',(1.45059255133894,0.837499999999991,2.21));
#11348=CARTESIAN_POINT('Ctrl Pts',(1.41888552009208,0.557073481682596,2.12300780074175));
#11349=CARTESIAN_POINT('Ctrl Pts',(1.44063644214478,0.580478828354986,2.13963548989149));
#11350=CARTESIAN_POINT('Ctrl Pts',(1.45775758849662,0.608747559277767,2.15491445556272));
#11351=CARTESIAN_POINT('Ctrl Pts',(1.47917686826099,0.66838905280842,2.17998548021944));
#11352=CARTESIAN_POINT('Ctrl Pts',(1.48448065148105,0.703334325950185,2.19114817286023));
#11353=CARTESIAN_POINT('Ctrl Pts',(1.47874467969951,0.773092102147076,2.20614494728568));
#11354=CARTESIAN_POINT('Ctrl Pts',(1.46768310143149,0.807898298910391,2.21));
#11355=CARTESIAN_POINT('Ctrl Pts',(1.45059255133894,0.837499999999992,2.21));
#11356=CARTESIAN_POINT('',(1.19188254695782,0.950254164620323,2.12300780074175));
#11357=CARTESIAN_POINT('Ctrl Pts',(1.45059255133894,0.837499999999992,2.21));
#11358=CARTESIAN_POINT('Ctrl Pts',(1.43350200124639,0.867101701089592,2.21));
#11359=CARTESIAN_POINT('Ctrl Pts',(1.40888973977425,0.894084407257305,2.20614494728568));
#11360=CARTESIAN_POINT('Ctrl Pts',(1.351345719367,0.933930792633958,2.19114817286023));
#11361=CARTESIAN_POINT('Ctrl Pts',(1.31843033347401,0.946810218200096,2.17998548021944));
#11362=CARTESIAN_POINT('Ctrl Pts',(1.25606964507464,0.958081324558719,2.15491445556272));
#11363=CARTESIAN_POINT('Ctrl Pts',(1.22302763278685,0.957388342337504,2.13963548989149));
#11364=CARTESIAN_POINT('Ctrl Pts',(1.19188254695782,0.950254164620323,2.12300780074175));
#11365=CARTESIAN_POINT('',(1.19188254695782,0.950254164620323,0.66299999999552));
#11366=CARTESIAN_POINT('Origin',(1.24491151794013,-0.718750000000002,0.66299999999552));
#11367=CARTESIAN_POINT('',(1.19188254695781,-0.950254164620338,0.66299999999552));
#11368=CARTESIAN_POINT('',(1.41888552009207,-0.557073481682604,0.66299999999552));
#11369=CARTESIAN_POINT('Origin',(1.24491151794013,-0.718750000000002,0.66299999999552));
#11370=CARTESIAN_POINT('',(1.19188254695781,-0.950254164620339,2.12300780074175));
#11371=CARTESIAN_POINT('',(1.19188254695781,-0.950254164620338,0.66299999999552));
#11372=CARTESIAN_POINT('',(1.45059255133893,-0.837500000000002,2.21));
#11373=CARTESIAN_POINT('Ctrl Pts',(1.19188254695781,-0.95025416462033,2.12300780074175));
#11374=CARTESIAN_POINT('Ctrl Pts',(1.22302763278684,-0.957388342337513,
2.13963548989148));
#11375=CARTESIAN_POINT('Ctrl Pts',(1.25606964507463,-0.958081324558729,
2.15491445556272));
#11376=CARTESIAN_POINT('Ctrl Pts',(1.31843033347401,-0.946810218200105,
2.17998548021944));
#11377=CARTESIAN_POINT('Ctrl Pts',(1.351345719367,-0.933930792633968,2.19114817286023));
#11378=CARTESIAN_POINT('Ctrl Pts',(1.40888973977424,-0.894084407257315,
2.20614494728568));
#11379=CARTESIAN_POINT('Ctrl Pts',(1.43350200124638,-0.867101701089602,
2.21));
#11380=CARTESIAN_POINT('Ctrl Pts',(1.45059255133893,-0.837500000000002,
2.21));
#11381=CARTESIAN_POINT('',(1.41888552009208,-0.55707348168261,2.12300780074175));
#11382=CARTESIAN_POINT('Ctrl Pts',(1.45059255133893,-0.837500000000002,
2.21));
#11383=CARTESIAN_POINT('Ctrl Pts',(1.46768310143149,-0.807898298910401,
2.21));
#11384=CARTESIAN_POINT('Ctrl Pts',(1.47874467969951,-0.773092102147087,
2.20614494728568));
#11385=CARTESIAN_POINT('Ctrl Pts',(1.48448065148105,-0.703334325950195,
2.19114817286023));
#11386=CARTESIAN_POINT('Ctrl Pts',(1.47917686826098,-0.66838905280843,2.17998548021944));
#11387=CARTESIAN_POINT('Ctrl Pts',(1.45775758849662,-0.608747559277778,
2.15491445556272));
#11388=CARTESIAN_POINT('Ctrl Pts',(1.44063644214478,-0.580478828354999,
2.13963548989149));
#11389=CARTESIAN_POINT('Ctrl Pts',(1.41888552009208,-0.557073481682609,
2.12300780074176));
#11390=CARTESIAN_POINT('',(1.41888552009207,-0.557073481682604,0.66299999999552));
#11391=CARTESIAN_POINT('Origin',(0.,0.,2.21));
#11392=CARTESIAN_POINT('Ctrl Pts',(1.41888552009207,0.557073481682604,2.12300780074175));
#11393=CARTESIAN_POINT('Ctrl Pts',(1.38038608017887,0.515645686774506,2.09357655558513));
#11394=CARTESIAN_POINT('Ctrl Pts',(1.34642360043538,0.470301785178988,2.06609446031729));
#11395=CARTESIAN_POINT('Ctrl Pts',(1.28339645855765,0.366129783007325,2.01304950810915));
#11396=CARTESIAN_POINT('Ctrl Pts',(1.25227499209026,0.297681025688745,1.9850410858041));
#11397=CARTESIAN_POINT('Ctrl Pts',(1.21052299635923,0.151334169251621,1.94617152607647));
#11398=CARTESIAN_POINT('Ctrl Pts',(1.2,0.0732867423093299,1.93575862213493));
#11399=CARTESIAN_POINT('Ctrl Pts',(1.2,-0.0732867423093289,1.93575862213493));
#11400=CARTESIAN_POINT('Ctrl Pts',(1.21052299635923,-0.15133416925162,1.94617152607647));
#11401=CARTESIAN_POINT('Ctrl Pts',(1.25227499209026,-0.297681025688744,
1.9850410858041));
#11402=CARTESIAN_POINT('Ctrl Pts',(1.28339645855765,-0.366129783007324,
2.01304950810915));
#11403=CARTESIAN_POINT('Ctrl Pts',(1.34642360043548,-0.470301785179149,
2.06609446031737));
#11404=CARTESIAN_POINT('Ctrl Pts',(1.3803860801791,-0.515645686774819,2.09357655558533));
#11405=CARTESIAN_POINT('Ctrl Pts',(1.41888552009247,-0.557073481683033,
2.12300780074206));
#11406=CARTESIAN_POINT('Origin',(0.,0.,2.21));
#11407=CARTESIAN_POINT('Origin',(0.,0.,-15.5));
#11408=CARTESIAN_POINT('',(-2.0828,-2.55069435326411E-16,-15.5));
#11409=CARTESIAN_POINT('Origin',(0.,0.,0.));
#11410=CARTESIAN_POINT('',(-2.0828,-2.55069435326411E-16,3.82604152989616E-16));
#11411=CARTESIAN_POINT('Origin',(0.,0.,3.82604152989616E-16));
#11412=CARTESIAN_POINT('',(-2.0828,-2.55069435326411E-16,0.));
#11413=CARTESIAN_POINT('Origin',(0.,0.,0.));
#11414=CARTESIAN_POINT('',(-3.96,-4.84960132462352E-16,0.));
#11415=CARTESIAN_POINT('Origin',(0.,0.,-1.74855906574501));
#11416=CARTESIAN_POINT('Origin',(0.,-2.70646942611565E-16,2.21));
#11417=CARTESIAN_POINT('',(-1.45059255133893,0.837500000000002,2.21));
#11418=CARTESIAN_POINT('',(-1.45059255133893,-0.837500000000002,2.21));
#11419=CARTESIAN_POINT('Origin',(0.,0.,2.21));
#11420=CARTESIAN_POINT('',(5.93765676722931E-15,1.675,2.21));
#11421=CARTESIAN_POINT('Origin',(0.,0.,2.21));
#11422=CARTESIAN_POINT('Origin',(0.,0.,2.21));
#11423=CARTESIAN_POINT('',(-1.75603040562739E-14,-1.675,2.21));
#11424=CARTESIAN_POINT('Origin',(0.,0.,2.21));
#11425=CARTESIAN_POINT('Origin',(0.,0.,2.21));
#11426=CARTESIAN_POINT('Origin',(0.,2.0828,-5.94214443350064E-16));
#11427=CARTESIAN_POINT('Origin',(0.,0.,-15.875));
#11428=CARTESIAN_POINT('Origin',(0.,0.,2.21));
#11429=CARTESIAN_POINT('',(-0.227002973134273,-1.50732764630293,2.12300780074175));
#11430=CARTESIAN_POINT('Ctrl Pts',(-0.227002973134274,-1.50732764630293,
2.12300780074175));
#11431=CARTESIAN_POINT('Ctrl Pts',(-0.217608809357954,-1.5378671706925,
2.13963548989148));
#11432=CARTESIAN_POINT('Ctrl Pts',(-0.201687943422,-1.5668288838365,2.15491445556272));
#11433=CARTESIAN_POINT('Ctrl Pts',(-0.16074653478699,-1.61519927100853,
2.17998548021944));
#11434=CARTESIAN_POINT('Ctrl Pts',(-0.13313493211407,-1.63726511858416,
2.19114817286023));
#11435=CARTESIAN_POINT('Ctrl Pts',(-0.0698549399252811,-1.6671765094044,
2.20614494728568));
#11436=CARTESIAN_POINT('Ctrl Pts',(-0.034181100185121,-1.675,2.21));
#11437=CARTESIAN_POINT('Ctrl Pts',(-1.76464745593741E-14,-1.675,2.21));
#11438=CARTESIAN_POINT('',(-1.19188254695783,-0.950254164620314,2.12300780074175));
#11439=CARTESIAN_POINT('Ctrl Pts',(-1.19188254695783,-0.950254164620314,
2.12300780074175));
#11440=CARTESIAN_POINT('Ctrl Pts',(-1.13675530418804,-0.937626569078056,
2.09357655558513));
#11441=CARTESIAN_POINT('Ctrl Pts',(-1.08050509362788,-0.930886149642441,
2.06609446031729));
#11442=CARTESIAN_POINT('Ctrl Pts',(-0.958775922445264,-0.928389044734238,
2.01304950810915));
#11443=CARTESIAN_POINT('Ctrl Pts',(-0.8839368265162,-0.935661442829739,
1.9850410858041));
#11444=CARTESIAN_POINT('Ctrl Pts',(-0.736320733212145,-0.972676582086536,
1.94617152607647));
#11445=CARTESIAN_POINT('Ctrl Pts',(-0.663468180600494,-1.00258711338665,
1.93575862213493));
#11446=CARTESIAN_POINT('Ctrl Pts',(-0.536531819399529,-1.07587385569599,
1.93575862213493));
#11447=CARTESIAN_POINT('Ctrl Pts',(-0.474202263147112,-1.12401075133816,
1.94617152607647));
#11448=CARTESIAN_POINT('Ctrl Pts',(-0.368338165574082,-1.23334246851849,
1.9850410858041));
#11449=CARTESIAN_POINT('Ctrl Pts',(-0.324620536112415,-1.29451882774157,
2.01304950810915));
#11450=CARTESIAN_POINT('Ctrl Pts',(-0.26591850680753,-1.40118793482144,
2.06609446031729));
#11451=CARTESIAN_POINT('Ctrl Pts',(-0.243630775990855,-1.45327225585257,
2.09357655558513));
#11452=CARTESIAN_POINT('Ctrl Pts',(-0.227002973134273,-1.50732764630293,
2.12300780074175));
#11453=CARTESIAN_POINT('Ctrl Pts',(-1.45059255133893,-0.837500000000002,
2.21));
#11454=CARTESIAN_POINT('Ctrl Pts',(-1.43350200124638,-0.867101701089602,
2.21));
#11455=CARTESIAN_POINT('Ctrl Pts',(-1.40888973977424,-0.894084407257315,
2.20614494728568));
#11456=CARTESIAN_POINT('Ctrl Pts',(-1.351345719367,-0.933930792633968,2.19114817286023));
#11457=CARTESIAN_POINT('Ctrl Pts',(-1.31843033347401,-0.946810218200105,
2.17998548021944));
#11458=CARTESIAN_POINT('Ctrl Pts',(-1.25606964507464,-0.958081324558728,
2.15491445556272));
#11459=CARTESIAN_POINT('Ctrl Pts',(-1.22302763278684,-0.957388342337513,
2.13963548989149));
#11460=CARTESIAN_POINT('Ctrl Pts',(-1.19188254695782,-0.950254164620333,
2.12300780074176));
#11461=CARTESIAN_POINT('Origin',(0.,0.,2.21));
#11462=CARTESIAN_POINT('',(0.227002973134241,-1.50732764630294,2.12300780074175));
#11463=CARTESIAN_POINT('Ctrl Pts',(0.227002973134241,-1.50732764630294,
2.12300780074175));
#11464=CARTESIAN_POINT('Ctrl Pts',(0.243630775990824,-1.45327225585258,
2.09357655558514));
#11465=CARTESIAN_POINT('Ctrl Pts',(0.265918506807501,-1.40118793482144,
2.06609446031729));
#11466=CARTESIAN_POINT('Ctrl Pts',(0.324620536112388,-1.29451882774158,
2.01304950810915));
#11467=CARTESIAN_POINT('Ctrl Pts',(0.368338165574057,-1.2333424685185,1.9850410858041));
#11468=CARTESIAN_POINT('Ctrl Pts',(0.474202263147089,-1.12401075133817,
1.94617152607647));
#11469=CARTESIAN_POINT('Ctrl Pts',(0.536531819399507,-1.075873855696,1.93575862213493));
#11470=CARTESIAN_POINT('Ctrl Pts',(0.663468180600474,-1.00258711338667,
1.93575862213493));
#11471=CARTESIAN_POINT('Ctrl Pts',(0.736320733212125,-0.97267658208655,
1.94617152607647));
#11472=CARTESIAN_POINT('Ctrl Pts',(0.883936826516182,-0.935661442829757,
1.9850410858041));
#11473=CARTESIAN_POINT('Ctrl Pts',(0.958775922445245,-0.928389044734257,
2.01304950810915));
#11474=CARTESIAN_POINT('Ctrl Pts',(1.08050509362786,-0.930886149642463,
2.06609446031729));
#11475=CARTESIAN_POINT('Ctrl Pts',(1.13675530418802,-0.937626569078079,
2.09357655558513));
#11476=CARTESIAN_POINT('Ctrl Pts',(1.19188254695781,-0.950254164620339,
2.12300780074175));
#11477=CARTESIAN_POINT('Ctrl Pts',(-1.76464745593741E-14,-1.675,2.21));
#11478=CARTESIAN_POINT('Ctrl Pts',(0.0341811001850857,-1.675,2.21));
#11479=CARTESIAN_POINT('Ctrl Pts',(0.0698549399252457,-1.6671765094044,
2.20614494728568));
#11480=CARTESIAN_POINT('Ctrl Pts',(0.133134932114035,-1.63726511858416,
2.19114817286023));
#11481=CARTESIAN_POINT('Ctrl Pts',(0.160746534786956,-1.61519927100853,
2.17998548021944));
#11482=CARTESIAN_POINT('Ctrl Pts',(0.201687943421966,-1.5668288838365,2.15491445556272));
#11483=CARTESIAN_POINT('Ctrl Pts',(0.217608809357921,-1.53786717069251,
2.13963548989149));
#11484=CARTESIAN_POINT('Ctrl Pts',(0.227002973134242,-1.50732764630294,
2.12300780074175));
#11485=CARTESIAN_POINT('Origin',(0.,0.,2.21));
#11486=CARTESIAN_POINT('',(0.227002973134263,1.50732764630293,2.12300780074175));
#11487=CARTESIAN_POINT('Ctrl Pts',(1.19188254695782,0.950254164620324,2.12300780074175));
#11488=CARTESIAN_POINT('Ctrl Pts',(1.13675530418803,0.937626569078064,2.09357655558514));
#11489=CARTESIAN_POINT('Ctrl Pts',(1.08050509362787,0.930886149642449,2.06609446031729));
#11490=CARTESIAN_POINT('Ctrl Pts',(0.958775922445257,0.928389044734245,
2.01304950810915));
#11491=CARTESIAN_POINT('Ctrl Pts',(0.883936826516194,0.935661442829746,
1.9850410858041));
#11492=CARTESIAN_POINT('Ctrl Pts',(0.736320733212138,0.972676582086541,
1.94617152607647));
#11493=CARTESIAN_POINT('Ctrl Pts',(0.663468180600487,1.00258711338666,1.93575862213493));
#11494=CARTESIAN_POINT('Ctrl Pts',(0.536531819399522,1.07587385569599,1.93575862213493));
#11495=CARTESIAN_POINT('Ctrl Pts',(0.474202263147105,1.12401075133816,1.94617152607647));
#11496=CARTESIAN_POINT('Ctrl Pts',(0.368338165574074,1.23334246851849,1.9850410858041));
#11497=CARTESIAN_POINT('Ctrl Pts',(0.324620536112406,1.29451882774157,2.01304950810915));
#11498=CARTESIAN_POINT('Ctrl Pts',(0.265918506807521,1.40118793482144,2.06609446031729));
#11499=CARTESIAN_POINT('Ctrl Pts',(0.243630775990844,1.45327225585257,2.09357655558514));
#11500=CARTESIAN_POINT('Ctrl Pts',(0.227002973134263,1.50732764630293,2.12300780074175));
#11501=CARTESIAN_POINT('Ctrl Pts',(0.227002973134263,1.50732764630293,2.12300780074175));
#11502=CARTESIAN_POINT('Ctrl Pts',(0.217608809357943,1.5378671706925,2.13963548989148));
#11503=CARTESIAN_POINT('Ctrl Pts',(0.201687943421989,1.5668288838365,2.15491445556272));
#11504=CARTESIAN_POINT('Ctrl Pts',(0.160746534786979,1.61519927100853,2.17998548021944));
#11505=CARTESIAN_POINT('Ctrl Pts',(0.133134932114059,1.63726511858416,2.19114817286023));
#11506=CARTESIAN_POINT('Ctrl Pts',(0.0698549399252696,1.6671765094044,2.20614494728568));
#11507=CARTESIAN_POINT('Ctrl Pts',(0.0341811001851093,1.675,2.21));
#11508=CARTESIAN_POINT('Ctrl Pts',(5.9609435443253E-15,1.675,2.21));
#11509=CARTESIAN_POINT('Origin',(0.,0.,2.21));
#11510=CARTESIAN_POINT('',(-1.19188254695782,0.950254164620332,2.12300780074175));
#11511=CARTESIAN_POINT('Ctrl Pts',(-1.19188254695782,0.950254164620332,
2.12300780074175));
#11512=CARTESIAN_POINT('Ctrl Pts',(-1.22302763278684,0.957388342337513,
2.13963548989149));
#11513=CARTESIAN_POINT('Ctrl Pts',(-1.25606964507464,0.958081324558728,
2.15491445556272));
#11514=CARTESIAN_POINT('Ctrl Pts',(-1.31843033347401,0.946810218200106,
2.17998548021944));
#11515=CARTESIAN_POINT('Ctrl Pts',(-1.351345719367,0.933930792633968,2.19114817286023));
#11516=CARTESIAN_POINT('Ctrl Pts',(-1.40888973977424,0.894084407257315,
2.20614494728568));
#11517=CARTESIAN_POINT('Ctrl Pts',(-1.43350200124638,0.867101701089602,
2.21));
#11518=CARTESIAN_POINT('Ctrl Pts',(-1.45059255133893,0.837500000000002,
2.21));
#11519=CARTESIAN_POINT('',(-0.227002973134253,1.50732764630293,2.12300780074175));
#11520=CARTESIAN_POINT('Ctrl Pts',(-0.227002973134252,1.50732764630293,
2.12300780074175));
#11521=CARTESIAN_POINT('Ctrl Pts',(-0.243630775990835,1.45327225585257,
2.09357655558513));
#11522=CARTESIAN_POINT('Ctrl Pts',(-0.265918506807511,1.40118793482144,
2.06609446031729));
#11523=CARTESIAN_POINT('Ctrl Pts',(-0.324620536112397,1.29451882774157,
2.01304950810915));
#11524=CARTESIAN_POINT('Ctrl Pts',(-0.368338165574066,1.23334246851849,
1.9850410858041));
#11525=CARTESIAN_POINT('Ctrl Pts',(-0.474202263147097,1.12401075133816,
1.94617152607647));
#11526=CARTESIAN_POINT('Ctrl Pts',(-0.536531819399514,1.07587385569599,
1.93575862213493));
#11527=CARTESIAN_POINT('Ctrl Pts',(-0.663468180600481,1.00258711338666,
1.93575862213493));
#11528=CARTESIAN_POINT('Ctrl Pts',(-0.736320733212132,0.972676582086545,
1.94617152607647));
#11529=CARTESIAN_POINT('Ctrl Pts',(-0.883936826516188,0.935661442829751,
1.9850410858041));
#11530=CARTESIAN_POINT('Ctrl Pts',(-0.958775922445252,0.928389044734251,
2.01304950810915));
#11531=CARTESIAN_POINT('Ctrl Pts',(-1.08050509362786,0.930886149642455,
2.06609446031729));
#11532=CARTESIAN_POINT('Ctrl Pts',(-1.13675530418803,0.937626569078071,
2.09357655558514));
#11533=CARTESIAN_POINT('Ctrl Pts',(-1.19188254695782,0.950254164620331,
2.12300780074175));
#11534=CARTESIAN_POINT('Ctrl Pts',(5.9609435443253E-15,1.675,2.21));
#11535=CARTESIAN_POINT('Ctrl Pts',(-0.0341811001850974,1.675,2.21));
#11536=CARTESIAN_POINT('Ctrl Pts',(-0.0698549399252574,1.6671765094044,
2.20614494728568));
#11537=CARTESIAN_POINT('Ctrl Pts',(-0.133134932114047,1.63726511858416,
2.19114817286023));
#11538=CARTESIAN_POINT('Ctrl Pts',(-0.160746534786967,1.61519927100853,
2.17998548021944));
#11539=CARTESIAN_POINT('Ctrl Pts',(-0.201687943421978,1.5668288838365,2.15491445556272));
#11540=CARTESIAN_POINT('Ctrl Pts',(-0.217608809357932,1.5378671706925,2.13963548989148));
#11541=CARTESIAN_POINT('Ctrl Pts',(-0.227002973134253,1.50732764630293,
2.12300780074175));
#11542=CARTESIAN_POINT('Origin',(0.,0.,2.21));
#11543=CARTESIAN_POINT('Ctrl Pts',(-1.41888552009208,-0.557073481682609,
2.12300780074175));
#11544=CARTESIAN_POINT('Ctrl Pts',(-1.44063644214478,-0.580478828354999,
2.13963548989149));
#11545=CARTESIAN_POINT('Ctrl Pts',(-1.45775758849662,-0.608747559277779,
2.15491445556272));
#11546=CARTESIAN_POINT('Ctrl Pts',(-1.47917686826098,-0.668389052808431,
2.17998548021944));
#11547=CARTESIAN_POINT('Ctrl Pts',(-1.48448065148105,-0.703334325950196,
2.19114817286023));
#11548=CARTESIAN_POINT('Ctrl Pts',(-1.47874467969951,-0.773092102147087,
2.20614494728568));
#11549=CARTESIAN_POINT('Ctrl Pts',(-1.46768310143149,-0.807898298910402,
2.21));
#11550=CARTESIAN_POINT('Ctrl Pts',(-1.45059255133893,-0.837500000000002,
2.21));
#11551=CARTESIAN_POINT('Ctrl Pts',(-1.45059255133893,0.837500000000002,
2.21));
#11552=CARTESIAN_POINT('Ctrl Pts',(-1.46768310143149,0.807898298910402,
2.21));
#11553=CARTESIAN_POINT('Ctrl Pts',(-1.47874467969951,0.773092102147087,
2.20614494728568));
#11554=CARTESIAN_POINT('Ctrl Pts',(-1.48448065148105,0.703334325950196,
2.19114817286023));
#11555=CARTESIAN_POINT('Ctrl Pts',(-1.47917686826098,0.668389052808431,
2.17998548021944));
#11556=CARTESIAN_POINT('Ctrl Pts',(-1.45775758849662,0.608747559277776,
2.15491445556272));
#11557=CARTESIAN_POINT('Ctrl Pts',(-1.44063644214478,0.580478828354994,
2.13963548989148));
#11558=CARTESIAN_POINT('Ctrl Pts',(-1.41888552009207,0.557073481682603,
2.12300780074175));
#11559=CARTESIAN_POINT('Origin',(-1.24491151794013,0.718750000000002,0.66299999999552));
#11560=CARTESIAN_POINT('',(-0.227002973134253,1.50732764630293,0.66299999999552));
#11561=CARTESIAN_POINT('',(-1.19188254695781,0.950254164620331,0.66299999999552));
#11562=CARTESIAN_POINT('Origin',(-1.00916563913097,1.74792616022757,0.66299999999552));
#11563=CARTESIAN_POINT('Origin',(-1.24491151794013,0.718750000000002,0.66299999999552));
#11564=CARTESIAN_POINT('',(-1.19188254695783,-0.950254164620314,0.66299999999552));
#11565=CARTESIAN_POINT('Origin',(-1.24491151794013,-0.718750000000002,0.66299999999552));
#11566=CARTESIAN_POINT('',(-0.227002973134273,-1.50732764630293,0.66299999999552));
#11567=CARTESIAN_POINT('Origin',(-1.009165639131,-1.74792616022756,0.66299999999552));
#11568=CARTESIAN_POINT('',(0.227002973134242,-1.50732764630293,0.66299999999552));
#11569=CARTESIAN_POINT('Origin',(-1.50704101975485E-14,-1.4375,0.66299999999552));
#11570=CARTESIAN_POINT('Origin',(1.00916563913096,-1.74792616022758,0.66299999999552));
#11571=CARTESIAN_POINT('Origin',(2.01833127826195,3.25260651745651E-16,
0.66299999999552));
#11572=CARTESIAN_POINT('',(0.227002973134263,1.50732764630293,0.66299999999552));
#11573=CARTESIAN_POINT('Origin',(1.00916563913098,1.74792616022757,0.66299999999552));
#11574=CARTESIAN_POINT('Origin',(5.09575021068187E-15,1.4375,0.66299999999552));
#11575=CARTESIAN_POINT('Origin',(-1.009165639131,-1.74792616022756,0.66299999999552));
#11576=CARTESIAN_POINT('',(-1.19188254695783,-0.950254164620314,0.66299999999552));
#11577=CARTESIAN_POINT('',(-0.227002973134273,-1.50732764630293,0.66299999999552));
#11578=CARTESIAN_POINT('Origin',(-1.50704101975485E-14,-1.4375,0.66299999999552));
#11579=CARTESIAN_POINT('',(0.227002973134242,-1.50732764630293,0.66299999999552));
#11580=CARTESIAN_POINT('Origin',(1.00916563913096,-1.74792616022758,0.66299999999552));
#11581=CARTESIAN_POINT('Origin',(2.01833127826195,3.25260651745651E-16,
0.66299999999552));
#11582=CARTESIAN_POINT('Origin',(1.00916563913098,1.74792616022757,0.66299999999552));
#11583=CARTESIAN_POINT('',(0.227002973134263,1.50732764630293,0.66299999999552));
#11584=CARTESIAN_POINT('Origin',(5.09575021068187E-15,1.4375,0.66299999999552));
#11585=CARTESIAN_POINT('',(-0.227002973134253,1.50732764630293,0.66299999999552));
#11586=CARTESIAN_POINT('Origin',(-1.00916563913097,1.74792616022757,0.66299999999552));
#11587=CARTESIAN_POINT('',(-1.19188254695781,0.950254164620331,0.66299999999552));
#11588=CARTESIAN_POINT('Origin',(-1.24491151794013,0.718750000000002,0.66299999999552));
#11589=CARTESIAN_POINT('Origin',(-1.24491151794013,-0.718750000000002,0.66299999999552));
#11590=CARTESIAN_POINT('',(0.,0.,0.));
#11591=CARTESIAN_POINT('Origin',(0.,5.,0.));
#11592=CARTESIAN_POINT('',(-2.63299061816681E-16,5.,2.15));
#11593=CARTESIAN_POINT('Origin',(0.,5.,0.));
#11594=CARTESIAN_POINT('',(-2.63299061816681E-16,0.,2.15));
#11595=CARTESIAN_POINT('',(-2.63299061816681E-16,5.,2.15));
#11596=CARTESIAN_POINT('Origin',(0.,0.,0.));
#11597=CARTESIAN_POINT('Origin',(0.,5.,0.));
#11598=CARTESIAN_POINT('',(-5.51091059616309E-16,0.,4.5));
#11599=CARTESIAN_POINT('Origin',(0.,0.,0.));
#11600=CARTESIAN_POINT('',(-5.51091059616309E-16,5.,4.5));
#11601=CARTESIAN_POINT('',(-5.51091059616309E-16,5.,4.5));
#11602=CARTESIAN_POINT('Origin',(0.,5.,0.));
#11603=CARTESIAN_POINT('Origin',(0.,5.,0.));
#11604=CARTESIAN_POINT('Origin',(0.,0.,0.));
#11605=CARTESIAN_POINT('',(0.,0.,0.));
#11606=CARTESIAN_POINT('Origin',(2.462759742012,0.379660057683994,-4.265625));
#11607=CARTESIAN_POINT('',(2.54936228239044,0.379660057683994,-4.315625));
#11608=CARTESIAN_POINT('',(2.462759742012,0.379660057683994,-4.365625));
#11609=CARTESIAN_POINT('Origin',(2.462759742012,0.379660057683994,-4.265625));
#11610=CARTESIAN_POINT('',(2.4796860288059,0.285564344383746,-4.29494218871052));
#11611=CARTESIAN_POINT('Origin',(2.462759742012,0.379660057683994,-4.265625));
#11612=CARTESIAN_POINT('Origin',(2.462759742012,0.379660057683994,-4.265625));
#11613=CARTESIAN_POINT('Origin',(4.925519484024,0.379660057683994,-1.38749608294393E-16));
#11614=CARTESIAN_POINT('',(5.01212202440244,0.379660057683994,-0.0500000000000002));
#11615=CARTESIAN_POINT('',(5.01212202440244,0.379660057683994,0.0499999999999996));
#11616=CARTESIAN_POINT('Origin',(4.925519484024,0.379660057683994,-1.96511643762998E-16));
#11617=CARTESIAN_POINT('',(4.9593720576118,0.285564344383747,-7.26137284344604E-16));
#11618=CARTESIAN_POINT('Origin',(4.92551948402399,0.379660057683994,-4.74338450462408E-16));
#11619=CARTESIAN_POINT('Origin',(4.925519484024,0.379660057683994,-7.21180685894727E-16));
#11620=CARTESIAN_POINT('Origin',(-2.462759742012,0.379660057683993,-4.265625));
#11621=CARTESIAN_POINT('',(-2.54936228239044,0.379660057683993,-4.315625));
#11622=CARTESIAN_POINT('',(-2.462759742012,0.379660057683993,-4.365625));
#11623=CARTESIAN_POINT('Origin',(-2.462759742012,0.379660057683993,-4.265625));
#11624=CARTESIAN_POINT('',(-2.4796860288059,0.285564344383746,-4.29494218871052));
#11625=CARTESIAN_POINT('Origin',(-2.462759742012,0.379660057683993,-4.265625));
#11626=CARTESIAN_POINT('Origin',(-2.462759742012,0.379660057683993,-4.265625));
#11627=CARTESIAN_POINT('Origin',(-4.925519484024,4.58127744231601,-1.73264695863706E-15));
#11628=CARTESIAN_POINT('',(-5.01212202440244,4.58127744231601,-0.0500000000000019));
#11629=CARTESIAN_POINT('',(-5.01212202440244,4.58127744231601,0.0499999999999982));
#11630=CARTESIAN_POINT('Origin',(-4.92551948402399,4.58127744231601,-1.70761842166467E-15));
#11631=CARTESIAN_POINT('',(-4.9593720576118,4.67537315561626,-1.46759179398896E-15));
#11632=CARTESIAN_POINT('Origin',(-4.925519484024,4.58127744231601,-1.82281490249125E-15));
#11633=CARTESIAN_POINT('Origin',(-4.925519484024,4.58127744231601,-1.54553480735064E-15));
#11634=CARTESIAN_POINT('Origin',(2.462759742012,4.58127744231601,4.265625));
#11635=CARTESIAN_POINT('',(2.462759742012,4.58127744231601,4.365625));
#11636=CARTESIAN_POINT('',(2.54936228239044,4.58127744231601,4.315625));
#11637=CARTESIAN_POINT('Origin',(2.462759742012,4.58127744231601,4.265625));
#11638=CARTESIAN_POINT('',(2.4796860288059,4.67537315561626,4.29494218871052));
#11639=CARTESIAN_POINT('Origin',(2.462759742012,4.58127744231601,4.265625));
#11640=CARTESIAN_POINT('Origin',(2.462759742012,4.58127744231601,4.265625));
#11641=CARTESIAN_POINT('Origin',(-2.462759742012,4.58127744231601,4.265625));
#11642=CARTESIAN_POINT('',(-2.54936228239044,4.58127744231601,4.315625));
#11643=CARTESIAN_POINT('',(-2.462759742012,4.58127744231601,4.365625));
#11644=CARTESIAN_POINT('Origin',(-2.462759742012,4.58127744231601,4.265625));
#11645=CARTESIAN_POINT('',(-2.4796860288059,4.67537315561626,4.29494218871052));
#11646=CARTESIAN_POINT('Origin',(-2.462759742012,4.58127744231601,4.265625));
#11647=CARTESIAN_POINT('Origin',(-2.462759742012,4.58127744231601,4.265625));
#11648=CARTESIAN_POINT('Origin',(0.,5.853125,0.));
#11649=CARTESIAN_POINT('',(2.55069435326411E-16,5.853125,2.0828));
#11650=CARTESIAN_POINT('',(-2.55069435326411E-16,5.853125,-2.0828));
#11651=CARTESIAN_POINT('Origin',(0.,5.853125,0.));
#11652=CARTESIAN_POINT('Origin',(0.,5.853125,0.));
#11653=CARTESIAN_POINT('',(-2.67315903317884E-16,5.953125,-2.1828));
#11654=CARTESIAN_POINT('Origin',(-2.67315903317884E-16,5.853125,-2.1828));
#11655=CARTESIAN_POINT('Origin',(0.,5.953125,0.));
#11656=CARTESIAN_POINT('Origin',(0.,0.1,0.));
#11657=CARTESIAN_POINT('',(-2.67315903317884E-16,0.,-2.1828));
#11658=CARTESIAN_POINT('Origin',(0.,0.,0.));
#11659=CARTESIAN_POINT('',(-2.55069435326411E-16,0.1,-2.0828));
#11660=CARTESIAN_POINT('Origin',(-2.67315903317884E-16,0.1,-2.1828));
#11661=CARTESIAN_POINT('',(2.55069435326411E-16,0.1,2.0828));
#11662=CARTESIAN_POINT('Origin',(0.,0.1,0.));
#11663=CARTESIAN_POINT('Origin',(0.,0.1,0.));
#11664=CARTESIAN_POINT('Origin',(-5.29321435413695E-16,5.03206975964748,
0.));
#11665=CARTESIAN_POINT('',(4.16351848851126,5.02555693472983,-5.09883959014615E-16));
#11666=CARTESIAN_POINT('Origin',(-4.41594467384662E-16,5.02555693472983,
0.));
#11667=CARTESIAN_POINT('',(4.22945360510413,4.93797404634724,-5.179586819633E-16));
#11668=CARTESIAN_POINT('Origin',(4.26330617869193,5.03206975964748,-5.2210442655202E-16));
#11669=CARTESIAN_POINT('',(-4.22945360510413,4.93797404634723,5.62921464477356E-16));
#11670=CARTESIAN_POINT('Origin',(-5.17798034003032E-16,4.93797404634723,
0.));
#11671=CARTESIAN_POINT('Origin',(-5.17798034003032E-16,4.93797404634723,
0.));
#11672=CARTESIAN_POINT('Origin',(-3.45702042319905E-17,0.3,1.40233524285053E-15));
#11673=CARTESIAN_POINT('',(-5.50741586420153E-16,0.0177128600992581,-4.21485919489228));
#11674=CARTESIAN_POINT('',(4.21485919489228,0.0177128600992584,-5.16171382188162E-16));
#11675=CARTESIAN_POINT('Origin',(-2.16919974243015E-18,0.0177128600992581,
0.));
#11676=CARTESIAN_POINT('',(-5.38304352653991E-16,0.,-4.11330147412887));
#11677=CARTESIAN_POINT('Origin',(-5.38304352653991E-16,0.3,-4.11330147412887));
#11678=CARTESIAN_POINT('Origin',(-3.45702042319905E-17,0.,1.40233524285053E-15));
#11679=CARTESIAN_POINT('Origin',(-2.16919974243015E-18,0.0177128600992581,
0.));
#11680=CARTESIAN_POINT('Origin',(-4.33680868994202E-16,4.9609375,0.));
#11681=CARTESIAN_POINT('',(3.1734375,5.953125,-3.88634007666918E-16));
#11682=CARTESIAN_POINT('Origin',(-7.29047547617408E-16,5.953125,0.));
#11683=CARTESIAN_POINT('Origin',(3.1734375,4.9609375,-3.88634007666918E-16));
#11684=CARTESIAN_POINT('Origin',(-5.68972108419884E-16,4.64600984394868,
0.));
#11685=CARTESIAN_POINT('',(4.9593720576118,4.67537315561626,-6.02810010307874E-16));
#11686=CARTESIAN_POINT('',(2.4796860288059,4.67537315561626,-4.29494218871052));
#11687=CARTESIAN_POINT('Ctrl Pts',(4.9593720576118,4.67537315561626,-8.88178419700125E-16));
#11688=CARTESIAN_POINT('Ctrl Pts',(4.81015426198405,4.72905685947405,-0.260229122157253));
#11689=CARTESIAN_POINT('Ctrl Pts',(4.66054247538043,4.77525985227845,-0.521057551250351));
#11690=CARTESIAN_POINT('Ctrl Pts',(4.51037581293601,4.81224761867155,-0.782584796521264));
#11691=CARTESIAN_POINT('Ctrl Pts',(4.35981018422371,4.84933365501934,-1.04480687343656));
#11692=CARTESIAN_POINT('Ctrl Pts',(4.20868672710242,4.87715544115418,-1.30773148472515));
#11693=CARTESIAN_POINT('Ctrl Pts',(4.05684815408347,4.89401673424778,-1.57145561362004));
#11694=CARTESIAN_POINT('Ctrl Pts',(3.94661672944609,4.90625765776268,-1.76291346165782));
#11695=CARTESIAN_POINT('Ctrl Pts',(3.83600851012041,4.91272300892507,-1.95479261940072));
#11696=CARTESIAN_POINT('Ctrl Pts',(3.72496491272952,4.91278086410114,-2.14712911839832));
#11697=CARTESIAN_POINT('Ctrl Pts',(3.72446258815508,4.91278112581885,-2.14799918522143));
#11698=CARTESIAN_POINT('Ctrl Pts',(3.72396024296967,4.91278125644931,-2.14886928165939));
#11699=CARTESIAN_POINT('Ctrl Pts',(3.72345787717467,4.91278125591634,-2.14973940770303));
#11700=CARTESIAN_POINT('Ctrl Pts',(3.61652392585503,4.91278114246875,-2.33495507508843));
#11701=CARTESIAN_POINT('Ctrl Pts',(3.50958290069107,4.90683333090786,-2.51990669792835));
#11702=CARTESIAN_POINT('Ctrl Pts',(3.40271753010513,4.89546689440356,-2.70450826374232));
#11703=CARTESIAN_POINT('Ctrl Pts',(3.2920312496863,4.88369405750251,-2.89571015231868));
#11704=CARTESIAN_POINT('Ctrl Pts',(3.18142613916389,4.86610853104398,-3.08653653532922));
#11705=CARTESIAN_POINT('Ctrl Pts',(3.07099160659338,4.84335618261318,-3.27689975419755));
#11706=CARTESIAN_POINT('Ctrl Pts',(2.95195864883968,4.81883233788343,-3.48208464031953));
#11707=CARTESIAN_POINT('Ctrl Pts',(2.83312389875859,4.78830598773214,-3.68673142882212));
#11708=CARTESIAN_POINT('Ctrl Pts',(2.71459608524895,4.75264829972936,-3.89073923804812));
#11709=CARTESIAN_POINT('Ctrl Pts',(2.63614810265423,4.729048153865,-4.02576240766092));
#11710=CARTESIAN_POINT('Ctrl Pts',(2.55783450436931,4.70320154005246,-4.16050586085089));
#11711=CARTESIAN_POINT('Ctrl Pts',(2.4796860288059,4.67537315561626,-4.29494218871052));
#11712=CARTESIAN_POINT('',(-2.4796860288059,4.67537315561626,-4.29494218871052));
#11713=CARTESIAN_POINT('Ctrl Pts',(2.4796860288059,4.67537315561626,-4.29494218871052));
#11714=CARTESIAN_POINT('Ctrl Pts',(2.11797666214728,4.74010510957451,-4.29601313365663));
#11715=CARTESIAN_POINT('Ctrl Pts',(1.75521475827136,4.79392049003343,-4.2970226397651));
#11716=CARTESIAN_POINT('Ctrl Pts',(1.39112535898848,4.83384914349242,-4.2978160390065));
#11717=CARTESIAN_POINT('Ctrl Pts',(0.930728549352009,4.88433955793956,-4.29881930490831));
#11718=CARTESIAN_POINT('Ctrl Pts',(0.468210199441917,4.91263022470564,-4.29947702459951));
#11719=CARTESIAN_POINT('Ctrl Pts',(0.00298657067012772,4.91277766002804,
-4.2994857851354));
#11720=CARTESIAN_POINT('Ctrl Pts',(-0.00341024808266274,4.91277968726178,
-4.29948590559265));
#11721=CARTESIAN_POINT('Ctrl Pts',(-0.00980908811908242,4.91277639466762,
-4.29948590153019));
#11722=CARTESIAN_POINT('Ctrl Pts',(-0.0162099449157633,4.91276775921695,
-4.29948577200726));
#11723=CARTESIAN_POINT('Ctrl Pts',(-0.199922284484687,4.91251991132797,
-4.29948205454246));
#11724=CARTESIAN_POINT('Ctrl Pts',(-0.383426816586385,4.90792454615603,
-4.29937698696216));
#11725=CARTESIAN_POINT('Ctrl Pts',(-0.566653285104919,4.89928309393453,
-4.29918781880966));
#11726=CARTESIAN_POINT('Ctrl Pts',(-0.756710094240034,4.89031950450996,
-4.29899159882165));
#11727=CARTESIAN_POINT('Ctrl Pts',(-0.946467736778365,4.87700260654414,
-4.29870489638085));
#11728=CARTESIAN_POINT('Ctrl Pts',(-1.13586222280217,4.85972349124534,-4.29834881011453));
#11729=CARTESIAN_POINT('Ctrl Pts',(-1.33030065808736,4.84198419897583,-4.29798324056758));
#11730=CARTESIAN_POINT('Ctrl Pts',(-1.52435638095377,4.82006909193239,-4.29754455617346));
#11731=CARTESIAN_POINT('Ctrl Pts',(-1.71797459214429,4.79445535699538,-4.29705734741307));
#11732=CARTESIAN_POINT('Ctrl Pts',(-1.92114714691032,4.76757767884593,-4.29654609669991));
#11733=CARTESIAN_POINT('Ctrl Pts',(-2.12383797140937,4.7366275533884,-4.29598143088928));
#11734=CARTESIAN_POINT('Ctrl Pts',(-2.32599899949922,4.702211685198,-4.29539345177801));
#11735=CARTESIAN_POINT('Ctrl Pts',(-2.37726221866451,4.69348464116543,-4.29524435428712));
#11736=CARTESIAN_POINT('Ctrl Pts',(-2.42849144304529,4.68453500176633,-4.29509376505314));
#11737=CARTESIAN_POINT('Ctrl Pts',(-2.4796860288059,4.67537315561626,-4.29494218871052));
#11738=CARTESIAN_POINT('Ctrl Pts',(-2.4796860288059,4.67537315561626,-4.29494218871052));
#11739=CARTESIAN_POINT('Ctrl Pts',(-2.63044216156304,4.72905685946633,-4.03560122595886));
#11740=CARTESIAN_POINT('Ctrl Pts',(-2.78152031386327,4.77525985226516,-3.77561940354551));
#11741=CARTESIAN_POINT('Ctrl Pts',(-2.93292622080558,4.81224761865559,-3.51480763646944));
#11742=CARTESIAN_POINT('Ctrl Pts',(-3.0847343864885,4.84933365500541,-3.25330293861489));
#11743=CARTESIAN_POINT('Ctrl Pts',(-3.23687205058122,4.87715544114282,-2.99096388000061));
#11744=CARTESIAN_POINT('Ctrl Pts',(-3.38934455928292,4.89401673423965,-2.72760575404922));
#11745=CARTESIAN_POINT('Ctrl Pts',(-3.50003620714327,4.90625765775981,-2.53641361595694));
#11746=CARTESIAN_POINT('Ctrl Pts',(-3.61090432256702,4.91272300892504,-2.34468450923979));
#11747=CARTESIAN_POINT('Ctrl Pts',(-3.72195081810302,4.91278086410112,-2.15234968343031));
#11748=CARTESIAN_POINT('Ctrl Pts',(-3.7224531557876,4.91278112581884,-2.15147962417634));
#11749=CARTESIAN_POINT('Ctrl Pts',(-3.72295550881392,4.91278125644929,-2.15060953226533));
#11750=CARTESIAN_POINT('Ctrl Pts',(-3.72345787717471,4.91278125591633,-2.14973940770305));
#11751=CARTESIAN_POINT('Ctrl Pts',(-3.83039237465052,4.91278114246874,-1.96452405563876));
#11752=CARTESIAN_POINT('Ctrl Pts',(-3.93709466592005,4.90683333090775,-1.77943459971833));
#11753=CARTESIAN_POINT('Ctrl Pts',(-4.04353162620136,4.89546689440324,-1.59458569109737));
#11754=CARTESIAN_POINT('Ctrl Pts',(-4.15377417874982,4.88369405750217,-1.40312761611744));
#11755=CARTESIAN_POINT('Ctrl Pts',(-4.26373211888725,4.86610853104371,-1.21192758911275));
#11756=CARTESIAN_POINT('Ctrl Pts',(-4.37337423608737,4.84335618261305,-1.02110686901883));
#11757=CARTESIAN_POINT('Ctrl Pts',(-4.49155308106257,4.81883233788374,-0.815428860659346));
#11758=CARTESIAN_POINT('Ctrl Pts',(-4.609365023666,4.78830598773311,-0.610191553989246));
#11759=CARTESIAN_POINT('Ctrl Pts',(-4.72677706226914,4.75264829973116,-0.405539551825643));
#11760=CARTESIAN_POINT('Ctrl Pts',(-4.80448656595795,4.72904815386632,-0.270090021213119));
#11761=CARTESIAN_POINT('Ctrl Pts',(-4.88202102027361,4.70320154005316,-0.134896729038179));
#11762=CARTESIAN_POINT('Ctrl Pts',(-4.9593720576118,4.67537315561626,-1.71194561863575E-15));
#11763=CARTESIAN_POINT('',(-5.04098953786192,4.64600984394868,-6.1734317020779E-16));
#11764=CARTESIAN_POINT('Ctrl Pts',(-4.9593720576118,4.67537315561626,-8.88178419700125E-16));
#11765=CARTESIAN_POINT('Ctrl Pts',(-4.810154261982,4.72905685947479,0.260229122160817));
#11766=CARTESIAN_POINT('Ctrl Pts',(-4.66054247537632,4.77525985227971,0.521057551257498));
#11767=CARTESIAN_POINT('Ctrl Pts',(-4.51037581292983,4.81224761867307,0.782584796532011));
#11768=CARTESIAN_POINT('Ctrl Pts',(-4.35981018420448,4.84933365502381,1.04480687346999));
#11769=CARTESIAN_POINT('Ctrl Pts',(-4.20868672707006,4.87715544115998,1.30773148478138));
#11770=CARTESIAN_POINT('Ctrl Pts',(-4.05684815403784,4.89401673425285,1.57145561369922));
#11771=CARTESIAN_POINT('Ctrl Pts',(-3.94661672941556,4.90625765776448,1.76291346171072));
#11772=CARTESIAN_POINT('Ctrl Pts',(-3.83600851010506,4.91272300892509,1.95479261942722));
#11773=CARTESIAN_POINT('Ctrl Pts',(-3.72496491272949,4.91278086410115,2.1471291183983));
#11774=CARTESIAN_POINT('Ctrl Pts',(-3.72446258815505,4.91278112581886,2.14799918522141));
#11775=CARTESIAN_POINT('Ctrl Pts',(-3.72396024296965,4.91278125644932,2.14886928165938));
#11776=CARTESIAN_POINT('Ctrl Pts',(-3.72345787717465,4.91278125591635,2.14973940770302));
#11777=CARTESIAN_POINT('Ctrl Pts',(-3.61652392585238,4.91278114246876,2.334955075093));
#11778=CARTESIAN_POINT('Ctrl Pts',(-3.50958290068578,4.90683333090757,2.51990669793747));
#11779=CARTESIAN_POINT('Ctrl Pts',(-3.40271753009721,4.89546689440271,2.70450826375599));
#11780=CARTESIAN_POINT('Ctrl Pts',(-3.29203124967548,4.88369405750107,2.89571015233733));
#11781=CARTESIAN_POINT('Ctrl Pts',(-3.18142613915019,4.86610853104166,3.08653653535284));
#11782=CARTESIAN_POINT('Ctrl Pts',(-3.0709916065768,4.84335618260975,3.27689975422612));
#11783=CARTESIAN_POINT('Ctrl Pts',(-2.95195864882009,4.81883233787882,3.48208464035327));
#11784=CARTESIAN_POINT('Ctrl Pts',(-2.83312389873601,4.78830598772609,3.68673142886101));
#11785=CARTESIAN_POINT('Ctrl Pts',(-2.71459608522339,4.75264829972166,3.89073923809211));
#11786=CARTESIAN_POINT('Ctrl Pts',(-2.63614810263722,4.72904815385939,4.02576240769019));
#11787=CARTESIAN_POINT('Ctrl Pts',(-2.55783450436082,4.70320154004943,4.16050586086549));
#11788=CARTESIAN_POINT('Ctrl Pts',(-2.4796860288059,4.67537315561626,4.29494218871052));
#11789=CARTESIAN_POINT('Ctrl Pts',(-2.4796860288059,4.67537315561626,4.29494218871052));
#11790=CARTESIAN_POINT('Ctrl Pts',(-2.14883354630756,4.7345829235631,4.29592177294776));
#11791=CARTESIAN_POINT('Ctrl Pts',(-1.8171071698752,4.78466875365093,4.29685014141085));
#11792=CARTESIAN_POINT('Ctrl Pts',(-1.48429120275483,4.8233408824806,4.29760854294291));
#11793=CARTESIAN_POINT('Ctrl Pts',(-1.10756714797802,4.8671149877485,4.29846699965333));
#11794=CARTESIAN_POINT('Ctrl Pts',(-0.729447185055064,4.89626570370983,
4.29910766825166));
#11795=CARTESIAN_POINT('Ctrl Pts',(-0.349615796589372,4.90754058323317,
4.29936345242668));
#11796=CARTESIAN_POINT('Ctrl Pts',(-0.234251918997895,4.91096503382016,
4.29944114019855));
#11797=CARTESIAN_POINT('Ctrl Pts',(-0.11873013846002,4.91274085609616,4.29948335581939));
#11798=CARTESIAN_POINT('Ctrl Pts',(-0.00304152292886968,4.91277778219654,
4.29948549733807));
#11799=CARTESIAN_POINT('Ctrl Pts',(0.00327433904961162,4.91277979812656,
4.29948561425136));
#11800=CARTESIAN_POINT('Ctrl Pts',(0.00959221412654604,4.91277663255726,
4.29948560991595));
#11801=CARTESIAN_POINT('Ctrl Pts',(0.015912098458178,4.91276826335156,4.29948548342632));
#11802=CARTESIAN_POINT('Ctrl Pts',(0.19919181767073,4.91252555231608,4.29948181516536));
#11803=CARTESIAN_POINT('Ctrl Pts',(0.382270106033375,4.907955699672,4.29937730997148));
#11804=CARTESIAN_POINT('Ctrl Pts',(0.56507513909884,4.89935734630965,4.29918906453843));
#11805=CARTESIAN_POINT('Ctrl Pts',(0.754722927129927,4.89043713952686,4.29899377270544));
#11806=CARTESIAN_POINT('Ctrl Pts',(0.94407663419795,4.87718126002932,4.29870835953226));
#11807=CARTESIAN_POINT('Ctrl Pts',(1.13307050966582,4.85997786030983,4.2983537597596));
#11808=CARTESIAN_POINT('Ctrl Pts',(1.32711946944225,4.84231431533027,4.29798967538463));
#11809=CARTESIAN_POINT('Ctrl Pts',(1.52078913642092,4.82048951165875,4.29755266780428));
#11810=CARTESIAN_POINT('Ctrl Pts',(1.7140228107293,4.79497762773556,4.29706715382866));
#11811=CARTESIAN_POINT('Ctrl Pts',(1.91686391670663,4.76819731230105,4.29655750046657));
#11812=CARTESIAN_POINT('Ctrl Pts',(2.11922462366593,4.7373543785657,4.29599441396628));
#11813=CARTESIAN_POINT('Ctrl Pts',(2.32105463701008,4.70305270707959,4.29540782009739));
#11814=CARTESIAN_POINT('Ctrl Pts',(2.37396841757945,4.6940598368513,4.29525403276543));
#11815=CARTESIAN_POINT('Ctrl Pts',(2.42684579829572,4.68482950837849,4.29509863745925));
#11816=CARTESIAN_POINT('Ctrl Pts',(2.4796860288059,4.67537315561626,4.29494218871052));
#11817=CARTESIAN_POINT('Ctrl Pts',(2.4796860288059,4.67537315561626,4.29494218871052));
#11818=CARTESIAN_POINT('Ctrl Pts',(2.63044216157108,4.72905685946919,4.03560122594503));
#11819=CARTESIAN_POINT('Ctrl Pts',(2.78152031387938,4.77525985227009,3.77561940351776));
#11820=CARTESIAN_POINT('Ctrl Pts',(2.93292622082979,4.81224761866151,3.51480763642768));
#11821=CARTESIAN_POINT('Ctrl Pts',(3.08473438652309,4.84933365501287,3.2533029385552));
#11822=CARTESIAN_POINT('Ctrl Pts',(3.23687205062623,4.87715544115048,2.99096387992287));
#11823=CARTESIAN_POINT('Ctrl Pts',(3.38934455933841,4.8940167342458,2.72760575395327));
#11824=CARTESIAN_POINT('Ctrl Pts',(3.5000362071803,4.90625765776199,2.53641361589279));
#11825=CARTESIAN_POINT('Ctrl Pts',(3.61090432258555,4.91272300892507,2.3446845092076));
#11826=CARTESIAN_POINT('Ctrl Pts',(3.72195081810298,4.91278086410114,2.15234968343028));
#11827=CARTESIAN_POINT('Ctrl Pts',(3.72245315578756,4.91278112581886,2.15147962417632));
#11828=CARTESIAN_POINT('Ctrl Pts',(3.72295550881388,4.91278125644931,2.15060953226531));
#11829=CARTESIAN_POINT('Ctrl Pts',(3.72345787717467,4.91278125591634,2.14973940770303));
#11830=CARTESIAN_POINT('Ctrl Pts',(3.83039237465213,4.91278114246875,1.96452405563591));
#11831=CARTESIAN_POINT('Ctrl Pts',(3.9370946659233,4.90683333090757,1.77943459971265));
#11832=CARTESIAN_POINT('Ctrl Pts',(4.04353162620623,4.89546689440272,1.59458569108887));
#11833=CARTESIAN_POINT('Ctrl Pts',(4.15377417875735,4.88369405750119,1.40312761610433));
#11834=CARTESIAN_POINT('Ctrl Pts',(4.26373211889743,4.866108531042,1.21192758909504));
#11835=CARTESIAN_POINT('Ctrl Pts',(4.37337423610017,4.84335618261038,1.02110686899653));
#11836=CARTESIAN_POINT('Ctrl Pts',(4.49155308107871,4.81883233787994,0.815428860631242));
#11837=CARTESIAN_POINT('Ctrl Pts',(4.60936502368544,4.78830598772787,0.610191553955365));
#11838=CARTESIAN_POINT('Ctrl Pts',(4.72677706229186,4.75264829972425,0.405539551786027));
#11839=CARTESIAN_POINT('Ctrl Pts',(4.80448656597306,4.72904815386127,0.270090021186758));
#11840=CARTESIAN_POINT('Ctrl Pts',(4.88202102028115,4.70320154005045,0.134896729025027));
#11841=CARTESIAN_POINT('Ctrl Pts',(4.9593720576118,4.67537315561626,-5.66430359059361E-16));
#11842=CARTESIAN_POINT('Origin',(-6.2474368446508E-32,5.10141932269819E-16,
0.));
#11843=CARTESIAN_POINT('',(-4.9593720576118,0.285564344383746,-1.43621142052392E-15));
#11844=CARTESIAN_POINT('Ctrl Pts',(-4.9593720576118,0.285564344383746,-2.22044604925031E-15));
#11845=CARTESIAN_POINT('Ctrl Pts',(-4.81015426197553,0.23188064052289,-0.260229122172105));
#11846=CARTESIAN_POINT('Ctrl Pts',(-4.66054247536336,0.185677647716296,
-0.521057551280135));
#11847=CARTESIAN_POINT('Ctrl Pts',(-4.51037581291033,0.14868988132215,-0.782584796566064));
#11848=CARTESIAN_POINT('Ctrl Pts',(-4.35981018416772,0.11160384496797,-1.04480687353412));
#11849=CARTESIAN_POINT('Ctrl Pts',(-4.20868672701591,0.0837820588305643,
-1.30773148487576));
#11850=CARTESIAN_POINT('Ctrl Pts',(-4.05684815396609,0.0669207657392135,
-1.57145561382404));
#11851=CARTESIAN_POINT('Ctrl Pts',(-3.94661672936759,0.054679842232756,
-1.76291346179413));
#11852=CARTESIAN_POINT('Ctrl Pts',(-3.83600851008103,0.0482144910749308,
-1.95479261946905));
#11853=CARTESIAN_POINT('Ctrl Pts',(-3.72496491272956,0.0481566358988804,
-2.14712911839834));
#11854=CARTESIAN_POINT('Ctrl Pts',(-3.72446258815512,0.0481563741811643,
-2.14799918522145));
#11855=CARTESIAN_POINT('Ctrl Pts',(-3.72396024296971,0.0481562435507109,
-2.14886928165941));
#11856=CARTESIAN_POINT('Ctrl Pts',(-3.72345787717471,0.0481562440836772,
-2.14973940770305));
#11857=CARTESIAN_POINT('Ctrl Pts',(-3.61652392584886,0.0481563575312647,
-2.3349550750992));
#11858=CARTESIAN_POINT('Ctrl Pts',(-3.50958290067867,0.054104169092848,
-2.51990669794984));
#11859=CARTESIAN_POINT('Ctrl Pts',(-3.40271753008654,0.0654706055984468,
-2.70450826377449));
#11860=CARTESIAN_POINT('Ctrl Pts',(-3.29203124966164,0.0772434425007977,
-2.89571015236126));
#11861=CARTESIAN_POINT('Ctrl Pts',(-3.18142613913319,0.0948289689612297,
-3.08653653538218));
#11862=CARTESIAN_POINT('Ctrl Pts',(-3.07099160655667,0.117581317394423,
-3.27689975426084));
#11863=CARTESIAN_POINT('Ctrl Pts',(-2.95195864879764,0.142105162126507,
-3.48208464039195));
#11864=CARTESIAN_POINT('Ctrl Pts',(-2.83312389871126,0.172631512280577,
-3.68673142890362));
#11865=CARTESIAN_POINT('Ctrl Pts',(-2.71459608519637,0.208289200286477,
-3.89073923813862));
#11866=CARTESIAN_POINT('Ctrl Pts',(-2.63614810261924,0.231889346146555,
-4.02576240772114));
#11867=CARTESIAN_POINT('Ctrl Pts',(-2.55783450435185,0.257735959953765,
-4.16050586088093));
#11868=CARTESIAN_POINT('Ctrl Pts',(-2.4796860288059,0.285564344383746,-4.29494218871052));
#11869=CARTESIAN_POINT('Ctrl Pts',(-2.4796860288059,0.285564344383746,-4.29494218871052));
#11870=CARTESIAN_POINT('Ctrl Pts',(-2.14884313106331,0.226356291736601,
-4.29592174456932));
#11871=CARTESIAN_POINT('Ctrl Pts',(-1.81712639105911,0.176271643189664,
-4.29685008775378));
#11872=CARTESIAN_POINT('Ctrl Pts',(-1.48432012900219,0.137599971389632,
-4.29760847714683));
#11873=CARTESIAN_POINT('Ctrl Pts',(-1.10762891772734,0.0938289233259807,
-4.29846687030722));
#11874=CARTESIAN_POINT('Ctrl Pts',(-0.729542048086487,0.0646786397638089,
-4.29910751748076));
#11875=CARTESIAN_POINT('Ctrl Pts',(-0.349744086431907,0.0534007213905783,
-4.29936336547608));
#11876=CARTESIAN_POINT('Ctrl Pts',(-0.234337562574698,0.0499737799975025,
-4.2994411081992));
#11877=CARTESIAN_POINT('Ctrl Pts',(-0.11877302202914,0.0481966559633579,
-4.2994833541521));
#11878=CARTESIAN_POINT('Ctrl Pts',(-0.00304152292907663,0.0481597172335625,
-4.29948549626184));
#11879=CARTESIAN_POINT('Ctrl Pts',(0.00327352211173352,0.0481577016220461,
-4.29948561314894));
#11880=CARTESIAN_POINT('Ctrl Pts',(0.00959057964736847,0.0481608661687634,
-4.29948560881889));
#11881=CARTESIAN_POINT('Ctrl Pts',(0.0159096458358892,0.0481692330017146,
-4.29948548236651));
#11882=CARTESIAN_POINT('Ctrl Pts',(0.199192343130223,0.0484119105849774,
-4.29948181465165));
#11883=CARTESIAN_POINT('Ctrl Pts',(0.382273610280694,0.0529818768847726,
-4.29937730663609));
#11884=CARTESIAN_POINT('Ctrl Pts',(0.565081619083748,0.0615804711837222,
-4.2991890559838));
#11885=CARTESIAN_POINT('Ctrl Pts',(0.75473285222734,0.070500944760206,-4.29899375836757));
#11886=CARTESIAN_POINT('Ctrl Pts',(0.944090000013436,0.0837572444004654,
-4.29870833649142));
#11887=CARTESIAN_POINT('Ctrl Pts',(1.13308730618551,0.100961193155958,-4.29835372629142));
#11888=CARTESIAN_POINT('Ctrl Pts',(1.32714010808996,0.11862533095475,-4.29798963061045));
#11889=CARTESIAN_POINT('Ctrl Pts',(1.52081360538836,0.140450877018001,-4.29755260966743));
#11890=CARTESIAN_POINT('Ctrl Pts',(1.71405109082869,0.165963623994329,-4.29706708166767));
#11891=CARTESIAN_POINT('Ctrl Pts',(1.91689666994416,0.192744907778099,-4.29655741239692));
#11892=CARTESIAN_POINT('Ctrl Pts',(2.11926182666116,0.223588961723,-4.29599430901234));
#11893=CARTESIAN_POINT('Ctrl Pts',(2.32109625642306,0.257891867735357,-4.29540769906081));
#11894=CARTESIAN_POINT('Ctrl Pts',(2.37399614529823,0.266882503863642,-4.29525395125234));
#11895=CARTESIAN_POINT('Ctrl Pts',(2.42685965272975,0.276110471028097,-4.2950985964392));
#11896=CARTESIAN_POINT('Ctrl Pts',(2.4796860288059,0.285564344383747,-4.29494218871052));
#11897=CARTESIAN_POINT('Ctrl Pts',(2.4796860288059,0.285564344383746,-4.29494218871052));
#11898=CARTESIAN_POINT('Ctrl Pts',(2.63044216159368,0.231880640522768,-4.03560122590616));
#11899=CARTESIAN_POINT('Ctrl Pts',(2.78152031392463,0.185677647716068,-3.7756194034398));
#11900=CARTESIAN_POINT('Ctrl Pts',(2.93292622089779,0.14868988132186,-3.51480763631037));
#11901=CARTESIAN_POINT('Ctrl Pts',(3.08473438660982,0.111603844968698,-3.25330293840546));
#11902=CARTESIAN_POINT('Ctrl Pts',(3.23687205073178,0.0837820588318148,
-2.99096387974047));
#11903=CARTESIAN_POINT('Ctrl Pts',(3.38934455946288,0.0669207657403726,
-2.72760575373793));
#11904=CARTESIAN_POINT('Ctrl Pts',(3.50003620726336,0.0546798422331056,
-2.53641361574879));
#11905=CARTESIAN_POINT('Ctrl Pts',(3.61090432262707,0.0482144910748489,
-2.34468450913533));
#11906=CARTESIAN_POINT('Ctrl Pts',(3.72195081810287,0.0481566358988144,
-2.15234968343022));
#11907=CARTESIAN_POINT('Ctrl Pts',(3.72245315578745,0.0481563741810983,
-2.15147962417625));
#11908=CARTESIAN_POINT('Ctrl Pts',(3.72295550881377,0.048156243550645,-2.15060953226525));
#11909=CARTESIAN_POINT('Ctrl Pts',(3.72345787717455,0.0481562440836114,
-2.14973940770296));
#11910=CARTESIAN_POINT('Ctrl Pts',(3.83039237465419,0.0481563575312162,
-1.96452405563214));
#11911=CARTESIAN_POINT('Ctrl Pts',(3.93709466592752,0.0541041690926524,
-1.77943459970518));
#11912=CARTESIAN_POINT('Ctrl Pts',(4.0435316262126,0.065470605597964,-1.5945856910777));
#11913=CARTESIAN_POINT('Ctrl Pts',(4.15377417876713,0.0772434425000929,
-1.40312761608727));
#11914=CARTESIAN_POINT('Ctrl Pts',(4.26373211891058,0.0948289689602275,
-1.21192758907211));
#11915=CARTESIAN_POINT('Ctrl Pts',(4.37337423611668,0.117581317393063,-1.02110686896776));
#11916=CARTESIAN_POINT('Ctrl Pts',(4.49155308109997,0.142105162125061,-0.8154288605942));
#11917=CARTESIAN_POINT('Ctrl Pts',(4.60936502371142,0.172631512279121,-0.610191553910089));
#11918=CARTESIAN_POINT('Ctrl Pts',(4.72677706232253,0.208289200285076,-0.405539551732575));
#11919=CARTESIAN_POINT('Ctrl Pts',(4.80448656599346,0.231889346145533,-0.270090021151192));
#11920=CARTESIAN_POINT('Ctrl Pts',(4.88202102029132,0.257735959953215,-0.134896729007284));
#11921=CARTESIAN_POINT('Ctrl Pts',(4.9593720576118,0.285564344383747,-8.76312232803997E-16));
#11922=CARTESIAN_POINT('',(4.165625,1.02028386453964E-15,-5.10141932269819E-16));
#11923=CARTESIAN_POINT('',(2.4796860288059,0.285564344383746,4.29494218871052));
#11924=CARTESIAN_POINT('Ctrl Pts',(4.9593720576118,0.285564344383747,0.));
#11925=CARTESIAN_POINT('Ctrl Pts',(4.8101542619998,0.231880640531619,0.260229122129793));
#11926=CARTESIAN_POINT('Ctrl Pts',(4.66054247541202,0.185677647731304,0.521057551195321));
#11927=CARTESIAN_POINT('Ctrl Pts',(4.51037581298359,0.148689881340171,0.782584796438506));
#11928=CARTESIAN_POINT('Ctrl Pts',(4.35981018426134,0.111603844987949,1.04480687337123));
#11929=CARTESIAN_POINT('Ctrl Pts',(4.20868672713004,0.083782058849751,1.30773148467734));
#11930=CARTESIAN_POINT('Ctrl Pts',(4.05684815410098,0.066920765754182,1.57145561358983));
#11931=CARTESIAN_POINT('Ctrl Pts',(3.94661672945783,0.0546798422380313,
1.76291346163765));
#11932=CARTESIAN_POINT('Ctrl Pts',(3.83600851012633,0.0482144910749649,
1.95479261939063));
#11933=CARTESIAN_POINT('Ctrl Pts',(3.72496491272958,0.0481566358988889,
2.14712911839835));
#11934=CARTESIAN_POINT('Ctrl Pts',(3.72446258815513,0.0481563741811728,
2.14799918522146));
#11935=CARTESIAN_POINT('Ctrl Pts',(3.72396024296973,0.0481562435507194,
2.14886928165942));
#11936=CARTESIAN_POINT('Ctrl Pts',(3.72345787717473,0.0481562440836857,
2.14973940770307));
#11937=CARTESIAN_POINT('Ctrl Pts',(3.61652392585156,0.0481563575312714,
2.33495507509455));
#11938=CARTESIAN_POINT('Ctrl Pts',(3.50958290068407,0.0541041690925467,
2.51990669794053));
#11939=CARTESIAN_POINT('Ctrl Pts',(3.40271753009462,0.0654706055975803,
2.70450826376055));
#11940=CARTESIAN_POINT('Ctrl Pts',(3.29203124967363,0.0772434424992264,
2.89571015234059));
#11941=CARTESIAN_POINT('Ctrl Pts',(3.18142613914907,0.0948289689585599,
3.08653653535481));
#11942=CARTESIAN_POINT('Ctrl Pts',(3.07099160657642,0.117581317390335,3.27689975422681));
#11943=CARTESIAN_POINT('Ctrl Pts',(2.95195864882206,0.142105162120792,3.4820846403499));
#11944=CARTESIAN_POINT('Ctrl Pts',(2.83312389874031,0.172631512272814,3.68673142885362));
#11945=CARTESIAN_POINT('Ctrl Pts',(2.71459608523002,0.208289200276348,3.89073923808071));
#11946=CARTESIAN_POINT('Ctrl Pts',(2.63614810264163,0.231889346139162,4.02576240768261));
#11947=CARTESIAN_POINT('Ctrl Pts',(2.55783450436302,0.257735959949787,4.16050586086171));
#11948=CARTESIAN_POINT('Ctrl Pts',(2.4796860288059,0.285564344383746,4.29494218871052));
#11949=CARTESIAN_POINT('',(-2.4796860288059,0.285564344383746,4.29494218871052));
#11950=CARTESIAN_POINT('Ctrl Pts',(2.4796860288059,0.285564344383746,4.29494218871052));
#11951=CARTESIAN_POINT('Ctrl Pts',(2.11799634118215,0.220835912209822,4.29601307539117));
#11952=CARTESIAN_POINT('Ctrl Pts',(1.75525423212443,0.167022859001035,4.29702253011134));
#11953=CARTESIAN_POINT('Ctrl Pts',(1.39118478611803,0.1270948652376,4.29781590963175));
#11954=CARTESIAN_POINT('Ctrl Pts',(0.930768351021475,0.0766003654909935,
4.29881924834769));
#11955=CARTESIAN_POINT('Ctrl Pts',(0.468230215664248,0.0483072766325454,
4.29947702394751));
#11956=CARTESIAN_POINT('Ctrl Pts',(0.00298657067033935,0.0481598393782983,
4.29948578401706));
#11957=CARTESIAN_POINT('Ctrl Pts',(-0.00340942358184376,0.0481578124665051,
4.29948590444719));
#11958=CARTESIAN_POINT('Ctrl Pts',(-0.00980743851305904,0.0481611040103692,
4.2994859003899));
#11959=CARTESIAN_POINT('Ctrl Pts',(-0.0162074696020551,0.0481697370290777,
4.29948577090481));
#11960=CARTESIAN_POINT('Ctrl Pts',(-0.199922832577505,0.0484175511636579,
4.29948205398527));
#11961=CARTESIAN_POINT('Ctrl Pts',(-0.383430388467389,0.0530130322140512,
4.29937698352821));
#11962=CARTESIAN_POINT('Ctrl Pts',(-0.566659877444001,0.061654729741417,
4.29918781006455));
#11963=CARTESIAN_POINT('Ctrl Pts',(-0.756720179513307,0.0706185905894511,
4.29899158419584));
#11964=CARTESIAN_POINT('Ctrl Pts',(-0.946481310268472,0.0839359157144903,
4.29870487291332));
#11965=CARTESIAN_POINT('Ctrl Pts',(-1.13587927423045,0.101215589017588,
4.29834877605998));
#11966=CARTESIAN_POINT('Ctrl Pts',(-1.33032160164077,0.118955483489837,
4.29798319503949));
#11967=CARTESIAN_POINT('Ctrl Pts',(-1.52438120453109,0.140871344437118,
4.29754449709194));
#11968=CARTESIAN_POINT('Ctrl Pts',(-1.71800327633595,0.16648595558404,4.29705727411647));
#11969=CARTESIAN_POINT('Ctrl Pts',(-1.92118035470371,0.193364615686403,
4.29654600729784));
#11970=CARTESIAN_POINT('Ctrl Pts',(-2.12387567919261,0.224315876686826,
4.29598132440692));
#11971=CARTESIAN_POINT('Ctrl Pts',(-2.32604117380616,0.258732995933203,
4.29539332904367));
#11972=CARTESIAN_POINT('Ctrl Pts',(-2.37729031672267,0.26745776801364,4.29524427166638));
#11973=CARTESIAN_POINT('Ctrl Pts',(-2.42850548286957,0.276405010817924,
4.29509372348419));
#11974=CARTESIAN_POINT('Ctrl Pts',(-2.4796860288059,0.285564344383746,4.29494218871052));
#11975=CARTESIAN_POINT('Ctrl Pts',(-2.4796860288059,0.285564344383746,4.29494218871052));
#11976=CARTESIAN_POINT('Ctrl Pts',(-2.63044216156464,0.231880640533105,
4.0356012259561));
#11977=CARTESIAN_POINT('Ctrl Pts',(-2.78152031386647,0.185677647733846,
3.77561940353995));
#11978=CARTESIAN_POINT('Ctrl Pts',(-2.93292622081038,0.148689881343214,
3.51480763646107));
#11979=CARTESIAN_POINT('Ctrl Pts',(-3.08473438648954,0.111603844994505,
3.25330293861297));
#11980=CARTESIAN_POINT('Ctrl Pts',(-3.23687205057847,0.0837820588577566,
2.99096388000518));
#11981=CARTESIAN_POINT('Ctrl Pts',(-3.38934455927638,0.066920765761033,
2.72760575406034));
#11982=CARTESIAN_POINT('Ctrl Pts',(-3.50003620713887,0.0546798422404091,
2.53641361596436));
#11983=CARTESIAN_POINT('Ctrl Pts',(-3.61090432256478,0.0482144910749285,
2.34468450924349));
#11984=CARTESIAN_POINT('Ctrl Pts',(-3.72195081810296,0.0481566358988514,
2.15234968343027));
#11985=CARTESIAN_POINT('Ctrl Pts',(-3.72245315578754,0.0481563741811353,
2.15147962417631));
#11986=CARTESIAN_POINT('Ctrl Pts',(-3.72295550881386,0.048156243550682,
2.1506095322653));
#11987=CARTESIAN_POINT('Ctrl Pts',(-3.72345787717464,0.0481562440836483,
2.14973940770301));
#11988=CARTESIAN_POINT('Ctrl Pts',(-3.83039237464938,0.0481563575312434,
1.96452405564064));
#11989=CARTESIAN_POINT('Ctrl Pts',(-3.93709466591782,0.0541041690921187,
1.77943459972211));
#11990=CARTESIAN_POINT('Ctrl Pts',(-4.04353162619805,0.0654706055964039,
1.59458569110305));
#11991=CARTESIAN_POINT('Ctrl Pts',(-4.15377417874734,0.0772434424974472,
1.40312761612171));
#11992=CARTESIAN_POINT('Ctrl Pts',(-4.2637321188856,0.0948289689559742,
1.2119275891156));
#11993=CARTESIAN_POINT('Ctrl Pts',(-4.37337423608653,0.117581317386779,
1.02110686902026));
#11994=CARTESIAN_POINT('Ctrl Pts',(-4.49155308106418,0.142105162116574,
0.815428860656526));
#11995=CARTESIAN_POINT('Ctrl Pts',(-4.60936502367004,0.172631512267933,
0.61019155398219));
#11996=CARTESIAN_POINT('Ctrl Pts',(-4.7267770622756,0.208289200270812,0.405539551814375));
#11997=CARTESIAN_POINT('Ctrl Pts',(-4.80448656596224,0.231889346135121,
0.270090021205621));
#11998=CARTESIAN_POINT('Ctrl Pts',(-4.88202102027575,0.257735959947612,
0.134896729034438));
#11999=CARTESIAN_POINT('Ctrl Pts',(-4.9593720576118,0.285564344383746,-1.46028911793377E-15));
#12000=CARTESIAN_POINT('Origin',(0.,5.953125,0.));
#12001=CARTESIAN_POINT('',(-2.55069435326411E-16,5.953125,2.0828));
#12002=CARTESIAN_POINT('Origin',(0.,5.953125,0.));
#12003=CARTESIAN_POINT('Origin',(0.,0.,0.));
#12004=CARTESIAN_POINT('Origin',(2.52049476893096,5.953125,4.365625));
#12005=CARTESIAN_POINT('',(2.54936228239044,0.379660057683994,4.315625));
#12006=CARTESIAN_POINT('',(2.54936228239044,5.953125,4.315625));
#12007=CARTESIAN_POINT('Ctrl Pts',(2.54936228239044,0.379660057683994,4.315625));
#12008=CARTESIAN_POINT('Ctrl Pts',(2.694999513339,0.327264522708571,4.06337391652345));
#12009=CARTESIAN_POINT('Ctrl Pts',(2.84097702959984,0.281947843199587,3.81053344159696));
#12010=CARTESIAN_POINT('Ctrl Pts',(2.98737653567181,0.245375649219381,3.55696205887732));
#12011=CARTESIAN_POINT('Ctrl Pts',(3.12625326604876,0.210682726688716,3.31642050587541));
#12012=CARTESIAN_POINT('Ctrl Pts',(3.26550974451338,0.183858860009214,3.07522120989156));
#12013=CARTESIAN_POINT('Ctrl Pts',(3.40521225425237,0.16628060023362,2.83324936507874));
#12014=CARTESIAN_POINT('Ctrl Pts',(3.53001806976135,0.150576737428145,2.61707935153712));
#12015=CARTESIAN_POINT('Ctrl Pts',(3.65517983940879,0.142251510608851,2.40029280734253));
#12016=CARTESIAN_POINT('Ctrl Pts',(3.78074215339644,0.142251510608837,2.1828125));
#12017=CARTESIAN_POINT('Ctrl Pts',(3.92021740632615,0.142251510608822,1.94123427552722));
#12018=CARTESIAN_POINT('Ctrl Pts',(4.05919836863832,0.152524740853742,1.70051218751772));
#12019=CARTESIAN_POINT('Ctrl Pts',(4.19774635757142,0.171771162390725,1.46054003139911));
#12020=CARTESIAN_POINT('Ctrl Pts',(4.34330870675702,0.19199198518226,1.20841864694056));
#12021=CARTESIAN_POINT('Ctrl Pts',(4.48839314061449,0.2221174711106,0.957125036112068));
#12022=CARTESIAN_POINT('Ctrl Pts',(4.6330752744119,0.260581073831506,0.70652822942747));
#12023=CARTESIAN_POINT('Ctrl Pts',(4.75971459446886,0.294248012296329,0.487182492852839));
#12024=CARTESIAN_POINT('Ctrl Pts',(4.88604578670877,0.334301931340728,0.268370449312564));
#12025=CARTESIAN_POINT('Ctrl Pts',(5.01212202440244,0.379660057683994,0.0500000000000003));
#12026=CARTESIAN_POINT('',(5.01212202440244,4.58127744231601,0.0499999999999996));
#12027=CARTESIAN_POINT('',(5.01212202440244,5.953125,0.0499999999999997));
#12028=CARTESIAN_POINT('Ctrl Pts',(5.01212202440244,4.58127744231601,0.0499999999999998));
#12029=CARTESIAN_POINT('Ctrl Pts',(4.86648479344958,4.63367297729318,0.302251083483989));
#12030=CARTESIAN_POINT('Ctrl Pts',(4.72050727718441,4.67898965680335,0.555091558417986));
#12031=CARTESIAN_POINT('Ctrl Pts',(4.57410777110807,4.71556185078411,0.808662941145184));
#12032=CARTESIAN_POINT('Ctrl Pts',(4.43523104072634,4.75025477331546,1.0492044941554));
#12033=CARTESIAN_POINT('Ctrl Pts',(4.29597456225689,4.777078639995,1.29040379014761));
#12034=CARTESIAN_POINT('Ctrl Pts',(4.15627205251304,4.79465689976992,1.53237563496884));
#12035=CARTESIAN_POINT('Ctrl Pts',(4.03146623701316,4.81036076257311,1.74854564849469));
#12036=CARTESIAN_POINT('Ctrl Pts',(3.90630446737487,4.81868598939112,1.96533219267343));
#12037=CARTESIAN_POINT('Ctrl Pts',(3.78074215339644,4.81868598939112,2.1828125));
#12038=CARTESIAN_POINT('Ctrl Pts',(3.64126690046395,4.81868598939112,2.42439072447758));
#12039=CARTESIAN_POINT('Ctrl Pts',(3.50228593814903,4.80841275914574,2.66511281249184));
#12040=CARTESIAN_POINT('Ctrl Pts',(3.36373794921321,4.78916633760797,2.90508496861519));
#12041=CARTESIAN_POINT('Ctrl Pts',(3.21817560002554,4.76894551481573,3.1572063530773));
#12042=CARTESIAN_POINT('Ctrl Pts',(3.07309116616603,4.73882002888644,3.40849996390934));
#12043=CARTESIAN_POINT('Ctrl Pts',(2.92840903236658,4.70035642616445,3.65909677059747));
#12044=CARTESIAN_POINT('Ctrl Pts',(2.80176971231445,4.66668948770044,3.87844250716374));
#12045=CARTESIAN_POINT('Ctrl Pts',(2.67543852007934,4.62663556865742,4.0972545506957));
#12046=CARTESIAN_POINT('Ctrl Pts',(2.54936228239044,4.58127744231601,4.315625));
#12047=CARTESIAN_POINT('Origin',(-2.52049476893096,5.953125,4.365625));
#12048=CARTESIAN_POINT('',(-2.462759742012,0.379660057683993,4.365625));
#12049=CARTESIAN_POINT('',(-2.462759742012,5.953125,4.365625));
#12050=CARTESIAN_POINT('',(2.462759742012,0.379660057683994,4.365625));
#12051=CARTESIAN_POINT('Ctrl Pts',(-2.462759742012,0.379660057683993,4.365625));
#12052=CARTESIAN_POINT('Ctrl Pts',(-2.24805858844194,0.341038814508479,
4.365625));
#12053=CARTESIAN_POINT('Ctrl Pts',(-2.03303616668301,0.306218838165666,
4.36562500000114));
#12054=CARTESIAN_POINT('Ctrl Pts',(-1.81758268602869,0.275922389418951,
4.36562499999885));
#12055=CARTESIAN_POINT('Ctrl Pts',(-1.60632491724175,0.246215929607017,
4.36562499999659));
#12056=CARTESIAN_POINT('Ctrl Pts',(-1.39465265770872,0.220858721365844,
4.36562499999891));
#12057=CARTESIAN_POINT('Ctrl Pts',(-1.18247566957617,0.200484526442861,
4.36562499993185));
#12058=CARTESIAN_POINT('Ctrl Pts',(-0.975700093215469,0.180628999530333,
4.36562499986649));
#12059=CARTESIAN_POINT('Ctrl Pts',(-0.76844514168417,0.165506092317561,
4.36562499974868));
#12060=CARTESIAN_POINT('Ctrl Pts',(-0.560640552242048,0.155655294972375,
4.36562499928666));
#12061=CARTESIAN_POINT('Ctrl Pts',(-0.379550178728599,0.147070861994094,
4.36562499888404));
#12062=CARTESIAN_POINT('Ctrl Pts',(-0.19804258886661,0.142489551573177,
4.36562499822691));
#12063=CARTESIAN_POINT('Ctrl Pts',(-0.0160798968573461,0.142237208562766,
4.36562499682336));
#12064=CARTESIAN_POINT('Ctrl Pts',(-0.0107331795793181,0.142229793819014,
4.36562499678211));
#12065=CARTESIAN_POINT('Ctrl Pts',(-0.00538764614226778,0.142226164357041,
4.3656249967402));
#12066=CARTESIAN_POINT('Ctrl Pts',(-4.32968255644977E-5,0.142226307411896,
4.36562499669759));
#12067=CARTESIAN_POINT('Ctrl Pts',(0.374815068185091,0.142236341432068,
4.36562499370913));
#12068=CARTESIAN_POINT('Ctrl Pts',(0.747899559298493,0.160831673959556,
4.36562499476556));
#12069=CARTESIAN_POINT('Ctrl Pts',(1.11950862122511,0.194779573786953,4.36562499678685));
#12070=CARTESIAN_POINT('Ctrl Pts',(1.46289830546708,0.226149526236364,4.36562499865465));
#12071=CARTESIAN_POINT('Ctrl Pts',(1.80502795929428,0.270629204471517,4.36562499985893));
#12072=CARTESIAN_POINT('Ctrl Pts',(2.1461367085151,0.325622486783364,4.36562499997196));
#12073=CARTESIAN_POINT('Ctrl Pts',(2.2517731831598,0.342653115536905,4.36562500000696));
#12074=CARTESIAN_POINT('Ctrl Pts',(2.35731179245994,0.36069168780744,4.365625));
#12075=CARTESIAN_POINT('Ctrl Pts',(2.462759742012,0.379660057683994,4.365625));
#12076=CARTESIAN_POINT('',(2.462759742012,5.953125,4.365625));
#12077=CARTESIAN_POINT('Ctrl Pts',(2.462759742012,4.58127744231601,4.365625));
#12078=CARTESIAN_POINT('Ctrl Pts',(2.24846556254625,4.61982547747382,4.365625));
#12079=CARTESIAN_POINT('Ctrl Pts',(2.03384672765307,4.65458748005158,4.36562500000106));
#12080=CARTESIAN_POINT('Ctrl Pts',(1.81879648571173,4.68484436453365,4.36562499999893));
#12081=CARTESIAN_POINT('Ctrl Pts',(1.60803275533242,4.71449815048398,4.36562499999686));
#12082=CARTESIAN_POINT('Ctrl Pts',(1.39685458636507,4.73982443167588,4.36562499999898));
#12083=CARTESIAN_POINT('Ctrl Pts',(1.18517473607278,4.76019330665827,4.36562499993718));
#12084=CARTESIAN_POINT('Ctrl Pts',(0.979014273889696,4.78003107900515,4.36562499987698));
#12085=CARTESIAN_POINT('Ctrl Pts',(0.772377933171835,4.79516651136591,4.36562499976846));
#12086=CARTESIAN_POINT('Ctrl Pts',(0.565198363920744,4.80506470380909,4.36562499934356));
#12087=CARTESIAN_POINT('Ctrl Pts',(0.382495869957887,4.81379348170756,4.36562499896886));
#12088=CARTESIAN_POINT('Ctrl Pts',(0.199371097737342,4.81844997492692,4.36562499835532));
#12089=CARTESIAN_POINT('Ctrl Pts',(0.0157868493508645,4.8186998406248,4.36562499703268));
#12090=CARTESIAN_POINT('Ctrl Pts',(0.0105089515168752,4.81870702406041,
4.36562499699466));
#12091=CARTESIAN_POINT('Ctrl Pts',(0.00523223629318292,4.81871052246734,
4.36562499695602));
#12092=CARTESIAN_POINT('Ctrl Pts',(-4.32963523594699E-5,4.81871034810232,
4.36562499691675));
#12093=CARTESIAN_POINT('Ctrl Pts',(-0.322107589710386,4.81869970334814,
4.36562499451957));
#12094=CARTESIAN_POINT('Ctrl Pts',(-0.642852719678981,4.80498133416286,
4.3656249947114));
#12095=CARTESIAN_POINT('Ctrl Pts',(-0.962473070621269,4.77958695292768,
4.36562499622182));
#12096=CARTESIAN_POINT('Ctrl Pts',(-1.28237086002748,4.75417052873403,4.36562499773355));
#12097=CARTESIAN_POINT('Ctrl Pts',(-1.60114187946484,4.7170578057807,4.36562499942592));
#12098=CARTESIAN_POINT('Ctrl Pts',(-1.91898784614804,4.67033752363245,4.36562499981219));
#12099=CARTESIAN_POINT('Ctrl Pts',(-2.10053385793751,4.64365201623966,4.36562500003282));
#12100=CARTESIAN_POINT('Ctrl Pts',(-2.28177823380394,4.61383307002708,4.365625));
#12101=CARTESIAN_POINT('Ctrl Pts',(-2.462759742012,4.58127744231601,4.365625));
#12102=CARTESIAN_POINT('Origin',(-5.04098953786192,5.953125,-8.7317050182526E-16));
#12103=CARTESIAN_POINT('',(-5.01212202440244,0.379660057683993,0.0499999999999982));
#12104=CARTESIAN_POINT('',(-5.01212202440244,5.953125,0.0499999999999982));
#12105=CARTESIAN_POINT('',(-2.54936228239044,0.379660057683993,4.315625));
#12106=CARTESIAN_POINT('Ctrl Pts',(-5.01212202440244,0.379660057683993,
0.0499999999999986));
#12107=CARTESIAN_POINT('Ctrl Pts',(-4.86648479345778,0.327264522709965,
0.30225108346979));
#12108=CARTESIAN_POINT('Ctrl Pts',(-4.72050727720085,0.281947843201998,
0.555091558389498));
#12109=CARTESIAN_POINT('Ctrl Pts',(-4.57410777113283,0.245375649222303,
0.808662941102309));
#12110=CARTESIAN_POINT('Ctrl Pts',(-4.43523104076198,0.210682726692712,
1.04920449409366));
#12111=CARTESIAN_POINT('Ctrl Pts',(-4.29597456230349,0.183858860013562,
1.29040379006689));
#12112=CARTESIAN_POINT('Ctrl Pts',(-4.15627205257068,0.166280600237419,
1.53237563486901));
#12113=CARTESIAN_POINT('Ctrl Pts',(-4.0314662370517,0.150576737429501,1.74854564842794));
#12114=CARTESIAN_POINT('Ctrl Pts',(-3.90630446739421,0.142251510608881,
1.96533219263995));
#12115=CARTESIAN_POINT('Ctrl Pts',(-3.78074215339644,0.142251510608881,
2.1828125));
#12116=CARTESIAN_POINT('Ctrl Pts',(-3.64126690047322,0.142251510608881,
2.42439072446153));
#12117=CARTESIAN_POINT('Ctrl Pts',(-3.5022859381675,0.152524740852814,2.66511281245986));
#12118=CARTESIAN_POINT('Ctrl Pts',(-3.36373794924081,0.171771162388031,
2.90508496856737));
#12119=CARTESIAN_POINT('Ctrl Pts',(-3.21817560006015,0.19199198517796,3.15720635301736));
#12120=CARTESIAN_POINT('Ctrl Pts',(-3.0730911662076,0.222117471104078,3.40849996383734));
#12121=CARTESIAN_POINT('Ctrl Pts',(-2.92840903241508,0.260581073822351,
3.65909677051346));
#12122=CARTESIAN_POINT('Ctrl Pts',(-2.8017697123467,0.294248012289045,3.87844250710788));
#12123=CARTESIAN_POINT('Ctrl Pts',(-2.67543852009542,0.334301931336585,
4.09725455066784));
#12124=CARTESIAN_POINT('Ctrl Pts',(-2.54936228239044,0.379660057683993,
4.315625));
#12125=CARTESIAN_POINT('',(-2.54936228239044,5.953125,4.315625));
#12126=CARTESIAN_POINT('Ctrl Pts',(-2.54936228239044,4.58127744231601,4.315625));
#12127=CARTESIAN_POINT('Ctrl Pts',(-2.69499951334067,4.63367297729226,4.06337391652056));
#12128=CARTESIAN_POINT('Ctrl Pts',(-2.84097702960321,4.67898965680175,3.81053344159113));
#12129=CARTESIAN_POINT('Ctrl Pts',(-2.98737653567689,4.71556185078216,3.55696205886852));
#12130=CARTESIAN_POINT('Ctrl Pts',(-3.12625326605507,4.75025477331293,3.31642050586448));
#12131=CARTESIAN_POINT('Ctrl Pts',(-3.26550974452094,4.77707863999231,3.07522120987847));
#12132=CARTESIAN_POINT('Ctrl Pts',(-3.40521225426118,4.79465689976759,2.83324936506349));
#12133=CARTESIAN_POINT('Ctrl Pts',(-3.53001806976724,4.81036076257228,2.61707935152692));
#12134=CARTESIAN_POINT('Ctrl Pts',(-3.65517983941175,4.81868598939112,2.4002928073374));
#12135=CARTESIAN_POINT('Ctrl Pts',(-3.78074215339644,4.81868598939112,2.1828125));
#12136=CARTESIAN_POINT('Ctrl Pts',(-3.92021740632602,4.81868598939112,1.94123427552745));
#12137=CARTESIAN_POINT('Ctrl Pts',(-4.05919836863806,4.80841275914623,1.70051218751818));
#12138=CARTESIAN_POINT('Ctrl Pts',(-4.19774635757103,4.7891663376093,1.46054003139979));
#12139=CARTESIAN_POINT('Ctrl Pts',(-4.34330870675668,4.76894551481779,1.20841864694115));
#12140=CARTESIAN_POINT('Ctrl Pts',(-4.48839314061419,4.73882002888948,0.957125036112579));
#12141=CARTESIAN_POINT('Ctrl Pts',(-4.63307527441165,4.70035642616858,0.706528229427903));
#12142=CARTESIAN_POINT('Ctrl Pts',(-4.7597145944687,4.66668948770375,0.487182492853123));
#12143=CARTESIAN_POINT('Ctrl Pts',(-4.88604578670869,4.62663556865933,0.268370449312705));
#12144=CARTESIAN_POINT('Ctrl Pts',(-5.01212202440244,4.58127744231601,0.0499999999999989));
#12145=CARTESIAN_POINT('Origin',(-2.52049476893096,5.953125,-4.365625));
#12146=CARTESIAN_POINT('',(-2.54936228239044,4.58127744231601,-4.315625));
#12147=CARTESIAN_POINT('',(-2.54936228239044,5.953125,-4.315625));
#12148=CARTESIAN_POINT('',(-5.01212202440244,0.379660057683993,-0.0500000000000017));
#12149=CARTESIAN_POINT('Ctrl Pts',(-2.54936228239044,0.379660057683993,
-4.315625));
#12150=CARTESIAN_POINT('Ctrl Pts',(-2.69499951334772,0.327264522705239,
-4.06337391650835));
#12151=CARTESIAN_POINT('Ctrl Pts',(-2.84097702961734,0.281947843193917,
-3.81053344156666));
#12152=CARTESIAN_POINT('Ctrl Pts',(-2.98737653569814,0.24537564921258,-3.55696205883172));
#12153=CARTESIAN_POINT('Ctrl Pts',(-3.12625326608611,0.210682726680183,
-3.31642050581072));
#12154=CARTESIAN_POINT('Ctrl Pts',(-3.26550974456182,0.183858860000335,
-3.07522120980766));
#12155=CARTESIAN_POINT('Ctrl Pts',(-3.40521225431197,0.16628060022604,-2.83324936497551));
#12156=CARTESIAN_POINT('Ctrl Pts',(-3.5300180698012,0.150576737425465,-2.6170793514681));
#12157=CARTESIAN_POINT('Ctrl Pts',(-3.65517983942878,0.14225151060887,-2.4002928073079));
#12158=CARTESIAN_POINT('Ctrl Pts',(-3.78074215339644,0.142251510608865,
-2.1828125));
#12159=CARTESIAN_POINT('Ctrl Pts',(-3.92021740633723,0.142251510608859,
-1.94123427550803));
#12160=CARTESIAN_POINT('Ctrl Pts',(-4.05919836866041,0.152524740855379,
-1.70051218747947));
#12161=CARTESIAN_POINT('Ctrl Pts',(-4.19774635760445,0.171771162395273,
-1.46054003134191));
#12162=CARTESIAN_POINT('Ctrl Pts',(-4.34330870679892,0.191991985189502,
-1.208418646868));
#12163=CARTESIAN_POINT('Ctrl Pts',(-4.48839314066519,0.222117471121625,
-0.957125036024253));
#12164=CARTESIAN_POINT('Ctrl Pts',(-4.63307527447137,0.260581073847169,
-0.706528229324471));
#12165=CARTESIAN_POINT('Ctrl Pts',(-4.75971459450841,0.294248012308716,
-0.487182492784332));
#12166=CARTESIAN_POINT('Ctrl Pts',(-4.88604578672851,0.33430193134771,-0.268370449278375));
#12167=CARTESIAN_POINT('Ctrl Pts',(-5.01212202440244,0.379660057683993,
-0.0500000000000021));
#12168=CARTESIAN_POINT('',(-5.01212202440244,5.953125,-0.0500000000000023));
#12169=CARTESIAN_POINT('Ctrl Pts',(-5.01212202440244,4.58127744231601,-0.0500000000000021));
#12170=CARTESIAN_POINT('Ctrl Pts',(-4.86648479345843,4.63367297728964,-0.302251083468664));
#12171=CARTESIAN_POINT('Ctrl Pts',(-4.72050727720217,4.67898965679739,-0.55509155838722));
#12172=CARTESIAN_POINT('Ctrl Pts',(-4.57410777113482,4.715561850777,-0.808662941098863));
#12173=CARTESIAN_POINT('Ctrl Pts',(-4.43523104076469,4.7502547733065,-1.04920449408897));
#12174=CARTESIAN_POINT('Ctrl Pts',(-4.29597456230693,4.77707863998569,-1.29040379006094));
#12175=CARTESIAN_POINT('Ctrl Pts',(-4.15627205257485,4.79465689976197,-1.53237563486179));
#12176=CARTESIAN_POINT('Ctrl Pts',(-4.03146623705449,4.81036076257027,-1.74854564842311));
#12177=CARTESIAN_POINT('Ctrl Pts',(-3.90630446739561,4.81868598939112,-1.96533219263753));
#12178=CARTESIAN_POINT('Ctrl Pts',(-3.78074215339644,4.81868598939112,-2.1828125));
#12179=CARTESIAN_POINT('Ctrl Pts',(-3.64126690047422,4.81868598939112,-2.4243907244598));
#12180=CARTESIAN_POINT('Ctrl Pts',(-3.5022859381695,4.80841275914728,-2.6651128124564));
#12181=CARTESIAN_POINT('Ctrl Pts',(-3.3637379492438,4.78916633761227,-2.90508496856219));
#12182=CARTESIAN_POINT('Ctrl Pts',(-3.21817560006403,4.76894551482254,-3.15720635301064));
#12183=CARTESIAN_POINT('Ctrl Pts',(-3.07309116621237,4.73882002889674,-3.40849996382908));
#12184=CARTESIAN_POINT('Ctrl Pts',(-2.92840903242074,4.70035642617893,-3.65909677050367));
#12185=CARTESIAN_POINT('Ctrl Pts',(-2.80176971235046,4.66668948771193,-3.87844250710136));
#12186=CARTESIAN_POINT('Ctrl Pts',(-2.67543852009731,4.62663556866393,-4.09725455066458));
#12187=CARTESIAN_POINT('Ctrl Pts',(-2.54936228239044,4.58127744231601,-4.315625));
#12188=CARTESIAN_POINT('Origin',(2.52049476893096,5.953125,-4.365625));
#12189=CARTESIAN_POINT('',(2.462759742012,4.58127744231601,-4.365625));
#12190=CARTESIAN_POINT('',(2.462759742012,5.953125,-4.365625));
#12191=CARTESIAN_POINT('Ctrl Pts',(2.462759742012,0.379660057683994,-4.365625));
#12192=CARTESIAN_POINT('Ctrl Pts',(2.24845940766249,0.341110915362662,-4.365625));
#12193=CARTESIAN_POINT('Ctrl Pts',(2.03383438963244,0.30634803009557,-4.36562500000106));
#12194=CARTESIAN_POINT('Ctrl Pts',(1.8187779362023,0.276090540518441,-4.36562499999893));
#12195=CARTESIAN_POINT('Ctrl Pts',(1.60800837309546,0.246436197404517,-4.36562499999686));
#12196=CARTESIAN_POINT('Ctrl Pts',(1.39682434517101,0.221109615229097,-4.36562499999898));
#12197=CARTESIAN_POINT('Ctrl Pts',(1.18513860907584,0.200740742793548,-4.36562499993719));
#12198=CARTESIAN_POINT('Ctrl Pts',(0.978972647933716,0.180902995383075,
-4.365624999877));
#12199=CARTESIAN_POINT('Ctrl Pts',(0.772330783870536,0.165767865227955,
-4.3656249997685));
#12200=CARTESIAN_POINT('Ctrl Pts',(0.565145665712021,0.155870293776721,
-4.36562499934367));
#12201=CARTESIAN_POINT('Ctrl Pts',(0.382459842994947,0.147143093678854,
-4.36562499896907));
#12202=CARTESIAN_POINT('Ctrl Pts',(0.199351821978718,0.142487464261518,
-4.36562499835572));
#12203=CARTESIAN_POINT('Ctrl Pts',(0.0157844160279425,0.142237660032486,
-4.36562499703363));
#12204=CARTESIAN_POINT('Ctrl Pts',(0.0105073297230322,0.142230478809496,
-4.36562499699562));
#12205=CARTESIAN_POINT('Ctrl Pts',(0.00523142560700981,0.142226981480096,
-4.365624996957));
#12206=CARTESIAN_POINT('Ctrl Pts',(-4.32963524544889E-5,0.142227155793523,
-4.36562499691776));
#12207=CARTESIAN_POINT('Ctrl Pts',(-0.322091935690937,0.142237798516029,
-4.36562499452147));
#12208=CARTESIAN_POINT('Ctrl Pts',(-0.642821540738002,0.155954829538599,
-4.36562499471304));
#12209=CARTESIAN_POINT('Ctrl Pts',(-0.962426466041746,0.181346840343364,
-4.36562499622283));
#12210=CARTESIAN_POINT('Ctrl Pts',(-1.28231538198835,0.206761413671109,
-4.36562499773396));
#12211=CARTESIAN_POINT('Ctrl Pts',(-1.60107758121312,0.243871731718397,
-4.3656249994259));
#12212=CARTESIAN_POINT('Ctrl Pts',(-1.918914763802,0.290589231814923,-4.36562499981216));
#12213=CARTESIAN_POINT('Ctrl Pts',(-2.10048521724881,0.317277480204664,
-4.36562500003282));
#12214=CARTESIAN_POINT('Ctrl Pts',(-2.28175394863566,0.347100061466636,
-4.365625));
#12215=CARTESIAN_POINT('Ctrl Pts',(-2.462759742012,0.379660057683993,-4.365625));
#12216=CARTESIAN_POINT('',(-2.462759742012,4.58127744231601,-4.365625));
#12217=CARTESIAN_POINT('',(-2.462759742012,5.953125,-4.365625));
#12218=CARTESIAN_POINT('Ctrl Pts',(-2.462759742012,4.58127744231601,-4.365625));
#12219=CARTESIAN_POINT('Ctrl Pts',(-2.24806482141233,4.61989756428151,-4.365625));
#12220=CARTESIAN_POINT('Ctrl Pts',(-2.03304866086813,4.65471664716074,-4.36562500000114));
#12221=CARTESIAN_POINT('Ctrl Pts',(-1.81760147012393,4.68501248417305,-4.36562499999885));
#12222=CARTESIAN_POINT('Ctrl Pts',(-1.6063496241911,4.71471837855404,-4.36562499999659));
#12223=CARTESIAN_POINT('Ctrl Pts',(-1.39468331414041,4.74007528216909,-4.36562499999891));
#12224=CARTESIAN_POINT('Ctrl Pts',(-1.18251230307367,4.76044948158956,-4.36562499993184));
#12225=CARTESIAN_POINT('Ctrl Pts',(-0.975742328697609,4.7803050342917,-4.36562499986647));
#12226=CARTESIAN_POINT('Ctrl Pts',(-0.768493004313837,4.79542825068272,
-4.36562499974864));
#12227=CARTESIAN_POINT('Ctrl Pts',(-0.560694068678857,4.80527968316455,
-4.36562499928655));
#12228=CARTESIAN_POINT('Ctrl Pts',(-0.379586759506557,4.81386570610458,
-4.36562499888382));
#12229=CARTESIAN_POINT('Ctrl Pts',(-0.198062153336402,4.81844788681851,
-4.36562499822648));
#12230=CARTESIAN_POINT('Ctrl Pts',(-0.0160823526936291,4.8187002921439,
-4.36562499682234));
#12231=CARTESIAN_POINT('Ctrl Pts',(-0.010734816382485,4.81870770915742,
-4.36562499678108));
#12232=CARTESIAN_POINT('Ctrl Pts',(-0.00538846433326454,4.81871133972722,
-4.36562499673914));
#12233=CARTESIAN_POINT('Ctrl Pts',(-4.329682569387E-5,4.81871119662443,
-4.36562499669651));
#12234=CARTESIAN_POINT('Ctrl Pts',(0.374852528014294,4.81870115977523,-4.36562499370677));
#12235=CARTESIAN_POINT('Ctrl Pts',(0.747974123217414,4.80010210436377,-4.36562499476424));
#12236=CARTESIAN_POINT('Ctrl Pts',(1.1196200251664,4.76614774334545,-4.36562499678641));
#12237=CARTESIAN_POINT('Ctrl Pts',(1.46302200934863,4.73477380679943,-4.3656249986549));
#12238=CARTESIAN_POINT('Ctrl Pts',(1.8051638970484,4.69028946618806,-4.36562499985907));
#12239=CARTESIAN_POINT('Ctrl Pts',(2.14628484021771,4.63529112977141,-4.365624999972));
#12240=CARTESIAN_POINT('Ctrl Pts',(2.25187184621281,4.61826752042339,-4.36562500000696));
#12241=CARTESIAN_POINT('Ctrl Pts',(2.35736108166378,4.60023694586703,-4.365625));
#12242=CARTESIAN_POINT('Ctrl Pts',(2.462759742012,4.58127744231601,-4.365625));
#12243=CARTESIAN_POINT('Origin',(5.04098953786192,5.953125,-9.57797189566729E-16));
#12244=CARTESIAN_POINT('',(5.01212202440244,4.58127744231601,-0.0500000000000002));
#12245=CARTESIAN_POINT('',(5.01212202440244,5.953125,-0.0500000000000002));
#12246=CARTESIAN_POINT('Ctrl Pts',(5.01212202440244,0.379660057683994,-0.0500000000000001));
#12247=CARTESIAN_POINT('Ctrl Pts',(4.86648479344815,0.327264522706487,-0.302251083486463));
#12248=CARTESIAN_POINT('Ctrl Pts',(4.72050727718156,0.281947843195986,-0.555091558422924));
#12249=CARTESIAN_POINT('Ctrl Pts',(4.5741077711038,0.245375649215022,-0.808662941152594));
#12250=CARTESIAN_POINT('Ctrl Pts',(4.43523104071993,0.210682726683282,-1.04920449416649));
#12251=CARTESIAN_POINT('Ctrl Pts',(4.29597456224835,0.18385886000355,-1.29040379016239));
#12252=CARTESIAN_POINT('Ctrl Pts',(4.15627205250235,0.166280600228774,-1.53237563498735));
#12253=CARTESIAN_POINT('Ctrl Pts',(4.03146623700602,0.150576737426408,-1.74854564850706));
#12254=CARTESIAN_POINT('Ctrl Pts',(3.90630446737129,0.142251510608823,-1.96533219267964));
#12255=CARTESIAN_POINT('Ctrl Pts',(3.78074215339644,0.142251510608837,-2.1828125));
#12256=CARTESIAN_POINT('Ctrl Pts',(3.64126690045996,0.142251510608852,-2.4243907244845));
#12257=CARTESIAN_POINT('Ctrl Pts',(3.50228593814107,0.152524740854749,-2.66511281250564));
#12258=CARTESIAN_POINT('Ctrl Pts',(3.36373794920129,0.171771162393502,-2.90508496863583));
#12259=CARTESIAN_POINT('Ctrl Pts',(3.21817560001068,0.191991985186617,-3.15720635310305));
#12260=CARTESIAN_POINT('Ctrl Pts',(3.07309116614824,0.222117471117138,-3.40849996394015));
#12261=CARTESIAN_POINT('Ctrl Pts',(2.92840903234588,0.260581073840717,-3.65909677063332));
#12262=CARTESIAN_POINT('Ctrl Pts',(2.80176971230067,0.294248012303602,-3.8784425071876));
#12263=CARTESIAN_POINT('Ctrl Pts',(2.67543852007246,0.334301931344818,-4.09725455070762));
#12264=CARTESIAN_POINT('Ctrl Pts',(2.54936228239044,0.379660057683994,-4.315625));
#12265=CARTESIAN_POINT('',(2.54936228239044,4.58127744231601,-4.315625));
#12266=CARTESIAN_POINT('',(2.54936228239044,5.953125,-4.315625));
#12267=CARTESIAN_POINT('Ctrl Pts',(2.54936228239044,4.58127744231601,-4.315625));
#12268=CARTESIAN_POINT('Ctrl Pts',(2.69499951333651,4.63367297729091,-4.06337391652776));
#12269=CARTESIAN_POINT('Ctrl Pts',(2.84097702959488,4.67898965679936,-3.81053344160556));
#12270=CARTESIAN_POINT('Ctrl Pts',(2.98737653566437,4.71556185077922,-3.55696205889021));
#12271=CARTESIAN_POINT('Ctrl Pts',(3.12625326603687,4.75025477330905,-3.31642050589599));
#12272=CARTESIAN_POINT('Ctrl Pts',(3.26550974449704,4.77707863998812,-3.07522120991986));
#12273=CARTESIAN_POINT('Ctrl Pts',(3.40521225423154,4.79465689976395,-2.83324936511482));
#12274=CARTESIAN_POINT('Ctrl Pts',(3.53001806974743,4.81036076257101,-2.61707935156124));
#12275=CARTESIAN_POINT('Ctrl Pts',(3.65517983940181,4.81868598939112,-2.40029280735461));
#12276=CARTESIAN_POINT('Ctrl Pts',(3.78074215339644,4.81868598939112,-2.1828125));
#12277=CARTESIAN_POINT('Ctrl Pts',(3.92021740632005,4.81868598939112,-1.9412342755378));
#12278=CARTESIAN_POINT('Ctrl Pts',(4.05919836862616,4.80841275914717,-1.70051218753879));
#12279=CARTESIAN_POINT('Ctrl Pts',(4.19774635755323,4.78916633761189,-1.46054003143061));
#12280=CARTESIAN_POINT('Ctrl Pts',(4.34330870673429,4.76894551482189,-1.20841864697993));
#12281=CARTESIAN_POINT('Ctrl Pts',(4.48839314058723,4.73882002889566,-0.957125036159271));
#12282=CARTESIAN_POINT('Ctrl Pts',(4.63307527438014,4.70035642617718,-0.706528229482481));
#12283=CARTESIAN_POINT('Ctrl Pts',(4.75971459444775,4.66668948771061,-0.48718249288941));
#12284=CARTESIAN_POINT('Ctrl Pts',(4.88604578669824,4.62663556866325,-0.268370449330806));
#12285=CARTESIAN_POINT('Ctrl Pts',(5.01212202440244,4.58127744231601,-0.0500000000000007));
#12286=CARTESIAN_POINT('Origin',(-2.462759742012,5.953125,4.265625));
#12287=CARTESIAN_POINT('Origin',(-2.462759742012,0.379660057683993,4.265625));
#12288=CARTESIAN_POINT('Origin',(-2.462759742012,0.379660057683993,4.265625));
#12289=CARTESIAN_POINT('Origin',(-2.462759742012,0.379660057683993,4.265625));
#12290=CARTESIAN_POINT('Origin',(-2.462759742012,0.379660057683993,4.265625));
#12291=CARTESIAN_POINT('Ctrl Pts',(2.47968602880591,4.67537315561626,4.29494218871052));
#12292=CARTESIAN_POINT('Ctrl Pts',(2.47584871105215,4.6540409428518,4.365625));
#12293=CARTESIAN_POINT('Ctrl Pts',(2.46275974201201,4.58127744231601,4.365625));
#12294=CARTESIAN_POINT('Ctrl Pts',(1.67854515252044,4.81874631438489,4.29731419622353));
#12295=CARTESIAN_POINT('Ctrl Pts',(1.68267425096785,4.79478848439804,4.365625));
#12296=CARTESIAN_POINT('Ctrl Pts',(1.66558592627415,4.72467603742745,4.365625));
#12297=CARTESIAN_POINT('Ctrl Pts',(0.860573993252179,4.91165540737845,4.29945272863595));
#12298=CARTESIAN_POINT('Ctrl Pts',(0.858937886857353,4.88787066492456,4.365625));
#12299=CARTESIAN_POINT('Ctrl Pts',(0.853798273027385,4.81755969486753,4.365625));
#12300=CARTESIAN_POINT('Ctrl Pts',(-0.828749788534806,4.91388697828864,
4.29950195486748));
#12301=CARTESIAN_POINT('Ctrl Pts',(-0.827022045993037,4.89007638136248,
4.365625));
#12302=CARTESIAN_POINT('Ctrl Pts',(-0.822224639197689,4.81979126419906,
4.365625));
#12303=CARTESIAN_POINT('Ctrl Pts',(-1.65995878308149,4.8220725539457,4.29736922658523));
#12304=CARTESIAN_POINT('Ctrl Pts',(-1.66448799346435,4.79801560646376,4.365625));
#12305=CARTESIAN_POINT('Ctrl Pts',(-1.64709077529926,4.72800301377742,4.365625));
#12306=CARTESIAN_POINT('Ctrl Pts',(-2.4796860288059,4.67537315561626,4.29494218871052));
#12307=CARTESIAN_POINT('Ctrl Pts',(-2.47584871105214,4.6540409428518,4.365625));
#12308=CARTESIAN_POINT('Ctrl Pts',(-2.462759742012,4.58127744231601,4.365625));
#12309=CARTESIAN_POINT('Ctrl Pts',(-2.4796860288059,4.67537315561626,4.29494218871052));
#12310=CARTESIAN_POINT('Ctrl Pts',(-2.54281779787037,4.6540409428518,4.32696037969811));
#12311=CARTESIAN_POINT('Ctrl Pts',(-2.54936228239044,4.58127744231601,4.315625));
#12312=CARTESIAN_POINT('Ctrl Pts',(-2.88918906876367,4.82119568122919,3.59048717892024));
#12313=CARTESIAN_POINT('Ctrl Pts',(-2.94609913808597,4.79716420243266,3.62845660870052));
#12314=CARTESIAN_POINT('Ctrl Pts',(-2.95475732454377,4.72712538224012,3.61346018985391));
#12315=CARTESIAN_POINT('Ctrl Pts',(-3.30367251181922,4.91278170269136,2.87682650513606));
#12316=CARTESIAN_POINT('Ctrl Pts',(-3.36179378813093,4.8889840126402,2.90845235438813));
#12317=CARTESIAN_POINT('Ctrl Pts',(-3.36426309718924,4.81868598939112,2.9041753856392));
#12318=CARTESIAN_POINT('Ctrl Pts',(-4.14324109163781,4.91278170269138,1.42265106845174));
#12319=CARTESIAN_POINT('Ctrl Pts',(-4.19969051866271,4.8889840126402,1.45717264561055));
#12320=CARTESIAN_POINT('Ctrl Pts',(-4.19722120960364,4.81868598939112,1.4614496143608));
#12321=CARTESIAN_POINT('Ctrl Pts',(-4.55404764328892,4.82119568122926,0.706867540425405));
#12322=CARTESIAN_POINT('Ctrl Pts',(-4.6153851687074,4.79716420243186,0.737168391298613));
#12323=CARTESIAN_POINT('Ctrl Pts',(-4.60672698224907,4.72712538223959,0.752164810146164));
#12324=CARTESIAN_POINT('Ctrl Pts',(-4.9593720576118,4.67537315561626,-2.56387379877661E-15));
#12325=CARTESIAN_POINT('Ctrl Pts',(-5.01866650892251,4.6540409428518,0.0386646203018867));
#12326=CARTESIAN_POINT('Ctrl Pts',(-5.01212202440244,4.58127744231601,0.0499999999999975));
#12327=CARTESIAN_POINT('Origin',(-4.925519484024,5.953125,-2.08031291845656E-15));
#12328=CARTESIAN_POINT('Origin',(-4.925519484024,0.379660057683993,-1.86347248395946E-15));
#12329=CARTESIAN_POINT('Ctrl Pts',(-4.9593720576118,0.285564344383746,-2.57708964561457E-15));
#12330=CARTESIAN_POINT('Ctrl Pts',(-5.01866650892251,0.306896557148204,
0.0386646203018865));
#12331=CARTESIAN_POINT('Ctrl Pts',(-5.01212202440244,0.379660057683993,
0.0499999999999975));
#12332=CARTESIAN_POINT('Ctrl Pts',(-4.55404764328903,0.139741818770787,
0.7068675404257));
#12333=CARTESIAN_POINT('Ctrl Pts',(-4.6153851687058,0.163773297567554,0.737168391299362));
#12334=CARTESIAN_POINT('Ctrl Pts',(-4.606726982249,0.23381211776045,0.752164810146276));
#12335=CARTESIAN_POINT('Ctrl Pts',(-4.14324109163798,0.0481557973086467,
1.42265106845155));
#12336=CARTESIAN_POINT('Ctrl Pts',(-4.19969051866222,0.0719534873599243,
1.45717264561185));
#12337=CARTESIAN_POINT('Ctrl Pts',(-4.19722120960372,0.142251510608881,
1.46144961436066));
#12338=CARTESIAN_POINT('Ctrl Pts',(-3.30367251181905,0.0481557973086209,
2.87682650513625));
#12339=CARTESIAN_POINT('Ctrl Pts',(-3.36179378812972,0.0719534873596759,
2.90845235438979));
#12340=CARTESIAN_POINT('Ctrl Pts',(-3.36426309718916,0.142251510608881,
2.90417538563934));
#12341=CARTESIAN_POINT('Ctrl Pts',(-2.88918906876455,0.139741818771043,
3.59048717892049));
#12342=CARTESIAN_POINT('Ctrl Pts',(-2.94609913808566,0.163773297567607,
3.62845660870149));
#12343=CARTESIAN_POINT('Ctrl Pts',(-2.95475732454386,0.233812117760253,
3.61346018985376));
#12344=CARTESIAN_POINT('Ctrl Pts',(-2.4796860288059,0.285564344383746,4.29494218871052));
#12345=CARTESIAN_POINT('Ctrl Pts',(-2.54281779787037,0.306896557148203,
4.32696037969811));
#12346=CARTESIAN_POINT('Ctrl Pts',(-2.54936228239044,0.379660057683993,
4.315625));
#12347=CARTESIAN_POINT('Origin',(-4.925519484024,0.379660057683993,-1.4264078703494E-15));
#12348=CARTESIAN_POINT('Ctrl Pts',(-2.47968602880591,0.285564344383747,
4.29494218871052));
#12349=CARTESIAN_POINT('Ctrl Pts',(-2.47584871105215,0.306896557148205,
4.365625));
#12350=CARTESIAN_POINT('Ctrl Pts',(-2.46275974201201,0.379660057683995,
4.365625));
#12351=CARTESIAN_POINT('Ctrl Pts',(-1.67862805107172,0.14220602124204,4.29731395077857));
#12352=CARTESIAN_POINT('Ctrl Pts',(-1.68275555589477,0.166163443031883,
4.365625));
#12353=CARTESIAN_POINT('Ctrl Pts',(-1.66566846906787,0.236276310677667,
4.365625));
#12354=CARTESIAN_POINT('Ctrl Pts',(-0.860751722696338,0.0493030398306323,
4.29945226657937));
#12355=CARTESIAN_POINT('Ctrl Pts',(-0.859116681550054,0.0730875433847705,
4.365625));
#12356=CARTESIAN_POINT('Ctrl Pts',(-0.853974608200489,0.143398752341483,
4.365625));
#12357=CARTESIAN_POINT('Ctrl Pts',(0.828336775257327,0.047030362107166,
4.29950239955048));
#12358=CARTESIAN_POINT('Ctrl Pts',(0.826608441006661,0.0708411963485013,
4.365625));
#12359=CARTESIAN_POINT('Ctrl Pts',(0.821814882852904,0.14112607619681,4.365625));
#12360=CARTESIAN_POINT('Ctrl Pts',(1.66007475507627,0.138885700545445,4.29736888321685));
#12361=CARTESIAN_POINT('Ctrl Pts',(1.66460328173615,0.162942351255795,4.365625));
#12362=CARTESIAN_POINT('Ctrl Pts',(1.64720551454802,0.232955125946217,4.365625));
#12363=CARTESIAN_POINT('Ctrl Pts',(2.4796860288059,0.285564344383746,4.29494218871052));
#12364=CARTESIAN_POINT('Ctrl Pts',(2.47584871105214,0.306896557148204,4.365625));
#12365=CARTESIAN_POINT('Ctrl Pts',(2.462759742012,0.379660057683994,4.365625));
#12366=CARTESIAN_POINT('Origin',(2.462759742012,0.379660057683994,4.265625));
#12367=CARTESIAN_POINT('Origin',(2.462759742012,5.953125,4.265625));
#12368=CARTESIAN_POINT('Origin',(2.462759742012,0.379660057683994,4.265625));
#12369=CARTESIAN_POINT('Origin',(-4.925519484024,0.379660057683993,-1.87137958719155E-15));
#12370=CARTESIAN_POINT('Origin',(-4.92551948402399,0.379660057683993,-1.91768259258374E-15));
#12371=CARTESIAN_POINT('Origin',(2.462759742012,0.379660057683994,4.265625));
#12372=CARTESIAN_POINT('Origin',(2.462759742012,0.379660057683994,4.265625));
#12373=CARTESIAN_POINT('Ctrl Pts',(4.9593720576118,4.67537315561626,-1.240343078952E-15));
#12374=CARTESIAN_POINT('Ctrl Pts',(5.01866650892251,4.6540409428518,0.038664620301888));
#12375=CARTESIAN_POINT('Ctrl Pts',(5.01212202440244,4.58127744231601,0.0499999999999988));
#12376=CARTESIAN_POINT('Ctrl Pts',(4.55404764328951,4.82119568122904,0.706867540425793));
#12377=CARTESIAN_POINT('Ctrl Pts',(4.61538516870791,4.79716420243243,0.737168391299531));
#12378=CARTESIAN_POINT('Ctrl Pts',(4.60672698224914,4.72712538224004,0.752164810146038));
#12379=CARTESIAN_POINT('Ctrl Pts',(4.14324109163781,4.91278170269138,1.42265106845174));
#12380=CARTESIAN_POINT('Ctrl Pts',(4.19969051866228,4.8889840126402,1.45717264561129));
#12381=CARTESIAN_POINT('Ctrl Pts',(4.19722120960359,4.81868598939112,1.46144961436088));
#12382=CARTESIAN_POINT('Ctrl Pts',(3.30367251181923,4.91278170269136,2.87682650513606));
#12383=CARTESIAN_POINT('Ctrl Pts',(3.3617937881305,4.8889840126402,2.90845235438887));
#12384=CARTESIAN_POINT('Ctrl Pts',(3.36426309718929,4.81868598939112,2.90417538563912));
#12385=CARTESIAN_POINT('Ctrl Pts',(2.88918906876459,4.82119568122889,3.5904871789207));
#12386=CARTESIAN_POINT('Ctrl Pts',(2.94609913808644,4.79716420243152,3.62845660870129));
#12387=CARTESIAN_POINT('Ctrl Pts',(2.95475732454383,4.72712538223906,3.6134601898538));
#12388=CARTESIAN_POINT('Ctrl Pts',(2.4796860288059,4.67537315561626,4.29494218871052));
#12389=CARTESIAN_POINT('Ctrl Pts',(2.54281779787037,4.6540409428518,4.32696037969811));
#12390=CARTESIAN_POINT('Ctrl Pts',(2.54936228239044,4.58127744231601,4.315625));
#12391=CARTESIAN_POINT('Origin',(4.925519484024,4.58127744231601,-5.98695241341894E-16));
#12392=CARTESIAN_POINT('Ctrl Pts',(-4.9593720576118,4.67537315561626,-1.33967877607526E-15));
#12393=CARTESIAN_POINT('Ctrl Pts',(-5.01866650892251,4.6540409428518,-0.0386646203018906));
#12394=CARTESIAN_POINT('Ctrl Pts',(-5.01212202440244,4.58127744231601,-0.0500000000000014));
#12395=CARTESIAN_POINT('Ctrl Pts',(-4.55404764328981,4.82119568122893,-0.706867540426124));
#12396=CARTESIAN_POINT('Ctrl Pts',(-4.61538516870823,4.79716420243138,-0.737168391299325));
#12397=CARTESIAN_POINT('Ctrl Pts',(-4.60672698224896,4.72712538223911,-0.752164810146345));
#12398=CARTESIAN_POINT('Ctrl Pts',(-4.14324109163782,4.9127817026914,-1.42265106845157));
#12399=CARTESIAN_POINT('Ctrl Pts',(-4.19969051866271,4.8889840126402,-1.45717264561037));
#12400=CARTESIAN_POINT('Ctrl Pts',(-4.19722120960372,4.81868598939112,-1.46144961436066));
#12401=CARTESIAN_POINT('Ctrl Pts',(-3.30367251181922,4.91278170269133,-2.87682650513624));
#12402=CARTESIAN_POINT('Ctrl Pts',(-3.36179378813093,4.8889840126402,-2.90845235438831));
#12403=CARTESIAN_POINT('Ctrl Pts',(-3.36426309718917,4.81868598939112,-2.90417538563934));
#12404=CARTESIAN_POINT('Ctrl Pts',(-2.88918906876484,4.82119568122884,-3.5904871789207));
#12405=CARTESIAN_POINT('Ctrl Pts',(-2.94609913808705,4.79716420243181,-3.62845660870083));
#12406=CARTESIAN_POINT('Ctrl Pts',(-2.95475732454391,4.72712538223925,-3.61346018985367));
#12407=CARTESIAN_POINT('Ctrl Pts',(-2.4796860288059,4.67537315561626,-4.29494218871052));
#12408=CARTESIAN_POINT('Ctrl Pts',(-2.54281779787037,4.6540409428518,-4.32696037969811));
#12409=CARTESIAN_POINT('Ctrl Pts',(-2.54936228239044,4.58127744231601,-4.315625));
#12410=CARTESIAN_POINT('Origin',(-2.462759742012,4.58127744231601,-4.265625));
#12411=CARTESIAN_POINT('Origin',(-2.462759742012,5.953125,-4.265625));
#12412=CARTESIAN_POINT('Origin',(-2.462759742012,4.58127744231601,-4.265625));
#12413=CARTESIAN_POINT('Ctrl Pts',(-2.4796860288059,0.285564344383746,-4.29494218871052));
#12414=CARTESIAN_POINT('Ctrl Pts',(-2.54281779787037,0.306896557148204,
-4.32696037969811));
#12415=CARTESIAN_POINT('Ctrl Pts',(-2.54936228239044,0.379660057683993,
-4.315625));
#12416=CARTESIAN_POINT('Ctrl Pts',(-2.88918906876369,0.139741818770895,
-3.59048717892051));
#12417=CARTESIAN_POINT('Ctrl Pts',(-2.94609913808489,0.163773297567311,
-3.6284566087014));
#12418=CARTESIAN_POINT('Ctrl Pts',(-2.95475732454369,0.233812117760002,
-3.61346018985405));
#12419=CARTESIAN_POINT('Ctrl Pts',(-3.30367251181925,0.0481557973085887,
-2.87682650513572));
#12420=CARTESIAN_POINT('Ctrl Pts',(-3.36179378813022,0.0719534873597779,
-2.908452354389));
#12421=CARTESIAN_POINT('Ctrl Pts',(-3.36426309718937,0.142251510608915,
-2.90417538563899));
#12422=CARTESIAN_POINT('Ctrl Pts',(-4.14324109163778,0.0481557973086795,
-1.42265106845209));
#12423=CARTESIAN_POINT('Ctrl Pts',(-4.199690518662,0.0719534873598231,-1.45717264561215));
#12424=CARTESIAN_POINT('Ctrl Pts',(-4.19722120960351,0.142251510608848,
-1.46144961436101));
#12425=CARTESIAN_POINT('Ctrl Pts',(-4.5540476432893,0.139741818770886,-0.7068675404254));
#12426=CARTESIAN_POINT('Ctrl Pts',(-4.61538516870629,0.163773297567616,
-0.737168391298837));
#12427=CARTESIAN_POINT('Ctrl Pts',(-4.60672698224918,0.233812117760158,
-0.752164810145966));
#12428=CARTESIAN_POINT('Ctrl Pts',(-4.9593720576118,0.285564344383746,-2.05908128230804E-15));
#12429=CARTESIAN_POINT('Ctrl Pts',(-5.01866650892251,0.306896557148204,
-0.0386646203018911));
#12430=CARTESIAN_POINT('Ctrl Pts',(-5.01212202440244,0.379660057683993,
-0.0500000000000021));
#12431=CARTESIAN_POINT('Ctrl Pts',(2.4796860288059,0.285564344383746,4.29494218871052));
#12432=CARTESIAN_POINT('Ctrl Pts',(2.54281779787037,0.306896557148204,4.32696037969811));
#12433=CARTESIAN_POINT('Ctrl Pts',(2.54936228239044,0.379660057683994,4.315625));
#12434=CARTESIAN_POINT('Ctrl Pts',(2.88918906876428,0.139741818771033,3.59048717892061));
#12435=CARTESIAN_POINT('Ctrl Pts',(2.94609913808513,0.163773297567875,3.62845660870188));
#12436=CARTESIAN_POINT('Ctrl Pts',(2.95475732454383,0.233812117760491,3.61346018985381));
#12437=CARTESIAN_POINT('Ctrl Pts',(3.30367251181909,0.0481557973085749,
2.87682650513591));
#12438=CARTESIAN_POINT('Ctrl Pts',(3.36179378812943,0.0719534873597281,
2.90845235438992));
#12439=CARTESIAN_POINT('Ctrl Pts',(3.36426309718924,0.142251510608973,2.9041753856392));
#12440=CARTESIAN_POINT('Ctrl Pts',(4.14324109163794,0.0481557973086949,
1.42265106845189));
#12441=CARTESIAN_POINT('Ctrl Pts',(4.19969051866193,0.0719534873598749,
1.4571726456127));
#12442=CARTESIAN_POINT('Ctrl Pts',(4.19722120960364,0.142251510608792,1.4614496143608));
#12443=CARTESIAN_POINT('Ctrl Pts',(4.55404764329028,0.139741818771239,0.706867540426251));
#12444=CARTESIAN_POINT('Ctrl Pts',(4.61538516870696,0.163773297567729,0.737168391300287));
#12445=CARTESIAN_POINT('Ctrl Pts',(4.60672698224906,0.233812117760499,0.752164810146172));
#12446=CARTESIAN_POINT('Ctrl Pts',(4.9593720576118,0.285564344383747,-6.26310230216322E-16));
#12447=CARTESIAN_POINT('Ctrl Pts',(5.01866650892251,0.306896557148205,0.0386646203018884));
#12448=CARTESIAN_POINT('Ctrl Pts',(5.01212202440244,0.379660057683994,0.0499999999999994));
#12449=CARTESIAN_POINT('Origin',(4.925519484024,5.953125,-1.76182853028894E-16));
#12450=CARTESIAN_POINT('Origin',(4.92551948402399,4.58127744231601,-4.74338450462408E-16));
#12451=CARTESIAN_POINT('Origin',(4.925519484024,4.58127744231601,-5.51930786505087E-16));
#12452=CARTESIAN_POINT('Origin',(4.925519484024,4.58127744231601,-1.96511643762998E-16));
#12453=CARTESIAN_POINT('Origin',(-2.462759742012,4.58127744231601,-4.265625));
#12454=CARTESIAN_POINT('Origin',(-2.462759742012,4.58127744231601,-4.265625));
#12455=CARTESIAN_POINT('Ctrl Pts',(2.4796860288059,4.67537315561626,-4.29494218871052));
#12456=CARTESIAN_POINT('Ctrl Pts',(2.54281779787037,4.6540409428518,-4.32696037969811));
#12457=CARTESIAN_POINT('Ctrl Pts',(2.54936228239044,4.58127744231601,-4.315625));
#12458=CARTESIAN_POINT('Ctrl Pts',(2.8891890687638,4.82119568122921,-3.59048717892011));
#12459=CARTESIAN_POINT('Ctrl Pts',(2.94609913808554,4.79716420243286,-3.62845660870163));
#12460=CARTESIAN_POINT('Ctrl Pts',(2.95475732454379,4.72712538224054,-3.61346018985388));
#12461=CARTESIAN_POINT('Ctrl Pts',(3.30367251181905,4.91278170269138,-2.87682650513625));
#12462=CARTESIAN_POINT('Ctrl Pts',(3.3617937881299,4.88898401264056,-2.90845235438979));
#12463=CARTESIAN_POINT('Ctrl Pts',(3.36426309718916,4.81868598939112,-2.90417538563934));
#12464=CARTESIAN_POINT('Ctrl Pts',(4.14324109163798,4.91278170269135,-1.42265106845156));
#12465=CARTESIAN_POINT('Ctrl Pts',(4.19969051866204,4.88898401263984,-1.45717264561185));
#12466=CARTESIAN_POINT('Ctrl Pts',(4.19722120960372,4.81868598939112,-1.46144961436066));
#12467=CARTESIAN_POINT('Ctrl Pts',(4.55404764328842,4.82119568122943,-0.706867540425307));
#12468=CARTESIAN_POINT('Ctrl Pts',(4.61538516870638,4.7971642024326,-0.737168391299625));
#12469=CARTESIAN_POINT('Ctrl Pts',(4.60672698224905,4.72712538224009,-0.752164810146194));
#12470=CARTESIAN_POINT('Ctrl Pts',(4.9593720576118,4.67537315561626,7.49076861947554E-16));
#12471=CARTESIAN_POINT('Ctrl Pts',(5.01866650892251,4.6540409428518,-0.0386646203018885));
#12472=CARTESIAN_POINT('Ctrl Pts',(5.01212202440244,4.58127744231601,-0.0499999999999993));
#12473=CARTESIAN_POINT('Origin',(2.462759742012,4.58127744231601,-4.265625));
#12474=CARTESIAN_POINT('Ctrl Pts',(-2.47968602880591,4.67537315561626,-4.29494218871052));
#12475=CARTESIAN_POINT('Ctrl Pts',(-2.47584871105215,4.6540409428518,-4.365625));
#12476=CARTESIAN_POINT('Ctrl Pts',(-2.46275974201201,4.58127744231601,-4.365625));
#12477=CARTESIAN_POINT('Ctrl Pts',(-1.67863010850566,4.81873111055693,-4.29731394468732));
#12478=CARTESIAN_POINT('Ctrl Pts',(-1.6827575688246,4.7947736997772,-4.365625));
#12479=CARTESIAN_POINT('Ctrl Pts',(-1.66567051602492,4.72466082110774,-4.365625));
#12480=CARTESIAN_POINT('Ctrl Pts',(-0.860754943665518,4.91163428228823,
-4.29945226265545));
#12481=CARTESIAN_POINT('Ctrl Pts',(-0.859119908319275,4.88784978076281,
-4.365625));
#12482=CARTESIAN_POINT('Ctrl Pts',(-0.853977803852384,4.81753856977768,
-4.365625));
#12483=CARTESIAN_POINT('Ctrl Pts',(0.828335045596662,4.91390730911237,-4.29950240332746));
#12484=CARTESIAN_POINT('Ctrl Pts',(0.826606702619039,4.89009647285487,-4.365625));
#12485=CARTESIAN_POINT('Ctrl Pts',(0.821813166853648,4.81981159502242,-4.365625));
#12486=CARTESIAN_POINT('Ctrl Pts',(1.66007402944409,4.82205192931428,-4.29736888536628));
#12487=CARTESIAN_POINT('Ctrl Pts',(1.66460257159003,4.79799527475865,-4.365625));
#12488=CARTESIAN_POINT('Ctrl Pts',(1.6472047918693,4.72798250405208,-4.365625));
#12489=CARTESIAN_POINT('Ctrl Pts',(2.4796860288059,4.67537315561626,-4.29494218871052));
#12490=CARTESIAN_POINT('Ctrl Pts',(2.47584871105214,4.6540409428518,-4.365625));
#12491=CARTESIAN_POINT('Ctrl Pts',(2.462759742012,4.58127744231601,-4.365625));
#12492=CARTESIAN_POINT('Origin',(2.462759742012,4.58127744231601,-4.265625));
#12493=CARTESIAN_POINT('Ctrl Pts',(2.47968602880591,0.285564344383748,-4.29494218871052));
#12494=CARTESIAN_POINT('Ctrl Pts',(2.47584871105215,0.306896557148206,-4.365625));
#12495=CARTESIAN_POINT('Ctrl Pts',(2.46275974201201,0.379660057683995,-4.365625));
#12496=CARTESIAN_POINT('Ctrl Pts',(1.67854310477963,0.142190819148872,-4.29731420228638));
#12497=CARTESIAN_POINT('Ctrl Pts',(1.68267224753893,0.166148660096895,-4.365625));
#12498=CARTESIAN_POINT('Ctrl Pts',(1.66558388896477,0.236261096093355,-4.365625));
#12499=CARTESIAN_POINT('Ctrl Pts',(0.860570790046814,0.0492819164105239,
-4.2994527325231));
#12500=CARTESIAN_POINT('Ctrl Pts',(0.858934677925431,0.0730666608742134,
-4.365625));
#12501=CARTESIAN_POINT('Ctrl Pts',(0.853795095000631,0.143377628921327,
-4.365625));
#12502=CARTESIAN_POINT('Ctrl Pts',(-0.828751490576312,0.0470506914431277,
-4.29950195112327));
#12503=CARTESIAN_POINT('Ctrl Pts',(-0.827023756708809,0.0708612863716793,
-4.365625));
#12504=CARTESIAN_POINT('Ctrl Pts',(-0.822226327796406,0.141146405532819,
-4.365625));
#12505=CARTESIAN_POINT('Ctrl Pts',(-1.65995950963697,0.138865076079722,
-4.29736922443455));
#12506=CARTESIAN_POINT('Ctrl Pts',(-1.66448870460281,0.162922019727325,
-4.365625));
#12507=CARTESIAN_POINT('Ctrl Pts',(-1.64709149886485,0.232934616381291,
-4.365625));
#12508=CARTESIAN_POINT('Ctrl Pts',(-2.4796860288059,0.285564344383746,-4.29494218871052));
#12509=CARTESIAN_POINT('Ctrl Pts',(-2.47584871105214,0.306896557148204,
-4.365625));
#12510=CARTESIAN_POINT('Ctrl Pts',(-2.462759742012,0.379660057683993,-4.365625));
#12511=CARTESIAN_POINT('Ctrl Pts',(4.9593720576118,0.285564344383747,-5.96568336644528E-17));
#12512=CARTESIAN_POINT('Ctrl Pts',(5.01866650892251,0.306896557148205,-0.0386646203018891));
#12513=CARTESIAN_POINT('Ctrl Pts',(5.01212202440244,0.379660057683994,-0.0500000000000001));
#12514=CARTESIAN_POINT('Ctrl Pts',(4.5540476432892,0.13974181877085,-0.706867540425414));
#12515=CARTESIAN_POINT('Ctrl Pts',(4.61538516870613,0.163773297567892,-0.737168391298866));
#12516=CARTESIAN_POINT('Ctrl Pts',(4.60672698224913,0.233812117760448,-0.75216481014606));
#12517=CARTESIAN_POINT('Ctrl Pts',(4.14324109163793,0.0481557973087234,
-1.42265106845207));
#12518=CARTESIAN_POINT('Ctrl Pts',(4.19969051866218,0.0719534873597671,
-1.45717264561215));
#12519=CARTESIAN_POINT('Ctrl Pts',(4.19722120960356,0.142251510608792,-1.46144961436094));
#12520=CARTESIAN_POINT('Ctrl Pts',(3.3036725118191,0.0481557973085459,-2.87682650513574));
#12521=CARTESIAN_POINT('Ctrl Pts',(3.36179378813004,0.0719534873598349,
-2.908452354389));
#12522=CARTESIAN_POINT('Ctrl Pts',(3.36426309718932,0.142251510608972,-2.90417538563907));
#12523=CARTESIAN_POINT('Ctrl Pts',(2.88918906876343,0.139741818770786,-3.59048717892031));
#12524=CARTESIAN_POINT('Ctrl Pts',(2.94609913808414,0.163773297567464,-3.62845660870085));
#12525=CARTESIAN_POINT('Ctrl Pts',(2.95475732454374,0.233812117760198,-3.61346018985395));
#12526=CARTESIAN_POINT('Ctrl Pts',(2.4796860288059,0.285564344383746,-4.29494218871052));
#12527=CARTESIAN_POINT('Ctrl Pts',(2.54281779787037,0.306896557148204,-4.32696037969811));
#12528=CARTESIAN_POINT('Ctrl Pts',(2.54936228239044,0.379660057683994,-4.315625));
#12529=CARTESIAN_POINT('Origin',(2.462759742012,4.58127744231601,-4.265625));
#12530=CARTESIAN_POINT('Origin',(2.462759742012,4.58127744231601,-4.265625));
#12531=CARTESIAN_POINT('Origin',(2.462759742012,5.953125,-4.265625));
#12532=CARTESIAN_POINT('',(0.,0.,0.));
#12533=CARTESIAN_POINT('Origin',(0.,105.,0.));
#12534=CARTESIAN_POINT('',(-7.77650717458569E-16,104.5,6.35));
#12535=CARTESIAN_POINT('Origin',(0.,104.5,0.));
#12536=CARTESIAN_POINT('',(-7.16418377501201E-16,105.,5.84999999999999));
#12537=CARTESIAN_POINT('',(-7.16418377501201E-16,105.,5.84999999999999));
#12538=CARTESIAN_POINT('Origin',(0.,105.,0.));
#12539=CARTESIAN_POINT('Origin',(0.,0.500000000000028,0.));
#12540=CARTESIAN_POINT('',(7.77650717458569E-16,0.500000000000028,6.35));
#12541=CARTESIAN_POINT('',(-7.77650717458569E-16,0.500000000000028,-6.35));
#12542=CARTESIAN_POINT('Origin',(0.,0.500000000000028,0.));
#12543=CARTESIAN_POINT('Origin',(0.,0.500000000000028,0.));
#12544=CARTESIAN_POINT('',(-7.16418377501199E-16,-2.77555756156289E-16,
-5.84999999999998));
#12545=CARTESIAN_POINT('',(-7.77650717458569E-16,0.500000000000028,-6.35));
#12546=CARTESIAN_POINT('Origin',(0.,0.,0.));
#12547=CARTESIAN_POINT('Origin',(0.,0.,0.));
#12548=CARTESIAN_POINT('',(-2.11520995148731E-16,105.,1.7272));
#12549=CARTESIAN_POINT('Origin',(0.,105.,0.));
#12550=CARTESIAN_POINT('',(-2.11520995148731E-16,90.,1.7272));
#12551=CARTESIAN_POINT('',(-2.11520995148731E-16,0.,1.7272));
#12552=CARTESIAN_POINT('',(2.11520995148731E-16,90.,-1.7272));
#12553=CARTESIAN_POINT('Origin',(0.,90.,0.));
#12554=CARTESIAN_POINT('Origin',(0.,90.,0.));
#12555=CARTESIAN_POINT('Origin',(0.,1089.08163146963,0.));
#12556=CARTESIAN_POINT('',(3.08758874561064E-17,89.0816314696343,0.));
#12557=CARTESIAN_POINT('',(-2.30322564585812E-13,1089.08163146963,-1880.72646534635));
#12558=CARTESIAN_POINT('Origin',(0.,0.,0.));
#12559=CARTESIAN_POINT('',(-2.11520995148731E-16,15.,1.7272));
#12560=CARTESIAN_POINT('Origin',(0.,15.,0.));
#12561=CARTESIAN_POINT('',(-2.11520995148731E-16,0.,1.7272));
#12562=CARTESIAN_POINT('',(-2.11520995148731E-16,0.,1.7272));
#12563=CARTESIAN_POINT('Origin',(0.,0.,0.));
#12564=CARTESIAN_POINT('Origin',(0.,15.,0.));
#12565=CARTESIAN_POINT('',(0.,15.9183685303657,0.));
#12566=CARTESIAN_POINT('',(-2.11520995148731E-16,15.,1.7272));
#12567=CARTESIAN_POINT('Origin',(0.,105.,0.));
#12568=CARTESIAN_POINT('',(-7.77650717458569E-16,105.,6.35));
#12569=CARTESIAN_POINT('Origin',(0.,105.,0.));
#12570=CARTESIAN_POINT('Origin',(0.,0.,0.));
#12571=CARTESIAN_POINT('',(0.,0.,0.));
#12572=CARTESIAN_POINT('Origin',(0.,0.,2.11));
#12573=CARTESIAN_POINT('',(2.10500922670447,-2.57789281165928E-16,2.19823480681548));
#12574=CARTESIAN_POINT('Origin',(0.,0.,2.19823480681548));
#12575=CARTESIAN_POINT('',(2.05794948949489,-2.52026125511685E-16,2.21));
#12576=CARTESIAN_POINT('Origin',(2.05794948949489,-2.52026125511685E-16,
2.11));
#12577=CARTESIAN_POINT('Origin',(0.,0.,2.21));
#12578=CARTESIAN_POINT('Origin',(0.,0.,0.306686458555016));
#12579=CARTESIAN_POINT('',(-3.96,4.84960132462352E-16,0.306686458555016));
#12580=CARTESIAN_POINT('',(3.96,-4.84960132462352E-16,0.306686458555016));
#12581=CARTESIAN_POINT('Origin',(0.,0.,0.306686458555016));
#12582=CARTESIAN_POINT('Origin',(0.,0.,0.306686458555016));
#12583=CARTESIAN_POINT('',(3.94826775708356,-4.83523347088909E-16,0.353684363395947));
#12584=CARTESIAN_POINT('Origin',(3.86,-4.72713664470878E-16,0.306686458555016));
#12585=CARTESIAN_POINT('Origin',(0.,0.,0.353684363395947));
#12586=CARTESIAN_POINT('Origin',(0.,0.,0.0999999999999994));
#12587=CARTESIAN_POINT('',(-3.96,-4.84960132462352E-16,0.0999999999999994));
#12588=CARTESIAN_POINT('Origin',(0.,0.,0.0999999999999994));
#12589=CARTESIAN_POINT('',(-3.86,-4.72713664470878E-16,-5.89805981832114E-16));
#12590=CARTESIAN_POINT('Origin',(-3.86,-4.72713664470878E-16,0.0999999999999994));
#12591=CARTESIAN_POINT('Origin',(0.,0.,-5.96311194867027E-16));
#12592=CARTESIAN_POINT('Origin',(0.,0.,-12.6));
#12593=CARTESIAN_POINT('',(-1.73708932188135,-2.12732087787504E-16,-12.6707106781187));
#12594=CARTESIAN_POINT('Origin',(0.,0.,-12.6707106781187));
#12595=CARTESIAN_POINT('',(-1.66637864376269,-2.04072527225149E-16,-12.7));
#12596=CARTESIAN_POINT('Origin',(-1.66637864376269,-2.04072527225149E-16,
-12.6));
#12597=CARTESIAN_POINT('Origin',(0.,0.,-12.7));
#12598=CARTESIAN_POINT('Origin',(0.,0.,-12.2835786437627));
#12599=CARTESIAN_POINT('',(-2.05351067811866,2.51482527897292E-16,-12.3542893218814));
#12600=CARTESIAN_POINT('',(2.05351067811865,-2.51482527897292E-16,-12.3542893218814));
#12601=CARTESIAN_POINT('Origin',(0.,0.,-12.3542893218814));
#12602=CARTESIAN_POINT('Origin',(0.,0.,-12.3542893218814));
#12603=CARTESIAN_POINT('',(2.0828,-2.55069435326411E-16,-12.2835786437627));
#12604=CARTESIAN_POINT('Origin',(1.9828,-2.42822967334937E-16,-12.2835786437627));
#12605=CARTESIAN_POINT('',(-2.0828,2.55069435326411E-16,-12.2835786437627));
#12606=CARTESIAN_POINT('Origin',(0.,0.,-12.2835786437627));
#12607=CARTESIAN_POINT('Origin',(0.,0.,-12.2835786437627));
#12608=CARTESIAN_POINT('Origin',(-2.01833127826195,-3.25260651745651E-16,
0.66299999999552));
#12609=CARTESIAN_POINT('',(-1.41888552009207,0.557073481682604,0.66299999999552));
#12610=CARTESIAN_POINT('',(-1.41888552009207,-0.557073481682604,0.66299999999552));
#12611=CARTESIAN_POINT('Origin',(-2.01833127826195,-3.25260651745651E-16,
0.66299999999552));
#12612=CARTESIAN_POINT('',(-1.41888552009207,0.557073481682603,2.12300780074175));
#12613=CARTESIAN_POINT('',(-1.41888552009207,0.557073481682604,0.66299999999552));
#12614=CARTESIAN_POINT('',(-1.41888552009208,-0.55707348168261,2.12300780074175));
#12615=CARTESIAN_POINT('Ctrl Pts',(-1.41888552009247,0.557073481683027,
2.12300780074205));
#12616=CARTESIAN_POINT('Ctrl Pts',(-1.3803860801791,0.515645686774814,2.09357655558532));
#12617=CARTESIAN_POINT('Ctrl Pts',(-1.34642360043548,0.470301785179147,
2.06609446031737));
#12618=CARTESIAN_POINT('Ctrl Pts',(-1.28339645855765,0.366129783007324,
2.01304950810915));
#12619=CARTESIAN_POINT('Ctrl Pts',(-1.25227499209026,0.297681025688744,
1.9850410858041));
#12620=CARTESIAN_POINT('Ctrl Pts',(-1.21052299635923,0.15133416925162,1.94617152607647));
#12621=CARTESIAN_POINT('Ctrl Pts',(-1.2,0.0732867423093289,1.93575862213493));
#12622=CARTESIAN_POINT('Ctrl Pts',(-1.2,-0.0732867423093299,1.93575862213493));
#12623=CARTESIAN_POINT('Ctrl Pts',(-1.21052299635923,-0.151334169251621,
1.94617152607647));
#12624=CARTESIAN_POINT('Ctrl Pts',(-1.25227499209026,-0.297681025688745,
1.9850410858041));
#12625=CARTESIAN_POINT('Ctrl Pts',(-1.28339645855765,-0.366129783007325,
2.01304950810915));
#12626=CARTESIAN_POINT('Ctrl Pts',(-1.34642360043538,-0.470301785178991,
2.06609446031729));
#12627=CARTESIAN_POINT('Ctrl Pts',(-1.38038608017887,-0.51564568677451,
2.09357655558514));
#12628=CARTESIAN_POINT('Ctrl Pts',(-1.41888552009208,-0.557073481682609,
2.12300780074175));
#12629=CARTESIAN_POINT('',(-1.41888552009207,-0.557073481682604,0.66299999999552));
#12630=CARTESIAN_POINT('Origin',(1.24491151794014,0.718749999999993,0.66299999999552));
#12631=CARTESIAN_POINT('',(1.41888552009207,0.557073481682604,0.66299999999552));
#12632=CARTESIAN_POINT('',(1.19188254695782,0.950254164620323,0.66299999999552));
#12633=CARTESIAN_POINT('Origin',(1.24491151794014,0.718749999999993,0.66299999999552));
#12634=CARTESIAN_POINT('',(1.41888552009207,0.557073481682604,2.12300780074175));
#12635=CARTESIAN_POINT('',(1.41888552009207,0.557073481682604,0.66299999999552));
#12636=CARTESIAN_POINT('',(1.45059255133894,0.837499999999991,2.21));
#12637=CARTESIAN_POINT('Ctrl Pts',(1.41888552009208,0.557073481682596,2.12300780074175));
#12638=CARTESIAN_POINT('Ctrl Pts',(1.44063644214478,0.580478828354986,2.13963548989149));
#12639=CARTESIAN_POINT('Ctrl Pts',(1.45775758849662,0.608747559277767,2.15491445556272));
#12640=CARTESIAN_POINT('Ctrl Pts',(1.47917686826099,0.66838905280842,2.17998548021944));
#12641=CARTESIAN_POINT('Ctrl Pts',(1.48448065148105,0.703334325950185,2.19114817286023));
#12642=CARTESIAN_POINT('Ctrl Pts',(1.47874467969951,0.773092102147076,2.20614494728568));
#12643=CARTESIAN_POINT('Ctrl Pts',(1.46768310143149,0.807898298910391,2.21));
#12644=CARTESIAN_POINT('Ctrl Pts',(1.45059255133894,0.837499999999992,2.21));
#12645=CARTESIAN_POINT('',(1.19188254695782,0.950254164620323,2.12300780074175));
#12646=CARTESIAN_POINT('Ctrl Pts',(1.45059255133894,0.837499999999992,2.21));
#12647=CARTESIAN_POINT('Ctrl Pts',(1.43350200124639,0.867101701089592,2.21));
#12648=CARTESIAN_POINT('Ctrl Pts',(1.40888973977425,0.894084407257305,2.20614494728568));
#12649=CARTESIAN_POINT('Ctrl Pts',(1.351345719367,0.933930792633958,2.19114817286023));
#12650=CARTESIAN_POINT('Ctrl Pts',(1.31843033347401,0.946810218200096,2.17998548021944));
#12651=CARTESIAN_POINT('Ctrl Pts',(1.25606964507464,0.958081324558719,2.15491445556272));
#12652=CARTESIAN_POINT('Ctrl Pts',(1.22302763278685,0.957388342337504,2.13963548989149));
#12653=CARTESIAN_POINT('Ctrl Pts',(1.19188254695782,0.950254164620323,2.12300780074175));
#12654=CARTESIAN_POINT('',(1.19188254695782,0.950254164620323,0.66299999999552));
#12655=CARTESIAN_POINT('Origin',(1.24491151794013,-0.718750000000002,0.66299999999552));
#12656=CARTESIAN_POINT('',(1.19188254695781,-0.950254164620338,0.66299999999552));
#12657=CARTESIAN_POINT('',(1.41888552009207,-0.557073481682604,0.66299999999552));
#12658=CARTESIAN_POINT('Origin',(1.24491151794013,-0.718750000000002,0.66299999999552));
#12659=CARTESIAN_POINT('',(1.19188254695781,-0.950254164620339,2.12300780074175));
#12660=CARTESIAN_POINT('',(1.19188254695781,-0.950254164620338,0.66299999999552));
#12661=CARTESIAN_POINT('',(1.45059255133893,-0.837500000000002,2.21));
#12662=CARTESIAN_POINT('Ctrl Pts',(1.19188254695781,-0.95025416462033,2.12300780074175));
#12663=CARTESIAN_POINT('Ctrl Pts',(1.22302763278684,-0.957388342337513,
2.13963548989148));
#12664=CARTESIAN_POINT('Ctrl Pts',(1.25606964507463,-0.958081324558729,
2.15491445556272));
#12665=CARTESIAN_POINT('Ctrl Pts',(1.31843033347401,-0.946810218200105,
2.17998548021944));
#12666=CARTESIAN_POINT('Ctrl Pts',(1.351345719367,-0.933930792633968,2.19114817286023));
#12667=CARTESIAN_POINT('Ctrl Pts',(1.40888973977424,-0.894084407257315,
2.20614494728568));
#12668=CARTESIAN_POINT('Ctrl Pts',(1.43350200124638,-0.867101701089602,
2.21));
#12669=CARTESIAN_POINT('Ctrl Pts',(1.45059255133893,-0.837500000000002,
2.21));
#12670=CARTESIAN_POINT('',(1.41888552009208,-0.55707348168261,2.12300780074175));
#12671=CARTESIAN_POINT('Ctrl Pts',(1.45059255133893,-0.837500000000002,
2.21));
#12672=CARTESIAN_POINT('Ctrl Pts',(1.46768310143149,-0.807898298910401,
2.21));
#12673=CARTESIAN_POINT('Ctrl Pts',(1.47874467969951,-0.773092102147087,
2.20614494728568));
#12674=CARTESIAN_POINT('Ctrl Pts',(1.48448065148105,-0.703334325950195,
2.19114817286023));
#12675=CARTESIAN_POINT('Ctrl Pts',(1.47917686826098,-0.66838905280843,2.17998548021944));
#12676=CARTESIAN_POINT('Ctrl Pts',(1.45775758849662,-0.608747559277778,
2.15491445556272));
#12677=CARTESIAN_POINT('Ctrl Pts',(1.44063644214478,-0.580478828354999,
2.13963548989149));
#12678=CARTESIAN_POINT('Ctrl Pts',(1.41888552009208,-0.557073481682609,
2.12300780074176));
#12679=CARTESIAN_POINT('',(1.41888552009207,-0.557073481682604,0.66299999999552));
#12680=CARTESIAN_POINT('Origin',(0.,0.,2.21));
#12681=CARTESIAN_POINT('Ctrl Pts',(1.41888552009207,0.557073481682604,2.12300780074175));
#12682=CARTESIAN_POINT('Ctrl Pts',(1.38038608017887,0.515645686774506,2.09357655558513));
#12683=CARTESIAN_POINT('Ctrl Pts',(1.34642360043538,0.470301785178988,2.06609446031729));
#12684=CARTESIAN_POINT('Ctrl Pts',(1.28339645855765,0.366129783007325,2.01304950810915));
#12685=CARTESIAN_POINT('Ctrl Pts',(1.25227499209026,0.297681025688745,1.9850410858041));
#12686=CARTESIAN_POINT('Ctrl Pts',(1.21052299635923,0.151334169251621,1.94617152607647));
#12687=CARTESIAN_POINT('Ctrl Pts',(1.2,0.0732867423093299,1.93575862213493));
#12688=CARTESIAN_POINT('Ctrl Pts',(1.2,-0.0732867423093289,1.93575862213493));
#12689=CARTESIAN_POINT('Ctrl Pts',(1.21052299635923,-0.15133416925162,1.94617152607647));
#12690=CARTESIAN_POINT('Ctrl Pts',(1.25227499209026,-0.297681025688744,
1.9850410858041));
#12691=CARTESIAN_POINT('Ctrl Pts',(1.28339645855765,-0.366129783007324,
2.01304950810915));
#12692=CARTESIAN_POINT('Ctrl Pts',(1.34642360043548,-0.470301785179149,
2.06609446031737));
#12693=CARTESIAN_POINT('Ctrl Pts',(1.3803860801791,-0.515645686774819,2.09357655558533));
#12694=CARTESIAN_POINT('Ctrl Pts',(1.41888552009247,-0.557073481683033,
2.12300780074206));
#12695=CARTESIAN_POINT('Origin',(0.,0.,2.21));
#12696=CARTESIAN_POINT('Origin',(0.,0.,-12.325));
#12697=CARTESIAN_POINT('',(-2.0828,-2.55069435326411E-16,-12.325));
#12698=CARTESIAN_POINT('Origin',(0.,0.,0.));
#12699=CARTESIAN_POINT('',(-2.0828,-2.55069435326411E-16,3.82604152989616E-16));
#12700=CARTESIAN_POINT('Origin',(0.,0.,3.82604152989616E-16));
#12701=CARTESIAN_POINT('',(-2.0828,-2.55069435326411E-16,0.));
#12702=CARTESIAN_POINT('Origin',(0.,0.,0.));
#12703=CARTESIAN_POINT('',(-3.96,-4.84960132462352E-16,0.));
#12704=CARTESIAN_POINT('Origin',(0.,0.,-1.74855906574501));
#12705=CARTESIAN_POINT('Origin',(0.,-2.70646942611565E-16,2.21));
#12706=CARTESIAN_POINT('',(-1.45059255133893,0.837500000000002,2.21));
#12707=CARTESIAN_POINT('',(-1.45059255133893,-0.837500000000002,2.21));
#12708=CARTESIAN_POINT('Origin',(0.,0.,2.21));
#12709=CARTESIAN_POINT('',(5.93765676722931E-15,1.675,2.21));
#12710=CARTESIAN_POINT('Origin',(0.,0.,2.21));
#12711=CARTESIAN_POINT('Origin',(0.,0.,2.21));
#12712=CARTESIAN_POINT('',(-1.75603040562739E-14,-1.675,2.21));
#12713=CARTESIAN_POINT('Origin',(0.,0.,2.21));
#12714=CARTESIAN_POINT('Origin',(0.,0.,2.21));
#12715=CARTESIAN_POINT('Origin',(0.,2.0828,-5.94214443350064E-16));
#12716=CARTESIAN_POINT('Origin',(0.,0.,-12.7));
#12717=CARTESIAN_POINT('Origin',(0.,0.,2.21));
#12718=CARTESIAN_POINT('',(-0.227002973134273,-1.50732764630293,2.12300780074175));
#12719=CARTESIAN_POINT('Ctrl Pts',(-0.227002973134274,-1.50732764630293,
2.12300780074175));
#12720=CARTESIAN_POINT('Ctrl Pts',(-0.217608809357954,-1.5378671706925,
2.13963548989148));
#12721=CARTESIAN_POINT('Ctrl Pts',(-0.201687943422,-1.5668288838365,2.15491445556272));
#12722=CARTESIAN_POINT('Ctrl Pts',(-0.16074653478699,-1.61519927100853,
2.17998548021944));
#12723=CARTESIAN_POINT('Ctrl Pts',(-0.13313493211407,-1.63726511858416,
2.19114817286023));
#12724=CARTESIAN_POINT('Ctrl Pts',(-0.0698549399252811,-1.6671765094044,
2.20614494728568));
#12725=CARTESIAN_POINT('Ctrl Pts',(-0.034181100185121,-1.675,2.21));
#12726=CARTESIAN_POINT('Ctrl Pts',(-1.76464745593741E-14,-1.675,2.21));
#12727=CARTESIAN_POINT('',(-1.19188254695783,-0.950254164620314,2.12300780074175));
#12728=CARTESIAN_POINT('Ctrl Pts',(-1.19188254695783,-0.950254164620314,
2.12300780074175));
#12729=CARTESIAN_POINT('Ctrl Pts',(-1.13675530418804,-0.937626569078056,
2.09357655558513));
#12730=CARTESIAN_POINT('Ctrl Pts',(-1.08050509362788,-0.930886149642441,
2.06609446031729));
#12731=CARTESIAN_POINT('Ctrl Pts',(-0.958775922445264,-0.928389044734238,
2.01304950810915));
#12732=CARTESIAN_POINT('Ctrl Pts',(-0.8839368265162,-0.935661442829739,
1.9850410858041));
#12733=CARTESIAN_POINT('Ctrl Pts',(-0.736320733212145,-0.972676582086536,
1.94617152607647));
#12734=CARTESIAN_POINT('Ctrl Pts',(-0.663468180600494,-1.00258711338665,
1.93575862213493));
#12735=CARTESIAN_POINT('Ctrl Pts',(-0.536531819399529,-1.07587385569599,
1.93575862213493));
#12736=CARTESIAN_POINT('Ctrl Pts',(-0.474202263147112,-1.12401075133816,
1.94617152607647));
#12737=CARTESIAN_POINT('Ctrl Pts',(-0.368338165574082,-1.23334246851849,
1.9850410858041));
#12738=CARTESIAN_POINT('Ctrl Pts',(-0.324620536112415,-1.29451882774157,
2.01304950810915));
#12739=CARTESIAN_POINT('Ctrl Pts',(-0.26591850680753,-1.40118793482144,
2.06609446031729));
#12740=CARTESIAN_POINT('Ctrl Pts',(-0.243630775990855,-1.45327225585257,
2.09357655558513));
#12741=CARTESIAN_POINT('Ctrl Pts',(-0.227002973134273,-1.50732764630293,
2.12300780074175));
#12742=CARTESIAN_POINT('Ctrl Pts',(-1.45059255133893,-0.837500000000002,
2.21));
#12743=CARTESIAN_POINT('Ctrl Pts',(-1.43350200124638,-0.867101701089602,
2.21));
#12744=CARTESIAN_POINT('Ctrl Pts',(-1.40888973977424,-0.894084407257315,
2.20614494728568));
#12745=CARTESIAN_POINT('Ctrl Pts',(-1.351345719367,-0.933930792633968,2.19114817286023));
#12746=CARTESIAN_POINT('Ctrl Pts',(-1.31843033347401,-0.946810218200105,
2.17998548021944));
#12747=CARTESIAN_POINT('Ctrl Pts',(-1.25606964507464,-0.958081324558728,
2.15491445556272));
#12748=CARTESIAN_POINT('Ctrl Pts',(-1.22302763278684,-0.957388342337513,
2.13963548989149));
#12749=CARTESIAN_POINT('Ctrl Pts',(-1.19188254695782,-0.950254164620333,
2.12300780074176));
#12750=CARTESIAN_POINT('Origin',(0.,0.,2.21));
#12751=CARTESIAN_POINT('',(0.227002973134241,-1.50732764630294,2.12300780074175));
#12752=CARTESIAN_POINT('Ctrl Pts',(0.227002973134241,-1.50732764630294,
2.12300780074175));
#12753=CARTESIAN_POINT('Ctrl Pts',(0.243630775990824,-1.45327225585258,
2.09357655558514));
#12754=CARTESIAN_POINT('Ctrl Pts',(0.265918506807501,-1.40118793482144,
2.06609446031729));
#12755=CARTESIAN_POINT('Ctrl Pts',(0.324620536112388,-1.29451882774158,
2.01304950810915));
#12756=CARTESIAN_POINT('Ctrl Pts',(0.368338165574057,-1.2333424685185,1.9850410858041));
#12757=CARTESIAN_POINT('Ctrl Pts',(0.474202263147089,-1.12401075133817,
1.94617152607647));
#12758=CARTESIAN_POINT('Ctrl Pts',(0.536531819399507,-1.075873855696,1.93575862213493));
#12759=CARTESIAN_POINT('Ctrl Pts',(0.663468180600474,-1.00258711338667,
1.93575862213493));
#12760=CARTESIAN_POINT('Ctrl Pts',(0.736320733212125,-0.97267658208655,
1.94617152607647));
#12761=CARTESIAN_POINT('Ctrl Pts',(0.883936826516182,-0.935661442829757,
1.9850410858041));
#12762=CARTESIAN_POINT('Ctrl Pts',(0.958775922445245,-0.928389044734257,
2.01304950810915));
#12763=CARTESIAN_POINT('Ctrl Pts',(1.08050509362786,-0.930886149642463,
2.06609446031729));
#12764=CARTESIAN_POINT('Ctrl Pts',(1.13675530418802,-0.937626569078079,
2.09357655558513));
#12765=CARTESIAN_POINT('Ctrl Pts',(1.19188254695781,-0.950254164620339,
2.12300780074175));
#12766=CARTESIAN_POINT('Ctrl Pts',(-1.76464745593741E-14,-1.675,2.21));
#12767=CARTESIAN_POINT('Ctrl Pts',(0.0341811001850857,-1.675,2.21));
#12768=CARTESIAN_POINT('Ctrl Pts',(0.0698549399252457,-1.6671765094044,
2.20614494728568));
#12769=CARTESIAN_POINT('Ctrl Pts',(0.133134932114035,-1.63726511858416,
2.19114817286023));
#12770=CARTESIAN_POINT('Ctrl Pts',(0.160746534786956,-1.61519927100853,
2.17998548021944));
#12771=CARTESIAN_POINT('Ctrl Pts',(0.201687943421966,-1.5668288838365,2.15491445556272));
#12772=CARTESIAN_POINT('Ctrl Pts',(0.217608809357921,-1.53786717069251,
2.13963548989149));
#12773=CARTESIAN_POINT('Ctrl Pts',(0.227002973134242,-1.50732764630294,
2.12300780074175));
#12774=CARTESIAN_POINT('Origin',(0.,0.,2.21));
#12775=CARTESIAN_POINT('',(0.227002973134263,1.50732764630293,2.12300780074175));
#12776=CARTESIAN_POINT('Ctrl Pts',(1.19188254695782,0.950254164620324,2.12300780074175));
#12777=CARTESIAN_POINT('Ctrl Pts',(1.13675530418803,0.937626569078064,2.09357655558514));
#12778=CARTESIAN_POINT('Ctrl Pts',(1.08050509362787,0.930886149642449,2.06609446031729));
#12779=CARTESIAN_POINT('Ctrl Pts',(0.958775922445257,0.928389044734245,
2.01304950810915));
#12780=CARTESIAN_POINT('Ctrl Pts',(0.883936826516194,0.935661442829746,
1.9850410858041));
#12781=CARTESIAN_POINT('Ctrl Pts',(0.736320733212138,0.972676582086541,
1.94617152607647));
#12782=CARTESIAN_POINT('Ctrl Pts',(0.663468180600487,1.00258711338666,1.93575862213493));
#12783=CARTESIAN_POINT('Ctrl Pts',(0.536531819399522,1.07587385569599,1.93575862213493));
#12784=CARTESIAN_POINT('Ctrl Pts',(0.474202263147105,1.12401075133816,1.94617152607647));
#12785=CARTESIAN_POINT('Ctrl Pts',(0.368338165574074,1.23334246851849,1.9850410858041));
#12786=CARTESIAN_POINT('Ctrl Pts',(0.324620536112406,1.29451882774157,2.01304950810915));
#12787=CARTESIAN_POINT('Ctrl Pts',(0.265918506807521,1.40118793482144,2.06609446031729));
#12788=CARTESIAN_POINT('Ctrl Pts',(0.243630775990844,1.45327225585257,2.09357655558514));
#12789=CARTESIAN_POINT('Ctrl Pts',(0.227002973134263,1.50732764630293,2.12300780074175));
#12790=CARTESIAN_POINT('Ctrl Pts',(0.227002973134263,1.50732764630293,2.12300780074175));
#12791=CARTESIAN_POINT('Ctrl Pts',(0.217608809357943,1.5378671706925,2.13963548989148));
#12792=CARTESIAN_POINT('Ctrl Pts',(0.201687943421989,1.5668288838365,2.15491445556272));
#12793=CARTESIAN_POINT('Ctrl Pts',(0.160746534786979,1.61519927100853,2.17998548021944));
#12794=CARTESIAN_POINT('Ctrl Pts',(0.133134932114059,1.63726511858416,2.19114817286023));
#12795=CARTESIAN_POINT('Ctrl Pts',(0.0698549399252696,1.6671765094044,2.20614494728568));
#12796=CARTESIAN_POINT('Ctrl Pts',(0.0341811001851093,1.675,2.21));
#12797=CARTESIAN_POINT('Ctrl Pts',(5.9609435443253E-15,1.675,2.21));
#12798=CARTESIAN_POINT('Origin',(0.,0.,2.21));
#12799=CARTESIAN_POINT('',(-1.19188254695782,0.950254164620332,2.12300780074175));
#12800=CARTESIAN_POINT('Ctrl Pts',(-1.19188254695782,0.950254164620332,
2.12300780074175));
#12801=CARTESIAN_POINT('Ctrl Pts',(-1.22302763278684,0.957388342337513,
2.13963548989149));
#12802=CARTESIAN_POINT('Ctrl Pts',(-1.25606964507464,0.958081324558728,
2.15491445556272));
#12803=CARTESIAN_POINT('Ctrl Pts',(-1.31843033347401,0.946810218200106,
2.17998548021944));
#12804=CARTESIAN_POINT('Ctrl Pts',(-1.351345719367,0.933930792633968,2.19114817286023));
#12805=CARTESIAN_POINT('Ctrl Pts',(-1.40888973977424,0.894084407257315,
2.20614494728568));
#12806=CARTESIAN_POINT('Ctrl Pts',(-1.43350200124638,0.867101701089602,
2.21));
#12807=CARTESIAN_POINT('Ctrl Pts',(-1.45059255133893,0.837500000000002,
2.21));
#12808=CARTESIAN_POINT('',(-0.227002973134253,1.50732764630293,2.12300780074175));
#12809=CARTESIAN_POINT('Ctrl Pts',(-0.227002973134252,1.50732764630293,
2.12300780074175));
#12810=CARTESIAN_POINT('Ctrl Pts',(-0.243630775990835,1.45327225585257,
2.09357655558513));
#12811=CARTESIAN_POINT('Ctrl Pts',(-0.265918506807511,1.40118793482144,
2.06609446031729));
#12812=CARTESIAN_POINT('Ctrl Pts',(-0.324620536112397,1.29451882774157,
2.01304950810915));
#12813=CARTESIAN_POINT('Ctrl Pts',(-0.368338165574066,1.23334246851849,
1.9850410858041));
#12814=CARTESIAN_POINT('Ctrl Pts',(-0.474202263147097,1.12401075133816,
1.94617152607647));
#12815=CARTESIAN_POINT('Ctrl Pts',(-0.536531819399514,1.07587385569599,
1.93575862213493));
#12816=CARTESIAN_POINT('Ctrl Pts',(-0.663468180600481,1.00258711338666,
1.93575862213493));
#12817=CARTESIAN_POINT('Ctrl Pts',(-0.736320733212132,0.972676582086545,
1.94617152607647));
#12818=CARTESIAN_POINT('Ctrl Pts',(-0.883936826516188,0.935661442829751,
1.9850410858041));
#12819=CARTESIAN_POINT('Ctrl Pts',(-0.958775922445252,0.928389044734251,
2.01304950810915));
#12820=CARTESIAN_POINT('Ctrl Pts',(-1.08050509362786,0.930886149642455,
2.06609446031729));
#12821=CARTESIAN_POINT('Ctrl Pts',(-1.13675530418803,0.937626569078071,
2.09357655558514));
#12822=CARTESIAN_POINT('Ctrl Pts',(-1.19188254695782,0.950254164620331,
2.12300780074175));
#12823=CARTESIAN_POINT('Ctrl Pts',(5.9609435443253E-15,1.675,2.21));
#12824=CARTESIAN_POINT('Ctrl Pts',(-0.0341811001850974,1.675,2.21));
#12825=CARTESIAN_POINT('Ctrl Pts',(-0.0698549399252574,1.6671765094044,
2.20614494728568));
#12826=CARTESIAN_POINT('Ctrl Pts',(-0.133134932114047,1.63726511858416,
2.19114817286023));
#12827=CARTESIAN_POINT('Ctrl Pts',(-0.160746534786967,1.61519927100853,
2.17998548021944));
#12828=CARTESIAN_POINT('Ctrl Pts',(-0.201687943421978,1.5668288838365,2.15491445556272));
#12829=CARTESIAN_POINT('Ctrl Pts',(-0.217608809357932,1.5378671706925,2.13963548989148));
#12830=CARTESIAN_POINT('Ctrl Pts',(-0.227002973134253,1.50732764630293,
2.12300780074175));
#12831=CARTESIAN_POINT('Origin',(0.,0.,2.21));
#12832=CARTESIAN_POINT('Ctrl Pts',(-1.41888552009208,-0.557073481682609,
2.12300780074175));
#12833=CARTESIAN_POINT('Ctrl Pts',(-1.44063644214478,-0.580478828354999,
2.13963548989149));
#12834=CARTESIAN_POINT('Ctrl Pts',(-1.45775758849662,-0.608747559277779,
2.15491445556272));
#12835=CARTESIAN_POINT('Ctrl Pts',(-1.47917686826098,-0.668389052808431,
2.17998548021944));
#12836=CARTESIAN_POINT('Ctrl Pts',(-1.48448065148105,-0.703334325950196,
2.19114817286023));
#12837=CARTESIAN_POINT('Ctrl Pts',(-1.47874467969951,-0.773092102147087,
2.20614494728568));
#12838=CARTESIAN_POINT('Ctrl Pts',(-1.46768310143149,-0.807898298910402,
2.21));
#12839=CARTESIAN_POINT('Ctrl Pts',(-1.45059255133893,-0.837500000000002,
2.21));
#12840=CARTESIAN_POINT('Ctrl Pts',(-1.45059255133893,0.837500000000002,
2.21));
#12841=CARTESIAN_POINT('Ctrl Pts',(-1.46768310143149,0.807898298910402,
2.21));
#12842=CARTESIAN_POINT('Ctrl Pts',(-1.47874467969951,0.773092102147087,
2.20614494728568));
#12843=CARTESIAN_POINT('Ctrl Pts',(-1.48448065148105,0.703334325950196,
2.19114817286023));
#12844=CARTESIAN_POINT('Ctrl Pts',(-1.47917686826098,0.668389052808431,
2.17998548021944));
#12845=CARTESIAN_POINT('Ctrl Pts',(-1.45775758849662,0.608747559277776,
2.15491445556272));
#12846=CARTESIAN_POINT('Ctrl Pts',(-1.44063644214478,0.580478828354994,
2.13963548989148));
#12847=CARTESIAN_POINT('Ctrl Pts',(-1.41888552009207,0.557073481682603,
2.12300780074175));
#12848=CARTESIAN_POINT('Origin',(-1.24491151794013,0.718750000000002,0.66299999999552));
#12849=CARTESIAN_POINT('',(-0.227002973134253,1.50732764630293,0.66299999999552));
#12850=CARTESIAN_POINT('',(-1.19188254695781,0.950254164620331,0.66299999999552));
#12851=CARTESIAN_POINT('Origin',(-1.00916563913097,1.74792616022757,0.66299999999552));
#12852=CARTESIAN_POINT('Origin',(-1.24491151794013,0.718750000000002,0.66299999999552));
#12853=CARTESIAN_POINT('',(-1.19188254695783,-0.950254164620314,0.66299999999552));
#12854=CARTESIAN_POINT('Origin',(-1.24491151794013,-0.718750000000002,0.66299999999552));
#12855=CARTESIAN_POINT('',(-0.227002973134273,-1.50732764630293,0.66299999999552));
#12856=CARTESIAN_POINT('Origin',(-1.009165639131,-1.74792616022756,0.66299999999552));
#12857=CARTESIAN_POINT('',(0.227002973134242,-1.50732764630293,0.66299999999552));
#12858=CARTESIAN_POINT('Origin',(-1.50704101975485E-14,-1.4375,0.66299999999552));
#12859=CARTESIAN_POINT('Origin',(1.00916563913096,-1.74792616022758,0.66299999999552));
#12860=CARTESIAN_POINT('Origin',(2.01833127826195,3.25260651745651E-16,
0.66299999999552));
#12861=CARTESIAN_POINT('',(0.227002973134263,1.50732764630293,0.66299999999552));
#12862=CARTESIAN_POINT('Origin',(1.00916563913098,1.74792616022757,0.66299999999552));
#12863=CARTESIAN_POINT('Origin',(5.09575021068187E-15,1.4375,0.66299999999552));
#12864=CARTESIAN_POINT('Origin',(-1.009165639131,-1.74792616022756,0.66299999999552));
#12865=CARTESIAN_POINT('',(-1.19188254695783,-0.950254164620314,0.66299999999552));
#12866=CARTESIAN_POINT('',(-0.227002973134273,-1.50732764630293,0.66299999999552));
#12867=CARTESIAN_POINT('Origin',(-1.50704101975485E-14,-1.4375,0.66299999999552));
#12868=CARTESIAN_POINT('',(0.227002973134242,-1.50732764630293,0.66299999999552));
#12869=CARTESIAN_POINT('Origin',(1.00916563913096,-1.74792616022758,0.66299999999552));
#12870=CARTESIAN_POINT('Origin',(2.01833127826195,3.25260651745651E-16,
0.66299999999552));
#12871=CARTESIAN_POINT('Origin',(1.00916563913098,1.74792616022757,0.66299999999552));
#12872=CARTESIAN_POINT('',(0.227002973134263,1.50732764630293,0.66299999999552));
#12873=CARTESIAN_POINT('Origin',(5.09575021068187E-15,1.4375,0.66299999999552));
#12874=CARTESIAN_POINT('',(-0.227002973134253,1.50732764630293,0.66299999999552));
#12875=CARTESIAN_POINT('Origin',(-1.00916563913097,1.74792616022757,0.66299999999552));
#12876=CARTESIAN_POINT('',(-1.19188254695781,0.950254164620331,0.66299999999552));
#12877=CARTESIAN_POINT('Origin',(-1.24491151794013,0.718750000000002,0.66299999999552));
#12878=CARTESIAN_POINT('Origin',(-1.24491151794013,-0.718750000000002,0.66299999999552));
#12879=CARTESIAN_POINT('',(0.,0.,0.));
#12880=CARTESIAN_POINT('Origin',(0.,1.2,0.));
#12881=CARTESIAN_POINT('',(-3.30654635769785E-16,1.2,2.7));
#12882=CARTESIAN_POINT('Origin',(0.,1.2,0.));
#12883=CARTESIAN_POINT('',(-3.30654635769785E-16,0.,2.7));
#12884=CARTESIAN_POINT('',(-3.30654635769785E-16,1.2,2.7));
#12885=CARTESIAN_POINT('Origin',(0.,0.,0.));
#12886=CARTESIAN_POINT('Origin',(0.,1.2,0.));
#12887=CARTESIAN_POINT('',(-9.03177014371173E-16,0.,7.375));
#12888=CARTESIAN_POINT('Origin',(0.,0.,0.));
#12889=CARTESIAN_POINT('',(-9.03177014371173E-16,1.2,7.375));
#12890=CARTESIAN_POINT('',(-9.03177014371173E-16,1.2,7.375));
#12891=CARTESIAN_POINT('Origin',(0.,1.2,0.));
#12892=CARTESIAN_POINT('Origin',(0.,1.2,0.));
#12893=CARTESIAN_POINT('Origin',(0.,0.,0.));
#12894=CARTESIAN_POINT('',(0.,0.,0.));
#12895=CARTESIAN_POINT('Origin',(0.,1.,0.));
#12896=CARTESIAN_POINT('',(-3.06161699786838E-16,1.,2.5));
#12897=CARTESIAN_POINT('Origin',(0.,1.,0.));
#12898=CARTESIAN_POINT('',(-3.06161699786838E-16,0.,2.5));
#12899=CARTESIAN_POINT('',(-3.06161699786838E-16,1.,2.5));
#12900=CARTESIAN_POINT('Origin',(0.,0.,0.));
#12901=CARTESIAN_POINT('Origin',(0.,1.,0.));
#12902=CARTESIAN_POINT('',(-1.53080849893419E-15,0.,12.5));
#12903=CARTESIAN_POINT('Origin',(0.,0.,0.));
#12904=CARTESIAN_POINT('',(-1.53080849893419E-15,1.,12.5));
#12905=CARTESIAN_POINT('',(-1.53080849893419E-15,1.,12.5));
#12906=CARTESIAN_POINT('Origin',(0.,1.,0.));
#12907=CARTESIAN_POINT('Origin',(0.,1.,0.));
#12908=CARTESIAN_POINT('Origin',(0.,0.,0.));
#12909=CARTESIAN_POINT('',(1734.19779337002,-283.284729710197,-1492.58519558));
#12910=CARTESIAN_POINT('',(1734.19779337002,-290.662000000197,-1492.58519558));
#12911=CARTESIAN_POINT('',(1762.36919659667,-268.0347297102,-1552.45056153666));
#12912=CARTESIAN_POINT('',(1762.61869062565,-268.0347297102,-1551.27678441578));
#12913=CARTESIAN_POINT('',(1764.38593999761,-268.034729710199,-1542.96252980954));
#12914=CARTESIAN_POINT('',(1762.36919659667,-268.034729710194,-1432.71982962333));
#12915=CARTESIAN_POINT('',(1762.61869062565,-268.034729710195,-1433.89360674421));
#12916=CARTESIAN_POINT('',(1764.38593999761,-268.034729710195,-1442.20786135045));
#12917=CARTESIAN_POINT('',(1762.36919659667,-200.034729710202,-1552.45056153666));
#12918=CARTESIAN_POINT('',(1762.61869062565,-200.034729710202,-1551.27678441578));
#12919=CARTESIAN_POINT('',(1764.38593999761,-200.034729710202,-1542.96252980955));
#12920=CARTESIAN_POINT('',(1762.36919659667,-200.034729710197,-1432.71982962334));
#12921=CARTESIAN_POINT('',(1762.61869062565,-200.034729710197,-1433.89360674422));
#12922=CARTESIAN_POINT('',(1764.38593999761,-200.034729710197,-1442.20786135045));
#12923=CARTESIAN_POINT('',(1762.61869062565,-268.0347297102,-1551.27678441578));
#12924=CARTESIAN_POINT('',(1762.61869062565,-200.034729710202,-1551.27678441578));
#12925=CARTESIAN_POINT('',(1812.47229729364,57.7880702898004,-1548.08519558001));
#12926=CARTESIAN_POINT('',(1812.47229729364,57.7880702897994,-1545.08519558001));
#12927=CARTESIAN_POINT('',(1812.47229729364,57.7880702898051,-1437.08519558001));
#12928=CARTESIAN_POINT('',(1762.61869062565,-268.034729710195,-1433.89360674421));
#12929=CARTESIAN_POINT('',(1762.61869062565,-200.034729710197,-1433.89360674422));
#12930=CARTESIAN_POINT('',(1763.86616077056,-200.034729710202,-1545.40789881138));
#12931=CARTESIAN_POINT('',(1763.86616077056,-268.034729710199,-1545.40789881138));
#12932=CARTESIAN_POINT('',(1763.86616077056,-200.034729710197,-1439.76249234862));
#12933=CARTESIAN_POINT('',(1763.86616077056,-268.034729710195,-1439.76249234862));
#12934=CARTESIAN_POINT('Origin',(0.,0.,0.));
#12935=UNCERTAINTY_MEASURE_WITH_UNIT(LENGTH_MEASURE(0.01),#12957,
'DISTANCE_ACCURACY_VALUE',
'Maximum model space distance between geometric entities at asserted c
onnectivities');
#12936=UNCERTAINTY_MEASURE_WITH_UNIT(LENGTH_MEASURE(0.01),#12957,
'DISTANCE_ACCURACY_VALUE',
'Maximum model space distance between geometric entities at asserted c
onnectivities');
#12937=UNCERTAINTY_MEASURE_WITH_UNIT(LENGTH_MEASURE(0.01),#12957,
'DISTANCE_ACCURACY_VALUE',
'Maximum model space distance between geometric entities at asserted c
onnectivities');
#12938=UNCERTAINTY_MEASURE_WITH_UNIT(LENGTH_MEASURE(0.01),#12957,
'DISTANCE_ACCURACY_VALUE',
'Maximum model space distance between geometric entities at asserted c
onnectivities');
#12939=UNCERTAINTY_MEASURE_WITH_UNIT(LENGTH_MEASURE(0.01),#12957,
'DISTANCE_ACCURACY_VALUE',
'Maximum model space distance between geometric entities at asserted c
onnectivities');
#12940=UNCERTAINTY_MEASURE_WITH_UNIT(LENGTH_MEASURE(0.01),#12957,
'DISTANCE_ACCURACY_VALUE',
'Maximum model space distance between geometric entities at asserted c
onnectivities');
#12941=UNCERTAINTY_MEASURE_WITH_UNIT(LENGTH_MEASURE(0.01),#12957,
'DISTANCE_ACCURACY_VALUE',
'Maximum model space distance between geometric entities at asserted c
onnectivities');
#12942=UNCERTAINTY_MEASURE_WITH_UNIT(LENGTH_MEASURE(0.01),#12957,
'DISTANCE_ACCURACY_VALUE',
'Maximum model space distance between geometric entities at asserted c
onnectivities');
#12943=UNCERTAINTY_MEASURE_WITH_UNIT(LENGTH_MEASURE(0.01),#12957,
'DISTANCE_ACCURACY_VALUE',
'Maximum model space distance between geometric entities at asserted c
onnectivities');
#12944=UNCERTAINTY_MEASURE_WITH_UNIT(LENGTH_MEASURE(0.01),#12957,
'DISTANCE_ACCURACY_VALUE',
'Maximum model space distance between geometric entities at asserted c
onnectivities');
#12945=UNCERTAINTY_MEASURE_WITH_UNIT(LENGTH_MEASURE(0.01),#12957,
'DISTANCE_ACCURACY_VALUE',
'Maximum model space distance between geometric entities at asserted c
onnectivities');
#12946=(
GEOMETRIC_REPRESENTATION_CONTEXT(3)
GLOBAL_UNCERTAINTY_ASSIGNED_CONTEXT((#12935))
GLOBAL_UNIT_ASSIGNED_CONTEXT((#12957,#12959,#12960))
REPRESENTATION_CONTEXT('','3D')
);
#12947=(
GEOMETRIC_REPRESENTATION_CONTEXT(3)
GLOBAL_UNCERTAINTY_ASSIGNED_CONTEXT((#12936))
GLOBAL_UNIT_ASSIGNED_CONTEXT((#12957,#12959,#12960))
REPRESENTATION_CONTEXT('','3D')
);
#12948=(
GEOMETRIC_REPRESENTATION_CONTEXT(3)
GLOBAL_UNCERTAINTY_ASSIGNED_CONTEXT((#12937))
GLOBAL_UNIT_ASSIGNED_CONTEXT((#12957,#12959,#12960))
REPRESENTATION_CONTEXT('','3D')
);
#12949=(
GEOMETRIC_REPRESENTATION_CONTEXT(3)
GLOBAL_UNCERTAINTY_ASSIGNED_CONTEXT((#12938))
GLOBAL_UNIT_ASSIGNED_CONTEXT((#12957,#12959,#12960))
REPRESENTATION_CONTEXT('','3D')
);
#12950=(
GEOMETRIC_REPRESENTATION_CONTEXT(3)
GLOBAL_UNCERTAINTY_ASSIGNED_CONTEXT((#12939))
GLOBAL_UNIT_ASSIGNED_CONTEXT((#12957,#12959,#12960))
REPRESENTATION_CONTEXT('','3D')
);
#12951=(
GEOMETRIC_REPRESENTATION_CONTEXT(3)
GLOBAL_UNCERTAINTY_ASSIGNED_CONTEXT((#12940))
GLOBAL_UNIT_ASSIGNED_CONTEXT((#12957,#12959,#12960))
REPRESENTATION_CONTEXT('','3D')
);
#12952=(
GEOMETRIC_REPRESENTATION_CONTEXT(3)
GLOBAL_UNCERTAINTY_ASSIGNED_CONTEXT((#12941))
GLOBAL_UNIT_ASSIGNED_CONTEXT((#12957,#12959,#12960))
REPRESENTATION_CONTEXT('','3D')
);
#12953=(
GEOMETRIC_REPRESENTATION_CONTEXT(3)
GLOBAL_UNCERTAINTY_ASSIGNED_CONTEXT((#12942))
GLOBAL_UNIT_ASSIGNED_CONTEXT((#12957,#12959,#12960))
REPRESENTATION_CONTEXT('','3D')
);
#12954=(
GEOMETRIC_REPRESENTATION_CONTEXT(3)
GLOBAL_UNCERTAINTY_ASSIGNED_CONTEXT((#12943))
GLOBAL_UNIT_ASSIGNED_CONTEXT((#12957,#12959,#12960))
REPRESENTATION_CONTEXT('','3D')
);
#12955=(
GEOMETRIC_REPRESENTATION_CONTEXT(3)
GLOBAL_UNCERTAINTY_ASSIGNED_CONTEXT((#12944))
GLOBAL_UNIT_ASSIGNED_CONTEXT((#12957,#12959,#12960))
REPRESENTATION_CONTEXT('','3D')
);
#12956=(
GEOMETRIC_REPRESENTATION_CONTEXT(3)
GLOBAL_UNCERTAINTY_ASSIGNED_CONTEXT((#12945))
GLOBAL_UNIT_ASSIGNED_CONTEXT((#12957,#12959,#12960))
REPRESENTATION_CONTEXT('','3D')
);
#12957=(
LENGTH_UNIT()
NAMED_UNIT(*)
SI_UNIT(.MILLI.,.METRE.)
);
#12958=(
LENGTH_UNIT()
NAMED_UNIT(*)
SI_UNIT($,.METRE.)
);
#12959=(
NAMED_UNIT(*)
PLANE_ANGLE_UNIT()
SI_UNIT($,.RADIAN.)
);
#12960=(
NAMED_UNIT(*)
SI_UNIT($,.STERADIAN.)
SOLID_ANGLE_UNIT()
);
#12961=SHAPE_DEFINITION_REPRESENTATION(#12971,#13006);
#12962=SHAPE_DEFINITION_REPRESENTATION(#12972,#13007);
#12963=SHAPE_DEFINITION_REPRESENTATION(#12973,#13008);
#12964=SHAPE_DEFINITION_REPRESENTATION(#12974,#13009);
#12965=SHAPE_DEFINITION_REPRESENTATION(#12975,#13010);
#12966=SHAPE_DEFINITION_REPRESENTATION(#12976,#13011);
#12967=SHAPE_DEFINITION_REPRESENTATION(#12977,#13012);
#12968=SHAPE_DEFINITION_REPRESENTATION(#12978,#13013);
#12969=SHAPE_DEFINITION_REPRESENTATION(#12979,#13014);
#12970=SHAPE_DEFINITION_REPRESENTATION(#12980,#13015);
#12971=PRODUCT_DEFINITION_SHAPE('',$,#13017);
#12972=PRODUCT_DEFINITION_SHAPE('',$,#13018);
#12973=PRODUCT_DEFINITION_SHAPE('',$,#13019);
#12974=PRODUCT_DEFINITION_SHAPE('',$,#13020);
#12975=PRODUCT_DEFINITION_SHAPE('',$,#13021);
#12976=PRODUCT_DEFINITION_SHAPE('',$,#13022);
#12977=PRODUCT_DEFINITION_SHAPE('',$,#13023);
#12978=PRODUCT_DEFINITION_SHAPE('',$,#13024);
#12979=PRODUCT_DEFINITION_SHAPE('',$,#13025);
#12980=PRODUCT_DEFINITION_SHAPE('',$,#13026);
#12981=PRODUCT_DEFINITION_SHAPE($,$,#106);
#12982=PRODUCT_DEFINITION_SHAPE($,$,#107);
#12983=PRODUCT_DEFINITION_SHAPE($,$,#108);
#12984=PRODUCT_DEFINITION_SHAPE($,$,#109);
#12985=PRODUCT_DEFINITION_SHAPE($,$,#110);
#12986=PRODUCT_DEFINITION_SHAPE($,$,#111);
#12987=PRODUCT_DEFINITION_SHAPE($,$,#112);
#12988=PRODUCT_DEFINITION_SHAPE($,$,#113);
#12989=PRODUCT_DEFINITION_SHAPE($,$,#114);
#12990=PRODUCT_DEFINITION_SHAPE($,$,#115);
#12991=PRODUCT_DEFINITION_SHAPE($,$,#116);
#12992=PRODUCT_DEFINITION_SHAPE($,$,#117);
#12993=PRODUCT_DEFINITION_SHAPE($,$,#118);
#12994=PRODUCT_DEFINITION_SHAPE($,$,#119);
#12995=PRODUCT_DEFINITION_SHAPE($,$,#120);
#12996=PRODUCT_DEFINITION_SHAPE($,$,#121);
#12997=PRODUCT_DEFINITION_SHAPE($,$,#122);
#12998=PRODUCT_DEFINITION_SHAPE($,$,#123);
#12999=PRODUCT_DEFINITION_SHAPE($,$,#124);
#13000=PRODUCT_DEFINITION_SHAPE($,$,#125);
#13001=PRODUCT_DEFINITION_SHAPE($,$,#126);
#13002=PRODUCT_DEFINITION_SHAPE($,$,#127);
#13003=PRODUCT_DEFINITION_SHAPE($,$,#128);
#13004=PRODUCT_DEFINITION_SHAPE($,$,#129);
#13005=PRODUCT_DEFINITION_SHAPE($,$,#130);
#13006=SHAPE_REPRESENTATION('',(#6676,#7341,#7342,#7343,#7344,#7345,#7346,
#7347,#7348,#7349,#7350,#7351,#7352,#7353,#7354,#7355,#7356,#7357,#7358,
#7359,#7360,#7361,#7362,#7363,#7364,#7365),#12946);
#13007=SHAPE_REPRESENTATION('',(#6677),#12947);
#13008=SHAPE_REPRESENTATION('',(#6986),#12948);
#13009=SHAPE_REPRESENTATION('',(#7067),#12949);
#13010=SHAPE_REPRESENTATION('',(#7136),#12950);
#13011=SHAPE_REPRESENTATION('',(#7145),#12951);
#13012=SHAPE_REPRESENTATION('',(#7234),#12952);
#13013=SHAPE_REPRESENTATION('',(#7254),#12953);
#13014=SHAPE_REPRESENTATION('',(#7323),#12954);
#13015=SHAPE_REPRESENTATION('',(#7332),#12955);
#13016=PRODUCT_DEFINITION_CONTEXT('part definition',#13048,'design');
#13017=PRODUCT_DEFINITION('2026-09-17-21-44-03-109',
'Blue Matchloader - Moving',#13027,#13016);
#13018=PRODUCT_DEFINITION('2026-09-17-21-44-03-110',
'276-9250-031_Blue Loader',#13028,#13016);
#13019=PRODUCT_DEFINITION('2026-09-17-21-44-03-111','276-9250-032',#13029,
#13016);
#13020=PRODUCT_DEFINITION('2026-09-17-21-44-03-112',
'SBT0832_276-4993-001',#13030,#13016);
#13021=PRODUCT_DEFINITION('2026-09-17-21-44-03-113','276-9250-036',#13031,
#13016);
#13022=PRODUCT_DEFINITION('2026-09-17-21-44-03-114',
'NNY_Imperial_275-1027-001',#13032,#13016);
#13023=PRODUCT_DEFINITION('2026-09-17-21-44-03-117','276-9250-034',#13033,
#13016);
#13024=PRODUCT_DEFINITION('2026-09-17-21-44-03-116',
'SBT0832_276-5007-001',#13034,#13016);
#13025=PRODUCT_DEFINITION('2026-09-17-21-44-03-115','276-9250-033',#13035,
#13016);
#13026=PRODUCT_DEFINITION('2026-09-17-21-44-03-118','276-9250-035',#13036,
#13016);
#13027=PRODUCT_DEFINITION_FORMATION('',$,#13050);
#13028=PRODUCT_DEFINITION_FORMATION('',$,#13051);
#13029=PRODUCT_DEFINITION_FORMATION('',$,#13052);
#13030=PRODUCT_DEFINITION_FORMATION('',$,#13053);
#13031=PRODUCT_DEFINITION_FORMATION('',$,#13054);
#13032=PRODUCT_DEFINITION_FORMATION('',$,#13055);
#13033=PRODUCT_DEFINITION_FORMATION('',$,#13056);
#13034=PRODUCT_DEFINITION_FORMATION('',$,#13057);
#13035=PRODUCT_DEFINITION_FORMATION('',$,#13058);
#13036=PRODUCT_DEFINITION_FORMATION('',$,#13059);
#13037=PRODUCT_RELATED_PRODUCT_CATEGORY('Blue Matchloader - Moving',
'Blue Matchloader - Moving',(#13050));
#13038=PRODUCT_RELATED_PRODUCT_CATEGORY('276-9250-031_Blue Loader',
'276-9250-031_Blue Loader',(#13051));
#13039=PRODUCT_RELATED_PRODUCT_CATEGORY('276-9250-032','276-9250-032',(#13052));
#13040=PRODUCT_RELATED_PRODUCT_CATEGORY('SBT0832_276-4993-001',
'SBT0832_276-4993-001',(#13053));
#13041=PRODUCT_RELATED_PRODUCT_CATEGORY('276-9250-036','276-9250-036',(#13054));
#13042=PRODUCT_RELATED_PRODUCT_CATEGORY('NNY_Imperial_275-1027-001',
'NNY_Imperial_275-1027-001',(#13055));
#13043=PRODUCT_RELATED_PRODUCT_CATEGORY('276-9250-034','276-9250-034',(#13056));
#13044=PRODUCT_RELATED_PRODUCT_CATEGORY('SBT0832_276-5007-001',
'SBT0832_276-5007-001',(#13057));
#13045=PRODUCT_RELATED_PRODUCT_CATEGORY('276-9250-033','276-9250-033',(#13058));
#13046=PRODUCT_RELATED_PRODUCT_CATEGORY('276-9250-035','276-9250-035',(#13059));
#13047=APPLICATION_PROTOCOL_DEFINITION('international standard',
'automotive_design',2009,#13048);
#13048=APPLICATION_CONTEXT(
'Core Data for Automotive Mechanical Design Process');
#13049=PRODUCT_CONTEXT('part definition',#13048,'mechanical');
#13050=PRODUCT('2026-09-17-21-44-03-109','Blue Matchloader - Moving',$,
(#13049));
#13051=PRODUCT('2026-09-17-21-44-03-110','276-9250-031_Blue Loader',$,(#13049));
#13052=PRODUCT('2026-09-17-21-44-03-111','276-9250-032',$,(#13049));
#13053=PRODUCT('2026-09-17-21-44-03-112','SBT0832_276-4993-001',$,(#13049));
#13054=PRODUCT('2026-09-17-21-44-03-113','276-9250-036',$,(#13049));
#13055=PRODUCT('2026-09-17-21-44-03-114','NNY_Imperial_275-1027-001',$,
(#13049));
#13056=PRODUCT('2026-09-17-21-44-03-117','276-9250-034',$,(#13049));
#13057=PRODUCT('2026-09-17-21-44-03-116','SBT0832_276-5007-001',$,(#13049));
#13058=PRODUCT('2026-09-17-21-44-03-115','276-9250-033',$,(#13049));
#13059=PRODUCT('2026-09-17-21-44-03-118','276-9250-035',$,(#13049));
#13060=PRESENTATION_STYLE_ASSIGNMENT((#13067));
#13061=PRESENTATION_STYLE_ASSIGNMENT((#13068));
#13062=PRESENTATION_STYLE_ASSIGNMENT((#13069));
#13063=PRESENTATION_STYLE_ASSIGNMENT((#13070));
#13064=PRESENTATION_STYLE_ASSIGNMENT((#13071));
#13065=PRESENTATION_STYLE_ASSIGNMENT((#13072));
#13066=PRESENTATION_STYLE_ASSIGNMENT((NULL_STYLE(.NULL.)));
#13067=SURFACE_STYLE_USAGE(.BOTH.,#13073);
#13068=SURFACE_STYLE_USAGE(.BOTH.,#13074);
#13069=SURFACE_STYLE_USAGE(.BOTH.,#13075);
#13070=SURFACE_STYLE_USAGE(.BOTH.,#13076);
#13071=SURFACE_STYLE_USAGE(.BOTH.,#13077);
#13072=SURFACE_STYLE_USAGE(.BOTH.,#13078);
#13073=SURFACE_SIDE_STYLE('',(#13079));
#13074=SURFACE_SIDE_STYLE('',(#13080));
#13075=SURFACE_SIDE_STYLE('',(#13081));
#13076=SURFACE_SIDE_STYLE('',(#13082));
#13077=SURFACE_SIDE_STYLE('',(#13083));
#13078=SURFACE_SIDE_STYLE('',(#13084));
#13079=SURFACE_STYLE_FILL_AREA(#13085);
#13080=SURFACE_STYLE_FILL_AREA(#13086);
#13081=SURFACE_STYLE_FILL_AREA(#13087);
#13082=SURFACE_STYLE_FILL_AREA(#13088);
#13083=SURFACE_STYLE_FILL_AREA(#13089);
#13084=SURFACE_STYLE_FILL_AREA(#13090);
#13085=FILL_AREA_STYLE('Steel - Satin',(#13091));
#13086=FILL_AREA_STYLE('vex field metal',(#13092));
#13087=FILL_AREA_STYLE('Default',(#13093));
#13088=FILL_AREA_STYLE('Polycarbonate (Clear)',(#13094));
#13089=FILL_AREA_STYLE('blue override goal color',(#13095));
#13090=FILL_AREA_STYLE('yellow override goal design',(#13096));
#13091=FILL_AREA_STYLE_COLOUR('Steel - Satin',#13097);
#13092=FILL_AREA_STYLE_COLOUR('vex field metal',#13098);
#13093=FILL_AREA_STYLE_COLOUR('Default',#13099);
#13094=FILL_AREA_STYLE_COLOUR('Polycarbonate (Clear)',#13100);
#13095=FILL_AREA_STYLE_COLOUR('blue override goal color',#13101);
#13096=FILL_AREA_STYLE_COLOUR('yellow override goal design',#13102);
#13097=COLOUR_RGB('Steel - Satin',0.627450980392157,0.627450980392157,0.627450980392157);
#13098=COLOUR_RGB('vex field metal',0.250980392156863,0.250980392156863,
0.250980392156863);
#13099=COLOUR_RGB('Default',0.764705882352941,0.803921568627451,0.894117647058824);
#13100=COLOUR_RGB('Polycarbonate (Clear)',0.964705882352941,0.964705882352941,
0.952941176470588);
#13101=COLOUR_RGB('blue override goal color',0.,0.72156862745098,0.972549019607843);
#13102=COLOUR_RGB('yellow override goal design',0.996078431372549,0.972549019607843,
0.345098039215686);
ENDSEC;
END-ISO-10303-21;
