ISO-10303-21;
HEADER;
/* Generated by software containing ST-Developer
 * from STEP Tools, Inc. (www.steptools.com) 
 */

FILE_DESCRIPTION(
/* description */ (''),
/* implementation_level */ '2;1');

FILE_NAME(
/* name */ 'AprilTag 3.step',
/* time_stamp */ '2026-09-17T17:52:01-04:00',
/* author */ (''),
/* organization */ (''),
/* preprocessor_version */ 'ST-DEVELOPER v20.2',
/* originating_system */ 'Autodesk Translation Framework v15.15.0.0',
/* authorisation */ '');

FILE_SCHEMA (('AUTOMOTIVE_DESIGN { 1 0 10303 214 3 1 1 }'));
ENDSEC;

DATA;
#10=MECHANICAL_DESIGN_GEOMETRIC_PRESENTATION_REPRESENTATION('',(#29,#30,
#31,#32,#33,#34,#35,#36,#37),#2320);
#11=SHAPE_REPRESENTATION_RELATIONSHIP('SRR','None',#2327,#12);
#12=ADVANCED_BREP_SHAPE_REPRESENTATION('',(#38),#2319);
#13=OPEN_SHELL('',(#1356));
#14=OPEN_SHELL('',(#1357));
#15=OPEN_SHELL('',(#1358));
#16=OPEN_SHELL('',(#1359));
#17=OPEN_SHELL('',(#1360));
#18=OPEN_SHELL('',(#1361));
#19=OPEN_SHELL('',(#1362));
#20=OPEN_SHELL('',(#1363));
#21=SHELL_BASED_SURFACE_MODEL('Body2',(#13));
#22=SHELL_BASED_SURFACE_MODEL('Body3',(#14));
#23=SHELL_BASED_SURFACE_MODEL('Body4',(#15));
#24=SHELL_BASED_SURFACE_MODEL('Body5',(#16));
#25=SHELL_BASED_SURFACE_MODEL('Body6',(#17));
#26=SHELL_BASED_SURFACE_MODEL('Body7',(#18));
#27=SHELL_BASED_SURFACE_MODEL('Body8',(#19));
#28=SHELL_BASED_SURFACE_MODEL('Body9',(#20));
#29=STYLED_ITEM('',(#2337),#38);
#30=STYLED_ITEM('',(#2338),#21);
#31=STYLED_ITEM('',(#2338),#22);
#32=STYLED_ITEM('',(#2339),#23);
#33=STYLED_ITEM('',(#2339),#24);
#34=STYLED_ITEM('',(#2339),#25);
#35=STYLED_ITEM('',(#2339),#26);
#36=STYLED_ITEM('',(#2339),#27);
#37=STYLED_ITEM('',(#2339),#28);
#38=MANIFOLD_SOLID_BREP('Body1',#1364);
#39=CYLINDRICAL_SURFACE('',#1411,2.);
#40=CYLINDRICAL_SURFACE('',#1414,0.499999999999999);
#41=CYLINDRICAL_SURFACE('',#1417,2.);
#42=CYLINDRICAL_SURFACE('',#1420,2.);
#43=CYLINDRICAL_SURFACE('',#1423,0.499999999999999);
#44=CYLINDRICAL_SURFACE('',#1426,2.);
#45=CYLINDRICAL_SURFACE('',#1429,2.);
#46=CYLINDRICAL_SURFACE('',#1432,0.499999999999999);
#47=CYLINDRICAL_SURFACE('',#1435,2.);
#48=CYLINDRICAL_SURFACE('',#1438,2.);
#49=CYLINDRICAL_SURFACE('',#1441,0.500000000000001);
#50=CYLINDRICAL_SURFACE('',#1444,2.);
#51=FACE_BOUND('',#141,.T.);
#52=FACE_BOUND('',#142,.T.);
#53=FACE_BOUND('',#148,.T.);
#54=FACE_BOUND('',#150,.T.);
#55=FACE_BOUND('',#180,.T.);
#56=FACE_BOUND('',#183,.T.);
#57=B_SPLINE_CURVE_WITH_KNOTS('',3,(#1869,#1870,#1871,#1872,#1873,#1874,
#1875),.UNSPECIFIED.,.F.,.F.,(4,3,4),(-0.0411184406511511,-0.0408651401504269,
0.959134859849573),.UNSPECIFIED.);
#58=B_SPLINE_CURVE_WITH_KNOTS('',3,(#1881,#1882,#1883,#1884,#1885,#1886,
#1887),.UNSPECIFIED.,.F.,.F.,(4,3,4),(-20.,-19.,-18.),.UNSPECIFIED.);
#59=B_SPLINE_CURVE_WITH_KNOTS('',3,(#1895,#1896,#1897,#1898),
 .UNSPECIFIED.,.F.,.F.,(4,4),(14.,15.),.UNSPECIFIED.);
#60=B_SPLINE_CURVE_WITH_KNOTS('',3,(#1900,#1901,#1902,#1903),
 .UNSPECIFIED.,.F.,.F.,(4,4),(13.,14.),.UNSPECIFIED.);
#61=B_SPLINE_CURVE_WITH_KNOTS('',3,(#1907,#1908,#1909,#1910),
 .UNSPECIFIED.,.F.,.F.,(4,4),(11.,12.),.UNSPECIFIED.);
#62=B_SPLINE_CURVE_WITH_KNOTS('',3,(#1916,#1917,#1918,#1919),
 .UNSPECIFIED.,.F.,.F.,(4,4),(8.,9.),.UNSPECIFIED.);
#63=B_SPLINE_CURVE_WITH_KNOTS('',3,(#1923,#1924,#1925,#1926),
 .UNSPECIFIED.,.F.,.F.,(4,4),(6.,7.),.UNSPECIFIED.);
#64=B_SPLINE_CURVE_WITH_KNOTS('',3,(#2257,#2258,#2259,#2260),
 .UNSPECIFIED.,.F.,.F.,(4,4),(6.,7.),.UNSPECIFIED.);
#65=B_SPLINE_CURVE_WITH_KNOTS('',3,(#2264,#2265,#2266,#2267),
 .UNSPECIFIED.,.F.,.F.,(4,4),(8.,9.),.UNSPECIFIED.);
#66=B_SPLINE_CURVE_WITH_KNOTS('',3,(#2273,#2274,#2275,#2276),
 .UNSPECIFIED.,.F.,.F.,(4,4),(11.,12.),.UNSPECIFIED.);
#67=B_SPLINE_CURVE_WITH_KNOTS('',3,(#2280,#2281,#2282,#2283),
 .UNSPECIFIED.,.F.,.F.,(4,4),(13.,14.),.UNSPECIFIED.);
#68=B_SPLINE_CURVE_WITH_KNOTS('',3,(#2285,#2286,#2287,#2288),
 .UNSPECIFIED.,.F.,.F.,(4,4),(14.,15.),.UNSPECIFIED.);
#69=B_SPLINE_CURVE_WITH_KNOTS('',3,(#2296,#2297,#2298,#2299),
 .UNSPECIFIED.,.F.,.F.,(4,4),(18.,19.),.UNSPECIFIED.);
#70=B_SPLINE_CURVE_WITH_KNOTS('',3,(#2301,#2302,#2303,#2304),
 .UNSPECIFIED.,.F.,.F.,(4,4),(19.,20.),.UNSPECIFIED.);
#71=B_SPLINE_CURVE_WITH_KNOTS('',3,(#2310,#2311,#2312,#2313),
 .UNSPECIFIED.,.F.,.F.,(4,4),(22.,23.),.UNSPECIFIED.);
#72=ELLIPSE('',#1391,252.308656827574,9.07810686808907);
#73=ELLIPSE('',#1392,18.2264374504412,2.6068667300978);
#74=ELLIPSE('',#1393,10.9355697958961,2.03184259097806);
#75=ELLIPSE('',#1394,141.493951478582,11.2490103236611);
#76=ELLIPSE('',#1395,343.60521827039,17.3425379635108);
#77=ELLIPSE('',#1396,20.5883955275936,4.13158846567999);
#78=ELLIPSE('',#1397,84.4595543669098,8.09926560002542);
#79=ELLIPSE('',#1398,162.010499664326,11.537217277935);
#80=ELLIPSE('',#1399,442.380530013372,20.5284403070746);
#81=ELLIPSE('',#1400,14.6566302434222,2.05151470831437);
#82=ELLIPSE('',#1401,61.5256375711645,4.44085451709836);
#83=ELLIPSE('',#1402,167.077264194006,7.46839124846331);
#84=ELLIPSE('',#1403,63.0651059286059,4.78032094194513);
#85=ELLIPSE('',#1457,252.308656886554,9.07810686914935);
#86=ELLIPSE('',#1458,63.0651056750221,4.78032093231067);
#87=ELLIPSE('',#1459,167.077263027909,7.46839122240125);
#88=ELLIPSE('',#1460,61.5256373581439,4.44085450940804);
#89=ELLIPSE('',#1461,14.6566302494271,2.0515147087442);
#90=ELLIPSE('',#1462,442.380529501661,20.5284402951987);
#91=ELLIPSE('',#1463,162.010500688208,11.537217314399);
#92=ELLIPSE('',#1464,84.4595541980549,8.09926559192651);
#93=ELLIPSE('',#1465,20.588395507983,4.13158846371387);
#94=ELLIPSE('',#1466,343.6052190748,17.3425379838158);
#95=ELLIPSE('',#1467,141.493951328196,11.2490103176784);
#96=ELLIPSE('',#1468,10.9355697850321,2.0318425899645);
#97=ELLIPSE('',#1469,18.2264374676544,2.60686673133256);
#98=FACE_OUTER_BOUND('',#140,.T.);
#99=FACE_OUTER_BOUND('',#143,.T.);
#100=FACE_OUTER_BOUND('',#144,.T.);
#101=FACE_OUTER_BOUND('',#145,.T.);
#102=FACE_OUTER_BOUND('',#146,.T.);
#103=FACE_OUTER_BOUND('',#147,.T.);
#104=FACE_OUTER_BOUND('',#149,.T.);
#105=FACE_OUTER_BOUND('',#151,.T.);
#106=FACE_OUTER_BOUND('',#152,.T.);
#107=FACE_OUTER_BOUND('',#153,.T.);
#108=FACE_OUTER_BOUND('',#154,.T.);
#109=FACE_OUTER_BOUND('',#155,.T.);
#110=FACE_OUTER_BOUND('',#156,.T.);
#111=FACE_OUTER_BOUND('',#157,.T.);
#112=FACE_OUTER_BOUND('',#158,.T.);
#113=FACE_OUTER_BOUND('',#159,.T.);
#114=FACE_OUTER_BOUND('',#160,.T.);
#115=FACE_OUTER_BOUND('',#161,.T.);
#116=FACE_OUTER_BOUND('',#162,.T.);
#117=FACE_OUTER_BOUND('',#163,.T.);
#118=FACE_OUTER_BOUND('',#164,.T.);
#119=FACE_OUTER_BOUND('',#165,.T.);
#120=FACE_OUTER_BOUND('',#166,.T.);
#121=FACE_OUTER_BOUND('',#167,.T.);
#122=FACE_OUTER_BOUND('',#168,.T.);
#123=FACE_OUTER_BOUND('',#169,.T.);
#124=FACE_OUTER_BOUND('',#170,.T.);
#125=FACE_OUTER_BOUND('',#171,.T.);
#126=FACE_OUTER_BOUND('',#172,.T.);
#127=FACE_OUTER_BOUND('',#173,.T.);
#128=FACE_OUTER_BOUND('',#174,.T.);
#129=FACE_OUTER_BOUND('',#175,.T.);
#130=FACE_OUTER_BOUND('',#176,.T.);
#131=FACE_OUTER_BOUND('',#177,.T.);
#132=FACE_OUTER_BOUND('',#178,.T.);
#133=FACE_OUTER_BOUND('',#179,.T.);
#134=FACE_OUTER_BOUND('',#181,.T.);
#135=FACE_OUTER_BOUND('',#182,.T.);
#136=FACE_OUTER_BOUND('',#184,.T.);
#137=FACE_OUTER_BOUND('',#185,.T.);
#138=FACE_OUTER_BOUND('',#186,.T.);
#139=FACE_OUTER_BOUND('',#187,.T.);
#140=EDGE_LOOP('',(#934,#935,#936,#937,#938,#939,#940,#941,#942,#943,#944,
#945,#946,#947,#948,#949,#950,#951,#952,#953,#954,#955,#956,#957));
#141=EDGE_LOOP('',(#958,#959,#960,#961,#962,#963,#964,#965,#966,#967,#968,
#969,#970,#971,#972,#973,#974,#975,#976,#977,#978,#979,#980,#981));
#142=EDGE_LOOP('',(#982,#983,#984,#985,#986,#987,#988,#989,#990,#991,#992,
#993,#994,#995,#996,#997,#998,#999,#1000,#1001,#1002,#1003,#1004));
#143=EDGE_LOOP('',(#1005,#1006,#1007,#1008));
#144=EDGE_LOOP('',(#1009,#1010,#1011,#1012));
#145=EDGE_LOOP('',(#1013,#1014,#1015,#1016));
#146=EDGE_LOOP('',(#1017,#1018,#1019,#1020));
#147=EDGE_LOOP('',(#1021,#1022,#1023,#1024,#1025,#1026,#1027,#1028,#1029,
#1030,#1031,#1032,#1033,#1034,#1035,#1036,#1037,#1038,#1039,#1040,#1041));
#148=EDGE_LOOP('',(#1042,#1043,#1044,#1045));
#149=EDGE_LOOP('',(#1046,#1047,#1048,#1049));
#150=EDGE_LOOP('',(#1050,#1051,#1052,#1053,#1054,#1055,#1056,#1057));
#151=EDGE_LOOP('',(#1058,#1059,#1060,#1061,#1062,#1063,#1064,#1065,#1066,
#1067,#1068,#1069,#1070,#1071,#1072,#1073,#1074,#1075,#1076,#1077,#1078,
#1079,#1080,#1081));
#152=EDGE_LOOP('',(#1082,#1083,#1084,#1085));
#153=EDGE_LOOP('',(#1086,#1087,#1088,#1089));
#154=EDGE_LOOP('',(#1090,#1091,#1092,#1093));
#155=EDGE_LOOP('',(#1094,#1095,#1096,#1097));
#156=EDGE_LOOP('',(#1098,#1099,#1100,#1101));
#157=EDGE_LOOP('',(#1102,#1103,#1104,#1105));
#158=EDGE_LOOP('',(#1106,#1107,#1108,#1109));
#159=EDGE_LOOP('',(#1110,#1111,#1112,#1113));
#160=EDGE_LOOP('',(#1114,#1115,#1116,#1117));
#161=EDGE_LOOP('',(#1118,#1119,#1120,#1121));
#162=EDGE_LOOP('',(#1122,#1123,#1124,#1125));
#163=EDGE_LOOP('',(#1126,#1127,#1128,#1129));
#164=EDGE_LOOP('',(#1130,#1131,#1132,#1133));
#165=EDGE_LOOP('',(#1134,#1135,#1136,#1137));
#166=EDGE_LOOP('',(#1138,#1139,#1140,#1141));
#167=EDGE_LOOP('',(#1142,#1143,#1144,#1145));
#168=EDGE_LOOP('',(#1146,#1147,#1148,#1149));
#169=EDGE_LOOP('',(#1150,#1151,#1152,#1153));
#170=EDGE_LOOP('',(#1154,#1155,#1156,#1157));
#171=EDGE_LOOP('',(#1158,#1159,#1160,#1161));
#172=EDGE_LOOP('',(#1162,#1163,#1164,#1165));
#173=EDGE_LOOP('',(#1166,#1167,#1168,#1169));
#174=EDGE_LOOP('',(#1170,#1171,#1172,#1173));
#175=EDGE_LOOP('',(#1174,#1175,#1176,#1177));
#176=EDGE_LOOP('',(#1178,#1179,#1180,#1181,#1182,#1183,#1184,#1185));
#177=EDGE_LOOP('',(#1186,#1187,#1188,#1189,#1190,#1191,#1192,#1193,#1194,
#1195,#1196,#1197,#1198,#1199,#1200,#1201,#1202,#1203,#1204,#1205,#1206,
#1207,#1208,#1209));
#178=EDGE_LOOP('',(#1210,#1211,#1212,#1213,#1214,#1215,#1216,#1217));
#179=EDGE_LOOP('',(#1218,#1219,#1220,#1221,#1222,#1223,#1224,#1225,#1226,
#1227,#1228,#1229,#1230,#1231,#1232,#1233));
#180=EDGE_LOOP('',(#1234,#1235,#1236,#1237));
#181=EDGE_LOOP('',(#1238,#1239,#1240,#1241));
#182=EDGE_LOOP('',(#1242,#1243,#1244,#1245));
#183=EDGE_LOOP('',(#1246,#1247,#1248,#1249,#1250,#1251,#1252,#1253));
#184=EDGE_LOOP('',(#1254,#1255,#1256,#1257));
#185=EDGE_LOOP('',(#1258,#1259,#1260,#1261));
#186=EDGE_LOOP('',(#1262,#1263,#1264,#1265));
#187=EDGE_LOOP('',(#1266,#1267,#1268,#1269,#1270,#1271,#1272,#1273,#1274,
#1275,#1276,#1277,#1278,#1279,#1280,#1281,#1282,#1283,#1284,#1285,#1286,
#1287,#1288,#1289,#1290,#1291));
#188=LINE('',#1817,#343);
#189=LINE('',#1821,#344);
#190=LINE('',#1825,#345);
#191=LINE('',#1829,#346);
#192=LINE('',#1833,#347);
#193=LINE('',#1837,#348);
#194=LINE('',#1841,#349);
#195=LINE('',#1845,#350);
#196=LINE('',#1849,#351);
#197=LINE('',#1853,#352);
#198=LINE('',#1857,#353);
#199=LINE('',#1860,#354);
#200=LINE('',#1865,#355);
#201=LINE('',#1867,#356);
#202=LINE('',#1889,#357);
#203=LINE('',#1928,#358);
#204=LINE('',#1938,#359);
#205=LINE('',#1940,#360);
#206=LINE('',#1942,#361);
#207=LINE('',#1944,#362);
#208=LINE('',#1946,#363);
#209=LINE('',#1948,#364);
#210=LINE('',#1950,#365);
#211=LINE('',#1952,#366);
#212=LINE('',#1954,#367);
#213=LINE('',#1956,#368);
#214=LINE('',#1958,#369);
#215=LINE('',#1960,#370);
#216=LINE('',#1962,#371);
#217=LINE('',#1964,#372);
#218=LINE('',#1966,#373);
#219=LINE('',#1968,#374);
#220=LINE('',#1970,#375);
#221=LINE('',#1972,#376);
#222=LINE('',#1974,#377);
#223=LINE('',#1976,#378);
#224=LINE('',#1978,#379);
#225=LINE('',#1980,#380);
#226=LINE('',#1981,#381);
#227=LINE('',#1984,#382);
#228=LINE('',#1985,#383);
#229=LINE('',#1988,#384);
#230=LINE('',#1989,#385);
#231=LINE('',#1991,#386);
#232=LINE('',#1994,#387);
#233=LINE('',#1995,#388);
#234=LINE('',#1999,#389);
#235=LINE('',#2001,#390);
#236=LINE('',#2003,#391);
#237=LINE('',#2004,#392);
#238=LINE('',#2008,#393);
#239=LINE('',#2010,#394);
#240=LINE('',#2012,#395);
#241=LINE('',#2014,#396);
#242=LINE('',#2016,#397);
#243=LINE('',#2018,#398);
#244=LINE('',#2020,#399);
#245=LINE('',#2021,#400);
#246=LINE('',#2027,#401);
#247=LINE('',#2028,#402);
#248=LINE('',#2031,#403);
#249=LINE('',#2032,#404);
#250=LINE('',#2036,#405);
#251=LINE('',#2039,#406);
#252=LINE('',#2040,#407);
#253=LINE('',#2044,#408);
#254=LINE('',#2047,#409);
#255=LINE('',#2048,#410);
#256=LINE('',#2052,#411);
#257=LINE('',#2055,#412);
#258=LINE('',#2056,#413);
#259=LINE('',#2060,#414);
#260=LINE('',#2063,#415);
#261=LINE('',#2064,#416);
#262=LINE('',#2068,#417);
#263=LINE('',#2071,#418);
#264=LINE('',#2072,#419);
#265=LINE('',#2076,#420);
#266=LINE('',#2079,#421);
#267=LINE('',#2080,#422);
#268=LINE('',#2084,#423);
#269=LINE('',#2087,#424);
#270=LINE('',#2088,#425);
#271=LINE('',#2092,#426);
#272=LINE('',#2095,#427);
#273=LINE('',#2096,#428);
#274=LINE('',#2100,#429);
#275=LINE('',#2103,#430);
#276=LINE('',#2104,#431);
#277=LINE('',#2108,#432);
#278=LINE('',#2111,#433);
#279=LINE('',#2112,#434);
#280=LINE('',#2116,#435);
#281=LINE('',#2118,#436);
#282=LINE('',#2124,#437);
#283=LINE('',#2126,#438);
#284=LINE('',#2128,#439);
#285=LINE('',#2130,#440);
#286=LINE('',#2132,#441);
#287=LINE('',#2134,#442);
#288=LINE('',#2136,#443);
#289=LINE('',#2137,#444);
#290=LINE('',#2141,#445);
#291=LINE('',#2143,#446);
#292=LINE('',#2145,#447);
#293=LINE('',#2147,#448);
#294=LINE('',#2149,#449);
#295=LINE('',#2151,#450);
#296=LINE('',#2153,#451);
#297=LINE('',#2155,#452);
#298=LINE('',#2157,#453);
#299=LINE('',#2159,#454);
#300=LINE('',#2161,#455);
#301=LINE('',#2163,#456);
#302=LINE('',#2165,#457);
#303=LINE('',#2167,#458);
#304=LINE('',#2169,#459);
#305=LINE('',#2170,#460);
#306=LINE('',#2173,#461);
#307=LINE('',#2175,#462);
#308=LINE('',#2177,#463);
#309=LINE('',#2178,#464);
#310=LINE('',#2182,#465);
#311=LINE('',#2184,#466);
#312=LINE('',#2186,#467);
#313=LINE('',#2187,#468);
#314=LINE('',#2191,#469);
#315=LINE('',#2193,#470);
#316=LINE('',#2195,#471);
#317=LINE('',#2196,#472);
#318=LINE('',#2199,#473);
#319=LINE('',#2201,#474);
#320=LINE('',#2203,#475);
#321=LINE('',#2205,#476);
#322=LINE('',#2207,#477);
#323=LINE('',#2209,#478);
#324=LINE('',#2211,#479);
#325=LINE('',#2212,#480);
#326=LINE('',#2216,#481);
#327=LINE('',#2218,#482);
#328=LINE('',#2220,#483);
#329=LINE('',#2221,#484);
#330=LINE('',#2225,#485);
#331=LINE('',#2227,#486);
#332=LINE('',#2229,#487);
#333=LINE('',#2230,#488);
#334=LINE('',#2234,#489);
#335=LINE('',#2236,#490);
#336=LINE('',#2238,#491);
#337=LINE('',#2239,#492);
#338=LINE('',#2243,#493);
#339=LINE('',#2255,#494);
#340=LINE('',#2294,#495);
#341=LINE('',#2315,#496);
#342=LINE('',#2316,#497);
#343=VECTOR('',#1476,1000.);
#344=VECTOR('',#1479,1000.);
#345=VECTOR('',#1482,1000.);
#346=VECTOR('',#1485,1000.);
#347=VECTOR('',#1488,1000.);
#348=VECTOR('',#1491,1000.);
#349=VECTOR('',#1494,1000.);
#350=VECTOR('',#1497,1000.);
#351=VECTOR('',#1500,1000.);
#352=VECTOR('',#1503,1000.);
#353=VECTOR('',#1506,1000.);
#354=VECTOR('',#1509,1000.);
#355=VECTOR('',#1512,1000.);
#356=VECTOR('',#1513,1000.);
#357=VECTOR('',#1518,1000.);
#358=VECTOR('',#1531,1000.);
#359=VECTOR('',#1540,1000.);
#360=VECTOR('',#1541,1000.);
#361=VECTOR('',#1542,1000.);
#362=VECTOR('',#1543,1000.);
#363=VECTOR('',#1544,1000.);
#364=VECTOR('',#1545,1000.);
#365=VECTOR('',#1546,1000.);
#366=VECTOR('',#1547,1000.);
#367=VECTOR('',#1548,1000.);
#368=VECTOR('',#1549,1000.);
#369=VECTOR('',#1550,1000.);
#370=VECTOR('',#1551,1000.);
#371=VECTOR('',#1552,1000.);
#372=VECTOR('',#1553,1000.);
#373=VECTOR('',#1554,1000.);
#374=VECTOR('',#1555,1000.);
#375=VECTOR('',#1556,1000.);
#376=VECTOR('',#1557,1000.);
#377=VECTOR('',#1558,1000.);
#378=VECTOR('',#1559,1000.);
#379=VECTOR('',#1560,1000.);
#380=VECTOR('',#1561,1000.);
#381=VECTOR('',#1562,1000.);
#382=VECTOR('',#1565,1000.);
#383=VECTOR('',#1566,1000.);
#384=VECTOR('',#1569,1000.);
#385=VECTOR('',#1570,1000.);
#386=VECTOR('',#1573,1000.);
#387=VECTOR('',#1576,1000.);
#388=VECTOR('',#1577,1000.);
#389=VECTOR('',#1580,1000.);
#390=VECTOR('',#1581,1000.);
#391=VECTOR('',#1582,1000.);
#392=VECTOR('',#1583,1000.);
#393=VECTOR('',#1586,1000.);
#394=VECTOR('',#1587,1000.);
#395=VECTOR('',#1588,1000.);
#396=VECTOR('',#1589,1000.);
#397=VECTOR('',#1590,1000.);
#398=VECTOR('',#1591,1000.);
#399=VECTOR('',#1592,1000.);
#400=VECTOR('',#1593,1000.);
#401=VECTOR('',#1600,1000.);
#402=VECTOR('',#1601,1000.);
#403=VECTOR('',#1604,1000.);
#404=VECTOR('',#1605,1000.);
#405=VECTOR('',#1610,1000.);
#406=VECTOR('',#1613,1000.);
#407=VECTOR('',#1614,1000.);
#408=VECTOR('',#1619,1000.);
#409=VECTOR('',#1622,1000.);
#410=VECTOR('',#1623,1000.);
#411=VECTOR('',#1628,1000.);
#412=VECTOR('',#1631,1000.);
#413=VECTOR('',#1632,1000.);
#414=VECTOR('',#1637,1000.);
#415=VECTOR('',#1640,1000.);
#416=VECTOR('',#1641,1000.);
#417=VECTOR('',#1646,1000.);
#418=VECTOR('',#1649,1000.);
#419=VECTOR('',#1650,1000.);
#420=VECTOR('',#1655,1000.);
#421=VECTOR('',#1658,1000.);
#422=VECTOR('',#1659,1000.);
#423=VECTOR('',#1664,1000.);
#424=VECTOR('',#1667,1000.);
#425=VECTOR('',#1668,1000.);
#426=VECTOR('',#1673,1000.);
#427=VECTOR('',#1676,1000.);
#428=VECTOR('',#1677,1000.);
#429=VECTOR('',#1682,1000.);
#430=VECTOR('',#1685,1000.);
#431=VECTOR('',#1686,1000.);
#432=VECTOR('',#1691,1000.);
#433=VECTOR('',#1694,1000.);
#434=VECTOR('',#1695,1000.);
#435=VECTOR('',#1700,1000.);
#436=VECTOR('',#1703,1000.);
#437=VECTOR('',#1710,1000.);
#438=VECTOR('',#1711,1000.);
#439=VECTOR('',#1712,1000.);
#440=VECTOR('',#1713,1000.);
#441=VECTOR('',#1714,1000.);
#442=VECTOR('',#1715,1000.);
#443=VECTOR('',#1716,1000.);
#444=VECTOR('',#1717,1000.);
#445=VECTOR('',#1720,1000.);
#446=VECTOR('',#1721,1000.);
#447=VECTOR('',#1722,1000.);
#448=VECTOR('',#1723,1000.);
#449=VECTOR('',#1724,1000.);
#450=VECTOR('',#1725,1000.);
#451=VECTOR('',#1726,1000.);
#452=VECTOR('',#1727,1000.);
#453=VECTOR('',#1728,1000.);
#454=VECTOR('',#1729,1000.);
#455=VECTOR('',#1730,1000.);
#456=VECTOR('',#1731,1000.);
#457=VECTOR('',#1732,1000.);
#458=VECTOR('',#1733,1000.);
#459=VECTOR('',#1734,1000.);
#460=VECTOR('',#1735,1000.);
#461=VECTOR('',#1736,1000.);
#462=VECTOR('',#1737,1000.);
#463=VECTOR('',#1738,1000.);
#464=VECTOR('',#1739,1000.);
#465=VECTOR('',#1742,1000.);
#466=VECTOR('',#1743,1000.);
#467=VECTOR('',#1744,1000.);
#468=VECTOR('',#1745,1000.);
#469=VECTOR('',#1748,1000.);
#470=VECTOR('',#1749,1000.);
#471=VECTOR('',#1750,1000.);
#472=VECTOR('',#1751,1000.);
#473=VECTOR('',#1752,1000.);
#474=VECTOR('',#1753,1000.);
#475=VECTOR('',#1754,1000.);
#476=VECTOR('',#1755,1000.);
#477=VECTOR('',#1756,1000.);
#478=VECTOR('',#1757,1000.);
#479=VECTOR('',#1758,1000.);
#480=VECTOR('',#1759,1000.);
#481=VECTOR('',#1762,1000.);
#482=VECTOR('',#1763,1000.);
#483=VECTOR('',#1764,1000.);
#484=VECTOR('',#1765,1000.);
#485=VECTOR('',#1768,1000.);
#486=VECTOR('',#1769,1000.);
#487=VECTOR('',#1770,1000.);
#488=VECTOR('',#1771,1000.);
#489=VECTOR('',#1774,1000.);
#490=VECTOR('',#1775,1000.);
#491=VECTOR('',#1776,1000.);
#492=VECTOR('',#1777,1000.);
#493=VECTOR('',#1780,1000.);
#494=VECTOR('',#1791,1000.);
#495=VECTOR('',#1804,1000.);
#496=VECTOR('',#1809,1000.);
#497=VECTOR('',#1810,1000.);
#498=CIRCLE('',#1379,2.);
#499=CIRCLE('',#1380,0.499999999999999);
#500=CIRCLE('',#1381,2.);
#501=CIRCLE('',#1382,2.);
#502=CIRCLE('',#1383,0.499999999999999);
#503=CIRCLE('',#1384,2.);
#504=CIRCLE('',#1385,2.);
#505=CIRCLE('',#1386,0.499999999999999);
#506=CIRCLE('',#1387,2.);
#507=CIRCLE('',#1388,2.);
#508=CIRCLE('',#1389,0.500000000000001);
#509=CIRCLE('',#1390,2.);
#510=CIRCLE('',#1412,2.);
#511=CIRCLE('',#1415,0.499999999999999);
#512=CIRCLE('',#1418,2.);
#513=CIRCLE('',#1421,2.);
#514=CIRCLE('',#1424,0.499999999999999);
#515=CIRCLE('',#1427,2.);
#516=CIRCLE('',#1430,2.);
#517=CIRCLE('',#1433,0.499999999999999);
#518=CIRCLE('',#1436,2.);
#519=CIRCLE('',#1439,2.);
#520=CIRCLE('',#1442,0.500000000000001);
#521=CIRCLE('',#1445,2.);
#522=VERTEX_POINT('',#1813);
#523=VERTEX_POINT('',#1814);
#524=VERTEX_POINT('',#1816);
#525=VERTEX_POINT('',#1818);
#526=VERTEX_POINT('',#1820);
#527=VERTEX_POINT('',#1822);
#528=VERTEX_POINT('',#1824);
#529=VERTEX_POINT('',#1826);
#530=VERTEX_POINT('',#1828);
#531=VERTEX_POINT('',#1830);
#532=VERTEX_POINT('',#1832);
#533=VERTEX_POINT('',#1834);
#534=VERTEX_POINT('',#1836);
#535=VERTEX_POINT('',#1838);
#536=VERTEX_POINT('',#1840);
#537=VERTEX_POINT('',#1842);
#538=VERTEX_POINT('',#1844);
#539=VERTEX_POINT('',#1846);
#540=VERTEX_POINT('',#1848);
#541=VERTEX_POINT('',#1850);
#542=VERTEX_POINT('',#1852);
#543=VERTEX_POINT('',#1854);
#544=VERTEX_POINT('',#1856);
#545=VERTEX_POINT('',#1858);
#546=VERTEX_POINT('',#1861);
#547=VERTEX_POINT('',#1862);
#548=VERTEX_POINT('',#1864);
#549=VERTEX_POINT('',#1866);
#550=VERTEX_POINT('',#1868);
#551=VERTEX_POINT('',#1876);
#552=VERTEX_POINT('',#1878);
#553=VERTEX_POINT('',#1880);
#554=VERTEX_POINT('',#1888);
#555=VERTEX_POINT('',#1890);
#556=VERTEX_POINT('',#1892);
#557=VERTEX_POINT('',#1894);
#558=VERTEX_POINT('',#1899);
#559=VERTEX_POINT('',#1904);
#560=VERTEX_POINT('',#1906);
#561=VERTEX_POINT('',#1911);
#562=VERTEX_POINT('',#1913);
#563=VERTEX_POINT('',#1915);
#564=VERTEX_POINT('',#1920);
#565=VERTEX_POINT('',#1922);
#566=VERTEX_POINT('',#1927);
#567=VERTEX_POINT('',#1929);
#568=VERTEX_POINT('',#1931);
#569=VERTEX_POINT('',#1933);
#570=VERTEX_POINT('',#1936);
#571=VERTEX_POINT('',#1937);
#572=VERTEX_POINT('',#1939);
#573=VERTEX_POINT('',#1941);
#574=VERTEX_POINT('',#1943);
#575=VERTEX_POINT('',#1945);
#576=VERTEX_POINT('',#1947);
#577=VERTEX_POINT('',#1949);
#578=VERTEX_POINT('',#1951);
#579=VERTEX_POINT('',#1953);
#580=VERTEX_POINT('',#1955);
#581=VERTEX_POINT('',#1957);
#582=VERTEX_POINT('',#1959);
#583=VERTEX_POINT('',#1961);
#584=VERTEX_POINT('',#1963);
#585=VERTEX_POINT('',#1965);
#586=VERTEX_POINT('',#1967);
#587=VERTEX_POINT('',#1969);
#588=VERTEX_POINT('',#1971);
#589=VERTEX_POINT('',#1973);
#590=VERTEX_POINT('',#1975);
#591=VERTEX_POINT('',#1977);
#592=VERTEX_POINT('',#1979);
#593=VERTEX_POINT('',#1983);
#594=VERTEX_POINT('',#1987);
#595=VERTEX_POINT('',#1993);
#596=VERTEX_POINT('',#1997);
#597=VERTEX_POINT('',#1998);
#598=VERTEX_POINT('',#2000);
#599=VERTEX_POINT('',#2002);
#600=VERTEX_POINT('',#2006);
#601=VERTEX_POINT('',#2007);
#602=VERTEX_POINT('',#2009);
#603=VERTEX_POINT('',#2011);
#604=VERTEX_POINT('',#2013);
#605=VERTEX_POINT('',#2015);
#606=VERTEX_POINT('',#2017);
#607=VERTEX_POINT('',#2019);
#608=VERTEX_POINT('',#2024);
#609=VERTEX_POINT('',#2025);
#610=VERTEX_POINT('',#2030);
#611=VERTEX_POINT('',#2034);
#612=VERTEX_POINT('',#2038);
#613=VERTEX_POINT('',#2042);
#614=VERTEX_POINT('',#2046);
#615=VERTEX_POINT('',#2050);
#616=VERTEX_POINT('',#2054);
#617=VERTEX_POINT('',#2058);
#618=VERTEX_POINT('',#2062);
#619=VERTEX_POINT('',#2066);
#620=VERTEX_POINT('',#2070);
#621=VERTEX_POINT('',#2074);
#622=VERTEX_POINT('',#2078);
#623=VERTEX_POINT('',#2082);
#624=VERTEX_POINT('',#2086);
#625=VERTEX_POINT('',#2090);
#626=VERTEX_POINT('',#2094);
#627=VERTEX_POINT('',#2098);
#628=VERTEX_POINT('',#2102);
#629=VERTEX_POINT('',#2106);
#630=VERTEX_POINT('',#2110);
#631=VERTEX_POINT('',#2114);
#632=VERTEX_POINT('',#2122);
#633=VERTEX_POINT('',#2123);
#634=VERTEX_POINT('',#2125);
#635=VERTEX_POINT('',#2127);
#636=VERTEX_POINT('',#2129);
#637=VERTEX_POINT('',#2131);
#638=VERTEX_POINT('',#2133);
#639=VERTEX_POINT('',#2135);
#640=VERTEX_POINT('',#2139);
#641=VERTEX_POINT('',#2140);
#642=VERTEX_POINT('',#2142);
#643=VERTEX_POINT('',#2144);
#644=VERTEX_POINT('',#2146);
#645=VERTEX_POINT('',#2148);
#646=VERTEX_POINT('',#2150);
#647=VERTEX_POINT('',#2152);
#648=VERTEX_POINT('',#2154);
#649=VERTEX_POINT('',#2156);
#650=VERTEX_POINT('',#2158);
#651=VERTEX_POINT('',#2160);
#652=VERTEX_POINT('',#2162);
#653=VERTEX_POINT('',#2164);
#654=VERTEX_POINT('',#2166);
#655=VERTEX_POINT('',#2168);
#656=VERTEX_POINT('',#2171);
#657=VERTEX_POINT('',#2172);
#658=VERTEX_POINT('',#2174);
#659=VERTEX_POINT('',#2176);
#660=VERTEX_POINT('',#2180);
#661=VERTEX_POINT('',#2181);
#662=VERTEX_POINT('',#2183);
#663=VERTEX_POINT('',#2185);
#664=VERTEX_POINT('',#2189);
#665=VERTEX_POINT('',#2190);
#666=VERTEX_POINT('',#2192);
#667=VERTEX_POINT('',#2194);
#668=VERTEX_POINT('',#2197);
#669=VERTEX_POINT('',#2198);
#670=VERTEX_POINT('',#2200);
#671=VERTEX_POINT('',#2202);
#672=VERTEX_POINT('',#2204);
#673=VERTEX_POINT('',#2206);
#674=VERTEX_POINT('',#2208);
#675=VERTEX_POINT('',#2210);
#676=VERTEX_POINT('',#2214);
#677=VERTEX_POINT('',#2215);
#678=VERTEX_POINT('',#2217);
#679=VERTEX_POINT('',#2219);
#680=VERTEX_POINT('',#2223);
#681=VERTEX_POINT('',#2224);
#682=VERTEX_POINT('',#2226);
#683=VERTEX_POINT('',#2228);
#684=VERTEX_POINT('',#2232);
#685=VERTEX_POINT('',#2233);
#686=VERTEX_POINT('',#2235);
#687=VERTEX_POINT('',#2237);
#688=VERTEX_POINT('',#2241);
#689=VERTEX_POINT('',#2242);
#690=VERTEX_POINT('',#2244);
#691=VERTEX_POINT('',#2246);
#692=VERTEX_POINT('',#2248);
#693=VERTEX_POINT('',#2250);
#694=VERTEX_POINT('',#2252);
#695=VERTEX_POINT('',#2254);
#696=VERTEX_POINT('',#2256);
#697=VERTEX_POINT('',#2261);
#698=VERTEX_POINT('',#2263);
#699=VERTEX_POINT('',#2268);
#700=VERTEX_POINT('',#2270);
#701=VERTEX_POINT('',#2272);
#702=VERTEX_POINT('',#2277);
#703=VERTEX_POINT('',#2279);
#704=VERTEX_POINT('',#2284);
#705=VERTEX_POINT('',#2289);
#706=VERTEX_POINT('',#2291);
#707=VERTEX_POINT('',#2293);
#708=VERTEX_POINT('',#2295);
#709=VERTEX_POINT('',#2300);
#710=VERTEX_POINT('',#2305);
#711=VERTEX_POINT('',#2307);
#712=VERTEX_POINT('',#2309);
#713=VERTEX_POINT('',#2314);
#714=EDGE_CURVE('',#522,#523,#498,.T.);
#715=EDGE_CURVE('',#523,#524,#188,.T.);
#716=EDGE_CURVE('',#524,#525,#499,.T.);
#717=EDGE_CURVE('',#525,#526,#189,.T.);
#718=EDGE_CURVE('',#526,#527,#500,.T.);
#719=EDGE_CURVE('',#527,#528,#190,.T.);
#720=EDGE_CURVE('',#528,#529,#501,.T.);
#721=EDGE_CURVE('',#529,#530,#191,.T.);
#722=EDGE_CURVE('',#530,#531,#502,.T.);
#723=EDGE_CURVE('',#531,#532,#192,.T.);
#724=EDGE_CURVE('',#532,#533,#503,.T.);
#725=EDGE_CURVE('',#533,#534,#193,.T.);
#726=EDGE_CURVE('',#534,#535,#504,.T.);
#727=EDGE_CURVE('',#535,#536,#194,.T.);
#728=EDGE_CURVE('',#536,#537,#505,.T.);
#729=EDGE_CURVE('',#537,#538,#195,.T.);
#730=EDGE_CURVE('',#538,#539,#506,.T.);
#731=EDGE_CURVE('',#539,#540,#196,.T.);
#732=EDGE_CURVE('',#540,#541,#507,.T.);
#733=EDGE_CURVE('',#541,#542,#197,.T.);
#734=EDGE_CURVE('',#542,#543,#508,.T.);
#735=EDGE_CURVE('',#543,#544,#198,.T.);
#736=EDGE_CURVE('',#544,#545,#509,.T.);
#737=EDGE_CURVE('',#545,#522,#199,.T.);
#738=EDGE_CURVE('',#546,#547,#72,.T.);
#739=EDGE_CURVE('',#548,#546,#200,.T.);
#740=EDGE_CURVE('',#549,#548,#201,.T.);
#741=EDGE_CURVE('',#550,#549,#57,.F.);
#742=EDGE_CURVE('',#551,#550,#73,.T.);
#743=EDGE_CURVE('',#552,#551,#74,.T.);
#744=EDGE_CURVE('',#553,#552,#58,.F.);
#745=EDGE_CURVE('',#554,#553,#202,.T.);
#746=EDGE_CURVE('',#555,#554,#75,.T.);
#747=EDGE_CURVE('',#556,#555,#76,.T.);
#748=EDGE_CURVE('',#557,#556,#59,.T.);
#749=EDGE_CURVE('',#558,#557,#60,.T.);
#750=EDGE_CURVE('',#559,#558,#77,.T.);
#751=EDGE_CURVE('',#560,#559,#61,.T.);
#752=EDGE_CURVE('',#561,#560,#78,.T.);
#753=EDGE_CURVE('',#562,#561,#79,.T.);
#754=EDGE_CURVE('',#563,#562,#62,.T.);
#755=EDGE_CURVE('',#564,#563,#80,.T.);
#756=EDGE_CURVE('',#565,#564,#63,.T.);
#757=EDGE_CURVE('',#566,#565,#203,.T.);
#758=EDGE_CURVE('',#567,#566,#81,.T.);
#759=EDGE_CURVE('',#568,#567,#82,.T.);
#760=EDGE_CURVE('',#569,#568,#83,.T.);
#761=EDGE_CURVE('',#547,#569,#84,.T.);
#762=EDGE_CURVE('',#570,#571,#204,.T.);
#763=EDGE_CURVE('',#572,#570,#205,.T.);
#764=EDGE_CURVE('',#573,#572,#206,.T.);
#765=EDGE_CURVE('',#574,#573,#207,.T.);
#766=EDGE_CURVE('',#575,#574,#208,.T.);
#767=EDGE_CURVE('',#576,#575,#209,.T.);
#768=EDGE_CURVE('',#577,#576,#210,.T.);
#769=EDGE_CURVE('',#578,#577,#211,.T.);
#770=EDGE_CURVE('',#579,#578,#212,.T.);
#771=EDGE_CURVE('',#580,#579,#213,.T.);
#772=EDGE_CURVE('',#581,#580,#214,.T.);
#773=EDGE_CURVE('',#582,#581,#215,.T.);
#774=EDGE_CURVE('',#583,#582,#216,.T.);
#775=EDGE_CURVE('',#584,#583,#217,.T.);
#776=EDGE_CURVE('',#585,#584,#218,.T.);
#777=EDGE_CURVE('',#586,#585,#219,.T.);
#778=EDGE_CURVE('',#587,#586,#220,.T.);
#779=EDGE_CURVE('',#588,#587,#221,.T.);
#780=EDGE_CURVE('',#589,#588,#222,.T.);
#781=EDGE_CURVE('',#590,#589,#223,.T.);
#782=EDGE_CURVE('',#591,#590,#224,.T.);
#783=EDGE_CURVE('',#592,#591,#225,.T.);
#784=EDGE_CURVE('',#571,#592,#226,.T.);
#785=EDGE_CURVE('',#570,#593,#227,.T.);
#786=EDGE_CURVE('',#593,#592,#228,.T.);
#787=EDGE_CURVE('',#594,#572,#229,.T.);
#788=EDGE_CURVE('',#574,#594,#230,.T.);
#789=EDGE_CURVE('',#579,#576,#231,.T.);
#790=EDGE_CURVE('',#588,#595,#232,.T.);
#791=EDGE_CURVE('',#595,#586,#233,.T.);
#792=EDGE_CURVE('',#596,#597,#234,.T.);
#793=EDGE_CURVE('',#598,#596,#235,.T.);
#794=EDGE_CURVE('',#599,#598,#236,.T.);
#795=EDGE_CURVE('',#597,#599,#237,.T.);
#796=EDGE_CURVE('',#600,#601,#238,.T.);
#797=EDGE_CURVE('',#602,#600,#239,.T.);
#798=EDGE_CURVE('',#603,#602,#240,.T.);
#799=EDGE_CURVE('',#604,#603,#241,.T.);
#800=EDGE_CURVE('',#605,#604,#242,.T.);
#801=EDGE_CURVE('',#606,#605,#243,.T.);
#802=EDGE_CURVE('',#607,#606,#244,.T.);
#803=EDGE_CURVE('',#601,#607,#245,.T.);
#804=EDGE_CURVE('',#608,#609,#510,.T.);
#805=EDGE_CURVE('',#523,#609,#246,.T.);
#806=EDGE_CURVE('',#522,#608,#247,.T.);
#807=EDGE_CURVE('',#609,#610,#248,.T.);
#808=EDGE_CURVE('',#524,#610,#249,.T.);
#809=EDGE_CURVE('',#610,#611,#511,.T.);
#810=EDGE_CURVE('',#525,#611,#250,.T.);
#811=EDGE_CURVE('',#611,#612,#251,.T.);
#812=EDGE_CURVE('',#526,#612,#252,.T.);
#813=EDGE_CURVE('',#612,#613,#512,.T.);
#814=EDGE_CURVE('',#527,#613,#253,.T.);
#815=EDGE_CURVE('',#613,#614,#254,.T.);
#816=EDGE_CURVE('',#528,#614,#255,.T.);
#817=EDGE_CURVE('',#614,#615,#513,.T.);
#818=EDGE_CURVE('',#529,#615,#256,.T.);
#819=EDGE_CURVE('',#615,#616,#257,.T.);
#820=EDGE_CURVE('',#530,#616,#258,.T.);
#821=EDGE_CURVE('',#616,#617,#514,.T.);
#822=EDGE_CURVE('',#531,#617,#259,.T.);
#823=EDGE_CURVE('',#617,#618,#260,.T.);
#824=EDGE_CURVE('',#532,#618,#261,.T.);
#825=EDGE_CURVE('',#618,#619,#515,.T.);
#826=EDGE_CURVE('',#533,#619,#262,.T.);
#827=EDGE_CURVE('',#619,#620,#263,.T.);
#828=EDGE_CURVE('',#534,#620,#264,.T.);
#829=EDGE_CURVE('',#620,#621,#516,.T.);
#830=EDGE_CURVE('',#535,#621,#265,.T.);
#831=EDGE_CURVE('',#621,#622,#266,.T.);
#832=EDGE_CURVE('',#536,#622,#267,.T.);
#833=EDGE_CURVE('',#622,#623,#517,.T.);
#834=EDGE_CURVE('',#537,#623,#268,.T.);
#835=EDGE_CURVE('',#623,#624,#269,.T.);
#836=EDGE_CURVE('',#538,#624,#270,.T.);
#837=EDGE_CURVE('',#624,#625,#518,.T.);
#838=EDGE_CURVE('',#539,#625,#271,.T.);
#839=EDGE_CURVE('',#625,#626,#272,.T.);
#840=EDGE_CURVE('',#540,#626,#273,.T.);
#841=EDGE_CURVE('',#626,#627,#519,.T.);
#842=EDGE_CURVE('',#541,#627,#274,.T.);
#843=EDGE_CURVE('',#627,#628,#275,.T.);
#844=EDGE_CURVE('',#542,#628,#276,.T.);
#845=EDGE_CURVE('',#628,#629,#520,.T.);
#846=EDGE_CURVE('',#543,#629,#277,.T.);
#847=EDGE_CURVE('',#629,#630,#278,.T.);
#848=EDGE_CURVE('',#544,#630,#279,.T.);
#849=EDGE_CURVE('',#630,#631,#521,.T.);
#850=EDGE_CURVE('',#545,#631,#280,.T.);
#851=EDGE_CURVE('',#631,#608,#281,.T.);
#852=EDGE_CURVE('',#632,#633,#282,.T.);
#853=EDGE_CURVE('',#633,#634,#283,.T.);
#854=EDGE_CURVE('',#634,#635,#284,.T.);
#855=EDGE_CURVE('',#635,#636,#285,.T.);
#856=EDGE_CURVE('',#636,#637,#286,.T.);
#857=EDGE_CURVE('',#637,#638,#287,.T.);
#858=EDGE_CURVE('',#638,#639,#288,.T.);
#859=EDGE_CURVE('',#639,#632,#289,.T.);
#860=EDGE_CURVE('',#640,#641,#290,.T.);
#861=EDGE_CURVE('',#641,#642,#291,.T.);
#862=EDGE_CURVE('',#642,#643,#292,.T.);
#863=EDGE_CURVE('',#643,#644,#293,.T.);
#864=EDGE_CURVE('',#644,#645,#294,.T.);
#865=EDGE_CURVE('',#645,#646,#295,.T.);
#866=EDGE_CURVE('',#646,#647,#296,.T.);
#867=EDGE_CURVE('',#647,#648,#297,.T.);
#868=EDGE_CURVE('',#648,#649,#298,.T.);
#869=EDGE_CURVE('',#649,#650,#299,.T.);
#870=EDGE_CURVE('',#650,#651,#300,.T.);
#871=EDGE_CURVE('',#651,#652,#301,.T.);
#872=EDGE_CURVE('',#652,#653,#302,.T.);
#873=EDGE_CURVE('',#653,#654,#303,.T.);
#874=EDGE_CURVE('',#654,#655,#304,.T.);
#875=EDGE_CURVE('',#655,#640,#305,.T.);
#876=EDGE_CURVE('',#656,#657,#306,.T.);
#877=EDGE_CURVE('',#658,#656,#307,.T.);
#878=EDGE_CURVE('',#659,#658,#308,.T.);
#879=EDGE_CURVE('',#657,#659,#309,.T.);
#880=EDGE_CURVE('',#660,#661,#310,.T.);
#881=EDGE_CURVE('',#660,#662,#311,.T.);
#882=EDGE_CURVE('',#662,#663,#312,.T.);
#883=EDGE_CURVE('',#663,#661,#313,.T.);
#884=EDGE_CURVE('',#664,#665,#314,.T.);
#885=EDGE_CURVE('',#665,#666,#315,.T.);
#886=EDGE_CURVE('',#666,#667,#316,.T.);
#887=EDGE_CURVE('',#667,#664,#317,.T.);
#888=EDGE_CURVE('',#668,#669,#318,.T.);
#889=EDGE_CURVE('',#670,#668,#319,.T.);
#890=EDGE_CURVE('',#671,#670,#320,.T.);
#891=EDGE_CURVE('',#672,#671,#321,.T.);
#892=EDGE_CURVE('',#673,#672,#322,.T.);
#893=EDGE_CURVE('',#674,#673,#323,.T.);
#894=EDGE_CURVE('',#675,#674,#324,.T.);
#895=EDGE_CURVE('',#669,#675,#325,.T.);
#896=EDGE_CURVE('',#676,#677,#326,.T.);
#897=EDGE_CURVE('',#677,#678,#327,.T.);
#898=EDGE_CURVE('',#679,#678,#328,.T.);
#899=EDGE_CURVE('',#676,#679,#329,.T.);
#900=EDGE_CURVE('',#680,#681,#330,.T.);
#901=EDGE_CURVE('',#680,#682,#331,.T.);
#902=EDGE_CURVE('',#682,#683,#332,.T.);
#903=EDGE_CURVE('',#681,#683,#333,.T.);
#904=EDGE_CURVE('',#684,#685,#334,.T.);
#905=EDGE_CURVE('',#684,#686,#335,.T.);
#906=EDGE_CURVE('',#686,#687,#336,.T.);
#907=EDGE_CURVE('',#685,#687,#337,.T.);
#908=EDGE_CURVE('',#688,#689,#338,.T.);
#909=EDGE_CURVE('',#689,#690,#85,.T.);
#910=EDGE_CURVE('',#690,#691,#86,.T.);
#911=EDGE_CURVE('',#691,#692,#87,.T.);
#912=EDGE_CURVE('',#692,#693,#88,.T.);
#913=EDGE_CURVE('',#693,#694,#89,.T.);
#914=EDGE_CURVE('',#694,#695,#339,.T.);
#915=EDGE_CURVE('',#695,#696,#64,.T.);
#916=EDGE_CURVE('',#696,#697,#90,.T.);
#917=EDGE_CURVE('',#697,#698,#65,.T.);
#918=EDGE_CURVE('',#698,#699,#91,.T.);
#919=EDGE_CURVE('',#699,#700,#92,.T.);
#920=EDGE_CURVE('',#700,#701,#66,.T.);
#921=EDGE_CURVE('',#701,#702,#93,.T.);
#922=EDGE_CURVE('',#702,#703,#67,.T.);
#923=EDGE_CURVE('',#703,#704,#68,.T.);
#924=EDGE_CURVE('',#704,#705,#94,.T.);
#925=EDGE_CURVE('',#705,#706,#95,.T.);
#926=EDGE_CURVE('',#706,#707,#340,.T.);
#927=EDGE_CURVE('',#707,#708,#69,.T.);
#928=EDGE_CURVE('',#708,#709,#70,.T.);
#929=EDGE_CURVE('',#709,#710,#96,.T.);
#930=EDGE_CURVE('',#710,#711,#97,.T.);
#931=EDGE_CURVE('',#711,#712,#71,.T.);
#932=EDGE_CURVE('',#712,#713,#341,.T.);
#933=EDGE_CURVE('',#713,#688,#342,.T.);
#934=ORIENTED_EDGE('',*,*,#714,.T.);
#935=ORIENTED_EDGE('',*,*,#715,.T.);
#936=ORIENTED_EDGE('',*,*,#716,.T.);
#937=ORIENTED_EDGE('',*,*,#717,.T.);
#938=ORIENTED_EDGE('',*,*,#718,.T.);
#939=ORIENTED_EDGE('',*,*,#719,.T.);
#940=ORIENTED_EDGE('',*,*,#720,.T.);
#941=ORIENTED_EDGE('',*,*,#721,.T.);
#942=ORIENTED_EDGE('',*,*,#722,.T.);
#943=ORIENTED_EDGE('',*,*,#723,.T.);
#944=ORIENTED_EDGE('',*,*,#724,.T.);
#945=ORIENTED_EDGE('',*,*,#725,.T.);
#946=ORIENTED_EDGE('',*,*,#726,.T.);
#947=ORIENTED_EDGE('',*,*,#727,.T.);
#948=ORIENTED_EDGE('',*,*,#728,.T.);
#949=ORIENTED_EDGE('',*,*,#729,.T.);
#950=ORIENTED_EDGE('',*,*,#730,.T.);
#951=ORIENTED_EDGE('',*,*,#731,.T.);
#952=ORIENTED_EDGE('',*,*,#732,.T.);
#953=ORIENTED_EDGE('',*,*,#733,.T.);
#954=ORIENTED_EDGE('',*,*,#734,.T.);
#955=ORIENTED_EDGE('',*,*,#735,.T.);
#956=ORIENTED_EDGE('',*,*,#736,.T.);
#957=ORIENTED_EDGE('',*,*,#737,.T.);
#958=ORIENTED_EDGE('',*,*,#738,.F.);
#959=ORIENTED_EDGE('',*,*,#739,.F.);
#960=ORIENTED_EDGE('',*,*,#740,.F.);
#961=ORIENTED_EDGE('',*,*,#741,.F.);
#962=ORIENTED_EDGE('',*,*,#742,.F.);
#963=ORIENTED_EDGE('',*,*,#743,.F.);
#964=ORIENTED_EDGE('',*,*,#744,.F.);
#965=ORIENTED_EDGE('',*,*,#745,.F.);
#966=ORIENTED_EDGE('',*,*,#746,.F.);
#967=ORIENTED_EDGE('',*,*,#747,.F.);
#968=ORIENTED_EDGE('',*,*,#748,.F.);
#969=ORIENTED_EDGE('',*,*,#749,.F.);
#970=ORIENTED_EDGE('',*,*,#750,.F.);
#971=ORIENTED_EDGE('',*,*,#751,.F.);
#972=ORIENTED_EDGE('',*,*,#752,.F.);
#973=ORIENTED_EDGE('',*,*,#753,.F.);
#974=ORIENTED_EDGE('',*,*,#754,.F.);
#975=ORIENTED_EDGE('',*,*,#755,.F.);
#976=ORIENTED_EDGE('',*,*,#756,.F.);
#977=ORIENTED_EDGE('',*,*,#757,.F.);
#978=ORIENTED_EDGE('',*,*,#758,.F.);
#979=ORIENTED_EDGE('',*,*,#759,.F.);
#980=ORIENTED_EDGE('',*,*,#760,.F.);
#981=ORIENTED_EDGE('',*,*,#761,.F.);
#982=ORIENTED_EDGE('',*,*,#762,.F.);
#983=ORIENTED_EDGE('',*,*,#763,.F.);
#984=ORIENTED_EDGE('',*,*,#764,.F.);
#985=ORIENTED_EDGE('',*,*,#765,.F.);
#986=ORIENTED_EDGE('',*,*,#766,.F.);
#987=ORIENTED_EDGE('',*,*,#767,.F.);
#988=ORIENTED_EDGE('',*,*,#768,.F.);
#989=ORIENTED_EDGE('',*,*,#769,.F.);
#990=ORIENTED_EDGE('',*,*,#770,.F.);
#991=ORIENTED_EDGE('',*,*,#771,.F.);
#992=ORIENTED_EDGE('',*,*,#772,.F.);
#993=ORIENTED_EDGE('',*,*,#773,.F.);
#994=ORIENTED_EDGE('',*,*,#774,.F.);
#995=ORIENTED_EDGE('',*,*,#775,.F.);
#996=ORIENTED_EDGE('',*,*,#776,.F.);
#997=ORIENTED_EDGE('',*,*,#777,.F.);
#998=ORIENTED_EDGE('',*,*,#778,.F.);
#999=ORIENTED_EDGE('',*,*,#779,.F.);
#1000=ORIENTED_EDGE('',*,*,#780,.F.);
#1001=ORIENTED_EDGE('',*,*,#781,.F.);
#1002=ORIENTED_EDGE('',*,*,#782,.F.);
#1003=ORIENTED_EDGE('',*,*,#783,.F.);
#1004=ORIENTED_EDGE('',*,*,#784,.F.);
#1005=ORIENTED_EDGE('',*,*,#785,.F.);
#1006=ORIENTED_EDGE('',*,*,#762,.T.);
#1007=ORIENTED_EDGE('',*,*,#784,.T.);
#1008=ORIENTED_EDGE('',*,*,#786,.F.);
#1009=ORIENTED_EDGE('',*,*,#765,.T.);
#1010=ORIENTED_EDGE('',*,*,#764,.T.);
#1011=ORIENTED_EDGE('',*,*,#787,.F.);
#1012=ORIENTED_EDGE('',*,*,#788,.F.);
#1013=ORIENTED_EDGE('',*,*,#789,.F.);
#1014=ORIENTED_EDGE('',*,*,#770,.T.);
#1015=ORIENTED_EDGE('',*,*,#769,.T.);
#1016=ORIENTED_EDGE('',*,*,#768,.T.);
#1017=ORIENTED_EDGE('',*,*,#790,.F.);
#1018=ORIENTED_EDGE('',*,*,#779,.T.);
#1019=ORIENTED_EDGE('',*,*,#778,.T.);
#1020=ORIENTED_EDGE('',*,*,#791,.F.);
#1021=ORIENTED_EDGE('',*,*,#775,.T.);
#1022=ORIENTED_EDGE('',*,*,#774,.T.);
#1023=ORIENTED_EDGE('',*,*,#773,.T.);
#1024=ORIENTED_EDGE('',*,*,#772,.T.);
#1025=ORIENTED_EDGE('',*,*,#771,.T.);
#1026=ORIENTED_EDGE('',*,*,#789,.T.);
#1027=ORIENTED_EDGE('',*,*,#767,.T.);
#1028=ORIENTED_EDGE('',*,*,#766,.T.);
#1029=ORIENTED_EDGE('',*,*,#788,.T.);
#1030=ORIENTED_EDGE('',*,*,#787,.T.);
#1031=ORIENTED_EDGE('',*,*,#763,.T.);
#1032=ORIENTED_EDGE('',*,*,#785,.T.);
#1033=ORIENTED_EDGE('',*,*,#786,.T.);
#1034=ORIENTED_EDGE('',*,*,#783,.T.);
#1035=ORIENTED_EDGE('',*,*,#782,.T.);
#1036=ORIENTED_EDGE('',*,*,#781,.T.);
#1037=ORIENTED_EDGE('',*,*,#780,.T.);
#1038=ORIENTED_EDGE('',*,*,#790,.T.);
#1039=ORIENTED_EDGE('',*,*,#791,.T.);
#1040=ORIENTED_EDGE('',*,*,#777,.T.);
#1041=ORIENTED_EDGE('',*,*,#776,.T.);
#1042=ORIENTED_EDGE('',*,*,#792,.F.);
#1043=ORIENTED_EDGE('',*,*,#793,.F.);
#1044=ORIENTED_EDGE('',*,*,#794,.F.);
#1045=ORIENTED_EDGE('',*,*,#795,.F.);
#1046=ORIENTED_EDGE('',*,*,#793,.T.);
#1047=ORIENTED_EDGE('',*,*,#792,.T.);
#1048=ORIENTED_EDGE('',*,*,#795,.T.);
#1049=ORIENTED_EDGE('',*,*,#794,.T.);
#1050=ORIENTED_EDGE('',*,*,#796,.F.);
#1051=ORIENTED_EDGE('',*,*,#797,.F.);
#1052=ORIENTED_EDGE('',*,*,#798,.F.);
#1053=ORIENTED_EDGE('',*,*,#799,.F.);
#1054=ORIENTED_EDGE('',*,*,#800,.F.);
#1055=ORIENTED_EDGE('',*,*,#801,.F.);
#1056=ORIENTED_EDGE('',*,*,#802,.F.);
#1057=ORIENTED_EDGE('',*,*,#803,.F.);
#1058=ORIENTED_EDGE('',*,*,#739,.T.);
#1059=ORIENTED_EDGE('',*,*,#738,.T.);
#1060=ORIENTED_EDGE('',*,*,#761,.T.);
#1061=ORIENTED_EDGE('',*,*,#760,.T.);
#1062=ORIENTED_EDGE('',*,*,#759,.T.);
#1063=ORIENTED_EDGE('',*,*,#758,.T.);
#1064=ORIENTED_EDGE('',*,*,#757,.T.);
#1065=ORIENTED_EDGE('',*,*,#756,.T.);
#1066=ORIENTED_EDGE('',*,*,#755,.T.);
#1067=ORIENTED_EDGE('',*,*,#754,.T.);
#1068=ORIENTED_EDGE('',*,*,#753,.T.);
#1069=ORIENTED_EDGE('',*,*,#752,.T.);
#1070=ORIENTED_EDGE('',*,*,#751,.T.);
#1071=ORIENTED_EDGE('',*,*,#750,.T.);
#1072=ORIENTED_EDGE('',*,*,#749,.T.);
#1073=ORIENTED_EDGE('',*,*,#748,.T.);
#1074=ORIENTED_EDGE('',*,*,#747,.T.);
#1075=ORIENTED_EDGE('',*,*,#746,.T.);
#1076=ORIENTED_EDGE('',*,*,#745,.T.);
#1077=ORIENTED_EDGE('',*,*,#744,.T.);
#1078=ORIENTED_EDGE('',*,*,#743,.T.);
#1079=ORIENTED_EDGE('',*,*,#742,.T.);
#1080=ORIENTED_EDGE('',*,*,#741,.T.);
#1081=ORIENTED_EDGE('',*,*,#740,.T.);
#1082=ORIENTED_EDGE('',*,*,#804,.T.);
#1083=ORIENTED_EDGE('',*,*,#805,.F.);
#1084=ORIENTED_EDGE('',*,*,#714,.F.);
#1085=ORIENTED_EDGE('',*,*,#806,.T.);
#1086=ORIENTED_EDGE('',*,*,#807,.T.);
#1087=ORIENTED_EDGE('',*,*,#808,.F.);
#1088=ORIENTED_EDGE('',*,*,#715,.F.);
#1089=ORIENTED_EDGE('',*,*,#805,.T.);
#1090=ORIENTED_EDGE('',*,*,#809,.T.);
#1091=ORIENTED_EDGE('',*,*,#810,.F.);
#1092=ORIENTED_EDGE('',*,*,#716,.F.);
#1093=ORIENTED_EDGE('',*,*,#808,.T.);
#1094=ORIENTED_EDGE('',*,*,#811,.T.);
#1095=ORIENTED_EDGE('',*,*,#812,.F.);
#1096=ORIENTED_EDGE('',*,*,#717,.F.);
#1097=ORIENTED_EDGE('',*,*,#810,.T.);
#1098=ORIENTED_EDGE('',*,*,#813,.T.);
#1099=ORIENTED_EDGE('',*,*,#814,.F.);
#1100=ORIENTED_EDGE('',*,*,#718,.F.);
#1101=ORIENTED_EDGE('',*,*,#812,.T.);
#1102=ORIENTED_EDGE('',*,*,#815,.T.);
#1103=ORIENTED_EDGE('',*,*,#816,.F.);
#1104=ORIENTED_EDGE('',*,*,#719,.F.);
#1105=ORIENTED_EDGE('',*,*,#814,.T.);
#1106=ORIENTED_EDGE('',*,*,#817,.T.);
#1107=ORIENTED_EDGE('',*,*,#818,.F.);
#1108=ORIENTED_EDGE('',*,*,#720,.F.);
#1109=ORIENTED_EDGE('',*,*,#816,.T.);
#1110=ORIENTED_EDGE('',*,*,#819,.T.);
#1111=ORIENTED_EDGE('',*,*,#820,.F.);
#1112=ORIENTED_EDGE('',*,*,#721,.F.);
#1113=ORIENTED_EDGE('',*,*,#818,.T.);
#1114=ORIENTED_EDGE('',*,*,#821,.T.);
#1115=ORIENTED_EDGE('',*,*,#822,.F.);
#1116=ORIENTED_EDGE('',*,*,#722,.F.);
#1117=ORIENTED_EDGE('',*,*,#820,.T.);
#1118=ORIENTED_EDGE('',*,*,#823,.T.);
#1119=ORIENTED_EDGE('',*,*,#824,.F.);
#1120=ORIENTED_EDGE('',*,*,#723,.F.);
#1121=ORIENTED_EDGE('',*,*,#822,.T.);
#1122=ORIENTED_EDGE('',*,*,#825,.T.);
#1123=ORIENTED_EDGE('',*,*,#826,.F.);
#1124=ORIENTED_EDGE('',*,*,#724,.F.);
#1125=ORIENTED_EDGE('',*,*,#824,.T.);
#1126=ORIENTED_EDGE('',*,*,#827,.T.);
#1127=ORIENTED_EDGE('',*,*,#828,.F.);
#1128=ORIENTED_EDGE('',*,*,#725,.F.);
#1129=ORIENTED_EDGE('',*,*,#826,.T.);
#1130=ORIENTED_EDGE('',*,*,#829,.T.);
#1131=ORIENTED_EDGE('',*,*,#830,.F.);
#1132=ORIENTED_EDGE('',*,*,#726,.F.);
#1133=ORIENTED_EDGE('',*,*,#828,.T.);
#1134=ORIENTED_EDGE('',*,*,#831,.T.);
#1135=ORIENTED_EDGE('',*,*,#832,.F.);
#1136=ORIENTED_EDGE('',*,*,#727,.F.);
#1137=ORIENTED_EDGE('',*,*,#830,.T.);
#1138=ORIENTED_EDGE('',*,*,#833,.T.);
#1139=ORIENTED_EDGE('',*,*,#834,.F.);
#1140=ORIENTED_EDGE('',*,*,#728,.F.);
#1141=ORIENTED_EDGE('',*,*,#832,.T.);
#1142=ORIENTED_EDGE('',*,*,#835,.T.);
#1143=ORIENTED_EDGE('',*,*,#836,.F.);
#1144=ORIENTED_EDGE('',*,*,#729,.F.);
#1145=ORIENTED_EDGE('',*,*,#834,.T.);
#1146=ORIENTED_EDGE('',*,*,#837,.T.);
#1147=ORIENTED_EDGE('',*,*,#838,.F.);
#1148=ORIENTED_EDGE('',*,*,#730,.F.);
#1149=ORIENTED_EDGE('',*,*,#836,.T.);
#1150=ORIENTED_EDGE('',*,*,#839,.T.);
#1151=ORIENTED_EDGE('',*,*,#840,.F.);
#1152=ORIENTED_EDGE('',*,*,#731,.F.);
#1153=ORIENTED_EDGE('',*,*,#838,.T.);
#1154=ORIENTED_EDGE('',*,*,#841,.T.);
#1155=ORIENTED_EDGE('',*,*,#842,.F.);
#1156=ORIENTED_EDGE('',*,*,#732,.F.);
#1157=ORIENTED_EDGE('',*,*,#840,.T.);
#1158=ORIENTED_EDGE('',*,*,#843,.T.);
#1159=ORIENTED_EDGE('',*,*,#844,.F.);
#1160=ORIENTED_EDGE('',*,*,#733,.F.);
#1161=ORIENTED_EDGE('',*,*,#842,.T.);
#1162=ORIENTED_EDGE('',*,*,#845,.T.);
#1163=ORIENTED_EDGE('',*,*,#846,.F.);
#1164=ORIENTED_EDGE('',*,*,#734,.F.);
#1165=ORIENTED_EDGE('',*,*,#844,.T.);
#1166=ORIENTED_EDGE('',*,*,#847,.T.);
#1167=ORIENTED_EDGE('',*,*,#848,.F.);
#1168=ORIENTED_EDGE('',*,*,#735,.F.);
#1169=ORIENTED_EDGE('',*,*,#846,.T.);
#1170=ORIENTED_EDGE('',*,*,#849,.T.);
#1171=ORIENTED_EDGE('',*,*,#850,.F.);
#1172=ORIENTED_EDGE('',*,*,#736,.F.);
#1173=ORIENTED_EDGE('',*,*,#848,.T.);
#1174=ORIENTED_EDGE('',*,*,#851,.T.);
#1175=ORIENTED_EDGE('',*,*,#806,.F.);
#1176=ORIENTED_EDGE('',*,*,#737,.F.);
#1177=ORIENTED_EDGE('',*,*,#850,.T.);
#1178=ORIENTED_EDGE('',*,*,#797,.T.);
#1179=ORIENTED_EDGE('',*,*,#796,.T.);
#1180=ORIENTED_EDGE('',*,*,#803,.T.);
#1181=ORIENTED_EDGE('',*,*,#802,.T.);
#1182=ORIENTED_EDGE('',*,*,#801,.T.);
#1183=ORIENTED_EDGE('',*,*,#800,.T.);
#1184=ORIENTED_EDGE('',*,*,#799,.T.);
#1185=ORIENTED_EDGE('',*,*,#798,.T.);
#1186=ORIENTED_EDGE('',*,*,#804,.F.);
#1187=ORIENTED_EDGE('',*,*,#851,.F.);
#1188=ORIENTED_EDGE('',*,*,#849,.F.);
#1189=ORIENTED_EDGE('',*,*,#847,.F.);
#1190=ORIENTED_EDGE('',*,*,#845,.F.);
#1191=ORIENTED_EDGE('',*,*,#843,.F.);
#1192=ORIENTED_EDGE('',*,*,#841,.F.);
#1193=ORIENTED_EDGE('',*,*,#839,.F.);
#1194=ORIENTED_EDGE('',*,*,#837,.F.);
#1195=ORIENTED_EDGE('',*,*,#835,.F.);
#1196=ORIENTED_EDGE('',*,*,#833,.F.);
#1197=ORIENTED_EDGE('',*,*,#831,.F.);
#1198=ORIENTED_EDGE('',*,*,#829,.F.);
#1199=ORIENTED_EDGE('',*,*,#827,.F.);
#1200=ORIENTED_EDGE('',*,*,#825,.F.);
#1201=ORIENTED_EDGE('',*,*,#823,.F.);
#1202=ORIENTED_EDGE('',*,*,#821,.F.);
#1203=ORIENTED_EDGE('',*,*,#819,.F.);
#1204=ORIENTED_EDGE('',*,*,#817,.F.);
#1205=ORIENTED_EDGE('',*,*,#815,.F.);
#1206=ORIENTED_EDGE('',*,*,#813,.F.);
#1207=ORIENTED_EDGE('',*,*,#811,.F.);
#1208=ORIENTED_EDGE('',*,*,#809,.F.);
#1209=ORIENTED_EDGE('',*,*,#807,.F.);
#1210=ORIENTED_EDGE('',*,*,#852,.T.);
#1211=ORIENTED_EDGE('',*,*,#853,.T.);
#1212=ORIENTED_EDGE('',*,*,#854,.T.);
#1213=ORIENTED_EDGE('',*,*,#855,.T.);
#1214=ORIENTED_EDGE('',*,*,#856,.T.);
#1215=ORIENTED_EDGE('',*,*,#857,.T.);
#1216=ORIENTED_EDGE('',*,*,#858,.T.);
#1217=ORIENTED_EDGE('',*,*,#859,.T.);
#1218=ORIENTED_EDGE('',*,*,#860,.T.);
#1219=ORIENTED_EDGE('',*,*,#861,.T.);
#1220=ORIENTED_EDGE('',*,*,#862,.T.);
#1221=ORIENTED_EDGE('',*,*,#863,.T.);
#1222=ORIENTED_EDGE('',*,*,#864,.T.);
#1223=ORIENTED_EDGE('',*,*,#865,.T.);
#1224=ORIENTED_EDGE('',*,*,#866,.T.);
#1225=ORIENTED_EDGE('',*,*,#867,.T.);
#1226=ORIENTED_EDGE('',*,*,#868,.T.);
#1227=ORIENTED_EDGE('',*,*,#869,.T.);
#1228=ORIENTED_EDGE('',*,*,#870,.T.);
#1229=ORIENTED_EDGE('',*,*,#871,.T.);
#1230=ORIENTED_EDGE('',*,*,#872,.T.);
#1231=ORIENTED_EDGE('',*,*,#873,.T.);
#1232=ORIENTED_EDGE('',*,*,#874,.T.);
#1233=ORIENTED_EDGE('',*,*,#875,.T.);
#1234=ORIENTED_EDGE('',*,*,#876,.F.);
#1235=ORIENTED_EDGE('',*,*,#877,.F.);
#1236=ORIENTED_EDGE('',*,*,#878,.F.);
#1237=ORIENTED_EDGE('',*,*,#879,.F.);
#1238=ORIENTED_EDGE('',*,*,#880,.F.);
#1239=ORIENTED_EDGE('',*,*,#881,.T.);
#1240=ORIENTED_EDGE('',*,*,#882,.T.);
#1241=ORIENTED_EDGE('',*,*,#883,.T.);
#1242=ORIENTED_EDGE('',*,*,#884,.T.);
#1243=ORIENTED_EDGE('',*,*,#885,.T.);
#1244=ORIENTED_EDGE('',*,*,#886,.T.);
#1245=ORIENTED_EDGE('',*,*,#887,.T.);
#1246=ORIENTED_EDGE('',*,*,#888,.F.);
#1247=ORIENTED_EDGE('',*,*,#889,.F.);
#1248=ORIENTED_EDGE('',*,*,#890,.F.);
#1249=ORIENTED_EDGE('',*,*,#891,.F.);
#1250=ORIENTED_EDGE('',*,*,#892,.F.);
#1251=ORIENTED_EDGE('',*,*,#893,.F.);
#1252=ORIENTED_EDGE('',*,*,#894,.F.);
#1253=ORIENTED_EDGE('',*,*,#895,.F.);
#1254=ORIENTED_EDGE('',*,*,#896,.T.);
#1255=ORIENTED_EDGE('',*,*,#897,.T.);
#1256=ORIENTED_EDGE('',*,*,#898,.F.);
#1257=ORIENTED_EDGE('',*,*,#899,.F.);
#1258=ORIENTED_EDGE('',*,*,#900,.F.);
#1259=ORIENTED_EDGE('',*,*,#901,.T.);
#1260=ORIENTED_EDGE('',*,*,#902,.T.);
#1261=ORIENTED_EDGE('',*,*,#903,.F.);
#1262=ORIENTED_EDGE('',*,*,#904,.F.);
#1263=ORIENTED_EDGE('',*,*,#905,.T.);
#1264=ORIENTED_EDGE('',*,*,#906,.T.);
#1265=ORIENTED_EDGE('',*,*,#907,.F.);
#1266=ORIENTED_EDGE('',*,*,#908,.T.);
#1267=ORIENTED_EDGE('',*,*,#909,.T.);
#1268=ORIENTED_EDGE('',*,*,#910,.T.);
#1269=ORIENTED_EDGE('',*,*,#911,.T.);
#1270=ORIENTED_EDGE('',*,*,#912,.T.);
#1271=ORIENTED_EDGE('',*,*,#913,.T.);
#1272=ORIENTED_EDGE('',*,*,#914,.T.);
#1273=ORIENTED_EDGE('',*,*,#915,.T.);
#1274=ORIENTED_EDGE('',*,*,#916,.T.);
#1275=ORIENTED_EDGE('',*,*,#917,.T.);
#1276=ORIENTED_EDGE('',*,*,#918,.T.);
#1277=ORIENTED_EDGE('',*,*,#919,.T.);
#1278=ORIENTED_EDGE('',*,*,#920,.T.);
#1279=ORIENTED_EDGE('',*,*,#921,.T.);
#1280=ORIENTED_EDGE('',*,*,#922,.T.);
#1281=ORIENTED_EDGE('',*,*,#923,.T.);
#1282=ORIENTED_EDGE('',*,*,#924,.T.);
#1283=ORIENTED_EDGE('',*,*,#925,.T.);
#1284=ORIENTED_EDGE('',*,*,#926,.T.);
#1285=ORIENTED_EDGE('',*,*,#927,.T.);
#1286=ORIENTED_EDGE('',*,*,#928,.T.);
#1287=ORIENTED_EDGE('',*,*,#929,.T.);
#1288=ORIENTED_EDGE('',*,*,#930,.T.);
#1289=ORIENTED_EDGE('',*,*,#931,.T.);
#1290=ORIENTED_EDGE('',*,*,#932,.T.);
#1291=ORIENTED_EDGE('',*,*,#933,.T.);
#1292=PLANE('',#1378);
#1293=PLANE('',#1404);
#1294=PLANE('',#1405);
#1295=PLANE('',#1406);
#1296=PLANE('',#1407);
#1297=PLANE('',#1408);
#1298=PLANE('',#1409);
#1299=PLANE('',#1410);
#1300=PLANE('',#1413);
#1301=PLANE('',#1416);
#1302=PLANE('',#1419);
#1303=PLANE('',#1422);
#1304=PLANE('',#1425);
#1305=PLANE('',#1428);
#1306=PLANE('',#1431);
#1307=PLANE('',#1434);
#1308=PLANE('',#1437);
#1309=PLANE('',#1440);
#1310=PLANE('',#1443);
#1311=PLANE('',#1446);
#1312=PLANE('',#1447);
#1313=PLANE('',#1448);
#1314=PLANE('',#1449);
#1315=PLANE('',#1450);
#1316=PLANE('',#1451);
#1317=PLANE('',#1452);
#1318=PLANE('',#1453);
#1319=PLANE('',#1454);
#1320=PLANE('',#1455);
#1321=PLANE('',#1456);
#1322=ADVANCED_FACE('',(#98,#51,#52),#1292,.F.);
#1323=ADVANCED_FACE('',(#99),#1293,.F.);
#1324=ADVANCED_FACE('',(#100),#1294,.F.);
#1325=ADVANCED_FACE('',(#101),#1295,.F.);
#1326=ADVANCED_FACE('',(#102),#1296,.F.);
#1327=ADVANCED_FACE('',(#103,#53),#1297,.F.);
#1328=ADVANCED_FACE('',(#104,#54),#1298,.F.);
#1329=ADVANCED_FACE('',(#105),#1299,.F.);
#1330=ADVANCED_FACE('',(#106),#39,.T.);
#1331=ADVANCED_FACE('',(#107),#1300,.F.);
#1332=ADVANCED_FACE('',(#108),#40,.F.);
#1333=ADVANCED_FACE('',(#109),#1301,.F.);
#1334=ADVANCED_FACE('',(#110),#41,.T.);
#1335=ADVANCED_FACE('',(#111),#1302,.F.);
#1336=ADVANCED_FACE('',(#112),#42,.T.);
#1337=ADVANCED_FACE('',(#113),#1303,.F.);
#1338=ADVANCED_FACE('',(#114),#43,.F.);
#1339=ADVANCED_FACE('',(#115),#1304,.F.);
#1340=ADVANCED_FACE('',(#116),#44,.T.);
#1341=ADVANCED_FACE('',(#117),#1305,.F.);
#1342=ADVANCED_FACE('',(#118),#45,.T.);
#1343=ADVANCED_FACE('',(#119),#1306,.F.);
#1344=ADVANCED_FACE('',(#120),#46,.F.);
#1345=ADVANCED_FACE('',(#121),#1307,.F.);
#1346=ADVANCED_FACE('',(#122),#47,.T.);
#1347=ADVANCED_FACE('',(#123),#1308,.F.);
#1348=ADVANCED_FACE('',(#124),#48,.T.);
#1349=ADVANCED_FACE('',(#125),#1309,.F.);
#1350=ADVANCED_FACE('',(#126),#49,.F.);
#1351=ADVANCED_FACE('',(#127),#1310,.F.);
#1352=ADVANCED_FACE('',(#128),#50,.T.);
#1353=ADVANCED_FACE('',(#129),#1311,.F.);
#1354=ADVANCED_FACE('',(#130),#1312,.F.);
#1355=ADVANCED_FACE('',(#131),#1313,.T.);
#1356=ADVANCED_FACE('',(#132),#1314,.F.);
#1357=ADVANCED_FACE('',(#133,#55),#1315,.F.);
#1358=ADVANCED_FACE('',(#134),#1316,.F.);
#1359=ADVANCED_FACE('',(#135,#56),#1317,.F.);
#1360=ADVANCED_FACE('',(#136),#1318,.F.);
#1361=ADVANCED_FACE('',(#137),#1319,.F.);
#1362=ADVANCED_FACE('',(#138),#1320,.F.);
#1363=ADVANCED_FACE('',(#139),#1321,.F.);
#1364=CLOSED_SHELL('',(#1322,#1323,#1324,#1325,#1326,#1327,#1328,#1329,
#1330,#1331,#1332,#1333,#1334,#1335,#1336,#1337,#1338,#1339,#1340,#1341,
#1342,#1343,#1344,#1345,#1346,#1347,#1348,#1349,#1350,#1351,#1352,#1353,
#1354,#1355));
#1365=DERIVED_UNIT_ELEMENT(#1367,1.);
#1366=DERIVED_UNIT_ELEMENT(#2322,-3.);
#1367=(
MASS_UNIT()
NAMED_UNIT(*)
SI_UNIT(.KILO.,.GRAM.)
);
#1368=DERIVED_UNIT((#1365,#1366));
#1369=MEASURE_REPRESENTATION_ITEM('density measure',
POSITIVE_RATIO_MEASURE(7850.),#1368);
#1370=PROPERTY_DEFINITION_REPRESENTATION(#1375,#1372);
#1371=PROPERTY_DEFINITION_REPRESENTATION(#1376,#1373);
#1372=REPRESENTATION('material name',(#1374),#2319);
#1373=REPRESENTATION('density',(#1369),#2319);
#1374=DESCRIPTIVE_REPRESENTATION_ITEM('Steel','Steel');
#1375=PROPERTY_DEFINITION('material property','material name',#2329);
#1376=PROPERTY_DEFINITION('material property','density of part',#2329);
#1377=AXIS2_PLACEMENT_3D('',#1811,#1470,#1471);
#1378=AXIS2_PLACEMENT_3D('',#1812,#1472,#1473);
#1379=AXIS2_PLACEMENT_3D('',#1815,#1474,#1475);
#1380=AXIS2_PLACEMENT_3D('',#1819,#1477,#1478);
#1381=AXIS2_PLACEMENT_3D('',#1823,#1480,#1481);
#1382=AXIS2_PLACEMENT_3D('',#1827,#1483,#1484);
#1383=AXIS2_PLACEMENT_3D('',#1831,#1486,#1487);
#1384=AXIS2_PLACEMENT_3D('',#1835,#1489,#1490);
#1385=AXIS2_PLACEMENT_3D('',#1839,#1492,#1493);
#1386=AXIS2_PLACEMENT_3D('',#1843,#1495,#1496);
#1387=AXIS2_PLACEMENT_3D('',#1847,#1498,#1499);
#1388=AXIS2_PLACEMENT_3D('',#1851,#1501,#1502);
#1389=AXIS2_PLACEMENT_3D('',#1855,#1504,#1505);
#1390=AXIS2_PLACEMENT_3D('',#1859,#1507,#1508);
#1391=AXIS2_PLACEMENT_3D('',#1863,#1510,#1511);
#1392=AXIS2_PLACEMENT_3D('',#1877,#1514,#1515);
#1393=AXIS2_PLACEMENT_3D('',#1879,#1516,#1517);
#1394=AXIS2_PLACEMENT_3D('',#1891,#1519,#1520);
#1395=AXIS2_PLACEMENT_3D('',#1893,#1521,#1522);
#1396=AXIS2_PLACEMENT_3D('',#1905,#1523,#1524);
#1397=AXIS2_PLACEMENT_3D('',#1912,#1525,#1526);
#1398=AXIS2_PLACEMENT_3D('',#1914,#1527,#1528);
#1399=AXIS2_PLACEMENT_3D('',#1921,#1529,#1530);
#1400=AXIS2_PLACEMENT_3D('',#1930,#1532,#1533);
#1401=AXIS2_PLACEMENT_3D('',#1932,#1534,#1535);
#1402=AXIS2_PLACEMENT_3D('',#1934,#1536,#1537);
#1403=AXIS2_PLACEMENT_3D('',#1935,#1538,#1539);
#1404=AXIS2_PLACEMENT_3D('',#1982,#1563,#1564);
#1405=AXIS2_PLACEMENT_3D('',#1986,#1567,#1568);
#1406=AXIS2_PLACEMENT_3D('',#1990,#1571,#1572);
#1407=AXIS2_PLACEMENT_3D('',#1992,#1574,#1575);
#1408=AXIS2_PLACEMENT_3D('',#1996,#1578,#1579);
#1409=AXIS2_PLACEMENT_3D('',#2005,#1584,#1585);
#1410=AXIS2_PLACEMENT_3D('',#2022,#1594,#1595);
#1411=AXIS2_PLACEMENT_3D('',#2023,#1596,#1597);
#1412=AXIS2_PLACEMENT_3D('',#2026,#1598,#1599);
#1413=AXIS2_PLACEMENT_3D('',#2029,#1602,#1603);
#1414=AXIS2_PLACEMENT_3D('',#2033,#1606,#1607);
#1415=AXIS2_PLACEMENT_3D('',#2035,#1608,#1609);
#1416=AXIS2_PLACEMENT_3D('',#2037,#1611,#1612);
#1417=AXIS2_PLACEMENT_3D('',#2041,#1615,#1616);
#1418=AXIS2_PLACEMENT_3D('',#2043,#1617,#1618);
#1419=AXIS2_PLACEMENT_3D('',#2045,#1620,#1621);
#1420=AXIS2_PLACEMENT_3D('',#2049,#1624,#1625);
#1421=AXIS2_PLACEMENT_3D('',#2051,#1626,#1627);
#1422=AXIS2_PLACEMENT_3D('',#2053,#1629,#1630);
#1423=AXIS2_PLACEMENT_3D('',#2057,#1633,#1634);
#1424=AXIS2_PLACEMENT_3D('',#2059,#1635,#1636);
#1425=AXIS2_PLACEMENT_3D('',#2061,#1638,#1639);
#1426=AXIS2_PLACEMENT_3D('',#2065,#1642,#1643);
#1427=AXIS2_PLACEMENT_3D('',#2067,#1644,#1645);
#1428=AXIS2_PLACEMENT_3D('',#2069,#1647,#1648);
#1429=AXIS2_PLACEMENT_3D('',#2073,#1651,#1652);
#1430=AXIS2_PLACEMENT_3D('',#2075,#1653,#1654);
#1431=AXIS2_PLACEMENT_3D('',#2077,#1656,#1657);
#1432=AXIS2_PLACEMENT_3D('',#2081,#1660,#1661);
#1433=AXIS2_PLACEMENT_3D('',#2083,#1662,#1663);
#1434=AXIS2_PLACEMENT_3D('',#2085,#1665,#1666);
#1435=AXIS2_PLACEMENT_3D('',#2089,#1669,#1670);
#1436=AXIS2_PLACEMENT_3D('',#2091,#1671,#1672);
#1437=AXIS2_PLACEMENT_3D('',#2093,#1674,#1675);
#1438=AXIS2_PLACEMENT_3D('',#2097,#1678,#1679);
#1439=AXIS2_PLACEMENT_3D('',#2099,#1680,#1681);
#1440=AXIS2_PLACEMENT_3D('',#2101,#1683,#1684);
#1441=AXIS2_PLACEMENT_3D('',#2105,#1687,#1688);
#1442=AXIS2_PLACEMENT_3D('',#2107,#1689,#1690);
#1443=AXIS2_PLACEMENT_3D('',#2109,#1692,#1693);
#1444=AXIS2_PLACEMENT_3D('',#2113,#1696,#1697);
#1445=AXIS2_PLACEMENT_3D('',#2115,#1698,#1699);
#1446=AXIS2_PLACEMENT_3D('',#2117,#1701,#1702);
#1447=AXIS2_PLACEMENT_3D('',#2119,#1704,#1705);
#1448=AXIS2_PLACEMENT_3D('',#2120,#1706,#1707);
#1449=AXIS2_PLACEMENT_3D('',#2121,#1708,#1709);
#1450=AXIS2_PLACEMENT_3D('',#2138,#1718,#1719);
#1451=AXIS2_PLACEMENT_3D('',#2179,#1740,#1741);
#1452=AXIS2_PLACEMENT_3D('',#2188,#1746,#1747);
#1453=AXIS2_PLACEMENT_3D('',#2213,#1760,#1761);
#1454=AXIS2_PLACEMENT_3D('',#2222,#1766,#1767);
#1455=AXIS2_PLACEMENT_3D('',#2231,#1772,#1773);
#1456=AXIS2_PLACEMENT_3D('',#2240,#1778,#1779);
#1457=AXIS2_PLACEMENT_3D('',#2245,#1781,#1782);
#1458=AXIS2_PLACEMENT_3D('',#2247,#1783,#1784);
#1459=AXIS2_PLACEMENT_3D('',#2249,#1785,#1786);
#1460=AXIS2_PLACEMENT_3D('',#2251,#1787,#1788);
#1461=AXIS2_PLACEMENT_3D('',#2253,#1789,#1790);
#1462=AXIS2_PLACEMENT_3D('',#2262,#1792,#1793);
#1463=AXIS2_PLACEMENT_3D('',#2269,#1794,#1795);
#1464=AXIS2_PLACEMENT_3D('',#2271,#1796,#1797);
#1465=AXIS2_PLACEMENT_3D('',#2278,#1798,#1799);
#1466=AXIS2_PLACEMENT_3D('',#2290,#1800,#1801);
#1467=AXIS2_PLACEMENT_3D('',#2292,#1802,#1803);
#1468=AXIS2_PLACEMENT_3D('',#2306,#1805,#1806);
#1469=AXIS2_PLACEMENT_3D('',#2308,#1807,#1808);
#1470=DIRECTION('axis',(0.,0.,1.));
#1471=DIRECTION('refdir',(1.,0.,0.));
#1472=DIRECTION('center_axis',(-0.996194698091746,-0.0871557427476584,0.));
#1473=DIRECTION('ref_axis',(0.0871557427476584,-0.996194698091746,0.));
#1474=DIRECTION('center_axis',(0.996194698091746,0.0871557427476584,0.));
#1475=DIRECTION('ref_axis',(0.0871557427476584,-0.996194698091746,0.));
#1476=DIRECTION('',(0.,0.,1.));
#1477=DIRECTION('center_axis',(-0.996194698091746,-0.0871557427476584,0.));
#1478=DIRECTION('ref_axis',(0.0871557427476583,-0.996194698091746,0.));
#1479=DIRECTION('',(-0.087155742747658,0.996194698091746,0.));
#1480=DIRECTION('center_axis',(0.996194698091746,0.0871557427476584,0.));
#1481=DIRECTION('ref_axis',(-0.0871557427476584,0.996194698091746,0.));
#1482=DIRECTION('',(0.,0.,1.));
#1483=DIRECTION('center_axis',(0.996194698091746,0.0871557427476584,0.));
#1484=DIRECTION('ref_axis',(0.0871557427476584,-0.996194698091746,0.));
#1485=DIRECTION('',(0.087155742747658,-0.996194698091746,0.));
#1486=DIRECTION('center_axis',(-0.996194698091746,-0.0871557427476584,0.));
#1487=DIRECTION('ref_axis',(-0.0871557427476583,0.996194698091746,0.));
#1488=DIRECTION('',(0.,0.,1.));
#1489=DIRECTION('center_axis',(0.996194698091746,0.0871557427476584,0.));
#1490=DIRECTION('ref_axis',(-0.0871557427476584,0.996194698091746,0.));
#1491=DIRECTION('',(0.0871557427476583,-0.996194698091746,0.));
#1492=DIRECTION('center_axis',(0.996194698091746,0.0871557427476584,0.));
#1493=DIRECTION('ref_axis',(0.0871557427476584,-0.996194698091746,0.));
#1494=DIRECTION('',(0.,2.27504718160893E-16,-1.));
#1495=DIRECTION('center_axis',(-0.996194698091746,-0.0871557427476584,0.));
#1496=DIRECTION('ref_axis',(-0.0871557427476583,0.996194698091746,0.));
#1497=DIRECTION('',(0.0871557427476577,-0.996194698091746,-6.93889390390723E-16));
#1498=DIRECTION('center_axis',(0.996194698091746,0.0871557427476584,0.));
#1499=DIRECTION('ref_axis',(0.0871557427476584,-0.996194698091746,0.));
#1500=DIRECTION('',(0.,0.,-1.));
#1501=DIRECTION('center_axis',(0.996194698091746,0.0871557427476584,0.));
#1502=DIRECTION('ref_axis',(-0.0871557427476584,0.996194698091746,0.));
#1503=DIRECTION('',(-0.0871557427476577,0.996194698091746,0.));
#1504=DIRECTION('center_axis',(-0.996194698091746,-0.0871557427476584,0.));
#1505=DIRECTION('ref_axis',(-0.0871557427476584,0.996194698091746,0.));
#1506=DIRECTION('',(0.,-2.44902137784961E-16,-1.));
#1507=DIRECTION('center_axis',(0.996194698091746,0.0871557427476584,0.));
#1508=DIRECTION('ref_axis',(0.0871557427476584,-0.996194698091746,0.));
#1509=DIRECTION('',(-0.0871557427476583,0.996194698091746,0.));
#1510=DIRECTION('center_axis',(-0.996194698091744,-0.0871557427476789,-2.45401615332858E-15));
#1511=DIRECTION('ref_axis',(0.0635034385130924,-0.725847623609681,0.684917907925609));
#1512=DIRECTION('',(0.,0.,-1.));
#1513=DIRECTION('',(0.0871557427476584,-0.996194698091746,0.));
#1514=DIRECTION('center_axis',(-0.996194698091749,-0.0871557427476226,1.59862583724162E-13));
#1515=DIRECTION('ref_axis',(0.0555533322583963,-0.634977493307823,-0.770530603070054));
#1516=DIRECTION('center_axis',(-0.996194698091745,-0.0871557427476612,-5.0974561958522E-14));
#1517=DIRECTION('ref_axis',(-0.0525811822702163,0.601005663490046,-0.79751326742817));
#1518=DIRECTION('',(0.0108211672697474,-0.123686507870142,-0.992262339358806));
#1519=DIRECTION('center_axis',(0.996194698091747,0.0871557427476437,-7.35105934820791E-14));
#1520=DIRECTION('ref_axis',(-0.0598575090066078,0.684174458659263,0.726857887577639));
#1521=DIRECTION('center_axis',(0.996194698091747,0.0871557427476465,2.64201540889718E-16));
#1522=DIRECTION('ref_axis',(0.0724251862204133,-0.827823666536664,-0.556293600109449));
#1523=DIRECTION('center_axis',(0.996194698091741,0.0871557427477051,-1.14351251871655E-13));
#1524=DIRECTION('ref_axis',(0.0373235418718353,-0.426610035717964,0.903665220447738));
#1525=DIRECTION('center_axis',(0.996194698091756,0.0871557427475414,7.77584811222632E-14));
#1526=DIRECTION('ref_axis',(0.0574245669209266,-0.656365803371168,0.752254179967693));
#1527=DIRECTION('center_axis',(0.996194698091744,0.0871557427476754,-2.53841372906691E-14));
#1528=DIRECTION('ref_axis',(0.0425682166337711,-0.486556942558928,0.872611189809257));
#1529=DIRECTION('center_axis',(0.996194698091755,0.0871557427475509,-4.50325389267552E-14));
#1530=DIRECTION('ref_axis',(0.0744086270097526,-0.850494498499457,-0.520694213765316));
#1531=DIRECTION('',(0.,0.,1.));
#1532=DIRECTION('center_axis',(-0.996194698091752,-0.0871557427475839,-2.52289252683301E-13));
#1533=DIRECTION('ref_axis',(0.0750169598229253,-0.857447774372392,0.509073442602103));
#1534=DIRECTION('center_axis',(-0.996194698091758,-0.0871557427475204,-6.44115637177952E-14));
#1535=DIRECTION('ref_axis',(0.0683564420714889,-0.781317708109497,0.620378945340548));
#1536=DIRECTION('center_axis',(-0.996194698091757,-0.0871557427475271,7.71289750787958E-14));
#1537=DIRECTION('ref_axis',(0.0718790601767626,-0.821581417295472,-0.565541665540983));
#1538=DIRECTION('center_axis',(-0.996194698091752,-0.0871557427475875,1.96335918191476E-13));
#1539=DIRECTION('ref_axis',(0.0624836069751038,-0.714190895792774,-0.697156484030735));
#1540=DIRECTION('',(0.,0.,-1.));
#1541=DIRECTION('',(0.,0.,-1.));
#1542=DIRECTION('',(0.,0.,-1.));
#1543=DIRECTION('',(0.0871557427476584,-0.996194698091746,0.));
#1544=DIRECTION('',(0.000113169298556599,-0.00129353100156873,-0.999999156984774));
#1545=DIRECTION('',(0.0871557427476584,-0.996194698091746,-1.1256303362014E-15));
#1546=DIRECTION('',(0.,0.,-1.));
#1547=DIRECTION('',(0.0871557427476584,-0.996194698091746,0.));
#1548=DIRECTION('',(0.,0.,1.));
#1549=DIRECTION('',(0.0871557427476584,-0.996194698091746,-1.1256303362014E-15));
#1550=DIRECTION('',(0.,0.,1.));
#1551=DIRECTION('',(0.0871557427476584,-0.996194698091746,0.));
#1552=DIRECTION('',(0.,0.,1.));
#1553=DIRECTION('',(-0.0871557427476584,0.996194698091746,0.));
#1554=DIRECTION('',(0.,0.,1.));
#1555=DIRECTION('',(-0.0871557427476584,0.996194698091746,0.));
#1556=DIRECTION('',(0.,0.,1.));
#1557=DIRECTION('',(-0.0871557427476584,0.996194698091746,0.));
#1558=DIRECTION('',(-0.0871557427476584,0.996194698091746,0.));
#1559=DIRECTION('',(0.,0.,-1.));
#1560=DIRECTION('',(-0.0871557427476584,0.996194698091746,0.));
#1561=DIRECTION('',(-0.000113169298556419,0.00129353100156669,-0.999999156984774));
#1562=DIRECTION('',(-0.0871557427476584,0.996194698091746,0.));
#1563=DIRECTION('center_axis',(-0.996194698091746,-0.0871557427476584,0.));
#1564=DIRECTION('ref_axis',(0.0871557427476584,-0.996194698091746,0.));
#1565=DIRECTION('',(-0.0871557427476584,0.996194698091746,0.));
#1566=DIRECTION('',(-0.000113169298556419,0.00129353100156669,-0.999999156984774));
#1567=DIRECTION('center_axis',(-0.996194698091746,-0.0871557427476584,0.));
#1568=DIRECTION('ref_axis',(0.0871557427476584,-0.996194698091746,0.));
#1569=DIRECTION('',(0.0871557427476584,-0.996194698091746,0.));
#1570=DIRECTION('',(0.000113169298556599,-0.00129353100156873,-0.999999156984774));
#1571=DIRECTION('center_axis',(-0.996194698091746,-0.0871557427476584,0.));
#1572=DIRECTION('ref_axis',(0.0871557427476584,-0.996194698091746,0.));
#1573=DIRECTION('',(0.0871557427476584,-0.996194698091746,-1.1256303362014E-15));
#1574=DIRECTION('center_axis',(-0.996194698091746,-0.0871557427476584,0.));
#1575=DIRECTION('ref_axis',(0.0871557427476584,-0.996194698091746,0.));
#1576=DIRECTION('',(0.,0.,1.));
#1577=DIRECTION('',(-0.0871557427476584,0.996194698091746,0.));
#1578=DIRECTION('center_axis',(-0.996194698091746,-0.0871557427476584,0.));
#1579=DIRECTION('ref_axis',(0.0871557427476584,-0.996194698091746,0.));
#1580=DIRECTION('',(-0.0871557427476584,0.996194698091746,-1.96985483297255E-16));
#1581=DIRECTION('',(1.71030851007045E-17,-1.95489157239631E-16,-1.));
#1582=DIRECTION('',(0.0871557427476584,-0.996194698091746,1.96985483297255E-15));
#1583=DIRECTION('',(0.,0.,1.));
#1584=DIRECTION('center_axis',(-0.996194698091746,-0.0871557427476584,0.));
#1585=DIRECTION('ref_axis',(0.0871557427476584,-0.996194698091746,0.));
#1586=DIRECTION('',(-0.0871557427476584,0.996194698091746,-1.23116181485479E-16));
#1587=DIRECTION('',(0.,0.,1.));
#1588=DIRECTION('',(-0.0871557427476584,0.996194698091746,-1.23115545425988E-16));
#1589=DIRECTION('',(8.55151604229744E-17,-9.77442756313622E-16,-1.));
#1590=DIRECTION('',(0.0871557427476584,-0.996194698091746,4.67841489642834E-15));
#1591=DIRECTION('',(0.,0.,-1.));
#1592=DIRECTION('',(0.0871557427476584,-0.996194698091746,0.));
#1593=DIRECTION('',(1.71031204449717E-16,-1.95489561226453E-15,1.));
#1594=DIRECTION('center_axis',(-0.996194698091746,-0.0871557427476584,0.));
#1595=DIRECTION('ref_axis',(0.0871557427476584,-0.996194698091746,0.));
#1596=DIRECTION('center_axis',(-0.996194698091746,-0.0871557427476584,0.));
#1597=DIRECTION('ref_axis',(0.0871557427476584,-0.996194698091746,0.));
#1598=DIRECTION('center_axis',(0.996194698091746,0.0871557427476584,0.));
#1599=DIRECTION('ref_axis',(0.0871557427476584,-0.996194698091746,0.));
#1600=DIRECTION('',(-0.996194698091746,-0.0871557427476584,0.));
#1601=DIRECTION('',(-0.996194698091746,-0.0871557427476584,0.));
#1602=DIRECTION('center_axis',(0.0871557427476584,-0.996194698091746,0.));
#1603=DIRECTION('ref_axis',(0.996194698091746,0.0871557427476584,0.));
#1604=DIRECTION('',(0.,0.,1.));
#1605=DIRECTION('',(-0.996194698091746,-0.0871557427476584,0.));
#1606=DIRECTION('center_axis',(-0.996194698091746,-0.0871557427476584,0.));
#1607=DIRECTION('ref_axis',(0.0871557427476584,-0.996194698091746,0.));
#1608=DIRECTION('center_axis',(-0.996194698091746,-0.0871557427476584,0.));
#1609=DIRECTION('ref_axis',(0.0871557427476583,-0.996194698091746,0.));
#1610=DIRECTION('',(-0.996194698091746,-0.0871557427476584,0.));
#1611=DIRECTION('center_axis',(0.,0.,1.));
#1612=DIRECTION('ref_axis',(1.,0.,0.));
#1613=DIRECTION('',(-0.087155742747658,0.996194698091746,0.));
#1614=DIRECTION('',(-0.996194698091746,-0.0871557427476584,0.));
#1615=DIRECTION('center_axis',(-0.996194698091746,-0.0871557427476584,0.));
#1616=DIRECTION('ref_axis',(0.0871557427476584,-0.996194698091746,0.));
#1617=DIRECTION('center_axis',(0.996194698091746,0.0871557427476584,0.));
#1618=DIRECTION('ref_axis',(-0.0871557427476584,0.996194698091746,0.));
#1619=DIRECTION('',(-0.996194698091746,-0.0871557427476584,0.));
#1620=DIRECTION('center_axis',(0.0871557427476584,-0.996194698091746,0.));
#1621=DIRECTION('ref_axis',(0.996194698091746,0.0871557427476584,0.));
#1622=DIRECTION('',(0.,0.,1.));
#1623=DIRECTION('',(-0.996194698091746,-0.0871557427476584,0.));
#1624=DIRECTION('center_axis',(-0.996194698091746,-0.0871557427476584,0.));
#1625=DIRECTION('ref_axis',(0.0871557427476584,-0.996194698091746,0.));
#1626=DIRECTION('center_axis',(0.996194698091746,0.0871557427476584,0.));
#1627=DIRECTION('ref_axis',(0.0871557427476584,-0.996194698091746,0.));
#1628=DIRECTION('',(-0.996194698091746,-0.0871557427476584,0.));
#1629=DIRECTION('center_axis',(0.,0.,-1.));
#1630=DIRECTION('ref_axis',(-1.,0.,0.));
#1631=DIRECTION('',(0.087155742747658,-0.996194698091746,0.));
#1632=DIRECTION('',(-0.996194698091746,-0.0871557427476584,0.));
#1633=DIRECTION('center_axis',(-0.996194698091746,-0.0871557427476584,0.));
#1634=DIRECTION('ref_axis',(0.0871557427476584,-0.996194698091746,0.));
#1635=DIRECTION('center_axis',(-0.996194698091746,-0.0871557427476584,0.));
#1636=DIRECTION('ref_axis',(-0.0871557427476583,0.996194698091746,0.));
#1637=DIRECTION('',(-0.996194698091746,-0.0871557427476584,0.));
#1638=DIRECTION('center_axis',(0.0871557427476584,-0.996194698091746,0.));
#1639=DIRECTION('ref_axis',(0.996194698091746,0.0871557427476584,0.));
#1640=DIRECTION('',(0.,0.,1.));
#1641=DIRECTION('',(-0.996194698091746,-0.0871557427476584,0.));
#1642=DIRECTION('center_axis',(-0.996194698091746,-0.0871557427476584,0.));
#1643=DIRECTION('ref_axis',(0.0871557427476584,-0.996194698091746,0.));
#1644=DIRECTION('center_axis',(0.996194698091746,0.0871557427476584,0.));
#1645=DIRECTION('ref_axis',(-0.0871557427476584,0.996194698091746,0.));
#1646=DIRECTION('',(-0.996194698091746,-0.0871557427476584,0.));
#1647=DIRECTION('center_axis',(0.,0.,-1.));
#1648=DIRECTION('ref_axis',(-1.,0.,0.));
#1649=DIRECTION('',(0.0871557427476583,-0.996194698091746,0.));
#1650=DIRECTION('',(-0.996194698091746,-0.0871557427476584,0.));
#1651=DIRECTION('center_axis',(-0.996194698091746,-0.0871557427476584,0.));
#1652=DIRECTION('ref_axis',(0.0871557427476584,-0.996194698091746,0.));
#1653=DIRECTION('center_axis',(0.996194698091746,0.0871557427476584,0.));
#1654=DIRECTION('ref_axis',(0.0871557427476584,-0.996194698091746,0.));
#1655=DIRECTION('',(-0.996194698091746,-0.0871557427476584,0.));
#1656=DIRECTION('center_axis',(-0.0871557427476584,0.996194698091746,2.26638994022738E-16));
#1657=DIRECTION('ref_axis',(-0.996194698091746,-0.0871557427476584,3.08148791101958E-33));
#1658=DIRECTION('',(0.,2.27504718160893E-16,-1.));
#1659=DIRECTION('',(-0.996194698091746,-0.0871557427476584,0.));
#1660=DIRECTION('center_axis',(-0.996194698091746,-0.0871557427476584,0.));
#1661=DIRECTION('ref_axis',(0.0871557427476584,-0.996194698091746,0.));
#1662=DIRECTION('center_axis',(-0.996194698091746,-0.0871557427476584,0.));
#1663=DIRECTION('ref_axis',(-0.0871557427476583,0.996194698091746,0.));
#1664=DIRECTION('',(-0.996194698091746,-0.0871557427476584,0.));
#1665=DIRECTION('center_axis',(-6.04764452042233E-17,6.91248931769351E-16,
-1.));
#1666=DIRECTION('ref_axis',(0.,1.,6.91248931769351E-16));
#1667=DIRECTION('',(0.0871557427476577,-0.996194698091746,-6.93889390390723E-16));
#1668=DIRECTION('',(-0.996194698091746,-0.0871557427476584,0.));
#1669=DIRECTION('center_axis',(-0.996194698091746,-0.0871557427476584,0.));
#1670=DIRECTION('ref_axis',(0.0871557427476584,-0.996194698091746,0.));
#1671=DIRECTION('center_axis',(0.996194698091746,0.0871557427476584,0.));
#1672=DIRECTION('ref_axis',(0.0871557427476584,-0.996194698091746,0.));
#1673=DIRECTION('',(-0.996194698091746,-0.0871557427476584,0.));
#1674=DIRECTION('center_axis',(-0.0871557427476584,0.996194698091746,0.));
#1675=DIRECTION('ref_axis',(-0.996194698091746,-0.0871557427476584,0.));
#1676=DIRECTION('',(0.,0.,-1.));
#1677=DIRECTION('',(-0.996194698091746,-0.0871557427476584,0.));
#1678=DIRECTION('center_axis',(-0.996194698091746,-0.0871557427476584,0.));
#1679=DIRECTION('ref_axis',(0.0871557427476584,-0.996194698091746,0.));
#1680=DIRECTION('center_axis',(0.996194698091746,0.0871557427476584,0.));
#1681=DIRECTION('ref_axis',(-0.0871557427476584,0.996194698091746,0.));
#1682=DIRECTION('',(-0.996194698091746,-0.0871557427476584,0.));
#1683=DIRECTION('center_axis',(0.,0.,1.));
#1684=DIRECTION('ref_axis',(1.,0.,0.));
#1685=DIRECTION('',(-0.0871557427476577,0.996194698091746,0.));
#1686=DIRECTION('',(-0.996194698091746,-0.0871557427476584,0.));
#1687=DIRECTION('center_axis',(-0.996194698091746,-0.0871557427476584,0.));
#1688=DIRECTION('ref_axis',(0.0871557427476584,-0.996194698091746,0.));
#1689=DIRECTION('center_axis',(-0.996194698091746,-0.0871557427476584,0.));
#1690=DIRECTION('ref_axis',(-0.0871557427476584,0.996194698091746,0.));
#1691=DIRECTION('',(-0.996194698091746,-0.0871557427476584,0.));
#1692=DIRECTION('center_axis',(-0.0871557427476584,0.996194698091746,-2.43970211212712E-16));
#1693=DIRECTION('ref_axis',(-0.996194698091746,-0.0871557427476584,0.));
#1694=DIRECTION('',(0.,-2.44902137784961E-16,-1.));
#1695=DIRECTION('',(-0.996194698091746,-0.0871557427476584,0.));
#1696=DIRECTION('center_axis',(-0.996194698091746,-0.0871557427476584,0.));
#1697=DIRECTION('ref_axis',(0.0871557427476584,-0.996194698091746,0.));
#1698=DIRECTION('center_axis',(0.996194698091746,0.0871557427476584,0.));
#1699=DIRECTION('ref_axis',(0.0871557427476584,-0.996194698091746,0.));
#1700=DIRECTION('',(-0.996194698091746,-0.0871557427476584,0.));
#1701=DIRECTION('center_axis',(0.,0.,1.));
#1702=DIRECTION('ref_axis',(1.,0.,0.));
#1703=DIRECTION('',(-0.0871557427476583,0.996194698091746,0.));
#1704=DIRECTION('center_axis',(-0.996194698091746,-0.0871557427476584,0.));
#1705=DIRECTION('ref_axis',(0.0871557427476584,-0.996194698091746,0.));
#1706=DIRECTION('center_axis',(-0.996194698091746,-0.0871557427476584,0.));
#1707=DIRECTION('ref_axis',(0.0871557427476584,-0.996194698091746,0.));
#1708=DIRECTION('center_axis',(-0.996194698091746,-0.0871557427476584,0.));
#1709=DIRECTION('ref_axis',(0.0871557427476584,-0.996194698091746,0.));
#1710=DIRECTION('',(0.,0.,1.));
#1711=DIRECTION('',(-0.0871557427476584,0.996194698091746,0.));
#1712=DIRECTION('',(0.,0.,1.));
#1713=DIRECTION('',(0.0871557427476584,-0.996194698091746,0.));
#1714=DIRECTION('',(0.,0.,-1.));
#1715=DIRECTION('',(0.0871557427476584,-0.996194698091746,0.));
#1716=DIRECTION('',(0.,0.,-1.));
#1717=DIRECTION('',(-0.0871557427476584,0.996194698091746,0.));
#1718=DIRECTION('center_axis',(-0.996194698091746,-0.0871557427476584,0.));
#1719=DIRECTION('ref_axis',(0.0871557427476584,-0.996194698091746,0.));
#1720=DIRECTION('',(-0.0871557427476584,0.996194698091746,0.));
#1721=DIRECTION('',(0.,0.,1.));
#1722=DIRECTION('',(0.0871557427476584,-0.996194698091746,0.));
#1723=DIRECTION('',(0.,0.,1.));
#1724=DIRECTION('',(0.0871557427476584,-0.996194698091746,0.));
#1725=DIRECTION('',(0.000113169298556599,-0.00129353100156873,-0.999999156984774));
#1726=DIRECTION('',(0.0871557427476584,-0.996194698091746,0.));
#1727=DIRECTION('',(0.,0.,-1.));
#1728=DIRECTION('',(-0.0871557427476584,0.996194698091746,0.));
#1729=DIRECTION('',(-0.000113169298556419,0.00129353100156669,-0.999999156984774));
#1730=DIRECTION('',(-0.0871557427476584,0.996194698091746,0.));
#1731=DIRECTION('',(0.,0.,-1.));
#1732=DIRECTION('',(-0.0871557427476584,0.996194698091746,0.));
#1733=DIRECTION('',(0.,0.,1.));
#1734=DIRECTION('',(-0.0871557427476584,0.996194698091746,0.));
#1735=DIRECTION('',(0.,0.,1.));
#1736=DIRECTION('',(-0.0871557427476584,0.996194698091746,0.));
#1737=DIRECTION('',(0.,0.,-1.));
#1738=DIRECTION('',(0.0871557427476584,-0.996194698091746,0.));
#1739=DIRECTION('',(0.,0.,1.));
#1740=DIRECTION('center_axis',(-0.996194698091746,-0.0871557427476584,0.));
#1741=DIRECTION('ref_axis',(0.0871557427476584,-0.996194698091746,0.));
#1742=DIRECTION('',(0.0871557427476584,-0.996194698091746,0.));
#1743=DIRECTION('',(0.,0.,1.));
#1744=DIRECTION('',(0.0871557427476584,-0.996194698091746,0.));
#1745=DIRECTION('',(0.,0.,-1.));
#1746=DIRECTION('center_axis',(-0.996194698091746,-0.0871557427476584,0.));
#1747=DIRECTION('ref_axis',(0.0871557427476584,-0.996194698091746,0.));
#1748=DIRECTION('',(0.,0.,-1.));
#1749=DIRECTION('',(-0.0871557427476584,0.996194698091746,0.));
#1750=DIRECTION('',(0.,0.,1.));
#1751=DIRECTION('',(0.0871557427476584,-0.996194698091746,0.));
#1752=DIRECTION('',(-0.0871557427476584,0.996194698091746,0.));
#1753=DIRECTION('',(0.,0.,1.));
#1754=DIRECTION('',(-0.0871557427476584,0.996194698091746,0.));
#1755=DIRECTION('',(0.,0.,-1.));
#1756=DIRECTION('',(0.0871557427476584,-0.996194698091746,0.));
#1757=DIRECTION('',(0.,0.,-1.));
#1758=DIRECTION('',(0.0871557427476584,-0.996194698091746,0.));
#1759=DIRECTION('',(0.,0.,1.));
#1760=DIRECTION('center_axis',(-0.996194698091746,-0.0871557427476584,0.));
#1761=DIRECTION('ref_axis',(0.0871557427476584,-0.996194698091746,0.));
#1762=DIRECTION('',(0.0871557427476584,-0.996194698091746,0.));
#1763=DIRECTION('',(0.,0.,-1.));
#1764=DIRECTION('',(0.0871557427476584,-0.996194698091746,0.));
#1765=DIRECTION('',(0.000113169298556599,-0.00129353100156873,-0.999999156984774));
#1766=DIRECTION('center_axis',(-0.996194698091746,-0.0871557427476584,0.));
#1767=DIRECTION('ref_axis',(0.0871557427476584,-0.996194698091746,0.));
#1768=DIRECTION('',(-0.0871557427476584,0.996194698091746,0.));
#1769=DIRECTION('',(0.,0.,-1.));
#1770=DIRECTION('',(-0.0871557427476584,0.996194698091746,0.));
#1771=DIRECTION('',(-0.000113169298556419,0.00129353100156669,-0.999999156984774));
#1772=DIRECTION('center_axis',(-0.996194698091746,-0.0871557427476584,0.));
#1773=DIRECTION('ref_axis',(0.0871557427476584,-0.996194698091746,0.));
#1774=DIRECTION('',(0.,0.,1.));
#1775=DIRECTION('',(-0.0871557427476584,0.996194698091746,0.));
#1776=DIRECTION('',(0.,0.,1.));
#1777=DIRECTION('',(-0.0871557427476584,0.996194698091746,0.));
#1778=DIRECTION('center_axis',(-0.996194698091746,-0.0871557427476584,0.));
#1779=DIRECTION('ref_axis',(0.0871557427476584,-0.996194698091746,0.));
#1780=DIRECTION('',(0.,0.,-1.));
#1781=DIRECTION('center_axis',(-0.996194698091746,-0.0871557427476536,-1.1454286207563E-14));
#1782=DIRECTION('ref_axis',(0.0635034385130656,-0.725847623609657,0.684917907925636));
#1783=DIRECTION('center_axis',(-0.996194698091747,-0.0871557427476412,1.01274130510729E-13));
#1784=DIRECTION('ref_axis',(0.0624836069759936,-0.714190895801741,-0.697156484021468));
#1785=DIRECTION('center_axis',(-0.996194698091749,-0.087155742747615,5.34024308626292E-15));
#1786=DIRECTION('ref_axis',(0.0718790601767268,-0.821581417293762,-0.565541665543472));
#1787=DIRECTION('center_axis',(-0.996194698091741,-0.0871557427477078,1.78646085603281E-14));
#1788=DIRECTION('ref_axis',(0.0683564420713826,-0.781317708106003,0.620378945344959));
#1789=DIRECTION('center_axis',(-0.996194698091746,-0.0871557427476576,-7.4361784017065E-16));
#1790=DIRECTION('ref_axis',(0.07501695982279,-0.857447774368646,0.509073442608433));
#1791=DIRECTION('',(0.,0.,1.));
#1792=DIRECTION('center_axis',(0.996194698091743,0.0871557427476826,1.53375742469805E-14));
#1793=DIRECTION('ref_axis',(0.07440862700987,-0.850494498499142,-0.520694213765814));
#1794=DIRECTION('center_axis',(0.996194698091748,0.0871557427476271,9.70427066757765E-14));
#1795=DIRECTION('ref_axis',(0.0425682166330846,-0.486556942552578,0.872611189812832));
#1796=DIRECTION('center_axis',(0.996194698091746,0.0871557427476529,7.60305148750963E-15));
#1797=DIRECTION('ref_axis',(0.0574245669208033,-0.656365803368306,0.752254179970199));
#1798=DIRECTION('center_axis',(0.996194698091745,0.087155742747665,-2.78151693741893E-14));
#1799=DIRECTION('ref_axis',(0.037323541872071,-0.426610035721753,0.90366522044594));
#1800=DIRECTION('center_axis',(0.996194698091748,0.0871557427476366,-3.25848567097282E-15));
#1801=DIRECTION('ref_axis',(0.0724251862204895,-0.827823666537652,-0.55629360010797));
#1802=DIRECTION('center_axis',(0.996194698091746,0.0871557427476569,-1.3305357215021E-14));
#1803=DIRECTION('ref_axis',(-0.059857509006809,0.684174458660956,0.726857887576029));
#1804=DIRECTION('',(0.0108211672697474,-0.123686507870142,-0.992262339358806));
#1805=DIRECTION('center_axis',(-0.996194698091743,-0.0871557427476924,1.33532786225618E-13));
#1806=DIRECTION('ref_axis',(-0.0525811822711914,0.601005663499285,-0.797513267421143));
#1807=DIRECTION('center_axis',(-0.996194698091749,-0.0871557427476235,6.56884897483618E-14));
#1808=DIRECTION('ref_axis',(0.0555533322579584,-0.634977493301979,-0.770530603074902));
#1809=DIRECTION('',(0.,0.,1.));
#1810=DIRECTION('',(0.0871557427476584,-0.996194698091746,0.));
#1811=CARTESIAN_POINT('',(0.,0.,0.));
#1812=CARTESIAN_POINT('Origin',(48.5921153853774,38.3517763261492,-26.));
#1813=CARTESIAN_POINT('',(48.5921153853774,38.3517763261492,-28.));
#1814=CARTESIAN_POINT('',(48.4178038998821,40.3441657223327,-26.));
#1815=CARTESIAN_POINT('Origin',(48.5921153853774,38.3517763261492,-26.));
#1816=CARTESIAN_POINT('',(48.4178038998821,40.3441657223327,-23.5));
#1817=CARTESIAN_POINT('',(48.4178038998821,40.3441657223327,-26.));
#1818=CARTESIAN_POINT('',(48.3742260285082,40.8422630713785,-23.));
#1819=CARTESIAN_POINT('Origin',(48.3742260285082,40.8422630713785,-23.5));
#1820=CARTESIAN_POINT('',(47.154045630041,54.788988844663,-23.));
#1821=CARTESIAN_POINT('',(48.3742260285082,40.8422630713785,-23.));
#1822=CARTESIAN_POINT('',(46.9797341445457,56.7813782408465,-21.));
#1823=CARTESIAN_POINT('Origin',(47.154045630041,54.788988844663,-21.));
#1824=CARTESIAN_POINT('',(46.9797341445457,56.7813782408465,21.));
#1825=CARTESIAN_POINT('',(46.9797341445457,56.7813782408465,21.));
#1826=CARTESIAN_POINT('',(47.154045630041,54.788988844663,23.));
#1827=CARTESIAN_POINT('Origin',(47.154045630041,54.788988844663,21.));
#1828=CARTESIAN_POINT('',(48.3742260285082,40.8422630713785,23.));
#1829=CARTESIAN_POINT('',(48.3742260285082,40.8422630713785,23.));
#1830=CARTESIAN_POINT('',(48.4178038998821,40.3441657223327,23.5));
#1831=CARTESIAN_POINT('Origin',(48.3742260285082,40.8422630713785,23.5));
#1832=CARTESIAN_POINT('',(48.4178038998821,40.3441657223327,26.));
#1833=CARTESIAN_POINT('',(48.4178038998821,40.3441657223327,26.));
#1834=CARTESIAN_POINT('',(48.5921153853774,38.3517763261492,28.));
#1835=CARTESIAN_POINT('Origin',(48.5921153853774,38.3517763261492,26.));
#1836=CARTESIAN_POINT('',(50.8145868254427,12.9488115248097,28.));
#1837=CARTESIAN_POINT('',(50.8145868254427,12.9488115248097,28.));
#1838=CARTESIAN_POINT('',(50.988898310938,10.9564221286262,26.));
#1839=CARTESIAN_POINT('Origin',(50.8145868254427,12.9488115248097,26.));
#1840=CARTESIAN_POINT('',(50.988898310938,10.9564221286262,10.75));
#1841=CARTESIAN_POINT('',(50.988898310938,10.9564221286262,10.75));
#1842=CARTESIAN_POINT('',(51.0324761823118,10.4583247795803,10.25));
#1843=CARTESIAN_POINT('Origin',(51.0324761823118,10.4583247795803,10.75));
#1844=CARTESIAN_POINT('',(51.250365539181,7.96783803435094,10.25));
#1845=CARTESIAN_POINT('',(51.250365539181,7.96783803435094,10.25));
#1846=CARTESIAN_POINT('',(51.4246770246763,5.97544863816744,8.25));
#1847=CARTESIAN_POINT('Origin',(51.250365539181,7.96783803435094,8.25));
#1848=CARTESIAN_POINT('',(51.4246770246763,5.97544863816744,-2.25));
#1849=CARTESIAN_POINT('',(51.4246770246763,5.97544863816744,8.25));
#1850=CARTESIAN_POINT('',(51.250365539181,7.96783803435094,-4.25));
#1851=CARTESIAN_POINT('Origin',(51.250365539181,7.96783803435094,-2.25));
#1852=CARTESIAN_POINT('',(51.0324761823118,10.4583247795803,-4.25));
#1853=CARTESIAN_POINT('',(51.0324761823118,10.4583247795803,-4.25));
#1854=CARTESIAN_POINT('',(50.988898310938,10.9564221286262,-4.75));
#1855=CARTESIAN_POINT('Origin',(51.0324761823118,10.4583247795803,-4.75));
#1856=CARTESIAN_POINT('',(50.988898310938,10.9564221286262,-26.));
#1857=CARTESIAN_POINT('',(50.988898310938,10.9564221286262,-26.));
#1858=CARTESIAN_POINT('',(50.8145868254427,12.9488115248097,-28.));
#1859=CARTESIAN_POINT('Origin',(50.8145868254427,12.9488115248097,-26.));
#1860=CARTESIAN_POINT('',(48.5921153853774,38.3517763261492,-28.));
#1861=CARTESIAN_POINT('',(47.4260959106442,51.6794399083879,14.8794229174191));
#1862=CARTESIAN_POINT('',(47.4677086376784,51.2038042619263,14.4305359540489));
#1863=CARTESIAN_POINT('Origin',(63.4577248866202,-131.562917785443,187.36779496328));
#1864=CARTESIAN_POINT('',(47.4260959106442,51.6794399083879,15.1184406511511));
#1865=CARTESIAN_POINT('',(47.4260959106442,51.6794399083879,-26.));
#1866=CARTESIAN_POINT('',(47.3811297770338,52.1934051674074,15.1184406511511));
#1867=CARTESIAN_POINT('',(48.5921153853774,38.3517763261492,15.1184406511511));
#1868=CARTESIAN_POINT('',(47.3707392975714,52.3121688911139,14.583565600695));
#1869=CARTESIAN_POINT('Ctrl Pts',(47.3811297770338,52.1934051674075,15.1184406511511));
#1870=CARTESIAN_POINT('Ctrl Pts',(47.3811297770338,52.1934051674075,15.0340071509097));
#1871=CARTESIAN_POINT('Ctrl Pts',(47.3811297770338,52.1934051674075,14.9495736506683));
#1872=CARTESIAN_POINT('Ctrl Pts',(47.3811297770338,52.1934051674075,14.865140150427));
#1873=CARTESIAN_POINT('Ctrl Pts',(47.3811297770334,52.1934051674125,14.7473801938082));
#1874=CARTESIAN_POINT('Ctrl Pts',(47.3776747520776,52.2328962833643,14.6535220105633));
#1875=CARTESIAN_POINT('Ctrl Pts',(47.3707392975714,52.3121688911139,14.583565600695));
#1876=CARTESIAN_POINT('',(47.342413173856,52.6359379667151,14.4783395008597));
#1877=CARTESIAN_POINT('Origin',(46.3574570291873,63.8940382162353,28.6203236112867));
#1878=CARTESIAN_POINT('',(47.3155859212618,52.9425748670061,14.5786103550236));
#1879=CARTESIAN_POINT('Origin',(47.8921641938812,46.3522550543261,23.2853270438019));
#1880=CARTESIAN_POINT('',(47.3474178791253,52.5787339237267,15.2665150520885));
#1881=CARTESIAN_POINT('Ctrl Pts',(47.3155859212618,52.9425748670061,14.5786103550236));
#1882=CARTESIAN_POINT('Ctrl Pts',(47.3087774897324,53.0203955954875,14.6456519144889));
#1883=CARTESIAN_POINT('Ctrl Pts',(47.3053732739679,53.0593059597257,14.7348463370786));
#1884=CARTESIAN_POINT('Ctrl Pts',(47.3053732739683,53.0593059597205,14.8461936227925));
#1885=CARTESIAN_POINT('Ctrl Pts',(47.3053732739693,53.0593059597097,15.0913325423875));
#1886=CARTESIAN_POINT('Ctrl Pts',(47.3193966105534,52.8990184890936,15.2312453621254));
#1887=CARTESIAN_POINT('Ctrl Pts',(47.3474178791253,52.5787339237267,15.2665150520885));
#1888=CARTESIAN_POINT('',(47.3411683486913,52.6501663834559,15.8395746429647));
#1889=CARTESIAN_POINT('',(47.8097020464126,47.2948017128946,-27.1232898410876));
#1890=CARTESIAN_POINT('',(47.2787492581361,53.3636198531918,15.5218559481594));
#1891=CARTESIAN_POINT('Origin',(55.7515368043522,-43.480784950346,-87.2860045652947));
#1892=CARTESIAN_POINT('',(47.2566726648524,53.6159564690921,14.8126728430867));
#1893=CARTESIAN_POINT('Origin',(72.1565456909569,-230.990894551437,-175.737039613241));
#1894=CARTESIAN_POINT('',(47.2662501972635,53.5064847727018,14.3232694590144));
#1895=CARTESIAN_POINT('Ctrl Pts',(47.2662501972635,53.5064847727018,14.3232694590144));
#1896=CARTESIAN_POINT('Ctrl Pts',(47.2598736438538,53.5793691116858,14.4681375244622));
#1897=CARTESIAN_POINT('Ctrl Pts',(47.2566726648517,53.6159564690998,14.6310776624588));
#1898=CARTESIAN_POINT('Ctrl Pts',(47.2566726648524,53.6159564690921,14.8126728430867));
#1899=CARTESIAN_POINT('',(47.2937379693335,53.1922981002546,13.9816489907877));
#1900=CARTESIAN_POINT('Ctrl Pts',(47.2937379693335,53.1922981002546,13.9816489907877));
#1901=CARTESIAN_POINT('Ctrl Pts',(47.2817978095616,53.328774750951,14.0644307424774));
#1902=CARTESIAN_POINT('Ctrl Pts',(47.2726521552684,53.4333100578648,14.1784013935665));
#1903=CARTESIAN_POINT('Ctrl Pts',(47.2662501972635,53.5064847727018,14.3232694590144));
#1904=CARTESIAN_POINT('',(47.3345123447255,52.7262448569124,13.8574763632434));
#1905=CARTESIAN_POINT('Origin',(48.0686865541256,44.3345952441596,32.5464333787204));
#1906=CARTESIAN_POINT('',(47.3990400166876,51.9886901914093,14.2920805595445));
#1907=CARTESIAN_POINT('Ctrl Pts',(47.3990400166876,51.9886901914093,14.2920805595445));
#1908=CARTESIAN_POINT('Ctrl Pts',(47.3837718549352,52.1632060788064,14.002344428663));
#1909=CARTESIAN_POINT('Ctrl Pts',(47.3622795673447,52.4088640500724,13.8574763632292));
#1910=CARTESIAN_POINT('Ctrl Pts',(47.3345123447255,52.7262448569124,13.8574763632434));
#1911=CARTESIAN_POINT('',(47.4269088576865,51.6701478811753,13.9195626769577));
#1912=CARTESIAN_POINT('Origin',(52.2676709706083,-3.66001625487799,77.5330966510165));
#1913=CARTESIAN_POINT('',(47.4697918144849,51.1799934420718,13.7907262887531));
#1914=CARTESIAN_POINT('Origin',(54.3258718279196,-27.1853597033463,155.275158493155));
#1915=CARTESIAN_POINT('',(47.5347259599707,50.4377927629344,14.0845432101857));
#1916=CARTESIAN_POINT('Ctrl Pts',(47.5347259599707,50.4377927629344,14.0845432101857));
#1917=CARTESIAN_POINT('Ctrl Pts',(47.5180859500746,50.6279889463649,13.8886652625502));
#1918=CARTESIAN_POINT('Ctrl Pts',(47.4964412349127,50.8753891727439,13.7907262887403));
#1919=CARTESIAN_POINT('Ctrl Pts',(47.4697918144849,51.1799934420718,13.7907262887531));
#1920=CARTESIAN_POINT('',(47.5596986771143,50.1523532998405,14.8461936226603));
#1921=CARTESIAN_POINT('Origin',(14.6295902832032,426.545214578431,244.603157580845));
#1922=CARTESIAN_POINT('',(47.4631358105349,51.256071915348,15.8681401769336));
#1923=CARTESIAN_POINT('Ctrl Pts',(47.4631358105349,51.256071915348,15.8681401769336));
#1924=CARTESIAN_POINT('Ctrl Pts',(47.5275110549238,50.5202595049803,15.8489021641853));
#1925=CARTESIAN_POINT('Ctrl Pts',(47.5596986771169,50.1523532998111,15.5084476361221));
#1926=CARTESIAN_POINT('Ctrl Pts',(47.5596986771143,50.1523532998405,14.8461936226603));
#1927=CARTESIAN_POINT('',(47.4631358105349,51.256071915348,15.2758425733452));
#1928=CARTESIAN_POINT('',(47.4631358105349,51.256071915348,-26.));
#1929=CARTESIAN_POINT('',(47.49933735878,50.8422863254659,15.1566251915018));
#1930=CARTESIAN_POINT('Origin',(46.4063925409893,63.3347027568783,7.61057283676301));
#1931=CARTESIAN_POINT('',(47.5109980680031,50.7090038091585,14.8412383769863));
#1932=CARTESIAN_POINT('Origin',(43.2984754979075,98.8583571120181,-23.067384196644));
#1933=CARTESIAN_POINT('',(47.499769236897,50.8373499360003,14.5380939342112));
#1934=CARTESIAN_POINT('Origin',(35.4960007625208,188.04105142865,109.097322559521));
#1935=CARTESIAN_POINT('Origin',(43.561662641572,95.8501142945494,58.5301499486376));
#1936=CARTESIAN_POINT('',(50.0173622607765,22.0611299959904,-1.76124853233297));
#1937=CARTESIAN_POINT('',(50.0173622607765,22.0611299959904,-5.28381839164996));
#1938=CARTESIAN_POINT('',(50.0173622607765,22.0611299959904,-26.));
#1939=CARTESIAN_POINT('',(50.0173622607765,22.0611299959904,1.76128492966682));
#1940=CARTESIAN_POINT('',(50.0173622607765,22.0611299959904,-26.));
#1941=CARTESIAN_POINT('',(50.0173622607765,22.0611299959904,5.28381839164985));
#1942=CARTESIAN_POINT('',(50.0173622607765,22.0611299959904,-26.));
#1943=CARTESIAN_POINT('',(49.7111505306156,25.5611460874486,5.28381839164984));
#1944=CARTESIAN_POINT('',(48.5921153853774,38.3517763261492,5.28381839164985));
#1945=CARTESIAN_POINT('',(49.7103532405423,25.5702591546864,12.3289217129666));
#1946=CARTESIAN_POINT('',(49.714689008688,25.5207010980085,-25.9832755514404));
#1947=CARTESIAN_POINT('',(49.0963320278389,32.5885537308916,12.3289217129666));
#1948=CARTESIAN_POINT('',(48.5921153853774,38.3517763261491,12.3289217129666));
#1949=CARTESIAN_POINT('',(49.0963320278389,32.5885537308916,15.8514551749652));
#1950=CARTESIAN_POINT('',(49.0963320278389,32.5885537308916,-26.));
#1951=CARTESIAN_POINT('',(48.1765009002299,43.1022716291707,15.8514551749652));
#1952=CARTESIAN_POINT('',(48.5921153853774,38.3517763261492,15.8514551749652));
#1953=CARTESIAN_POINT('',(48.1765009002299,43.1022716291707,12.3289217129666));
#1954=CARTESIAN_POINT('',(48.1765009002299,43.1022716291707,-26.));
#1955=CARTESIAN_POINT('',(47.5612837544334,50.1342357831795,12.3289217129667));
#1956=CARTESIAN_POINT('',(48.5921153853774,38.3517763261491,12.3289217129666));
#1957=CARTESIAN_POINT('',(47.5612837544334,50.1342357831795,5.2838183916499));
#1958=CARTESIAN_POINT('',(47.5612837544334,50.1342357831795,-26.));
#1959=CARTESIAN_POINT('',(47.2542747342008,53.6433649418575,5.2838183916499));
#1960=CARTESIAN_POINT('',(48.5921153853774,38.3517763261492,5.2838183916499));
#1961=CARTESIAN_POINT('',(47.2542747342008,53.6433649418575,-5.2838183916499));
#1962=CARTESIAN_POINT('',(47.2542747342008,53.6433649418575,-26.));
#1963=CARTESIAN_POINT('',(47.5612837544334,50.1342357831795,-5.2838183916499));
#1964=CARTESIAN_POINT('',(48.5921153853774,38.3517763261492,-5.2838183916499));
#1965=CARTESIAN_POINT('',(47.5612837544334,50.1342357831795,-12.3288853156495));
#1966=CARTESIAN_POINT('',(47.5612837544334,50.1342357831795,-26.));
#1967=CARTESIAN_POINT('',(48.1765009002299,43.1022716291707,-12.3288853156495));
#1968=CARTESIAN_POINT('',(48.5921153853774,38.3517763261492,-12.3288853156495));
#1969=CARTESIAN_POINT('',(48.1765009002299,43.1022716291707,-15.8514187776481));
#1970=CARTESIAN_POINT('',(48.1765009002299,43.1022716291707,-26.));
#1971=CARTESIAN_POINT('',(48.4835099204211,39.5931424709654,-15.8514187776481));
#1972=CARTESIAN_POINT('',(48.5921153853774,38.3517763261492,-15.8514187776481));
#1973=CARTESIAN_POINT('',(49.0963320278389,32.5885537308916,-15.8514187776481));
#1974=CARTESIAN_POINT('',(48.5921153853774,38.3517763261492,-15.8514187776481));
#1975=CARTESIAN_POINT('',(49.0963320278389,32.5885537308916,-12.3288853156495));
#1976=CARTESIAN_POINT('',(49.0963320278389,32.5885537308916,-26.));
#1977=CARTESIAN_POINT('',(49.7103532405423,25.5702591546867,-12.3288853156495));
#1978=CARTESIAN_POINT('',(48.5921153853774,38.3517763261492,-12.3288853156495));
#1979=CARTESIAN_POINT('',(49.7111505264965,25.56114613453,-5.28381839164995));
#1980=CARTESIAN_POINT('',(49.708804206005,25.5879647004671,-26.0166367749516));
#1981=CARTESIAN_POINT('',(48.5921153853774,38.3517763261492,-5.28381839164996));
#1982=CARTESIAN_POINT('Origin',(48.5921153853774,38.3517763261492,-26.));
#1983=CARTESIAN_POINT('',(49.7115491735927,25.5565895773705,-1.76124853233298));
#1984=CARTESIAN_POINT('',(48.5921153853774,38.3517763261492,-1.76124853233298));
#1985=CARTESIAN_POINT('',(49.708804206005,25.5879647004671,-26.0166367749516));
#1986=CARTESIAN_POINT('Origin',(48.5921153853774,38.3517763261492,-26.));
#1987=CARTESIAN_POINT('',(49.7115491735927,25.5565895773702,1.76128492966682));
#1988=CARTESIAN_POINT('',(48.5921153853774,38.3517763261492,1.76128492966682));
#1989=CARTESIAN_POINT('',(49.714689008688,25.5207010980085,-25.9832755514404));
#1990=CARTESIAN_POINT('Origin',(48.5921153853774,38.3517763261492,-26.));
#1991=CARTESIAN_POINT('',(48.5921153853774,38.3517763261491,12.3289217129666));
#1992=CARTESIAN_POINT('Origin',(48.5921153853774,38.3517763261492,-26.));
#1993=CARTESIAN_POINT('',(48.4835099204211,39.5931424709654,-12.3288853156495));
#1994=CARTESIAN_POINT('',(48.4835099204211,39.5931424709654,-26.));
#1995=CARTESIAN_POINT('',(48.5921153853774,38.3517763261492,-12.3288853156495));
#1996=CARTESIAN_POINT('Origin',(48.5921153853774,38.3517763261492,-26.));
#1997=CARTESIAN_POINT('',(49.4045401533861,29.0657187357509,-8.80635185380765));
#1998=CARTESIAN_POINT('',(47.869491879982,46.6114007880229,-8.80635185380765));
#1999=CARTESIAN_POINT('',(48.5921153853774,38.3517763261492,-8.80635185380765));
#2000=CARTESIAN_POINT('',(49.4045401533861,29.065718735751,8.80635185349061));
#2001=CARTESIAN_POINT('',(49.4045401533861,29.0657187357509,-26.));
#2002=CARTESIAN_POINT('',(47.869491879982,46.6114007880229,8.80635185349057));
#2003=CARTESIAN_POINT('',(48.5921153853774,38.3517763261492,8.80635185349059));
#2004=CARTESIAN_POINT('',(47.869491879982,46.6114007880229,-26.));
#2005=CARTESIAN_POINT('Origin',(48.5921153853774,38.3517763261492,-26.));
#2006=CARTESIAN_POINT('',(48.4835099204625,39.5931424704923,-1.76124853233309));
#2007=CARTESIAN_POINT('',(48.1765009002299,43.1022716291707,-1.76124853233309));
#2008=CARTESIAN_POINT('',(48.5921153853774,38.3517763261492,-1.76124853233309));
#2009=CARTESIAN_POINT('',(48.4835099204625,39.5931424704923,-5.28381839164996));
#2010=CARTESIAN_POINT('',(48.4835099204625,39.5931424704923,-26.));
#2011=CARTESIAN_POINT('',(49.0975311331673,32.5748478942714,-5.28381839164996));
#2012=CARTESIAN_POINT('',(48.5921153853774,38.3517763261492,-5.28381839164996));
#2013=CARTESIAN_POINT('',(49.0975311331673,32.5748478942714,1.76128492966681));
#2014=CARTESIAN_POINT('',(49.0975311331673,32.5748478942714,-26.));
#2015=CARTESIAN_POINT('',(48.7905221129334,36.0839770529647,1.76128492966679));
#2016=CARTESIAN_POINT('',(48.5921153853774,38.3517763261493,1.76128492966678));
#2017=CARTESIAN_POINT('',(48.7905221129334,36.0839770529647,5.28381839164985));
#2018=CARTESIAN_POINT('',(48.7905221129334,36.0839770529647,-26.));
#2019=CARTESIAN_POINT('',(48.1765009002299,43.1022716291707,5.28381839164984));
#2020=CARTESIAN_POINT('',(48.5921153853774,38.3517763261492,5.28381839164985));
#2021=CARTESIAN_POINT('',(48.1765009002299,43.1022716291708,-26.));
#2022=CARTESIAN_POINT('Origin',(48.5921153853774,38.3517763261492,-26.));
#2023=CARTESIAN_POINT('Origin',(48.5921153853774,38.3517763261492,-26.));
#2024=CARTESIAN_POINT('',(48.0940180363315,38.3081984547753,-28.));
#2025=CARTESIAN_POINT('',(47.9197065508362,40.3005878509588,-26.));
#2026=CARTESIAN_POINT('Origin',(48.0940180363315,38.3081984547753,-26.));
#2027=CARTESIAN_POINT('',(48.4178038998821,40.3441657223327,-26.));
#2028=CARTESIAN_POINT('',(48.5921153853774,38.3517763261492,-28.));
#2029=CARTESIAN_POINT('Origin',(48.4178038998821,40.3441657223327,-26.));
#2030=CARTESIAN_POINT('',(47.9197065508362,40.3005878509588,-23.5));
#2031=CARTESIAN_POINT('',(47.9197065508362,40.3005878509588,-26.));
#2032=CARTESIAN_POINT('',(48.4178038998821,40.3441657223327,-23.5));
#2033=CARTESIAN_POINT('Origin',(48.3742260285082,40.8422630713785,-23.5));
#2034=CARTESIAN_POINT('',(47.8761286794624,40.7986852000047,-23.));
#2035=CARTESIAN_POINT('Origin',(47.8761286794624,40.7986852000047,-23.5));
#2036=CARTESIAN_POINT('',(48.3742260285082,40.8422630713785,-23.));
#2037=CARTESIAN_POINT('Origin',(48.3742260285082,40.8422630713785,-23.));
#2038=CARTESIAN_POINT('',(46.6559482809952,54.7454109732892,-23.));
#2039=CARTESIAN_POINT('',(47.8761286794624,40.7986852000047,-23.));
#2040=CARTESIAN_POINT('',(47.154045630041,54.788988844663,-23.));
#2041=CARTESIAN_POINT('Origin',(47.154045630041,54.788988844663,-21.));
#2042=CARTESIAN_POINT('',(46.4816367954998,56.7378003694726,-21.));
#2043=CARTESIAN_POINT('Origin',(46.6559482809952,54.7454109732892,-21.));
#2044=CARTESIAN_POINT('',(46.9797341445457,56.7813782408465,-21.));
#2045=CARTESIAN_POINT('Origin',(46.9797341445457,56.7813782408465,21.));
#2046=CARTESIAN_POINT('',(46.4816367954998,56.7378003694726,21.));
#2047=CARTESIAN_POINT('',(46.4816367954998,56.7378003694726,21.));
#2048=CARTESIAN_POINT('',(46.9797341445457,56.7813782408465,21.));
#2049=CARTESIAN_POINT('Origin',(47.154045630041,54.788988844663,21.));
#2050=CARTESIAN_POINT('',(46.6559482809952,54.7454109732892,23.));
#2051=CARTESIAN_POINT('Origin',(46.6559482809952,54.7454109732892,21.));
#2052=CARTESIAN_POINT('',(47.154045630041,54.788988844663,23.));
#2053=CARTESIAN_POINT('Origin',(48.3742260285082,40.8422630713785,23.));
#2054=CARTESIAN_POINT('',(47.8761286794624,40.7986852000047,23.));
#2055=CARTESIAN_POINT('',(47.8761286794624,40.7986852000047,23.));
#2056=CARTESIAN_POINT('',(48.3742260285082,40.8422630713785,23.));
#2057=CARTESIAN_POINT('Origin',(48.3742260285082,40.8422630713785,23.5));
#2058=CARTESIAN_POINT('',(47.9197065508362,40.3005878509588,23.5));
#2059=CARTESIAN_POINT('Origin',(47.8761286794624,40.7986852000047,23.5));
#2060=CARTESIAN_POINT('',(48.4178038998821,40.3441657223327,23.5));
#2061=CARTESIAN_POINT('Origin',(48.4178038998821,40.3441657223327,26.));
#2062=CARTESIAN_POINT('',(47.9197065508362,40.3005878509588,26.));
#2063=CARTESIAN_POINT('',(47.9197065508362,40.3005878509588,26.));
#2064=CARTESIAN_POINT('',(48.4178038998821,40.3441657223327,26.));
#2065=CARTESIAN_POINT('Origin',(48.5921153853774,38.3517763261492,26.));
#2066=CARTESIAN_POINT('',(48.0940180363315,38.3081984547753,28.));
#2067=CARTESIAN_POINT('Origin',(48.0940180363315,38.3081984547753,26.));
#2068=CARTESIAN_POINT('',(48.5921153853774,38.3517763261492,28.));
#2069=CARTESIAN_POINT('Origin',(50.8145868254427,12.9488115248097,28.));
#2070=CARTESIAN_POINT('',(50.3164894763968,12.9052336534358,28.));
#2071=CARTESIAN_POINT('',(50.3164894763968,12.9052336534358,28.));
#2072=CARTESIAN_POINT('',(50.8145868254427,12.9488115248097,28.));
#2073=CARTESIAN_POINT('Origin',(50.8145868254427,12.9488115248097,26.));
#2074=CARTESIAN_POINT('',(50.4908009618921,10.9128442572523,26.));
#2075=CARTESIAN_POINT('Origin',(50.3164894763968,12.9052336534358,26.));
#2076=CARTESIAN_POINT('',(50.988898310938,10.9564221286262,26.));
#2077=CARTESIAN_POINT('Origin',(50.988898310938,10.9564221286262,10.75));
#2078=CARTESIAN_POINT('',(50.4908009618921,10.9128442572523,10.75));
#2079=CARTESIAN_POINT('',(50.4908009618921,10.9128442572523,10.75));
#2080=CARTESIAN_POINT('',(50.988898310938,10.9564221286262,10.75));
#2081=CARTESIAN_POINT('Origin',(51.0324761823118,10.4583247795803,10.75));
#2082=CARTESIAN_POINT('',(50.5343788332659,10.4147469082065,10.25));
#2083=CARTESIAN_POINT('Origin',(50.5343788332659,10.4147469082065,10.75));
#2084=CARTESIAN_POINT('',(51.0324761823118,10.4583247795803,10.25));
#2085=CARTESIAN_POINT('Origin',(51.250365539181,7.96783803435094,10.25));
#2086=CARTESIAN_POINT('',(50.7522681901351,7.92426016297711,10.25));
#2087=CARTESIAN_POINT('',(50.7522681901351,7.92426016297711,10.25));
#2088=CARTESIAN_POINT('',(51.250365539181,7.96783803435094,10.25));
#2089=CARTESIAN_POINT('Origin',(51.250365539181,7.96783803435094,8.25));
#2090=CARTESIAN_POINT('',(50.9265796756304,5.93187076679362,8.25));
#2091=CARTESIAN_POINT('Origin',(50.7522681901351,7.92426016297711,8.25));
#2092=CARTESIAN_POINT('',(51.4246770246763,5.97544863816744,8.25));
#2093=CARTESIAN_POINT('Origin',(51.4246770246763,5.97544863816744,8.25));
#2094=CARTESIAN_POINT('',(50.9265796756304,5.93187076679362,-2.25));
#2095=CARTESIAN_POINT('',(50.9265796756304,5.93187076679362,8.25));
#2096=CARTESIAN_POINT('',(51.4246770246763,5.97544863816744,-2.25));
#2097=CARTESIAN_POINT('Origin',(51.250365539181,7.96783803435094,-2.25));
#2098=CARTESIAN_POINT('',(50.7522681901351,7.92426016297711,-4.25));
#2099=CARTESIAN_POINT('Origin',(50.7522681901351,7.92426016297711,-2.25));
#2100=CARTESIAN_POINT('',(51.250365539181,7.96783803435094,-4.25));
#2101=CARTESIAN_POINT('Origin',(51.0324761823118,10.4583247795803,-4.25));
#2102=CARTESIAN_POINT('',(50.5343788332659,10.4147469082065,-4.25));
#2103=CARTESIAN_POINT('',(50.5343788332659,10.4147469082065,-4.25));
#2104=CARTESIAN_POINT('',(51.0324761823118,10.4583247795803,-4.25));
#2105=CARTESIAN_POINT('Origin',(51.0324761823118,10.4583247795803,-4.75));
#2106=CARTESIAN_POINT('',(50.4908009618921,10.9128442572523,-4.75));
#2107=CARTESIAN_POINT('Origin',(50.5343788332659,10.4147469082065,-4.75));
#2108=CARTESIAN_POINT('',(50.988898310938,10.9564221286262,-4.75));
#2109=CARTESIAN_POINT('Origin',(50.988898310938,10.9564221286262,-26.));
#2110=CARTESIAN_POINT('',(50.4908009618921,10.9128442572523,-26.));
#2111=CARTESIAN_POINT('',(50.4908009618921,10.9128442572523,-26.));
#2112=CARTESIAN_POINT('',(50.988898310938,10.9564221286262,-26.));
#2113=CARTESIAN_POINT('Origin',(50.8145868254427,12.9488115248097,-26.));
#2114=CARTESIAN_POINT('',(50.3164894763968,12.9052336534358,-28.));
#2115=CARTESIAN_POINT('Origin',(50.3164894763968,12.9052336534358,-26.));
#2116=CARTESIAN_POINT('',(50.8145868254427,12.9488115248097,-28.));
#2117=CARTESIAN_POINT('Origin',(48.5921153853774,38.3517763261492,-28.));
#2118=CARTESIAN_POINT('',(48.0940180363315,38.3081984547753,-28.));
#2119=CARTESIAN_POINT('Origin',(48.5921153853774,38.3517763261492,-26.));
#2120=CARTESIAN_POINT('Origin',(48.0940180363315,38.3081984547753,-26.));
#2121=CARTESIAN_POINT('Origin',(48.641925120282,38.3561341132866,-26.));
#2122=CARTESIAN_POINT('',(48.5333196553671,39.5975002576297,-5.28381839164995));
#2123=CARTESIAN_POINT('',(48.5333196553671,39.5975002576297,-1.76124853233307));
#2124=CARTESIAN_POINT('',(48.5333196553671,39.5975002576297,-26.));
#2125=CARTESIAN_POINT('',(48.2263106351344,43.1066294163081,-1.76124853233307));
#2126=CARTESIAN_POINT('',(48.641925120282,38.3561341132866,-1.76124853233307));
#2127=CARTESIAN_POINT('',(48.2263106351344,43.1066294163081,5.28381839164986));
#2128=CARTESIAN_POINT('',(48.2263106351344,43.1066294163081,-26.));
#2129=CARTESIAN_POINT('',(48.8403318478379,36.0883348401021,5.28381839164986));
#2130=CARTESIAN_POINT('',(48.641925120282,38.3561341132866,5.28381839164986));
#2131=CARTESIAN_POINT('',(48.8403318478379,36.0883348401021,1.76128492966681));
#2132=CARTESIAN_POINT('',(48.8403318478379,36.0883348401021,-26.));
#2133=CARTESIAN_POINT('',(49.1473408680719,32.5792056814088,1.76128492966682));
#2134=CARTESIAN_POINT('',(48.641925120282,38.3561341132866,1.76128492966681));
#2135=CARTESIAN_POINT('',(49.1473408680719,32.5792056814088,-5.28381839164995));
#2136=CARTESIAN_POINT('',(49.1473408680719,32.5792056814088,-26.));
#2137=CARTESIAN_POINT('',(48.641925120282,38.3561341132866,-5.28381839164995));
#2138=CARTESIAN_POINT('Origin',(48.641925120282,38.3561341132866,-26.));
#2139=CARTESIAN_POINT('',(47.611093489338,50.1385935703168,-5.2838183916499));
#2140=CARTESIAN_POINT('',(47.3040844691054,53.6477227289949,-5.2838183916499));
#2141=CARTESIAN_POINT('',(48.641925120282,38.3561341132866,-5.2838183916499));
#2142=CARTESIAN_POINT('',(47.3040844691054,53.6477227289949,5.28381839164992));
#2143=CARTESIAN_POINT('',(47.3040844691054,53.6477227289949,-26.));
#2144=CARTESIAN_POINT('',(47.611093489338,50.1385935703169,5.28381839164992));
#2145=CARTESIAN_POINT('',(48.641925120282,38.3561341132866,5.28381839164992));
#2146=CARTESIAN_POINT('',(47.611093489338,50.1385935703168,12.3289217129667));
#2147=CARTESIAN_POINT('',(47.611093489338,50.1385935703169,-26.));
#2148=CARTESIAN_POINT('',(49.7601629754469,25.5746169418238,12.3289217129666));
#2149=CARTESIAN_POINT('',(48.641925120282,38.3561341132866,12.3289217129667));
#2150=CARTESIAN_POINT('',(49.7613589084973,25.5609473645076,1.76128492966683));
#2151=CARTESIAN_POINT('',(49.7644987435926,25.5250588851459,-25.9832755514404));
#2152=CARTESIAN_POINT('',(50.0671719956811,22.0654877831278,1.76128492966683));
#2153=CARTESIAN_POINT('',(48.641925120282,38.3561341132866,1.76128492966683));
#2154=CARTESIAN_POINT('',(50.0671719956811,22.0654877831278,-1.76124853233296));
#2155=CARTESIAN_POINT('',(50.0671719956811,22.0654877831278,-26.));
#2156=CARTESIAN_POINT('',(49.7613589084972,25.5609473645079,-1.76124853233296));
#2157=CARTESIAN_POINT('',(48.641925120282,38.3561341132866,-1.76124853233296));
#2158=CARTESIAN_POINT('',(49.7601629754469,25.574616941824,-12.3288853156495));
#2159=CARTESIAN_POINT('',(49.7586139409096,25.5923224876044,-26.0166367749516));
#2160=CARTESIAN_POINT('',(49.1461417627435,32.592911518029,-12.3288853156495));
#2161=CARTESIAN_POINT('',(48.641925120282,38.3561341132866,-12.3288853156495));
#2162=CARTESIAN_POINT('',(49.1461417627435,32.592911518029,-15.8514187776481));
#2163=CARTESIAN_POINT('',(49.1461417627435,32.592911518029,-26.));
#2164=CARTESIAN_POINT('',(48.5333196553257,39.5975002581027,-15.8514187776481));
#2165=CARTESIAN_POINT('',(48.641925120282,38.3561341132866,-15.8514187776481));
#2166=CARTESIAN_POINT('',(48.5333196553257,39.5975002581027,-12.3288853156495));
#2167=CARTESIAN_POINT('',(48.5333196553257,39.5975002581027,-26.));
#2168=CARTESIAN_POINT('',(47.611093489338,50.1385935703169,-12.3288853156495));
#2169=CARTESIAN_POINT('',(48.641925120282,38.3561341132866,-12.3288853156495));
#2170=CARTESIAN_POINT('',(47.611093489338,50.1385935703169,-26.));
#2171=CARTESIAN_POINT('',(49.4543498882907,29.0700765228883,-8.80635185380764));
#2172=CARTESIAN_POINT('',(47.9193016148866,46.6157585751602,-8.80635185380765));
#2173=CARTESIAN_POINT('',(48.641925120282,38.3561341132866,-8.80635185380764));
#2174=CARTESIAN_POINT('',(49.4543498882907,29.0700765228883,8.80635185349062));
#2175=CARTESIAN_POINT('',(49.4543498882907,29.0700765228883,-26.));
#2176=CARTESIAN_POINT('',(47.9193016148866,46.6157585751602,8.80635185349059));
#2177=CARTESIAN_POINT('',(48.641925120282,38.3561341132866,8.80635185349059));
#2178=CARTESIAN_POINT('',(47.9193016148866,46.6157585751602,-26.));
#2179=CARTESIAN_POINT('Origin',(48.641925120282,38.3561341132866,-26.));
#2180=CARTESIAN_POINT('',(48.2263106351344,43.1066294163081,12.3289217129667));
#2181=CARTESIAN_POINT('',(49.1461417627435,32.592911518029,12.3289217129666));
#2182=CARTESIAN_POINT('',(48.641925120282,38.3561341132866,12.3289217129667));
#2183=CARTESIAN_POINT('',(48.2263106351344,43.1066294163081,15.8514551749652));
#2184=CARTESIAN_POINT('',(48.2263106351344,43.1066294163081,-26.));
#2185=CARTESIAN_POINT('',(49.1461417627435,32.592911518029,15.8514551749652));
#2186=CARTESIAN_POINT('',(48.641925120282,38.3561341132866,15.8514551749652));
#2187=CARTESIAN_POINT('',(49.1461417627435,32.592911518029,-26.));
#2188=CARTESIAN_POINT('Origin',(48.641925120282,38.3561341132866,-26.));
#2189=CARTESIAN_POINT('',(49.4543498882907,29.0700765228883,8.80635185349062));
#2190=CARTESIAN_POINT('',(49.4543498882907,29.0700765228883,-8.80635185380764));
#2191=CARTESIAN_POINT('',(49.4543498882907,29.0700765228883,-26.));
#2192=CARTESIAN_POINT('',(47.9193016148866,46.6157585751602,-8.80635185380765));
#2193=CARTESIAN_POINT('',(48.641925120282,38.3561341132866,-8.80635185380764));
#2194=CARTESIAN_POINT('',(47.9193016148866,46.6157585751602,8.80635185349059));
#2195=CARTESIAN_POINT('',(47.9193016148866,46.6157585751602,-26.));
#2196=CARTESIAN_POINT('',(48.641925120282,38.3561341132866,8.80635185349059));
#2197=CARTESIAN_POINT('',(48.5333196553671,39.5975002576297,-1.76124853233307));
#2198=CARTESIAN_POINT('',(48.2263106351344,43.1066294163081,-1.76124853233307));
#2199=CARTESIAN_POINT('',(48.641925120282,38.3561341132866,-1.76124853233307));
#2200=CARTESIAN_POINT('',(48.5333196553671,39.5975002576297,-5.28381839164995));
#2201=CARTESIAN_POINT('',(48.5333196553671,39.5975002576297,-26.));
#2202=CARTESIAN_POINT('',(49.1473408680719,32.5792056814088,-5.28381839164995));
#2203=CARTESIAN_POINT('',(48.641925120282,38.3561341132866,-5.28381839164995));
#2204=CARTESIAN_POINT('',(49.1473408680719,32.5792056814088,1.76128492966682));
#2205=CARTESIAN_POINT('',(49.1473408680719,32.5792056814088,-26.));
#2206=CARTESIAN_POINT('',(48.8403318478379,36.0883348401021,1.76128492966681));
#2207=CARTESIAN_POINT('',(48.641925120282,38.3561341132866,1.76128492966681));
#2208=CARTESIAN_POINT('',(48.8403318478379,36.0883348401021,5.28381839164986));
#2209=CARTESIAN_POINT('',(48.8403318478379,36.0883348401021,-26.));
#2210=CARTESIAN_POINT('',(48.2263106351344,43.1066294163081,5.28381839164986));
#2211=CARTESIAN_POINT('',(48.641925120282,38.3561341132866,5.28381839164986));
#2212=CARTESIAN_POINT('',(48.2263106351344,43.1066294163081,-26.));
#2213=CARTESIAN_POINT('Origin',(48.641925120282,38.3561341132866,-26.));
#2214=CARTESIAN_POINT('',(49.7609602655202,25.5655038745859,5.28381839164986));
#2215=CARTESIAN_POINT('',(50.0671719956811,22.0654877831278,5.28381839164986));
#2216=CARTESIAN_POINT('',(48.641925120282,38.3561341132866,5.28381839164986));
#2217=CARTESIAN_POINT('',(50.0671719956811,22.0654877831278,1.76128492966683));
#2218=CARTESIAN_POINT('',(50.0671719956811,22.0654877831278,-26.));
#2219=CARTESIAN_POINT('',(49.7613589084973,25.5609473645076,1.76128492966683));
#2220=CARTESIAN_POINT('',(48.641925120282,38.3561341132866,1.76128492966683));
#2221=CARTESIAN_POINT('',(49.7644987435926,25.5250588851459,-25.9832755514404));
#2222=CARTESIAN_POINT('Origin',(48.641925120282,38.3561341132866,-26.));
#2223=CARTESIAN_POINT('',(50.0671719956811,22.0654877831278,-1.76124853233296));
#2224=CARTESIAN_POINT('',(49.7613589084972,25.5609473645079,-1.76124853233296));
#2225=CARTESIAN_POINT('',(48.641925120282,38.3561341132866,-1.76124853233296));
#2226=CARTESIAN_POINT('',(50.0671719956811,22.0654877831278,-5.28381839164995));
#2227=CARTESIAN_POINT('',(50.0671719956811,22.0654877831278,-26.));
#2228=CARTESIAN_POINT('',(49.7609602614011,25.5655039216673,-5.28381839164994));
#2229=CARTESIAN_POINT('',(48.641925120282,38.3561341132866,-5.28381839164995));
#2230=CARTESIAN_POINT('',(49.7586139409096,25.5923224876044,-26.0166367749516));
#2231=CARTESIAN_POINT('Origin',(48.641925120282,38.3561341132866,-26.));
#2232=CARTESIAN_POINT('',(48.5333196553257,39.5975002581027,-15.8514187776481));
#2233=CARTESIAN_POINT('',(48.5333196553257,39.5975002581027,-12.3288853156495));
#2234=CARTESIAN_POINT('',(48.5333196553257,39.5975002581027,-26.));
#2235=CARTESIAN_POINT('',(48.2263106351344,43.1066294163081,-15.8514187776481));
#2236=CARTESIAN_POINT('',(48.641925120282,38.3561341132866,-15.8514187776481));
#2237=CARTESIAN_POINT('',(48.2263106351344,43.1066294163081,-12.3288853156495));
#2238=CARTESIAN_POINT('',(48.2263106351344,43.1066294163081,-26.));
#2239=CARTESIAN_POINT('',(48.641925120282,38.3561341132866,-12.3288853156495));
#2240=CARTESIAN_POINT('Origin',(48.641925120282,38.3561341132866,-26.));
#2241=CARTESIAN_POINT('',(47.4759056455488,51.6837976955253,15.1184406511511));
#2242=CARTESIAN_POINT('',(47.4759056455488,51.6837976955253,14.8794229174191));
#2243=CARTESIAN_POINT('',(47.4759056455488,51.6837976955253,-26.));
#2244=CARTESIAN_POINT('',(47.517518372583,51.2081620490636,14.4305359540489));
#2245=CARTESIAN_POINT('Origin',(63.5075346252634,-131.55856004111,187.367795003683));
#2246=CARTESIAN_POINT('',(47.5495789718015,50.8417077231377,14.5380939342112));
#2247=CARTESIAN_POINT('Origin',(43.6114723922656,95.8544719011423,58.5301497712687));
#2248=CARTESIAN_POINT('',(47.5608078029077,50.7133615962959,14.8412383769863));
#2249=CARTESIAN_POINT('Origin',(35.5458105812493,188.045408257458,109.09732190046));
#2250=CARTESIAN_POINT('',(47.5491470936846,50.8466441126033,15.1566251915018));
#2251=CARTESIAN_POINT('Origin',(43.3482852473799,98.8627147325049,-23.0673840647604));
#2252=CARTESIAN_POINT('',(47.5129455454395,51.2604297024854,15.2758425733452));
#2253=CARTESIAN_POINT('Origin',(46.4562022754453,63.3390605491103,7.61057283361455));
#2254=CARTESIAN_POINT('',(47.5129455454395,51.2604297024854,15.8681401769336));
#2255=CARTESIAN_POINT('',(47.5129455454395,51.2604297024854,-26.));
#2256=CARTESIAN_POINT('',(47.6095084120189,50.1567110869779,14.8461936226603));
#2257=CARTESIAN_POINT('Ctrl Pts',(47.5129455454395,51.2604297024854,15.8681401769336));
#2258=CARTESIAN_POINT('Ctrl Pts',(47.5773207898283,50.5246172921177,15.8489021641853));
#2259=CARTESIAN_POINT('Ctrl Pts',(47.6095084120215,50.1567110869485,15.5084476361221));
#2260=CARTESIAN_POINT('Ctrl Pts',(47.6095084120189,50.1567110869779,14.8461936226603));
#2261=CARTESIAN_POINT('',(47.5845356948753,50.4421505500718,14.0845432101857));
#2262=CARTESIAN_POINT('Origin',(14.6794000561315,426.549571930223,244.603157314621));
#2263=CARTESIAN_POINT('',(47.5196015493895,51.1843512292091,13.7907262887531));
#2264=CARTESIAN_POINT('Ctrl Pts',(47.5845356948753,50.4421505500718,14.0845432101857));
#2265=CARTESIAN_POINT('Ctrl Pts',(47.5678956849792,50.6323467335022,13.8886652625502));
#2266=CARTESIAN_POINT('Ctrl Pts',(47.5462509698173,50.8797469598813,13.7907262887403));
#2267=CARTESIAN_POINT('Ctrl Pts',(47.5196015493895,51.1843512292092,13.7907262887531));
#2268=CARTESIAN_POINT('',(47.4767185925911,51.6745056683127,13.9195626769578));
#2269=CARTESIAN_POINT('Origin',(54.3756816062983,-27.1810024133625,155.275159387182));
#2270=CARTESIAN_POINT('',(47.4488497515922,51.9930479785466,14.2920805595445));
#2271=CARTESIAN_POINT('Origin',(52.3174806958062,-3.65565835667052,77.5330965242043));
#2272=CARTESIAN_POINT('',(47.38432207963,52.7306026440498,13.8574763632434));
#2273=CARTESIAN_POINT('Ctrl Pts',(47.4488497515922,51.9930479785466,14.2920805595445));
#2274=CARTESIAN_POINT('Ctrl Pts',(47.4335815898398,52.1675638659438,14.002344428663));
#2275=CARTESIAN_POINT('Ctrl Pts',(47.4120893022493,52.4132218372098,13.8574763632292));
#2276=CARTESIAN_POINT('Ctrl Pts',(47.38432207963,52.7306026440498,13.8574763632434));
#2277=CARTESIAN_POINT('',(47.3435477042381,53.196655887392,13.9816489907877));
#2278=CARTESIAN_POINT('Origin',(48.1184962883028,44.3389530395883,32.5464333609636));
#2279=CARTESIAN_POINT('',(47.316059932168,53.5108425598392,14.3232694590144));
#2280=CARTESIAN_POINT('Ctrl Pts',(47.3435477042381,53.196655887392,13.9816489907877));
#2281=CARTESIAN_POINT('Ctrl Pts',(47.3316075444662,53.3331325380883,14.0644307424774));
#2282=CARTESIAN_POINT('Ctrl Pts',(47.322461890173,53.4376678450022,14.1784013935665));
#2283=CARTESIAN_POINT('Ctrl Pts',(47.316059932168,53.5108425598392,14.3232694590144));
#2284=CARTESIAN_POINT('',(47.3064823997569,53.6203142562295,14.8126728430867));
#2285=CARTESIAN_POINT('Ctrl Pts',(47.316059932168,53.5108425598392,14.3232694590144));
#2286=CARTESIAN_POINT('Ctrl Pts',(47.3096833787584,53.5837268988231,14.4681375244622));
#2287=CARTESIAN_POINT('Ctrl Pts',(47.3064823997563,53.6203142562372,14.6310776624588));
#2288=CARTESIAN_POINT('Ctrl Pts',(47.3064823997569,53.6203142562295,14.8126728430867));
#2289=CARTESIAN_POINT('',(47.3285589930407,53.3679776403292,15.5218559481594));
#2290=CARTESIAN_POINT('Origin',(72.2063554841472,-230.986537430549,-175.737040060222));
#2291=CARTESIAN_POINT('',(47.3909780835959,52.6545241705932,15.8395746429647));
#2292=CARTESIAN_POINT('Origin',(55.8013465302834,-43.4764270605562,-87.2860044557588));
#2293=CARTESIAN_POINT('',(47.3972276140299,52.5830917108641,15.2665150520886));
#2294=CARTESIAN_POINT('',(47.8595117813172,47.299159500032,-27.1232898410876));
#2295=CARTESIAN_POINT('',(47.3551830088729,53.0636637468578,14.8461936227925));
#2296=CARTESIAN_POINT('Ctrl Pts',(47.3972276140299,52.5830917108641,15.2665150520886));
#2297=CARTESIAN_POINT('Ctrl Pts',(47.369206345458,52.903376276231,15.2312453621254));
#2298=CARTESIAN_POINT('Ctrl Pts',(47.3551830088738,53.0636637468471,15.0913325423875));
#2299=CARTESIAN_POINT('Ctrl Pts',(47.3551830088729,53.0636637468578,14.8461936227925));
#2300=CARTESIAN_POINT('',(47.3653956561664,52.9469326541435,14.5786103550236));
#2301=CARTESIAN_POINT('Ctrl Pts',(47.3551830088729,53.0636637468578,14.8461936227925));
#2302=CARTESIAN_POINT('Ctrl Pts',(47.3551830088724,53.063663746863,14.7348463370786));
#2303=CARTESIAN_POINT('Ctrl Pts',(47.358587224637,53.0247533826249,14.6456519144889));
#2304=CARTESIAN_POINT('Ctrl Pts',(47.3653956561664,52.9469326541435,14.5786103550236));
#2305=CARTESIAN_POINT('',(47.3922229087606,52.6402957538525,14.4783395008597));
#2306=CARTESIAN_POINT('Origin',(47.9419739282249,46.3566128478952,23.2853270350635));
#2307=CARTESIAN_POINT('',(47.420549032476,52.3165266782512,14.583565600695));
#2308=CARTESIAN_POINT('Origin',(46.4072667631434,63.8983960141983,28.6203236246366));
#2309=CARTESIAN_POINT('',(47.4309395119384,52.1977629545448,14.865140150427));
#2310=CARTESIAN_POINT('Ctrl Pts',(47.420549032476,52.3165266782513,14.583565600695));
#2311=CARTESIAN_POINT('Ctrl Pts',(47.4274844869822,52.2372540705017,14.6535220105633));
#2312=CARTESIAN_POINT('Ctrl Pts',(47.430939511938,52.1977629545499,14.7473801938082));
#2313=CARTESIAN_POINT('Ctrl Pts',(47.4309395119384,52.1977629545448,14.865140150427));
#2314=CARTESIAN_POINT('',(47.4309395119384,52.1977629545448,15.1184406511511));
#2315=CARTESIAN_POINT('',(47.4309395119384,52.1977629545448,-26.));
#2316=CARTESIAN_POINT('',(48.641925120282,38.3561341132866,15.1184406511511));
#2317=UNCERTAINTY_MEASURE_WITH_UNIT(LENGTH_MEASURE(0.01),#2321,
'DISTANCE_ACCURACY_VALUE',
'Maximum model space distance between geometric entities at asserted c
onnectivities');
#2318=UNCERTAINTY_MEASURE_WITH_UNIT(LENGTH_MEASURE(0.01),#2321,
'DISTANCE_ACCURACY_VALUE',
'Maximum model space distance between geometric entities at asserted c
onnectivities');
#2319=(
GEOMETRIC_REPRESENTATION_CONTEXT(3)
GLOBAL_UNCERTAINTY_ASSIGNED_CONTEXT((#2317))
GLOBAL_UNIT_ASSIGNED_CONTEXT((#2321,#2323,#2324))
REPRESENTATION_CONTEXT('','3D')
);
#2320=(
GEOMETRIC_REPRESENTATION_CONTEXT(3)
GLOBAL_UNCERTAINTY_ASSIGNED_CONTEXT((#2318))
GLOBAL_UNIT_ASSIGNED_CONTEXT((#2321,#2323,#2324))
REPRESENTATION_CONTEXT('','3D')
);
#2321=(
LENGTH_UNIT()
NAMED_UNIT(*)
SI_UNIT(.MILLI.,.METRE.)
);
#2322=(
LENGTH_UNIT()
NAMED_UNIT(*)
SI_UNIT($,.METRE.)
);
#2323=(
NAMED_UNIT(*)
PLANE_ANGLE_UNIT()
SI_UNIT($,.RADIAN.)
);
#2324=(
NAMED_UNIT(*)
SI_UNIT($,.STERADIAN.)
SOLID_ANGLE_UNIT()
);
#2325=SHAPE_DEFINITION_REPRESENTATION(#2326,#2327);
#2326=PRODUCT_DEFINITION_SHAPE('',$,#2329);
#2327=SHAPE_REPRESENTATION('',(#1377,#21,#22,#23,#24,#25,#26,#27,#28),#2319);
#2328=PRODUCT_DEFINITION_CONTEXT('part definition',#2333,'design');
#2329=PRODUCT_DEFINITION('2026-09-17-21-43-52-620','AprilTag 3',#2330,#2328);
#2330=PRODUCT_DEFINITION_FORMATION('',$,#2335);
#2331=PRODUCT_RELATED_PRODUCT_CATEGORY('AprilTag 3','AprilTag 3',(#2335));
#2332=APPLICATION_PROTOCOL_DEFINITION('international standard',
'automotive_design',2009,#2333);
#2333=APPLICATION_CONTEXT(
'Core Data for Automotive Mechanical Design Process');
#2334=PRODUCT_CONTEXT('part definition',#2333,'mechanical');
#2335=PRODUCT('2026-09-17-21-43-52-620','AprilTag 3',$,(#2334));
#2336=PRESENTATION_STYLE_ASSIGNMENT((#2340));
#2337=PRESENTATION_STYLE_ASSIGNMENT((#2341));
#2338=PRESENTATION_STYLE_ASSIGNMENT((#2342));
#2339=PRESENTATION_STYLE_ASSIGNMENT((#2343));
#2340=SURFACE_STYLE_USAGE(.BOTH.,#2344);
#2341=SURFACE_STYLE_USAGE(.BOTH.,#2345);
#2342=SURFACE_STYLE_USAGE(.BOTH.,#2346);
#2343=SURFACE_STYLE_USAGE(.BOTH.,#2347);
#2344=SURFACE_SIDE_STYLE('',(#2348));
#2345=SURFACE_SIDE_STYLE('',(#2349));
#2346=SURFACE_SIDE_STYLE('',(#2350));
#2347=SURFACE_SIDE_STYLE('',(#2351));
#2348=SURFACE_STYLE_FILL_AREA(#2352);
#2349=SURFACE_STYLE_FILL_AREA(#2353);
#2350=SURFACE_STYLE_FILL_AREA(#2354);
#2351=SURFACE_STYLE_FILL_AREA(#2355);
#2352=FILL_AREA_STYLE('Steel - Satin',(#2356));
#2353=FILL_AREA_STYLE('Polycarbonate (Clear)',(#2357));
#2354=FILL_AREA_STYLE('Opaque(213,0,50) (1)',(#2358));
#2355=FILL_AREA_STYLE('Opaque(213,0,50) (1) (1)',(#2359));
#2356=FILL_AREA_STYLE_COLOUR('Steel - Satin',#2360);
#2357=FILL_AREA_STYLE_COLOUR('Polycarbonate (Clear)',#2361);
#2358=FILL_AREA_STYLE_COLOUR('Opaque(213,0,50) (1)',#2362);
#2359=FILL_AREA_STYLE_COLOUR('Opaque(213,0,50) (1) (1)',#2363);
#2360=COLOUR_RGB('Steel - Satin',0.627450980392157,0.627450980392157,0.627450980392157);
#2361=COLOUR_RGB('Polycarbonate (Clear)',0.964705882352941,0.964705882352941,
0.952941176470588);
#2362=COLOUR_RGB('Opaque(213,0,50) (1)',0.,0.,0.);
#2363=COLOUR_RGB('Opaque(213,0,50) (1) (1)',1.,1.,1.);
ENDSEC;
END-ISO-10303-21;
