ISO-10303-21;
HEADER;
/* Generated by software containing ST-Developer
 * from STEP Tools, Inc. (www.steptools.com) 
 */

FILE_DESCRIPTION(
/* description */ (''),
/* implementation_level */ '2;1');

FILE_NAME(
/* name */ 'AprilTag 2.step',
/* time_stamp */ '2026-09-17T17:51:50-04:00',
/* author */ (''),
/* organization */ (''),
/* preprocessor_version */ 'ST-DEVELOPER v20.2',
/* originating_system */ 'Autodesk Translation Framework v15.15.0.0',
/* authorisation */ '');

FILE_SCHEMA (('AUTOMOTIVE_DESIGN { 1 0 10303 214 3 1 1 }'));
ENDSEC;

DATA;
#10=MECHANICAL_DESIGN_GEOMETRIC_PRESENTATION_REPRESENTATION('',(#33,#34,
#35,#36,#37,#38,#39,#40,#41,#42,#43),#2265);
#11=SHAPE_REPRESENTATION_RELATIONSHIP('SRR','None',#2272,#12);
#12=ADVANCED_BREP_SHAPE_REPRESENTATION('',(#44),#2264);
#13=OPEN_SHELL('',(#1289));
#14=OPEN_SHELL('',(#1290));
#15=OPEN_SHELL('',(#1291));
#16=OPEN_SHELL('',(#1292));
#17=OPEN_SHELL('',(#1293));
#18=OPEN_SHELL('',(#1294));
#19=OPEN_SHELL('',(#1295));
#20=OPEN_SHELL('',(#1296));
#21=OPEN_SHELL('',(#1297));
#22=OPEN_SHELL('',(#1298));
#23=SHELL_BASED_SURFACE_MODEL('Body2',(#13));
#24=SHELL_BASED_SURFACE_MODEL('Body3',(#14));
#25=SHELL_BASED_SURFACE_MODEL('Body4',(#15));
#26=SHELL_BASED_SURFACE_MODEL('Body5',(#16));
#27=SHELL_BASED_SURFACE_MODEL('Body6',(#17));
#28=SHELL_BASED_SURFACE_MODEL('Body7',(#18));
#29=SHELL_BASED_SURFACE_MODEL('Body8',(#19));
#30=SHELL_BASED_SURFACE_MODEL('Body9',(#20));
#31=SHELL_BASED_SURFACE_MODEL('Body10',(#21));
#32=SHELL_BASED_SURFACE_MODEL('Body11',(#22));
#33=STYLED_ITEM('',(#2282),#44);
#34=STYLED_ITEM('',(#2283),#23);
#35=STYLED_ITEM('',(#2283),#24);
#36=STYLED_ITEM('',(#2283),#25);
#37=STYLED_ITEM('',(#2284),#26);
#38=STYLED_ITEM('',(#2284),#27);
#39=STYLED_ITEM('',(#2284),#28);
#40=STYLED_ITEM('',(#2284),#29);
#41=STYLED_ITEM('',(#2284),#30);
#42=STYLED_ITEM('',(#2284),#31);
#43=STYLED_ITEM('',(#2284),#32);
#44=MANIFOLD_SOLID_BREP('Body1',#1299);
#45=CYLINDRICAL_SURFACE('',#1335,2.);
#46=CYLINDRICAL_SURFACE('',#1338,0.499999999999999);
#47=CYLINDRICAL_SURFACE('',#1341,2.);
#48=CYLINDRICAL_SURFACE('',#1344,2.);
#49=CYLINDRICAL_SURFACE('',#1347,0.499999999999999);
#50=CYLINDRICAL_SURFACE('',#1350,2.);
#51=CYLINDRICAL_SURFACE('',#1353,2.);
#52=CYLINDRICAL_SURFACE('',#1356,0.499999999999999);
#53=CYLINDRICAL_SURFACE('',#1359,2.);
#54=CYLINDRICAL_SURFACE('',#1362,2.);
#55=CYLINDRICAL_SURFACE('',#1365,0.500000000000001);
#56=CYLINDRICAL_SURFACE('',#1368,2.);
#57=B_SPLINE_CURVE_WITH_KNOTS('',3,(#1800,#1801,#1802,#1803,#1804,#1805,
#1806,#1807,#1808,#1809,#1810,#1811,#1812,#1813,#1814,#1815,#1816,#1817,
#1818,#1819,#1820,#1821),.UNSPECIFIED.,.F.,.F.,(4,1,1,1,1,1,1,1,1,1,1,1,
1,1,1,1,1,1,1,4),(0.,1.,2.,3.,4.,5.,6.,7.,8.,9.,10.,11.,12.,13.,14.,15.,
16.,17.,18.,19.),.UNSPECIFIED.);
#58=B_SPLINE_CURVE_WITH_KNOTS('',3,(#1825,#1826,#1827,#1828,#1829,#1830,
#1831,#1832,#1833,#1834,#1835,#1836,#1837,#1838,#1839,#1840,#1841,#1842,
#1843,#1844,#1845,#1846),.UNSPECIFIED.,.F.,.F.,(4,1,1,1,1,1,1,1,1,1,1,1,
1,1,1,1,1,1,1,4),(0.,1.,2.,3.,4.,5.,6.,7.,8.,9.,10.,11.,12.,13.,14.,15.,
16.,17.,18.,19.),.UNSPECIFIED.);
#59=B_SPLINE_CURVE_WITH_KNOTS('',3,(#2074,#2075,#2076,#2077,#2078,#2079,
#2080,#2081,#2082,#2083,#2084,#2085,#2086,#2087,#2088,#2089,#2090,#2091,
#2092,#2093,#2094,#2095,#2096,#2097,#2098,#2099,#2100,#2101,#2102,#2103,
#2104,#2105,#2106,#2107,#2108,#2109,#2110,#2111,#2112,#2113,#2114,#2115,
#2116,#2117,#2118,#2119,#2120,#2121,#2122,#2123,#2124,#2125,#2126,#2127,
#2128,#2129,#2130,#2131),.UNSPECIFIED.,.F.,.F.,(4,3,3,3,3,3,3,3,3,3,3,3,
3,3,3,3,3,3,3,4),(0.,1.,2.,3.,4.,5.,6.,7.,8.,9.,10.,11.,12.,13.,14.,15.,
16.,17.,18.,19.),.UNSPECIFIED.);
#60=B_SPLINE_CURVE_WITH_KNOTS('',3,(#2134,#2135,#2136,#2137,#2138,#2139,
#2140,#2141,#2142,#2143,#2144,#2145,#2146,#2147,#2148,#2149,#2150,#2151,
#2152,#2153,#2154,#2155,#2156,#2157,#2158,#2159,#2160,#2161,#2162,#2163,
#2164,#2165,#2166,#2167,#2168,#2169,#2170,#2171,#2172,#2173,#2174,#2175,
#2176,#2177,#2178,#2179,#2180,#2181,#2182,#2183,#2184,#2185,#2186,#2187,
#2188,#2189,#2190,#2191),.UNSPECIFIED.,.F.,.F.,(4,3,3,3,3,3,3,3,3,3,3,3,
3,3,3,3,3,3,3,4),(0.,1.,2.,3.,4.,5.,6.,7.,8.,9.,10.,11.,12.,13.,14.,15.,
16.,17.,18.,19.),.UNSPECIFIED.);
#61=FACE_BOUND('',#116,.T.);
#62=FACE_BOUND('',#117,.T.);
#63=FACE_BOUND('',#124,.T.);
#64=FACE_BOUND('',#126,.T.);
#65=FACE_BOUND('',#127,.T.);
#66=FACE_BOUND('',#159,.T.);
#67=FACE_BOUND('',#166,.T.);
#68=FACE_BOUND('',#167,.T.);
#69=FACE_OUTER_BOUND('',#115,.T.);
#70=FACE_OUTER_BOUND('',#118,.T.);
#71=FACE_OUTER_BOUND('',#119,.T.);
#72=FACE_OUTER_BOUND('',#120,.T.);
#73=FACE_OUTER_BOUND('',#121,.T.);
#74=FACE_OUTER_BOUND('',#122,.T.);
#75=FACE_OUTER_BOUND('',#123,.T.);
#76=FACE_OUTER_BOUND('',#125,.T.);
#77=FACE_OUTER_BOUND('',#128,.T.);
#78=FACE_OUTER_BOUND('',#129,.T.);
#79=FACE_OUTER_BOUND('',#130,.T.);
#80=FACE_OUTER_BOUND('',#131,.T.);
#81=FACE_OUTER_BOUND('',#132,.T.);
#82=FACE_OUTER_BOUND('',#133,.T.);
#83=FACE_OUTER_BOUND('',#134,.T.);
#84=FACE_OUTER_BOUND('',#135,.T.);
#85=FACE_OUTER_BOUND('',#136,.T.);
#86=FACE_OUTER_BOUND('',#137,.T.);
#87=FACE_OUTER_BOUND('',#138,.T.);
#88=FACE_OUTER_BOUND('',#139,.T.);
#89=FACE_OUTER_BOUND('',#140,.T.);
#90=FACE_OUTER_BOUND('',#141,.T.);
#91=FACE_OUTER_BOUND('',#142,.T.);
#92=FACE_OUTER_BOUND('',#143,.T.);
#93=FACE_OUTER_BOUND('',#144,.T.);
#94=FACE_OUTER_BOUND('',#145,.T.);
#95=FACE_OUTER_BOUND('',#146,.T.);
#96=FACE_OUTER_BOUND('',#147,.T.);
#97=FACE_OUTER_BOUND('',#148,.T.);
#98=FACE_OUTER_BOUND('',#149,.T.);
#99=FACE_OUTER_BOUND('',#150,.T.);
#100=FACE_OUTER_BOUND('',#151,.T.);
#101=FACE_OUTER_BOUND('',#152,.T.);
#102=FACE_OUTER_BOUND('',#153,.T.);
#103=FACE_OUTER_BOUND('',#154,.T.);
#104=FACE_OUTER_BOUND('',#155,.T.);
#105=FACE_OUTER_BOUND('',#156,.T.);
#106=FACE_OUTER_BOUND('',#157,.T.);
#107=FACE_OUTER_BOUND('',#158,.T.);
#108=FACE_OUTER_BOUND('',#160,.T.);
#109=FACE_OUTER_BOUND('',#161,.T.);
#110=FACE_OUTER_BOUND('',#162,.T.);
#111=FACE_OUTER_BOUND('',#163,.T.);
#112=FACE_OUTER_BOUND('',#164,.T.);
#113=FACE_OUTER_BOUND('',#165,.T.);
#114=FACE_OUTER_BOUND('',#168,.T.);
#115=EDGE_LOOP('',(#896,#897,#898,#899,#900,#901,#902,#903,#904,#905,#906,
#907,#908,#909,#910,#911,#912,#913,#914,#915,#916,#917,#918,#919));
#116=EDGE_LOOP('',(#920,#921,#922,#923,#924,#925,#926,#927,#928,#929,#930,
#931,#932,#933,#934,#935,#936,#937,#938,#939,#940,#941,#942,#943,#944));
#117=EDGE_LOOP('',(#945,#946,#947,#948,#949,#950,#951));
#118=EDGE_LOOP('',(#952,#953,#954,#955));
#119=EDGE_LOOP('',(#956,#957,#958,#959));
#120=EDGE_LOOP('',(#960,#961,#962,#963));
#121=EDGE_LOOP('',(#964,#965,#966,#967));
#122=EDGE_LOOP('',(#968,#969,#970,#971));
#123=EDGE_LOOP('',(#972,#973,#974,#975,#976,#977,#978,#979,#980,#981,#982,
#983,#984,#985,#986,#987,#988,#989,#990,#991,#992,#993,#994,#995,#996));
#124=EDGE_LOOP('',(#997,#998,#999,#1000));
#125=EDGE_LOOP('',(#1001,#1002,#1003,#1004));
#126=EDGE_LOOP('',(#1005,#1006,#1007,#1008));
#127=EDGE_LOOP('',(#1009,#1010,#1011,#1012));
#128=EDGE_LOOP('',(#1013,#1014,#1015,#1016));
#129=EDGE_LOOP('',(#1017,#1018,#1019,#1020,#1021,#1022,#1023));
#130=EDGE_LOOP('',(#1024,#1025,#1026,#1027));
#131=EDGE_LOOP('',(#1028,#1029,#1030,#1031));
#132=EDGE_LOOP('',(#1032,#1033,#1034,#1035));
#133=EDGE_LOOP('',(#1036,#1037,#1038,#1039));
#134=EDGE_LOOP('',(#1040,#1041,#1042,#1043));
#135=EDGE_LOOP('',(#1044,#1045,#1046,#1047));
#136=EDGE_LOOP('',(#1048,#1049,#1050,#1051));
#137=EDGE_LOOP('',(#1052,#1053,#1054,#1055));
#138=EDGE_LOOP('',(#1056,#1057,#1058,#1059));
#139=EDGE_LOOP('',(#1060,#1061,#1062,#1063));
#140=EDGE_LOOP('',(#1064,#1065,#1066,#1067));
#141=EDGE_LOOP('',(#1068,#1069,#1070,#1071));
#142=EDGE_LOOP('',(#1072,#1073,#1074,#1075));
#143=EDGE_LOOP('',(#1076,#1077,#1078,#1079));
#144=EDGE_LOOP('',(#1080,#1081,#1082,#1083));
#145=EDGE_LOOP('',(#1084,#1085,#1086,#1087));
#146=EDGE_LOOP('',(#1088,#1089,#1090,#1091));
#147=EDGE_LOOP('',(#1092,#1093,#1094,#1095));
#148=EDGE_LOOP('',(#1096,#1097,#1098,#1099));
#149=EDGE_LOOP('',(#1100,#1101,#1102,#1103));
#150=EDGE_LOOP('',(#1104,#1105,#1106,#1107));
#151=EDGE_LOOP('',(#1108,#1109,#1110,#1111));
#152=EDGE_LOOP('',(#1112,#1113,#1114,#1115));
#153=EDGE_LOOP('',(#1116,#1117,#1118,#1119));
#154=EDGE_LOOP('',(#1120,#1121,#1122,#1123));
#155=EDGE_LOOP('',(#1124,#1125,#1126,#1127,#1128,#1129,#1130,#1131,#1132,
#1133,#1134,#1135,#1136,#1137,#1138,#1139,#1140,#1141,#1142,#1143,#1144,
#1145,#1146,#1147));
#156=EDGE_LOOP('',(#1148,#1149,#1150,#1151));
#157=EDGE_LOOP('',(#1152,#1153,#1154,#1155));
#158=EDGE_LOOP('',(#1156,#1157,#1158,#1159,#1160,#1161,#1162,#1163,#1164,
#1165,#1166,#1167,#1168,#1169,#1170,#1171,#1172,#1173,#1174,#1175));
#159=EDGE_LOOP('',(#1176,#1177,#1178,#1179));
#160=EDGE_LOOP('',(#1180,#1181,#1182,#1183,#1184,#1185,#1186));
#161=EDGE_LOOP('',(#1187,#1188,#1189,#1190));
#162=EDGE_LOOP('',(#1191,#1192,#1193,#1194));
#163=EDGE_LOOP('',(#1195,#1196,#1197,#1198));
#164=EDGE_LOOP('',(#1199,#1200,#1201,#1202));
#165=EDGE_LOOP('',(#1203,#1204,#1205,#1206));
#166=EDGE_LOOP('',(#1207,#1208,#1209,#1210));
#167=EDGE_LOOP('',(#1211,#1212,#1213,#1214));
#168=EDGE_LOOP('',(#1215,#1216,#1217,#1218));
#169=LINE('',#1700,#338);
#170=LINE('',#1704,#339);
#171=LINE('',#1708,#340);
#172=LINE('',#1712,#341);
#173=LINE('',#1716,#342);
#174=LINE('',#1720,#343);
#175=LINE('',#1724,#344);
#176=LINE('',#1728,#345);
#177=LINE('',#1732,#346);
#178=LINE('',#1736,#347);
#179=LINE('',#1740,#348);
#180=LINE('',#1743,#349);
#181=LINE('',#1746,#350);
#182=LINE('',#1748,#351);
#183=LINE('',#1750,#352);
#184=LINE('',#1752,#353);
#185=LINE('',#1754,#354);
#186=LINE('',#1756,#355);
#187=LINE('',#1758,#356);
#188=LINE('',#1760,#357);
#189=LINE('',#1762,#358);
#190=LINE('',#1764,#359);
#191=LINE('',#1766,#360);
#192=LINE('',#1768,#361);
#193=LINE('',#1770,#362);
#194=LINE('',#1772,#363);
#195=LINE('',#1774,#364);
#196=LINE('',#1776,#365);
#197=LINE('',#1778,#366);
#198=LINE('',#1780,#367);
#199=LINE('',#1782,#368);
#200=LINE('',#1784,#369);
#201=LINE('',#1786,#370);
#202=LINE('',#1788,#371);
#203=LINE('',#1790,#372);
#204=LINE('',#1792,#373);
#205=LINE('',#1793,#374);
#206=LINE('',#1796,#375);
#207=LINE('',#1798,#376);
#208=LINE('',#1823,#377);
#209=LINE('',#1848,#378);
#210=LINE('',#1849,#379);
#211=LINE('',#1852,#380);
#212=LINE('',#1853,#381);
#213=LINE('',#1856,#382);
#214=LINE('',#1857,#383);
#215=LINE('',#1860,#384);
#216=LINE('',#1861,#385);
#217=LINE('',#1864,#386);
#218=LINE('',#1865,#387);
#219=LINE('',#1868,#388);
#220=LINE('',#1869,#389);
#221=LINE('',#1873,#390);
#222=LINE('',#1875,#391);
#223=LINE('',#1877,#392);
#224=LINE('',#1878,#393);
#225=LINE('',#1882,#394);
#226=LINE('',#1884,#395);
#227=LINE('',#1886,#396);
#228=LINE('',#1887,#397);
#229=LINE('',#1890,#398);
#230=LINE('',#1892,#399);
#231=LINE('',#1894,#400);
#232=LINE('',#1895,#401);
#233=LINE('',#1902,#402);
#234=LINE('',#1903,#403);
#235=LINE('',#1906,#404);
#236=LINE('',#1907,#405);
#237=LINE('',#1911,#406);
#238=LINE('',#1914,#407);
#239=LINE('',#1915,#408);
#240=LINE('',#1919,#409);
#241=LINE('',#1922,#410);
#242=LINE('',#1923,#411);
#243=LINE('',#1927,#412);
#244=LINE('',#1930,#413);
#245=LINE('',#1931,#414);
#246=LINE('',#1935,#415);
#247=LINE('',#1938,#416);
#248=LINE('',#1939,#417);
#249=LINE('',#1943,#418);
#250=LINE('',#1946,#419);
#251=LINE('',#1947,#420);
#252=LINE('',#1951,#421);
#253=LINE('',#1954,#422);
#254=LINE('',#1955,#423);
#255=LINE('',#1959,#424);
#256=LINE('',#1962,#425);
#257=LINE('',#1963,#426);
#258=LINE('',#1967,#427);
#259=LINE('',#1970,#428);
#260=LINE('',#1971,#429);
#261=LINE('',#1975,#430);
#262=LINE('',#1978,#431);
#263=LINE('',#1979,#432);
#264=LINE('',#1983,#433);
#265=LINE('',#1986,#434);
#266=LINE('',#1987,#435);
#267=LINE('',#1991,#436);
#268=LINE('',#1993,#437);
#269=LINE('',#1999,#438);
#270=LINE('',#2001,#439);
#271=LINE('',#2003,#440);
#272=LINE('',#2004,#441);
#273=LINE('',#2008,#442);
#274=LINE('',#2010,#443);
#275=LINE('',#2012,#444);
#276=LINE('',#2013,#445);
#277=LINE('',#2017,#446);
#278=LINE('',#2019,#447);
#279=LINE('',#2021,#448);
#280=LINE('',#2023,#449);
#281=LINE('',#2025,#450);
#282=LINE('',#2027,#451);
#283=LINE('',#2029,#452);
#284=LINE('',#2031,#453);
#285=LINE('',#2033,#454);
#286=LINE('',#2035,#455);
#287=LINE('',#2037,#456);
#288=LINE('',#2039,#457);
#289=LINE('',#2041,#458);
#290=LINE('',#2043,#459);
#291=LINE('',#2045,#460);
#292=LINE('',#2047,#461);
#293=LINE('',#2049,#462);
#294=LINE('',#2051,#463);
#295=LINE('',#2053,#464);
#296=LINE('',#2054,#465);
#297=LINE('',#2057,#466);
#298=LINE('',#2059,#467);
#299=LINE('',#2061,#468);
#300=LINE('',#2062,#469);
#301=LINE('',#2066,#470);
#302=LINE('',#2068,#471);
#303=LINE('',#2070,#472);
#304=LINE('',#2072,#473);
#305=LINE('',#2133,#474);
#306=LINE('',#2195,#475);
#307=LINE('',#2197,#476);
#308=LINE('',#2199,#477);
#309=LINE('',#2200,#478);
#310=LINE('',#2204,#479);
#311=LINE('',#2206,#480);
#312=LINE('',#2208,#481);
#313=LINE('',#2209,#482);
#314=LINE('',#2213,#483);
#315=LINE('',#2215,#484);
#316=LINE('',#2217,#485);
#317=LINE('',#2218,#486);
#318=LINE('',#2222,#487);
#319=LINE('',#2224,#488);
#320=LINE('',#2226,#489);
#321=LINE('',#2227,#490);
#322=LINE('',#2231,#491);
#323=LINE('',#2233,#492);
#324=LINE('',#2235,#493);
#325=LINE('',#2236,#494);
#326=LINE('',#2239,#495);
#327=LINE('',#2241,#496);
#328=LINE('',#2243,#497);
#329=LINE('',#2244,#498);
#330=LINE('',#2247,#499);
#331=LINE('',#2249,#500);
#332=LINE('',#2251,#501);
#333=LINE('',#2252,#502);
#334=LINE('',#2256,#503);
#335=LINE('',#2258,#504);
#336=LINE('',#2260,#505);
#337=LINE('',#2261,#506);
#338=VECTOR('',#1389,1000.);
#339=VECTOR('',#1392,1000.);
#340=VECTOR('',#1395,1000.);
#341=VECTOR('',#1398,1000.);
#342=VECTOR('',#1401,1000.);
#343=VECTOR('',#1404,1000.);
#344=VECTOR('',#1407,1000.);
#345=VECTOR('',#1410,1000.);
#346=VECTOR('',#1413,1000.);
#347=VECTOR('',#1416,1000.);
#348=VECTOR('',#1419,1000.);
#349=VECTOR('',#1422,1000.);
#350=VECTOR('',#1423,1000.);
#351=VECTOR('',#1424,1000.);
#352=VECTOR('',#1425,1000.);
#353=VECTOR('',#1426,1000.);
#354=VECTOR('',#1427,1000.);
#355=VECTOR('',#1428,1000.);
#356=VECTOR('',#1429,1000.);
#357=VECTOR('',#1430,1000.);
#358=VECTOR('',#1431,1000.);
#359=VECTOR('',#1432,1000.);
#360=VECTOR('',#1433,1000.);
#361=VECTOR('',#1434,1000.);
#362=VECTOR('',#1435,1000.);
#363=VECTOR('',#1436,1000.);
#364=VECTOR('',#1437,1000.);
#365=VECTOR('',#1438,1000.);
#366=VECTOR('',#1439,1000.);
#367=VECTOR('',#1440,1000.);
#368=VECTOR('',#1441,1000.);
#369=VECTOR('',#1442,1000.);
#370=VECTOR('',#1443,1000.);
#371=VECTOR('',#1444,1000.);
#372=VECTOR('',#1445,1000.);
#373=VECTOR('',#1446,1000.);
#374=VECTOR('',#1447,1000.);
#375=VECTOR('',#1448,1000.);
#376=VECTOR('',#1449,1000.);
#377=VECTOR('',#1450,1000.);
#378=VECTOR('',#1451,1000.);
#379=VECTOR('',#1452,1000.);
#380=VECTOR('',#1455,1000.);
#381=VECTOR('',#1456,1000.);
#382=VECTOR('',#1459,1000.);
#383=VECTOR('',#1460,1000.);
#384=VECTOR('',#1463,1000.);
#385=VECTOR('',#1464,1000.);
#386=VECTOR('',#1467,1000.);
#387=VECTOR('',#1468,1000.);
#388=VECTOR('',#1471,1000.);
#389=VECTOR('',#1472,1000.);
#390=VECTOR('',#1475,1000.);
#391=VECTOR('',#1476,1000.);
#392=VECTOR('',#1477,1000.);
#393=VECTOR('',#1478,1000.);
#394=VECTOR('',#1481,1000.);
#395=VECTOR('',#1482,1000.);
#396=VECTOR('',#1483,1000.);
#397=VECTOR('',#1484,1000.);
#398=VECTOR('',#1485,1000.);
#399=VECTOR('',#1486,1000.);
#400=VECTOR('',#1487,1000.);
#401=VECTOR('',#1488,1000.);
#402=VECTOR('',#1497,1000.);
#403=VECTOR('',#1498,1000.);
#404=VECTOR('',#1501,1000.);
#405=VECTOR('',#1502,1000.);
#406=VECTOR('',#1507,1000.);
#407=VECTOR('',#1510,1000.);
#408=VECTOR('',#1511,1000.);
#409=VECTOR('',#1516,1000.);
#410=VECTOR('',#1519,1000.);
#411=VECTOR('',#1520,1000.);
#412=VECTOR('',#1525,1000.);
#413=VECTOR('',#1528,1000.);
#414=VECTOR('',#1529,1000.);
#415=VECTOR('',#1534,1000.);
#416=VECTOR('',#1537,1000.);
#417=VECTOR('',#1538,1000.);
#418=VECTOR('',#1543,1000.);
#419=VECTOR('',#1546,1000.);
#420=VECTOR('',#1547,1000.);
#421=VECTOR('',#1552,1000.);
#422=VECTOR('',#1555,1000.);
#423=VECTOR('',#1556,1000.);
#424=VECTOR('',#1561,1000.);
#425=VECTOR('',#1564,1000.);
#426=VECTOR('',#1565,1000.);
#427=VECTOR('',#1570,1000.);
#428=VECTOR('',#1573,1000.);
#429=VECTOR('',#1574,1000.);
#430=VECTOR('',#1579,1000.);
#431=VECTOR('',#1582,1000.);
#432=VECTOR('',#1583,1000.);
#433=VECTOR('',#1588,1000.);
#434=VECTOR('',#1591,1000.);
#435=VECTOR('',#1592,1000.);
#436=VECTOR('',#1597,1000.);
#437=VECTOR('',#1600,1000.);
#438=VECTOR('',#1607,1000.);
#439=VECTOR('',#1608,1000.);
#440=VECTOR('',#1609,1000.);
#441=VECTOR('',#1610,1000.);
#442=VECTOR('',#1613,1000.);
#443=VECTOR('',#1614,1000.);
#444=VECTOR('',#1615,1000.);
#445=VECTOR('',#1616,1000.);
#446=VECTOR('',#1619,1000.);
#447=VECTOR('',#1620,1000.);
#448=VECTOR('',#1621,1000.);
#449=VECTOR('',#1622,1000.);
#450=VECTOR('',#1623,1000.);
#451=VECTOR('',#1624,1000.);
#452=VECTOR('',#1625,1000.);
#453=VECTOR('',#1626,1000.);
#454=VECTOR('',#1627,1000.);
#455=VECTOR('',#1628,1000.);
#456=VECTOR('',#1629,1000.);
#457=VECTOR('',#1630,1000.);
#458=VECTOR('',#1631,1000.);
#459=VECTOR('',#1632,1000.);
#460=VECTOR('',#1633,1000.);
#461=VECTOR('',#1634,1000.);
#462=VECTOR('',#1635,1000.);
#463=VECTOR('',#1636,1000.);
#464=VECTOR('',#1637,1000.);
#465=VECTOR('',#1638,1000.);
#466=VECTOR('',#1639,1000.);
#467=VECTOR('',#1640,1000.);
#468=VECTOR('',#1641,1000.);
#469=VECTOR('',#1642,1000.);
#470=VECTOR('',#1645,1000.);
#471=VECTOR('',#1646,1000.);
#472=VECTOR('',#1647,1000.);
#473=VECTOR('',#1648,1000.);
#474=VECTOR('',#1649,1000.);
#475=VECTOR('',#1652,1000.);
#476=VECTOR('',#1653,1000.);
#477=VECTOR('',#1654,1000.);
#478=VECTOR('',#1655,1000.);
#479=VECTOR('',#1658,1000.);
#480=VECTOR('',#1659,1000.);
#481=VECTOR('',#1660,1000.);
#482=VECTOR('',#1661,1000.);
#483=VECTOR('',#1664,1000.);
#484=VECTOR('',#1665,1000.);
#485=VECTOR('',#1666,1000.);
#486=VECTOR('',#1667,1000.);
#487=VECTOR('',#1670,1000.);
#488=VECTOR('',#1671,1000.);
#489=VECTOR('',#1672,1000.);
#490=VECTOR('',#1673,1000.);
#491=VECTOR('',#1676,1000.);
#492=VECTOR('',#1677,1000.);
#493=VECTOR('',#1678,1000.);
#494=VECTOR('',#1679,1000.);
#495=VECTOR('',#1680,1000.);
#496=VECTOR('',#1681,1000.);
#497=VECTOR('',#1682,1000.);
#498=VECTOR('',#1683,1000.);
#499=VECTOR('',#1684,1000.);
#500=VECTOR('',#1685,1000.);
#501=VECTOR('',#1686,1000.);
#502=VECTOR('',#1687,1000.);
#503=VECTOR('',#1690,1000.);
#504=VECTOR('',#1691,1000.);
#505=VECTOR('',#1692,1000.);
#506=VECTOR('',#1693,1000.);
#507=CIRCLE('',#1314,2.);
#508=CIRCLE('',#1315,0.499999999999999);
#509=CIRCLE('',#1316,2.);
#510=CIRCLE('',#1317,2.);
#511=CIRCLE('',#1318,0.499999999999999);
#512=CIRCLE('',#1319,2.);
#513=CIRCLE('',#1320,2.);
#514=CIRCLE('',#1321,0.499999999999999);
#515=CIRCLE('',#1322,2.);
#516=CIRCLE('',#1323,2.);
#517=CIRCLE('',#1324,0.500000000000001);
#518=CIRCLE('',#1325,2.);
#519=CIRCLE('',#1336,2.);
#520=CIRCLE('',#1339,0.499999999999999);
#521=CIRCLE('',#1342,2.);
#522=CIRCLE('',#1345,2.);
#523=CIRCLE('',#1348,0.499999999999999);
#524=CIRCLE('',#1351,2.);
#525=CIRCLE('',#1354,2.);
#526=CIRCLE('',#1357,0.499999999999999);
#527=CIRCLE('',#1360,2.);
#528=CIRCLE('',#1363,2.);
#529=CIRCLE('',#1366,0.500000000000001);
#530=CIRCLE('',#1369,2.);
#531=VERTEX_POINT('',#1696);
#532=VERTEX_POINT('',#1697);
#533=VERTEX_POINT('',#1699);
#534=VERTEX_POINT('',#1701);
#535=VERTEX_POINT('',#1703);
#536=VERTEX_POINT('',#1705);
#537=VERTEX_POINT('',#1707);
#538=VERTEX_POINT('',#1709);
#539=VERTEX_POINT('',#1711);
#540=VERTEX_POINT('',#1713);
#541=VERTEX_POINT('',#1715);
#542=VERTEX_POINT('',#1717);
#543=VERTEX_POINT('',#1719);
#544=VERTEX_POINT('',#1721);
#545=VERTEX_POINT('',#1723);
#546=VERTEX_POINT('',#1725);
#547=VERTEX_POINT('',#1727);
#548=VERTEX_POINT('',#1729);
#549=VERTEX_POINT('',#1731);
#550=VERTEX_POINT('',#1733);
#551=VERTEX_POINT('',#1735);
#552=VERTEX_POINT('',#1737);
#553=VERTEX_POINT('',#1739);
#554=VERTEX_POINT('',#1741);
#555=VERTEX_POINT('',#1744);
#556=VERTEX_POINT('',#1745);
#557=VERTEX_POINT('',#1747);
#558=VERTEX_POINT('',#1749);
#559=VERTEX_POINT('',#1751);
#560=VERTEX_POINT('',#1753);
#561=VERTEX_POINT('',#1755);
#562=VERTEX_POINT('',#1757);
#563=VERTEX_POINT('',#1759);
#564=VERTEX_POINT('',#1761);
#565=VERTEX_POINT('',#1763);
#566=VERTEX_POINT('',#1765);
#567=VERTEX_POINT('',#1767);
#568=VERTEX_POINT('',#1769);
#569=VERTEX_POINT('',#1771);
#570=VERTEX_POINT('',#1773);
#571=VERTEX_POINT('',#1775);
#572=VERTEX_POINT('',#1777);
#573=VERTEX_POINT('',#1779);
#574=VERTEX_POINT('',#1781);
#575=VERTEX_POINT('',#1783);
#576=VERTEX_POINT('',#1785);
#577=VERTEX_POINT('',#1787);
#578=VERTEX_POINT('',#1789);
#579=VERTEX_POINT('',#1791);
#580=VERTEX_POINT('',#1794);
#581=VERTEX_POINT('',#1795);
#582=VERTEX_POINT('',#1797);
#583=VERTEX_POINT('',#1799);
#584=VERTEX_POINT('',#1822);
#585=VERTEX_POINT('',#1824);
#586=VERTEX_POINT('',#1847);
#587=VERTEX_POINT('',#1851);
#588=VERTEX_POINT('',#1855);
#589=VERTEX_POINT('',#1859);
#590=VERTEX_POINT('',#1863);
#591=VERTEX_POINT('',#1867);
#592=VERTEX_POINT('',#1871);
#593=VERTEX_POINT('',#1872);
#594=VERTEX_POINT('',#1874);
#595=VERTEX_POINT('',#1876);
#596=VERTEX_POINT('',#1880);
#597=VERTEX_POINT('',#1881);
#598=VERTEX_POINT('',#1883);
#599=VERTEX_POINT('',#1885);
#600=VERTEX_POINT('',#1888);
#601=VERTEX_POINT('',#1889);
#602=VERTEX_POINT('',#1891);
#603=VERTEX_POINT('',#1893);
#604=VERTEX_POINT('',#1899);
#605=VERTEX_POINT('',#1900);
#606=VERTEX_POINT('',#1905);
#607=VERTEX_POINT('',#1909);
#608=VERTEX_POINT('',#1913);
#609=VERTEX_POINT('',#1917);
#610=VERTEX_POINT('',#1921);
#611=VERTEX_POINT('',#1925);
#612=VERTEX_POINT('',#1929);
#613=VERTEX_POINT('',#1933);
#614=VERTEX_POINT('',#1937);
#615=VERTEX_POINT('',#1941);
#616=VERTEX_POINT('',#1945);
#617=VERTEX_POINT('',#1949);
#618=VERTEX_POINT('',#1953);
#619=VERTEX_POINT('',#1957);
#620=VERTEX_POINT('',#1961);
#621=VERTEX_POINT('',#1965);
#622=VERTEX_POINT('',#1969);
#623=VERTEX_POINT('',#1973);
#624=VERTEX_POINT('',#1977);
#625=VERTEX_POINT('',#1981);
#626=VERTEX_POINT('',#1985);
#627=VERTEX_POINT('',#1989);
#628=VERTEX_POINT('',#1997);
#629=VERTEX_POINT('',#1998);
#630=VERTEX_POINT('',#2000);
#631=VERTEX_POINT('',#2002);
#632=VERTEX_POINT('',#2006);
#633=VERTEX_POINT('',#2007);
#634=VERTEX_POINT('',#2009);
#635=VERTEX_POINT('',#2011);
#636=VERTEX_POINT('',#2015);
#637=VERTEX_POINT('',#2016);
#638=VERTEX_POINT('',#2018);
#639=VERTEX_POINT('',#2020);
#640=VERTEX_POINT('',#2022);
#641=VERTEX_POINT('',#2024);
#642=VERTEX_POINT('',#2026);
#643=VERTEX_POINT('',#2028);
#644=VERTEX_POINT('',#2030);
#645=VERTEX_POINT('',#2032);
#646=VERTEX_POINT('',#2034);
#647=VERTEX_POINT('',#2036);
#648=VERTEX_POINT('',#2038);
#649=VERTEX_POINT('',#2040);
#650=VERTEX_POINT('',#2042);
#651=VERTEX_POINT('',#2044);
#652=VERTEX_POINT('',#2046);
#653=VERTEX_POINT('',#2048);
#654=VERTEX_POINT('',#2050);
#655=VERTEX_POINT('',#2052);
#656=VERTEX_POINT('',#2055);
#657=VERTEX_POINT('',#2056);
#658=VERTEX_POINT('',#2058);
#659=VERTEX_POINT('',#2060);
#660=VERTEX_POINT('',#2064);
#661=VERTEX_POINT('',#2065);
#662=VERTEX_POINT('',#2067);
#663=VERTEX_POINT('',#2069);
#664=VERTEX_POINT('',#2071);
#665=VERTEX_POINT('',#2073);
#666=VERTEX_POINT('',#2132);
#667=VERTEX_POINT('',#2193);
#668=VERTEX_POINT('',#2194);
#669=VERTEX_POINT('',#2196);
#670=VERTEX_POINT('',#2198);
#671=VERTEX_POINT('',#2202);
#672=VERTEX_POINT('',#2203);
#673=VERTEX_POINT('',#2205);
#674=VERTEX_POINT('',#2207);
#675=VERTEX_POINT('',#2211);
#676=VERTEX_POINT('',#2212);
#677=VERTEX_POINT('',#2214);
#678=VERTEX_POINT('',#2216);
#679=VERTEX_POINT('',#2220);
#680=VERTEX_POINT('',#2221);
#681=VERTEX_POINT('',#2223);
#682=VERTEX_POINT('',#2225);
#683=VERTEX_POINT('',#2229);
#684=VERTEX_POINT('',#2230);
#685=VERTEX_POINT('',#2232);
#686=VERTEX_POINT('',#2234);
#687=VERTEX_POINT('',#2237);
#688=VERTEX_POINT('',#2238);
#689=VERTEX_POINT('',#2240);
#690=VERTEX_POINT('',#2242);
#691=VERTEX_POINT('',#2245);
#692=VERTEX_POINT('',#2246);
#693=VERTEX_POINT('',#2248);
#694=VERTEX_POINT('',#2250);
#695=VERTEX_POINT('',#2254);
#696=VERTEX_POINT('',#2255);
#697=VERTEX_POINT('',#2257);
#698=VERTEX_POINT('',#2259);
#699=EDGE_CURVE('',#531,#532,#507,.T.);
#700=EDGE_CURVE('',#532,#533,#169,.T.);
#701=EDGE_CURVE('',#533,#534,#508,.T.);
#702=EDGE_CURVE('',#534,#535,#170,.T.);
#703=EDGE_CURVE('',#535,#536,#509,.T.);
#704=EDGE_CURVE('',#536,#537,#171,.T.);
#705=EDGE_CURVE('',#537,#538,#510,.T.);
#706=EDGE_CURVE('',#538,#539,#172,.T.);
#707=EDGE_CURVE('',#539,#540,#511,.T.);
#708=EDGE_CURVE('',#540,#541,#173,.T.);
#709=EDGE_CURVE('',#541,#542,#512,.T.);
#710=EDGE_CURVE('',#542,#543,#174,.T.);
#711=EDGE_CURVE('',#543,#544,#513,.T.);
#712=EDGE_CURVE('',#544,#545,#175,.T.);
#713=EDGE_CURVE('',#545,#546,#514,.T.);
#714=EDGE_CURVE('',#546,#547,#176,.T.);
#715=EDGE_CURVE('',#547,#548,#515,.T.);
#716=EDGE_CURVE('',#548,#549,#177,.T.);
#717=EDGE_CURVE('',#549,#550,#516,.T.);
#718=EDGE_CURVE('',#550,#551,#178,.T.);
#719=EDGE_CURVE('',#551,#552,#517,.T.);
#720=EDGE_CURVE('',#552,#553,#179,.T.);
#721=EDGE_CURVE('',#553,#554,#518,.T.);
#722=EDGE_CURVE('',#554,#531,#180,.T.);
#723=EDGE_CURVE('',#555,#556,#181,.T.);
#724=EDGE_CURVE('',#557,#555,#182,.T.);
#725=EDGE_CURVE('',#558,#557,#183,.T.);
#726=EDGE_CURVE('',#559,#558,#184,.T.);
#727=EDGE_CURVE('',#560,#559,#185,.T.);
#728=EDGE_CURVE('',#561,#560,#186,.T.);
#729=EDGE_CURVE('',#562,#561,#187,.T.);
#730=EDGE_CURVE('',#563,#562,#188,.T.);
#731=EDGE_CURVE('',#564,#563,#189,.T.);
#732=EDGE_CURVE('',#565,#564,#190,.T.);
#733=EDGE_CURVE('',#566,#565,#191,.T.);
#734=EDGE_CURVE('',#567,#566,#192,.T.);
#735=EDGE_CURVE('',#568,#567,#193,.T.);
#736=EDGE_CURVE('',#569,#568,#194,.T.);
#737=EDGE_CURVE('',#570,#569,#195,.T.);
#738=EDGE_CURVE('',#571,#570,#196,.T.);
#739=EDGE_CURVE('',#572,#571,#197,.T.);
#740=EDGE_CURVE('',#573,#572,#198,.T.);
#741=EDGE_CURVE('',#574,#573,#199,.T.);
#742=EDGE_CURVE('',#575,#574,#200,.T.);
#743=EDGE_CURVE('',#576,#575,#201,.T.);
#744=EDGE_CURVE('',#577,#576,#202,.T.);
#745=EDGE_CURVE('',#578,#577,#203,.T.);
#746=EDGE_CURVE('',#579,#578,#204,.T.);
#747=EDGE_CURVE('',#556,#579,#205,.T.);
#748=EDGE_CURVE('',#580,#581,#206,.T.);
#749=EDGE_CURVE('',#582,#580,#207,.T.);
#750=EDGE_CURVE('',#583,#582,#57,.T.);
#751=EDGE_CURVE('',#584,#583,#208,.T.);
#752=EDGE_CURVE('',#585,#584,#58,.T.);
#753=EDGE_CURVE('',#586,#585,#209,.T.);
#754=EDGE_CURVE('',#581,#586,#210,.T.);
#755=EDGE_CURVE('',#555,#587,#211,.T.);
#756=EDGE_CURVE('',#587,#579,#212,.T.);
#757=EDGE_CURVE('',#559,#588,#213,.T.);
#758=EDGE_CURVE('',#588,#557,#214,.T.);
#759=EDGE_CURVE('',#577,#589,#215,.T.);
#760=EDGE_CURVE('',#589,#575,#216,.T.);
#761=EDGE_CURVE('',#569,#590,#217,.T.);
#762=EDGE_CURVE('',#590,#567,#218,.T.);
#763=EDGE_CURVE('',#563,#591,#219,.T.);
#764=EDGE_CURVE('',#591,#561,#220,.T.);
#765=EDGE_CURVE('',#592,#593,#221,.T.);
#766=EDGE_CURVE('',#594,#592,#222,.T.);
#767=EDGE_CURVE('',#595,#594,#223,.T.);
#768=EDGE_CURVE('',#593,#595,#224,.T.);
#769=EDGE_CURVE('',#596,#597,#225,.T.);
#770=EDGE_CURVE('',#598,#596,#226,.T.);
#771=EDGE_CURVE('',#599,#598,#227,.T.);
#772=EDGE_CURVE('',#597,#599,#228,.T.);
#773=EDGE_CURVE('',#600,#601,#229,.T.);
#774=EDGE_CURVE('',#602,#600,#230,.T.);
#775=EDGE_CURVE('',#603,#602,#231,.T.);
#776=EDGE_CURVE('',#601,#603,#232,.T.);
#777=EDGE_CURVE('',#604,#605,#519,.T.);
#778=EDGE_CURVE('',#532,#605,#233,.T.);
#779=EDGE_CURVE('',#531,#604,#234,.T.);
#780=EDGE_CURVE('',#605,#606,#235,.T.);
#781=EDGE_CURVE('',#533,#606,#236,.T.);
#782=EDGE_CURVE('',#606,#607,#520,.T.);
#783=EDGE_CURVE('',#534,#607,#237,.T.);
#784=EDGE_CURVE('',#607,#608,#238,.T.);
#785=EDGE_CURVE('',#535,#608,#239,.T.);
#786=EDGE_CURVE('',#608,#609,#521,.T.);
#787=EDGE_CURVE('',#536,#609,#240,.T.);
#788=EDGE_CURVE('',#609,#610,#241,.T.);
#789=EDGE_CURVE('',#537,#610,#242,.T.);
#790=EDGE_CURVE('',#610,#611,#522,.T.);
#791=EDGE_CURVE('',#538,#611,#243,.T.);
#792=EDGE_CURVE('',#611,#612,#244,.T.);
#793=EDGE_CURVE('',#539,#612,#245,.T.);
#794=EDGE_CURVE('',#612,#613,#523,.T.);
#795=EDGE_CURVE('',#540,#613,#246,.T.);
#796=EDGE_CURVE('',#613,#614,#247,.T.);
#797=EDGE_CURVE('',#541,#614,#248,.T.);
#798=EDGE_CURVE('',#614,#615,#524,.T.);
#799=EDGE_CURVE('',#542,#615,#249,.T.);
#800=EDGE_CURVE('',#615,#616,#250,.T.);
#801=EDGE_CURVE('',#543,#616,#251,.T.);
#802=EDGE_CURVE('',#616,#617,#525,.T.);
#803=EDGE_CURVE('',#544,#617,#252,.T.);
#804=EDGE_CURVE('',#617,#618,#253,.T.);
#805=EDGE_CURVE('',#545,#618,#254,.T.);
#806=EDGE_CURVE('',#618,#619,#526,.T.);
#807=EDGE_CURVE('',#546,#619,#255,.T.);
#808=EDGE_CURVE('',#619,#620,#256,.T.);
#809=EDGE_CURVE('',#547,#620,#257,.T.);
#810=EDGE_CURVE('',#620,#621,#527,.T.);
#811=EDGE_CURVE('',#548,#621,#258,.T.);
#812=EDGE_CURVE('',#621,#622,#259,.T.);
#813=EDGE_CURVE('',#549,#622,#260,.T.);
#814=EDGE_CURVE('',#622,#623,#528,.T.);
#815=EDGE_CURVE('',#550,#623,#261,.T.);
#816=EDGE_CURVE('',#623,#624,#262,.T.);
#817=EDGE_CURVE('',#551,#624,#263,.T.);
#818=EDGE_CURVE('',#624,#625,#529,.T.);
#819=EDGE_CURVE('',#552,#625,#264,.T.);
#820=EDGE_CURVE('',#625,#626,#265,.T.);
#821=EDGE_CURVE('',#553,#626,#266,.T.);
#822=EDGE_CURVE('',#626,#627,#530,.T.);
#823=EDGE_CURVE('',#554,#627,#267,.T.);
#824=EDGE_CURVE('',#627,#604,#268,.T.);
#825=EDGE_CURVE('',#628,#629,#269,.T.);
#826=EDGE_CURVE('',#629,#630,#270,.T.);
#827=EDGE_CURVE('',#630,#631,#271,.T.);
#828=EDGE_CURVE('',#631,#628,#272,.T.);
#829=EDGE_CURVE('',#632,#633,#273,.T.);
#830=EDGE_CURVE('',#633,#634,#274,.T.);
#831=EDGE_CURVE('',#634,#635,#275,.T.);
#832=EDGE_CURVE('',#635,#632,#276,.T.);
#833=EDGE_CURVE('',#636,#637,#277,.T.);
#834=EDGE_CURVE('',#637,#638,#278,.T.);
#835=EDGE_CURVE('',#638,#639,#279,.T.);
#836=EDGE_CURVE('',#639,#640,#280,.T.);
#837=EDGE_CURVE('',#640,#641,#281,.T.);
#838=EDGE_CURVE('',#641,#642,#282,.T.);
#839=EDGE_CURVE('',#642,#643,#283,.T.);
#840=EDGE_CURVE('',#643,#644,#284,.T.);
#841=EDGE_CURVE('',#644,#645,#285,.T.);
#842=EDGE_CURVE('',#645,#646,#286,.T.);
#843=EDGE_CURVE('',#646,#647,#287,.T.);
#844=EDGE_CURVE('',#647,#648,#288,.T.);
#845=EDGE_CURVE('',#648,#649,#289,.T.);
#846=EDGE_CURVE('',#649,#650,#290,.T.);
#847=EDGE_CURVE('',#650,#651,#291,.T.);
#848=EDGE_CURVE('',#651,#652,#292,.T.);
#849=EDGE_CURVE('',#652,#653,#293,.T.);
#850=EDGE_CURVE('',#653,#654,#294,.T.);
#851=EDGE_CURVE('',#654,#655,#295,.T.);
#852=EDGE_CURVE('',#655,#636,#296,.T.);
#853=EDGE_CURVE('',#656,#657,#297,.T.);
#854=EDGE_CURVE('',#658,#656,#298,.T.);
#855=EDGE_CURVE('',#659,#658,#299,.T.);
#856=EDGE_CURVE('',#657,#659,#300,.T.);
#857=EDGE_CURVE('',#660,#661,#301,.T.);
#858=EDGE_CURVE('',#661,#662,#302,.T.);
#859=EDGE_CURVE('',#662,#663,#303,.T.);
#860=EDGE_CURVE('',#663,#664,#304,.T.);
#861=EDGE_CURVE('',#664,#665,#59,.T.);
#862=EDGE_CURVE('',#665,#666,#305,.T.);
#863=EDGE_CURVE('',#666,#660,#60,.T.);
#864=EDGE_CURVE('',#667,#668,#306,.T.);
#865=EDGE_CURVE('',#667,#669,#307,.T.);
#866=EDGE_CURVE('',#669,#670,#308,.T.);
#867=EDGE_CURVE('',#668,#670,#309,.T.);
#868=EDGE_CURVE('',#671,#672,#310,.T.);
#869=EDGE_CURVE('',#671,#673,#311,.T.);
#870=EDGE_CURVE('',#673,#674,#312,.T.);
#871=EDGE_CURVE('',#672,#674,#313,.T.);
#872=EDGE_CURVE('',#675,#676,#314,.T.);
#873=EDGE_CURVE('',#675,#677,#315,.T.);
#874=EDGE_CURVE('',#677,#678,#316,.T.);
#875=EDGE_CURVE('',#676,#678,#317,.T.);
#876=EDGE_CURVE('',#679,#680,#318,.T.);
#877=EDGE_CURVE('',#679,#681,#319,.T.);
#878=EDGE_CURVE('',#681,#682,#320,.T.);
#879=EDGE_CURVE('',#680,#682,#321,.T.);
#880=EDGE_CURVE('',#683,#684,#322,.T.);
#881=EDGE_CURVE('',#684,#685,#323,.T.);
#882=EDGE_CURVE('',#685,#686,#324,.T.);
#883=EDGE_CURVE('',#686,#683,#325,.T.);
#884=EDGE_CURVE('',#687,#688,#326,.T.);
#885=EDGE_CURVE('',#689,#687,#327,.T.);
#886=EDGE_CURVE('',#690,#689,#328,.T.);
#887=EDGE_CURVE('',#688,#690,#329,.T.);
#888=EDGE_CURVE('',#691,#692,#330,.T.);
#889=EDGE_CURVE('',#693,#691,#331,.T.);
#890=EDGE_CURVE('',#694,#693,#332,.T.);
#891=EDGE_CURVE('',#692,#694,#333,.T.);
#892=EDGE_CURVE('',#695,#696,#334,.T.);
#893=EDGE_CURVE('',#695,#697,#335,.T.);
#894=EDGE_CURVE('',#697,#698,#336,.T.);
#895=EDGE_CURVE('',#696,#698,#337,.T.);
#896=ORIENTED_EDGE('',*,*,#699,.T.);
#897=ORIENTED_EDGE('',*,*,#700,.T.);
#898=ORIENTED_EDGE('',*,*,#701,.T.);
#899=ORIENTED_EDGE('',*,*,#702,.T.);
#900=ORIENTED_EDGE('',*,*,#703,.T.);
#901=ORIENTED_EDGE('',*,*,#704,.T.);
#902=ORIENTED_EDGE('',*,*,#705,.T.);
#903=ORIENTED_EDGE('',*,*,#706,.T.);
#904=ORIENTED_EDGE('',*,*,#707,.T.);
#905=ORIENTED_EDGE('',*,*,#708,.T.);
#906=ORIENTED_EDGE('',*,*,#709,.T.);
#907=ORIENTED_EDGE('',*,*,#710,.T.);
#908=ORIENTED_EDGE('',*,*,#711,.T.);
#909=ORIENTED_EDGE('',*,*,#712,.T.);
#910=ORIENTED_EDGE('',*,*,#713,.T.);
#911=ORIENTED_EDGE('',*,*,#714,.T.);
#912=ORIENTED_EDGE('',*,*,#715,.T.);
#913=ORIENTED_EDGE('',*,*,#716,.T.);
#914=ORIENTED_EDGE('',*,*,#717,.T.);
#915=ORIENTED_EDGE('',*,*,#718,.T.);
#916=ORIENTED_EDGE('',*,*,#719,.T.);
#917=ORIENTED_EDGE('',*,*,#720,.T.);
#918=ORIENTED_EDGE('',*,*,#721,.T.);
#919=ORIENTED_EDGE('',*,*,#722,.T.);
#920=ORIENTED_EDGE('',*,*,#723,.F.);
#921=ORIENTED_EDGE('',*,*,#724,.F.);
#922=ORIENTED_EDGE('',*,*,#725,.F.);
#923=ORIENTED_EDGE('',*,*,#726,.F.);
#924=ORIENTED_EDGE('',*,*,#727,.F.);
#925=ORIENTED_EDGE('',*,*,#728,.F.);
#926=ORIENTED_EDGE('',*,*,#729,.F.);
#927=ORIENTED_EDGE('',*,*,#730,.F.);
#928=ORIENTED_EDGE('',*,*,#731,.F.);
#929=ORIENTED_EDGE('',*,*,#732,.F.);
#930=ORIENTED_EDGE('',*,*,#733,.F.);
#931=ORIENTED_EDGE('',*,*,#734,.F.);
#932=ORIENTED_EDGE('',*,*,#735,.F.);
#933=ORIENTED_EDGE('',*,*,#736,.F.);
#934=ORIENTED_EDGE('',*,*,#737,.F.);
#935=ORIENTED_EDGE('',*,*,#738,.F.);
#936=ORIENTED_EDGE('',*,*,#739,.F.);
#937=ORIENTED_EDGE('',*,*,#740,.F.);
#938=ORIENTED_EDGE('',*,*,#741,.F.);
#939=ORIENTED_EDGE('',*,*,#742,.F.);
#940=ORIENTED_EDGE('',*,*,#743,.F.);
#941=ORIENTED_EDGE('',*,*,#744,.F.);
#942=ORIENTED_EDGE('',*,*,#745,.F.);
#943=ORIENTED_EDGE('',*,*,#746,.F.);
#944=ORIENTED_EDGE('',*,*,#747,.F.);
#945=ORIENTED_EDGE('',*,*,#748,.F.);
#946=ORIENTED_EDGE('',*,*,#749,.F.);
#947=ORIENTED_EDGE('',*,*,#750,.F.);
#948=ORIENTED_EDGE('',*,*,#751,.F.);
#949=ORIENTED_EDGE('',*,*,#752,.F.);
#950=ORIENTED_EDGE('',*,*,#753,.F.);
#951=ORIENTED_EDGE('',*,*,#754,.F.);
#952=ORIENTED_EDGE('',*,*,#755,.F.);
#953=ORIENTED_EDGE('',*,*,#723,.T.);
#954=ORIENTED_EDGE('',*,*,#747,.T.);
#955=ORIENTED_EDGE('',*,*,#756,.F.);
#956=ORIENTED_EDGE('',*,*,#757,.F.);
#957=ORIENTED_EDGE('',*,*,#726,.T.);
#958=ORIENTED_EDGE('',*,*,#725,.T.);
#959=ORIENTED_EDGE('',*,*,#758,.F.);
#960=ORIENTED_EDGE('',*,*,#759,.F.);
#961=ORIENTED_EDGE('',*,*,#744,.T.);
#962=ORIENTED_EDGE('',*,*,#743,.T.);
#963=ORIENTED_EDGE('',*,*,#760,.F.);
#964=ORIENTED_EDGE('',*,*,#761,.F.);
#965=ORIENTED_EDGE('',*,*,#736,.T.);
#966=ORIENTED_EDGE('',*,*,#735,.T.);
#967=ORIENTED_EDGE('',*,*,#762,.F.);
#968=ORIENTED_EDGE('',*,*,#763,.F.);
#969=ORIENTED_EDGE('',*,*,#730,.T.);
#970=ORIENTED_EDGE('',*,*,#729,.T.);
#971=ORIENTED_EDGE('',*,*,#764,.F.);
#972=ORIENTED_EDGE('',*,*,#739,.T.);
#973=ORIENTED_EDGE('',*,*,#738,.T.);
#974=ORIENTED_EDGE('',*,*,#737,.T.);
#975=ORIENTED_EDGE('',*,*,#761,.T.);
#976=ORIENTED_EDGE('',*,*,#762,.T.);
#977=ORIENTED_EDGE('',*,*,#734,.T.);
#978=ORIENTED_EDGE('',*,*,#733,.T.);
#979=ORIENTED_EDGE('',*,*,#732,.T.);
#980=ORIENTED_EDGE('',*,*,#731,.T.);
#981=ORIENTED_EDGE('',*,*,#763,.T.);
#982=ORIENTED_EDGE('',*,*,#764,.T.);
#983=ORIENTED_EDGE('',*,*,#728,.T.);
#984=ORIENTED_EDGE('',*,*,#727,.T.);
#985=ORIENTED_EDGE('',*,*,#757,.T.);
#986=ORIENTED_EDGE('',*,*,#758,.T.);
#987=ORIENTED_EDGE('',*,*,#724,.T.);
#988=ORIENTED_EDGE('',*,*,#755,.T.);
#989=ORIENTED_EDGE('',*,*,#756,.T.);
#990=ORIENTED_EDGE('',*,*,#746,.T.);
#991=ORIENTED_EDGE('',*,*,#745,.T.);
#992=ORIENTED_EDGE('',*,*,#759,.T.);
#993=ORIENTED_EDGE('',*,*,#760,.T.);
#994=ORIENTED_EDGE('',*,*,#742,.T.);
#995=ORIENTED_EDGE('',*,*,#741,.T.);
#996=ORIENTED_EDGE('',*,*,#740,.T.);
#997=ORIENTED_EDGE('',*,*,#765,.F.);
#998=ORIENTED_EDGE('',*,*,#766,.F.);
#999=ORIENTED_EDGE('',*,*,#767,.F.);
#1000=ORIENTED_EDGE('',*,*,#768,.F.);
#1001=ORIENTED_EDGE('',*,*,#766,.T.);
#1002=ORIENTED_EDGE('',*,*,#765,.T.);
#1003=ORIENTED_EDGE('',*,*,#768,.T.);
#1004=ORIENTED_EDGE('',*,*,#767,.T.);
#1005=ORIENTED_EDGE('',*,*,#769,.F.);
#1006=ORIENTED_EDGE('',*,*,#770,.F.);
#1007=ORIENTED_EDGE('',*,*,#771,.F.);
#1008=ORIENTED_EDGE('',*,*,#772,.F.);
#1009=ORIENTED_EDGE('',*,*,#773,.F.);
#1010=ORIENTED_EDGE('',*,*,#774,.F.);
#1011=ORIENTED_EDGE('',*,*,#775,.F.);
#1012=ORIENTED_EDGE('',*,*,#776,.F.);
#1013=ORIENTED_EDGE('',*,*,#774,.T.);
#1014=ORIENTED_EDGE('',*,*,#773,.T.);
#1015=ORIENTED_EDGE('',*,*,#776,.T.);
#1016=ORIENTED_EDGE('',*,*,#775,.T.);
#1017=ORIENTED_EDGE('',*,*,#749,.T.);
#1018=ORIENTED_EDGE('',*,*,#748,.T.);
#1019=ORIENTED_EDGE('',*,*,#754,.T.);
#1020=ORIENTED_EDGE('',*,*,#753,.T.);
#1021=ORIENTED_EDGE('',*,*,#752,.T.);
#1022=ORIENTED_EDGE('',*,*,#751,.T.);
#1023=ORIENTED_EDGE('',*,*,#750,.T.);
#1024=ORIENTED_EDGE('',*,*,#777,.T.);
#1025=ORIENTED_EDGE('',*,*,#778,.F.);
#1026=ORIENTED_EDGE('',*,*,#699,.F.);
#1027=ORIENTED_EDGE('',*,*,#779,.T.);
#1028=ORIENTED_EDGE('',*,*,#780,.T.);
#1029=ORIENTED_EDGE('',*,*,#781,.F.);
#1030=ORIENTED_EDGE('',*,*,#700,.F.);
#1031=ORIENTED_EDGE('',*,*,#778,.T.);
#1032=ORIENTED_EDGE('',*,*,#782,.T.);
#1033=ORIENTED_EDGE('',*,*,#783,.F.);
#1034=ORIENTED_EDGE('',*,*,#701,.F.);
#1035=ORIENTED_EDGE('',*,*,#781,.T.);
#1036=ORIENTED_EDGE('',*,*,#784,.T.);
#1037=ORIENTED_EDGE('',*,*,#785,.F.);
#1038=ORIENTED_EDGE('',*,*,#702,.F.);
#1039=ORIENTED_EDGE('',*,*,#783,.T.);
#1040=ORIENTED_EDGE('',*,*,#786,.T.);
#1041=ORIENTED_EDGE('',*,*,#787,.F.);
#1042=ORIENTED_EDGE('',*,*,#703,.F.);
#1043=ORIENTED_EDGE('',*,*,#785,.T.);
#1044=ORIENTED_EDGE('',*,*,#788,.T.);
#1045=ORIENTED_EDGE('',*,*,#789,.F.);
#1046=ORIENTED_EDGE('',*,*,#704,.F.);
#1047=ORIENTED_EDGE('',*,*,#787,.T.);
#1048=ORIENTED_EDGE('',*,*,#790,.T.);
#1049=ORIENTED_EDGE('',*,*,#791,.F.);
#1050=ORIENTED_EDGE('',*,*,#705,.F.);
#1051=ORIENTED_EDGE('',*,*,#789,.T.);
#1052=ORIENTED_EDGE('',*,*,#792,.T.);
#1053=ORIENTED_EDGE('',*,*,#793,.F.);
#1054=ORIENTED_EDGE('',*,*,#706,.F.);
#1055=ORIENTED_EDGE('',*,*,#791,.T.);
#1056=ORIENTED_EDGE('',*,*,#794,.T.);
#1057=ORIENTED_EDGE('',*,*,#795,.F.);
#1058=ORIENTED_EDGE('',*,*,#707,.F.);
#1059=ORIENTED_EDGE('',*,*,#793,.T.);
#1060=ORIENTED_EDGE('',*,*,#796,.T.);
#1061=ORIENTED_EDGE('',*,*,#797,.F.);
#1062=ORIENTED_EDGE('',*,*,#708,.F.);
#1063=ORIENTED_EDGE('',*,*,#795,.T.);
#1064=ORIENTED_EDGE('',*,*,#798,.T.);
#1065=ORIENTED_EDGE('',*,*,#799,.F.);
#1066=ORIENTED_EDGE('',*,*,#709,.F.);
#1067=ORIENTED_EDGE('',*,*,#797,.T.);
#1068=ORIENTED_EDGE('',*,*,#800,.T.);
#1069=ORIENTED_EDGE('',*,*,#801,.F.);
#1070=ORIENTED_EDGE('',*,*,#710,.F.);
#1071=ORIENTED_EDGE('',*,*,#799,.T.);
#1072=ORIENTED_EDGE('',*,*,#802,.T.);
#1073=ORIENTED_EDGE('',*,*,#803,.F.);
#1074=ORIENTED_EDGE('',*,*,#711,.F.);
#1075=ORIENTED_EDGE('',*,*,#801,.T.);
#1076=ORIENTED_EDGE('',*,*,#804,.T.);
#1077=ORIENTED_EDGE('',*,*,#805,.F.);
#1078=ORIENTED_EDGE('',*,*,#712,.F.);
#1079=ORIENTED_EDGE('',*,*,#803,.T.);
#1080=ORIENTED_EDGE('',*,*,#806,.T.);
#1081=ORIENTED_EDGE('',*,*,#807,.F.);
#1082=ORIENTED_EDGE('',*,*,#713,.F.);
#1083=ORIENTED_EDGE('',*,*,#805,.T.);
#1084=ORIENTED_EDGE('',*,*,#808,.T.);
#1085=ORIENTED_EDGE('',*,*,#809,.F.);
#1086=ORIENTED_EDGE('',*,*,#714,.F.);
#1087=ORIENTED_EDGE('',*,*,#807,.T.);
#1088=ORIENTED_EDGE('',*,*,#810,.T.);
#1089=ORIENTED_EDGE('',*,*,#811,.F.);
#1090=ORIENTED_EDGE('',*,*,#715,.F.);
#1091=ORIENTED_EDGE('',*,*,#809,.T.);
#1092=ORIENTED_EDGE('',*,*,#812,.T.);
#1093=ORIENTED_EDGE('',*,*,#813,.F.);
#1094=ORIENTED_EDGE('',*,*,#716,.F.);
#1095=ORIENTED_EDGE('',*,*,#811,.T.);
#1096=ORIENTED_EDGE('',*,*,#814,.T.);
#1097=ORIENTED_EDGE('',*,*,#815,.F.);
#1098=ORIENTED_EDGE('',*,*,#717,.F.);
#1099=ORIENTED_EDGE('',*,*,#813,.T.);
#1100=ORIENTED_EDGE('',*,*,#816,.T.);
#1101=ORIENTED_EDGE('',*,*,#817,.F.);
#1102=ORIENTED_EDGE('',*,*,#718,.F.);
#1103=ORIENTED_EDGE('',*,*,#815,.T.);
#1104=ORIENTED_EDGE('',*,*,#818,.T.);
#1105=ORIENTED_EDGE('',*,*,#819,.F.);
#1106=ORIENTED_EDGE('',*,*,#719,.F.);
#1107=ORIENTED_EDGE('',*,*,#817,.T.);
#1108=ORIENTED_EDGE('',*,*,#820,.T.);
#1109=ORIENTED_EDGE('',*,*,#821,.F.);
#1110=ORIENTED_EDGE('',*,*,#720,.F.);
#1111=ORIENTED_EDGE('',*,*,#819,.T.);
#1112=ORIENTED_EDGE('',*,*,#822,.T.);
#1113=ORIENTED_EDGE('',*,*,#823,.F.);
#1114=ORIENTED_EDGE('',*,*,#721,.F.);
#1115=ORIENTED_EDGE('',*,*,#821,.T.);
#1116=ORIENTED_EDGE('',*,*,#824,.T.);
#1117=ORIENTED_EDGE('',*,*,#779,.F.);
#1118=ORIENTED_EDGE('',*,*,#722,.F.);
#1119=ORIENTED_EDGE('',*,*,#823,.T.);
#1120=ORIENTED_EDGE('',*,*,#770,.T.);
#1121=ORIENTED_EDGE('',*,*,#769,.T.);
#1122=ORIENTED_EDGE('',*,*,#772,.T.);
#1123=ORIENTED_EDGE('',*,*,#771,.T.);
#1124=ORIENTED_EDGE('',*,*,#777,.F.);
#1125=ORIENTED_EDGE('',*,*,#824,.F.);
#1126=ORIENTED_EDGE('',*,*,#822,.F.);
#1127=ORIENTED_EDGE('',*,*,#820,.F.);
#1128=ORIENTED_EDGE('',*,*,#818,.F.);
#1129=ORIENTED_EDGE('',*,*,#816,.F.);
#1130=ORIENTED_EDGE('',*,*,#814,.F.);
#1131=ORIENTED_EDGE('',*,*,#812,.F.);
#1132=ORIENTED_EDGE('',*,*,#810,.F.);
#1133=ORIENTED_EDGE('',*,*,#808,.F.);
#1134=ORIENTED_EDGE('',*,*,#806,.F.);
#1135=ORIENTED_EDGE('',*,*,#804,.F.);
#1136=ORIENTED_EDGE('',*,*,#802,.F.);
#1137=ORIENTED_EDGE('',*,*,#800,.F.);
#1138=ORIENTED_EDGE('',*,*,#798,.F.);
#1139=ORIENTED_EDGE('',*,*,#796,.F.);
#1140=ORIENTED_EDGE('',*,*,#794,.F.);
#1141=ORIENTED_EDGE('',*,*,#792,.F.);
#1142=ORIENTED_EDGE('',*,*,#790,.F.);
#1143=ORIENTED_EDGE('',*,*,#788,.F.);
#1144=ORIENTED_EDGE('',*,*,#786,.F.);
#1145=ORIENTED_EDGE('',*,*,#784,.F.);
#1146=ORIENTED_EDGE('',*,*,#782,.F.);
#1147=ORIENTED_EDGE('',*,*,#780,.F.);
#1148=ORIENTED_EDGE('',*,*,#825,.T.);
#1149=ORIENTED_EDGE('',*,*,#826,.T.);
#1150=ORIENTED_EDGE('',*,*,#827,.T.);
#1151=ORIENTED_EDGE('',*,*,#828,.T.);
#1152=ORIENTED_EDGE('',*,*,#829,.T.);
#1153=ORIENTED_EDGE('',*,*,#830,.T.);
#1154=ORIENTED_EDGE('',*,*,#831,.T.);
#1155=ORIENTED_EDGE('',*,*,#832,.T.);
#1156=ORIENTED_EDGE('',*,*,#833,.T.);
#1157=ORIENTED_EDGE('',*,*,#834,.T.);
#1158=ORIENTED_EDGE('',*,*,#835,.T.);
#1159=ORIENTED_EDGE('',*,*,#836,.T.);
#1160=ORIENTED_EDGE('',*,*,#837,.T.);
#1161=ORIENTED_EDGE('',*,*,#838,.T.);
#1162=ORIENTED_EDGE('',*,*,#839,.T.);
#1163=ORIENTED_EDGE('',*,*,#840,.T.);
#1164=ORIENTED_EDGE('',*,*,#841,.T.);
#1165=ORIENTED_EDGE('',*,*,#842,.T.);
#1166=ORIENTED_EDGE('',*,*,#843,.T.);
#1167=ORIENTED_EDGE('',*,*,#844,.T.);
#1168=ORIENTED_EDGE('',*,*,#845,.T.);
#1169=ORIENTED_EDGE('',*,*,#846,.T.);
#1170=ORIENTED_EDGE('',*,*,#847,.T.);
#1171=ORIENTED_EDGE('',*,*,#848,.T.);
#1172=ORIENTED_EDGE('',*,*,#849,.T.);
#1173=ORIENTED_EDGE('',*,*,#850,.T.);
#1174=ORIENTED_EDGE('',*,*,#851,.T.);
#1175=ORIENTED_EDGE('',*,*,#852,.T.);
#1176=ORIENTED_EDGE('',*,*,#853,.F.);
#1177=ORIENTED_EDGE('',*,*,#854,.F.);
#1178=ORIENTED_EDGE('',*,*,#855,.F.);
#1179=ORIENTED_EDGE('',*,*,#856,.F.);
#1180=ORIENTED_EDGE('',*,*,#857,.T.);
#1181=ORIENTED_EDGE('',*,*,#858,.T.);
#1182=ORIENTED_EDGE('',*,*,#859,.T.);
#1183=ORIENTED_EDGE('',*,*,#860,.T.);
#1184=ORIENTED_EDGE('',*,*,#861,.T.);
#1185=ORIENTED_EDGE('',*,*,#862,.T.);
#1186=ORIENTED_EDGE('',*,*,#863,.T.);
#1187=ORIENTED_EDGE('',*,*,#864,.F.);
#1188=ORIENTED_EDGE('',*,*,#865,.T.);
#1189=ORIENTED_EDGE('',*,*,#866,.T.);
#1190=ORIENTED_EDGE('',*,*,#867,.F.);
#1191=ORIENTED_EDGE('',*,*,#868,.F.);
#1192=ORIENTED_EDGE('',*,*,#869,.T.);
#1193=ORIENTED_EDGE('',*,*,#870,.T.);
#1194=ORIENTED_EDGE('',*,*,#871,.F.);
#1195=ORIENTED_EDGE('',*,*,#872,.F.);
#1196=ORIENTED_EDGE('',*,*,#873,.T.);
#1197=ORIENTED_EDGE('',*,*,#874,.T.);
#1198=ORIENTED_EDGE('',*,*,#875,.F.);
#1199=ORIENTED_EDGE('',*,*,#876,.F.);
#1200=ORIENTED_EDGE('',*,*,#877,.T.);
#1201=ORIENTED_EDGE('',*,*,#878,.T.);
#1202=ORIENTED_EDGE('',*,*,#879,.F.);
#1203=ORIENTED_EDGE('',*,*,#880,.T.);
#1204=ORIENTED_EDGE('',*,*,#881,.T.);
#1205=ORIENTED_EDGE('',*,*,#882,.T.);
#1206=ORIENTED_EDGE('',*,*,#883,.T.);
#1207=ORIENTED_EDGE('',*,*,#884,.F.);
#1208=ORIENTED_EDGE('',*,*,#885,.F.);
#1209=ORIENTED_EDGE('',*,*,#886,.F.);
#1210=ORIENTED_EDGE('',*,*,#887,.F.);
#1211=ORIENTED_EDGE('',*,*,#888,.F.);
#1212=ORIENTED_EDGE('',*,*,#889,.F.);
#1213=ORIENTED_EDGE('',*,*,#890,.F.);
#1214=ORIENTED_EDGE('',*,*,#891,.F.);
#1215=ORIENTED_EDGE('',*,*,#892,.F.);
#1216=ORIENTED_EDGE('',*,*,#893,.T.);
#1217=ORIENTED_EDGE('',*,*,#894,.T.);
#1218=ORIENTED_EDGE('',*,*,#895,.F.);
#1219=PLANE('',#1313);
#1220=PLANE('',#1326);
#1221=PLANE('',#1327);
#1222=PLANE('',#1328);
#1223=PLANE('',#1329);
#1224=PLANE('',#1330);
#1225=PLANE('',#1331);
#1226=PLANE('',#1332);
#1227=PLANE('',#1333);
#1228=PLANE('',#1334);
#1229=PLANE('',#1337);
#1230=PLANE('',#1340);
#1231=PLANE('',#1343);
#1232=PLANE('',#1346);
#1233=PLANE('',#1349);
#1234=PLANE('',#1352);
#1235=PLANE('',#1355);
#1236=PLANE('',#1358);
#1237=PLANE('',#1361);
#1238=PLANE('',#1364);
#1239=PLANE('',#1367);
#1240=PLANE('',#1370);
#1241=PLANE('',#1371);
#1242=PLANE('',#1372);
#1243=PLANE('',#1373);
#1244=PLANE('',#1374);
#1245=PLANE('',#1375);
#1246=PLANE('',#1376);
#1247=PLANE('',#1377);
#1248=PLANE('',#1378);
#1249=PLANE('',#1379);
#1250=PLANE('',#1380);
#1251=PLANE('',#1381);
#1252=PLANE('',#1382);
#1253=ADVANCED_FACE('',(#69,#61,#62),#1219,.F.);
#1254=ADVANCED_FACE('',(#70),#1220,.F.);
#1255=ADVANCED_FACE('',(#71),#1221,.F.);
#1256=ADVANCED_FACE('',(#72),#1222,.F.);
#1257=ADVANCED_FACE('',(#73),#1223,.F.);
#1258=ADVANCED_FACE('',(#74),#1224,.F.);
#1259=ADVANCED_FACE('',(#75,#63),#1225,.F.);
#1260=ADVANCED_FACE('',(#76,#64,#65),#1226,.F.);
#1261=ADVANCED_FACE('',(#77),#1227,.F.);
#1262=ADVANCED_FACE('',(#78),#1228,.F.);
#1263=ADVANCED_FACE('',(#79),#45,.T.);
#1264=ADVANCED_FACE('',(#80),#1229,.F.);
#1265=ADVANCED_FACE('',(#81),#46,.F.);
#1266=ADVANCED_FACE('',(#82),#1230,.F.);
#1267=ADVANCED_FACE('',(#83),#47,.T.);
#1268=ADVANCED_FACE('',(#84),#1231,.F.);
#1269=ADVANCED_FACE('',(#85),#48,.T.);
#1270=ADVANCED_FACE('',(#86),#1232,.F.);
#1271=ADVANCED_FACE('',(#87),#49,.F.);
#1272=ADVANCED_FACE('',(#88),#1233,.F.);
#1273=ADVANCED_FACE('',(#89),#50,.T.);
#1274=ADVANCED_FACE('',(#90),#1234,.F.);
#1275=ADVANCED_FACE('',(#91),#51,.T.);
#1276=ADVANCED_FACE('',(#92),#1235,.F.);
#1277=ADVANCED_FACE('',(#93),#52,.F.);
#1278=ADVANCED_FACE('',(#94),#1236,.F.);
#1279=ADVANCED_FACE('',(#95),#53,.T.);
#1280=ADVANCED_FACE('',(#96),#1237,.F.);
#1281=ADVANCED_FACE('',(#97),#54,.T.);
#1282=ADVANCED_FACE('',(#98),#1238,.F.);
#1283=ADVANCED_FACE('',(#99),#55,.F.);
#1284=ADVANCED_FACE('',(#100),#1239,.F.);
#1285=ADVANCED_FACE('',(#101),#56,.T.);
#1286=ADVANCED_FACE('',(#102),#1240,.F.);
#1287=ADVANCED_FACE('',(#103),#1241,.F.);
#1288=ADVANCED_FACE('',(#104),#1242,.T.);
#1289=ADVANCED_FACE('',(#105),#1243,.F.);
#1290=ADVANCED_FACE('',(#106),#1244,.F.);
#1291=ADVANCED_FACE('',(#107,#66),#1245,.F.);
#1292=ADVANCED_FACE('',(#108),#1246,.F.);
#1293=ADVANCED_FACE('',(#109),#1247,.F.);
#1294=ADVANCED_FACE('',(#110),#1248,.F.);
#1295=ADVANCED_FACE('',(#111),#1249,.F.);
#1296=ADVANCED_FACE('',(#112),#1250,.F.);
#1297=ADVANCED_FACE('',(#113,#67,#68),#1251,.F.);
#1298=ADVANCED_FACE('',(#114),#1252,.F.);
#1299=CLOSED_SHELL('',(#1253,#1254,#1255,#1256,#1257,#1258,#1259,#1260,
#1261,#1262,#1263,#1264,#1265,#1266,#1267,#1268,#1269,#1270,#1271,#1272,
#1273,#1274,#1275,#1276,#1277,#1278,#1279,#1280,#1281,#1282,#1283,#1284,
#1285,#1286,#1287,#1288));
#1300=DERIVED_UNIT_ELEMENT(#1302,1.);
#1301=DERIVED_UNIT_ELEMENT(#2267,-3.);
#1302=(
MASS_UNIT()
NAMED_UNIT(*)
SI_UNIT(.KILO.,.GRAM.)
);
#1303=DERIVED_UNIT((#1300,#1301));
#1304=MEASURE_REPRESENTATION_ITEM('density measure',
POSITIVE_RATIO_MEASURE(7850.),#1303);
#1305=PROPERTY_DEFINITION_REPRESENTATION(#1310,#1307);
#1306=PROPERTY_DEFINITION_REPRESENTATION(#1311,#1308);
#1307=REPRESENTATION('material name',(#1309),#2264);
#1308=REPRESENTATION('density',(#1304),#2264);
#1309=DESCRIPTIVE_REPRESENTATION_ITEM('Steel','Steel');
#1310=PROPERTY_DEFINITION('material property','material name',#2274);
#1311=PROPERTY_DEFINITION('material property','density of part',#2274);
#1312=AXIS2_PLACEMENT_3D('',#1694,#1383,#1384);
#1313=AXIS2_PLACEMENT_3D('',#1695,#1385,#1386);
#1314=AXIS2_PLACEMENT_3D('',#1698,#1387,#1388);
#1315=AXIS2_PLACEMENT_3D('',#1702,#1390,#1391);
#1316=AXIS2_PLACEMENT_3D('',#1706,#1393,#1394);
#1317=AXIS2_PLACEMENT_3D('',#1710,#1396,#1397);
#1318=AXIS2_PLACEMENT_3D('',#1714,#1399,#1400);
#1319=AXIS2_PLACEMENT_3D('',#1718,#1402,#1403);
#1320=AXIS2_PLACEMENT_3D('',#1722,#1405,#1406);
#1321=AXIS2_PLACEMENT_3D('',#1726,#1408,#1409);
#1322=AXIS2_PLACEMENT_3D('',#1730,#1411,#1412);
#1323=AXIS2_PLACEMENT_3D('',#1734,#1414,#1415);
#1324=AXIS2_PLACEMENT_3D('',#1738,#1417,#1418);
#1325=AXIS2_PLACEMENT_3D('',#1742,#1420,#1421);
#1326=AXIS2_PLACEMENT_3D('',#1850,#1453,#1454);
#1327=AXIS2_PLACEMENT_3D('',#1854,#1457,#1458);
#1328=AXIS2_PLACEMENT_3D('',#1858,#1461,#1462);
#1329=AXIS2_PLACEMENT_3D('',#1862,#1465,#1466);
#1330=AXIS2_PLACEMENT_3D('',#1866,#1469,#1470);
#1331=AXIS2_PLACEMENT_3D('',#1870,#1473,#1474);
#1332=AXIS2_PLACEMENT_3D('',#1879,#1479,#1480);
#1333=AXIS2_PLACEMENT_3D('',#1896,#1489,#1490);
#1334=AXIS2_PLACEMENT_3D('',#1897,#1491,#1492);
#1335=AXIS2_PLACEMENT_3D('',#1898,#1493,#1494);
#1336=AXIS2_PLACEMENT_3D('',#1901,#1495,#1496);
#1337=AXIS2_PLACEMENT_3D('',#1904,#1499,#1500);
#1338=AXIS2_PLACEMENT_3D('',#1908,#1503,#1504);
#1339=AXIS2_PLACEMENT_3D('',#1910,#1505,#1506);
#1340=AXIS2_PLACEMENT_3D('',#1912,#1508,#1509);
#1341=AXIS2_PLACEMENT_3D('',#1916,#1512,#1513);
#1342=AXIS2_PLACEMENT_3D('',#1918,#1514,#1515);
#1343=AXIS2_PLACEMENT_3D('',#1920,#1517,#1518);
#1344=AXIS2_PLACEMENT_3D('',#1924,#1521,#1522);
#1345=AXIS2_PLACEMENT_3D('',#1926,#1523,#1524);
#1346=AXIS2_PLACEMENT_3D('',#1928,#1526,#1527);
#1347=AXIS2_PLACEMENT_3D('',#1932,#1530,#1531);
#1348=AXIS2_PLACEMENT_3D('',#1934,#1532,#1533);
#1349=AXIS2_PLACEMENT_3D('',#1936,#1535,#1536);
#1350=AXIS2_PLACEMENT_3D('',#1940,#1539,#1540);
#1351=AXIS2_PLACEMENT_3D('',#1942,#1541,#1542);
#1352=AXIS2_PLACEMENT_3D('',#1944,#1544,#1545);
#1353=AXIS2_PLACEMENT_3D('',#1948,#1548,#1549);
#1354=AXIS2_PLACEMENT_3D('',#1950,#1550,#1551);
#1355=AXIS2_PLACEMENT_3D('',#1952,#1553,#1554);
#1356=AXIS2_PLACEMENT_3D('',#1956,#1557,#1558);
#1357=AXIS2_PLACEMENT_3D('',#1958,#1559,#1560);
#1358=AXIS2_PLACEMENT_3D('',#1960,#1562,#1563);
#1359=AXIS2_PLACEMENT_3D('',#1964,#1566,#1567);
#1360=AXIS2_PLACEMENT_3D('',#1966,#1568,#1569);
#1361=AXIS2_PLACEMENT_3D('',#1968,#1571,#1572);
#1362=AXIS2_PLACEMENT_3D('',#1972,#1575,#1576);
#1363=AXIS2_PLACEMENT_3D('',#1974,#1577,#1578);
#1364=AXIS2_PLACEMENT_3D('',#1976,#1580,#1581);
#1365=AXIS2_PLACEMENT_3D('',#1980,#1584,#1585);
#1366=AXIS2_PLACEMENT_3D('',#1982,#1586,#1587);
#1367=AXIS2_PLACEMENT_3D('',#1984,#1589,#1590);
#1368=AXIS2_PLACEMENT_3D('',#1988,#1593,#1594);
#1369=AXIS2_PLACEMENT_3D('',#1990,#1595,#1596);
#1370=AXIS2_PLACEMENT_3D('',#1992,#1598,#1599);
#1371=AXIS2_PLACEMENT_3D('',#1994,#1601,#1602);
#1372=AXIS2_PLACEMENT_3D('',#1995,#1603,#1604);
#1373=AXIS2_PLACEMENT_3D('',#1996,#1605,#1606);
#1374=AXIS2_PLACEMENT_3D('',#2005,#1611,#1612);
#1375=AXIS2_PLACEMENT_3D('',#2014,#1617,#1618);
#1376=AXIS2_PLACEMENT_3D('',#2063,#1643,#1644);
#1377=AXIS2_PLACEMENT_3D('',#2192,#1650,#1651);
#1378=AXIS2_PLACEMENT_3D('',#2201,#1656,#1657);
#1379=AXIS2_PLACEMENT_3D('',#2210,#1662,#1663);
#1380=AXIS2_PLACEMENT_3D('',#2219,#1668,#1669);
#1381=AXIS2_PLACEMENT_3D('',#2228,#1674,#1675);
#1382=AXIS2_PLACEMENT_3D('',#2253,#1688,#1689);
#1383=DIRECTION('axis',(0.,0.,1.));
#1384=DIRECTION('refdir',(1.,0.,0.));
#1385=DIRECTION('center_axis',(-0.996194698091746,-0.0871557427476584,0.));
#1386=DIRECTION('ref_axis',(0.0871557427476584,-0.996194698091746,0.));
#1387=DIRECTION('center_axis',(0.996194698091746,0.0871557427476584,0.));
#1388=DIRECTION('ref_axis',(0.0871557427476584,-0.996194698091746,0.));
#1389=DIRECTION('',(0.,0.,1.));
#1390=DIRECTION('center_axis',(-0.996194698091746,-0.0871557427476584,0.));
#1391=DIRECTION('ref_axis',(0.0871557427476583,-0.996194698091746,0.));
#1392=DIRECTION('',(-0.087155742747658,0.996194698091746,0.));
#1393=DIRECTION('center_axis',(0.996194698091746,0.0871557427476584,0.));
#1394=DIRECTION('ref_axis',(-0.0871557427476584,0.996194698091746,0.));
#1395=DIRECTION('',(0.,0.,1.));
#1396=DIRECTION('center_axis',(0.996194698091746,0.0871557427476584,0.));
#1397=DIRECTION('ref_axis',(0.0871557427476584,-0.996194698091746,0.));
#1398=DIRECTION('',(0.087155742747658,-0.996194698091746,0.));
#1399=DIRECTION('center_axis',(-0.996194698091746,-0.0871557427476584,0.));
#1400=DIRECTION('ref_axis',(-0.0871557427476583,0.996194698091746,0.));
#1401=DIRECTION('',(0.,0.,1.));
#1402=DIRECTION('center_axis',(0.996194698091746,0.0871557427476584,0.));
#1403=DIRECTION('ref_axis',(-0.0871557427476584,0.996194698091746,0.));
#1404=DIRECTION('',(0.0871557427476583,-0.996194698091746,0.));
#1405=DIRECTION('center_axis',(0.996194698091746,0.0871557427476584,0.));
#1406=DIRECTION('ref_axis',(0.0871557427476584,-0.996194698091746,0.));
#1407=DIRECTION('',(0.,2.27504718160893E-16,-1.));
#1408=DIRECTION('center_axis',(-0.996194698091746,-0.0871557427476584,0.));
#1409=DIRECTION('ref_axis',(-0.0871557427476583,0.996194698091746,0.));
#1410=DIRECTION('',(0.0871557427476577,-0.996194698091746,-6.93889390390723E-16));
#1411=DIRECTION('center_axis',(0.996194698091746,0.0871557427476584,0.));
#1412=DIRECTION('ref_axis',(0.0871557427476584,-0.996194698091746,0.));
#1413=DIRECTION('',(0.,0.,-1.));
#1414=DIRECTION('center_axis',(0.996194698091746,0.0871557427476584,0.));
#1415=DIRECTION('ref_axis',(-0.0871557427476584,0.996194698091746,0.));
#1416=DIRECTION('',(-0.0871557427476577,0.996194698091746,0.));
#1417=DIRECTION('center_axis',(-0.996194698091746,-0.0871557427476584,0.));
#1418=DIRECTION('ref_axis',(-0.0871557427476584,0.996194698091746,0.));
#1419=DIRECTION('',(0.,-2.44902137784961E-16,-1.));
#1420=DIRECTION('center_axis',(0.996194698091746,0.0871557427476584,0.));
#1421=DIRECTION('ref_axis',(0.0871557427476584,-0.996194698091746,0.));
#1422=DIRECTION('',(-0.0871557427476583,0.996194698091746,0.));
#1423=DIRECTION('',(0.0871557427476584,-0.996194698091746,0.));
#1424=DIRECTION('',(0.0871557427476584,-0.996194698091746,0.));
#1425=DIRECTION('',(0.0871557427476584,-0.996194698091746,0.));
#1426=DIRECTION('',(0.,0.,1.));
#1427=DIRECTION('',(0.0871557427476584,-0.996194698091746,0.));
#1428=DIRECTION('',(0.,0.,1.));
#1429=DIRECTION('',(0.0871557427476584,-0.996194698091746,0.));
#1430=DIRECTION('',(0.,0.,1.));
#1431=DIRECTION('',(0.,0.,1.));
#1432=DIRECTION('',(-0.0871557427476584,0.996194698091746,0.));
#1433=DIRECTION('',(0.,0.,1.));
#1434=DIRECTION('',(-0.0871557427471414,0.996194698085837,-3.44422656251841E-6));
#1435=DIRECTION('',(0.,0.,1.));
#1436=DIRECTION('',(-0.0871557427476584,0.996194698091746,0.));
#1437=DIRECTION('',(-0.0871557427476584,0.996194698091746,0.));
#1438=DIRECTION('',(0.,0.,-1.));
#1439=DIRECTION('',(-0.0871557427476584,0.996194698091746,0.));
#1440=DIRECTION('',(0.,0.,-1.));
#1441=DIRECTION('',(-0.0871557427423357,0.996194698030907,-1.10517411773819E-5));
#1442=DIRECTION('',(0.,0.,-1.));
#1443=DIRECTION('',(0.,0.,-1.));
#1444=DIRECTION('',(0.0871557427476584,-0.996194698091746,0.));
#1445=DIRECTION('',(0.,0.,-1.));
#1446=DIRECTION('',(0.0871557427476584,-0.996194698091746,0.));
#1447=DIRECTION('',(0.,0.,-1.));
#1448=DIRECTION('',(0.,0.,-1.));
#1449=DIRECTION('',(0.0871557427476584,-0.996194698091746,0.));
#1450=DIRECTION('',(0.0111453383213083,-0.127391799944523,-0.991789852106079));
#1451=DIRECTION('',(0.,0.,1.));
#1452=DIRECTION('',(-0.0865704435394085,0.989504697528685,-0.11569793375016));
#1453=DIRECTION('center_axis',(-0.996194698091746,-0.0871557427476584,0.));
#1454=DIRECTION('ref_axis',(0.0871557427476584,-0.996194698091746,0.));
#1455=DIRECTION('',(-3.60108283449741E-7,4.11605651448814E-6,-0.999999999991464));
#1456=DIRECTION('',(0.0871557427476584,-0.996194698091746,0.));
#1457=DIRECTION('center_axis',(-0.996194698091746,-0.0871557427476584,0.));
#1458=DIRECTION('ref_axis',(0.0871557427476584,-0.996194698091746,0.));
#1459=DIRECTION('',(0.0871557427476584,-0.996194698091746,0.));
#1460=DIRECTION('',(0.,0.,1.));
#1461=DIRECTION('center_axis',(-0.996194698091746,-0.0871557427476584,0.));
#1462=DIRECTION('ref_axis',(0.0871557427476584,-0.996194698091746,0.));
#1463=DIRECTION('',(0.,0.,-1.));
#1464=DIRECTION('',(0.0871557427476584,-0.996194698091746,0.));
#1465=DIRECTION('center_axis',(-0.996194698091746,-0.0871557427476584,0.));
#1466=DIRECTION('ref_axis',(0.0871557427476584,-0.996194698091746,0.));
#1467=DIRECTION('',(0.,0.,1.));
#1468=DIRECTION('',(-0.0871557427471414,0.996194698085837,-3.44422656251841E-6));
#1469=DIRECTION('center_axis',(-0.996194698091746,-0.0871557427476584,0.));
#1470=DIRECTION('ref_axis',(0.0871557427476584,-0.996194698091746,0.));
#1471=DIRECTION('',(0.0871557427476584,-0.996194698091746,0.));
#1472=DIRECTION('',(0.,0.,1.));
#1473=DIRECTION('center_axis',(-0.996194698091746,-0.0871557427476584,0.));
#1474=DIRECTION('ref_axis',(0.0871557427476584,-0.996194698091746,0.));
#1475=DIRECTION('',(-0.0871557427476584,0.996194698091746,-1.96985076219972E-16));
#1476=DIRECTION('',(1.71030851007031E-17,-1.95489157239614E-16,-1.));
#1477=DIRECTION('',(0.0871557427476584,-0.996194698091746,1.96985076219972E-15));
#1478=DIRECTION('',(6.84123404028123E-17,-7.81956628958456E-16,1.));
#1479=DIRECTION('center_axis',(-0.996194698091746,-0.0871557427476584,0.));
#1480=DIRECTION('ref_axis',(0.0871557427476584,-0.996194698091746,0.));
#1481=DIRECTION('',(0.,0.,-1.));
#1482=DIRECTION('',(0.0871557427476584,-0.996194698091746,2.3392074482191E-15));
#1483=DIRECTION('',(3.42058874501698E-16,-3.90975082617807E-15,1.));
#1484=DIRECTION('',(-0.0871557427476584,0.996194698091746,-1.23116181485215E-16));
#1485=DIRECTION('',(-0.0871557427476584,0.996194698091746,-4.6784148964262E-15));
#1486=DIRECTION('',(0.,0.,-1.));
#1487=DIRECTION('',(0.0871557427476584,-0.996194698091746,4.6784148964262E-15));
#1488=DIRECTION('',(0.,0.,1.));
#1489=DIRECTION('center_axis',(-0.996194698091746,-0.0871557427476584,0.));
#1490=DIRECTION('ref_axis',(0.0871557427476584,-0.996194698091746,0.));
#1491=DIRECTION('center_axis',(-0.996194698091746,-0.0871557427476584,0.));
#1492=DIRECTION('ref_axis',(0.0871557427476584,-0.996194698091746,0.));
#1493=DIRECTION('center_axis',(-0.996194698091746,-0.0871557427476584,0.));
#1494=DIRECTION('ref_axis',(0.0871557427476584,-0.996194698091746,0.));
#1495=DIRECTION('center_axis',(0.996194698091746,0.0871557427476584,0.));
#1496=DIRECTION('ref_axis',(0.0871557427476584,-0.996194698091746,0.));
#1497=DIRECTION('',(-0.996194698091746,-0.0871557427476584,0.));
#1498=DIRECTION('',(-0.996194698091746,-0.0871557427476584,0.));
#1499=DIRECTION('center_axis',(0.0871557427476584,-0.996194698091746,0.));
#1500=DIRECTION('ref_axis',(0.996194698091746,0.0871557427476584,0.));
#1501=DIRECTION('',(0.,0.,1.));
#1502=DIRECTION('',(-0.996194698091746,-0.0871557427476584,0.));
#1503=DIRECTION('center_axis',(-0.996194698091746,-0.0871557427476584,0.));
#1504=DIRECTION('ref_axis',(0.0871557427476584,-0.996194698091746,0.));
#1505=DIRECTION('center_axis',(-0.996194698091746,-0.0871557427476584,0.));
#1506=DIRECTION('ref_axis',(0.0871557427476583,-0.996194698091746,0.));
#1507=DIRECTION('',(-0.996194698091746,-0.0871557427476584,0.));
#1508=DIRECTION('center_axis',(0.,0.,1.));
#1509=DIRECTION('ref_axis',(1.,0.,0.));
#1510=DIRECTION('',(-0.087155742747658,0.996194698091746,0.));
#1511=DIRECTION('',(-0.996194698091746,-0.0871557427476584,0.));
#1512=DIRECTION('center_axis',(-0.996194698091746,-0.0871557427476584,0.));
#1513=DIRECTION('ref_axis',(0.0871557427476584,-0.996194698091746,0.));
#1514=DIRECTION('center_axis',(0.996194698091746,0.0871557427476584,0.));
#1515=DIRECTION('ref_axis',(-0.0871557427476584,0.996194698091746,0.));
#1516=DIRECTION('',(-0.996194698091746,-0.0871557427476584,0.));
#1517=DIRECTION('center_axis',(0.0871557427476584,-0.996194698091746,0.));
#1518=DIRECTION('ref_axis',(0.996194698091746,0.0871557427476584,0.));
#1519=DIRECTION('',(0.,0.,1.));
#1520=DIRECTION('',(-0.996194698091746,-0.0871557427476584,0.));
#1521=DIRECTION('center_axis',(-0.996194698091746,-0.0871557427476584,0.));
#1522=DIRECTION('ref_axis',(0.0871557427476584,-0.996194698091746,0.));
#1523=DIRECTION('center_axis',(0.996194698091746,0.0871557427476584,0.));
#1524=DIRECTION('ref_axis',(0.0871557427476584,-0.996194698091746,0.));
#1525=DIRECTION('',(-0.996194698091746,-0.0871557427476584,0.));
#1526=DIRECTION('center_axis',(0.,0.,-1.));
#1527=DIRECTION('ref_axis',(-1.,0.,0.));
#1528=DIRECTION('',(0.087155742747658,-0.996194698091746,0.));
#1529=DIRECTION('',(-0.996194698091746,-0.0871557427476584,0.));
#1530=DIRECTION('center_axis',(-0.996194698091746,-0.0871557427476584,0.));
#1531=DIRECTION('ref_axis',(0.0871557427476584,-0.996194698091746,0.));
#1532=DIRECTION('center_axis',(-0.996194698091746,-0.0871557427476584,0.));
#1533=DIRECTION('ref_axis',(-0.0871557427476583,0.996194698091746,0.));
#1534=DIRECTION('',(-0.996194698091746,-0.0871557427476584,0.));
#1535=DIRECTION('center_axis',(0.0871557427476584,-0.996194698091746,0.));
#1536=DIRECTION('ref_axis',(0.996194698091746,0.0871557427476584,0.));
#1537=DIRECTION('',(0.,0.,1.));
#1538=DIRECTION('',(-0.996194698091746,-0.0871557427476584,0.));
#1539=DIRECTION('center_axis',(-0.996194698091746,-0.0871557427476584,0.));
#1540=DIRECTION('ref_axis',(0.0871557427476584,-0.996194698091746,0.));
#1541=DIRECTION('center_axis',(0.996194698091746,0.0871557427476584,0.));
#1542=DIRECTION('ref_axis',(-0.0871557427476584,0.996194698091746,0.));
#1543=DIRECTION('',(-0.996194698091746,-0.0871557427476584,0.));
#1544=DIRECTION('center_axis',(0.,0.,-1.));
#1545=DIRECTION('ref_axis',(-1.,0.,0.));
#1546=DIRECTION('',(0.0871557427476583,-0.996194698091746,0.));
#1547=DIRECTION('',(-0.996194698091746,-0.0871557427476584,0.));
#1548=DIRECTION('center_axis',(-0.996194698091746,-0.0871557427476584,0.));
#1549=DIRECTION('ref_axis',(0.0871557427476584,-0.996194698091746,0.));
#1550=DIRECTION('center_axis',(0.996194698091746,0.0871557427476584,0.));
#1551=DIRECTION('ref_axis',(0.0871557427476584,-0.996194698091746,0.));
#1552=DIRECTION('',(-0.996194698091746,-0.0871557427476584,0.));
#1553=DIRECTION('center_axis',(-0.0871557427476584,0.996194698091746,2.26638994022738E-16));
#1554=DIRECTION('ref_axis',(-0.996194698091746,-0.0871557427476584,3.08148791101958E-33));
#1555=DIRECTION('',(0.,2.27504718160893E-16,-1.));
#1556=DIRECTION('',(-0.996194698091746,-0.0871557427476584,0.));
#1557=DIRECTION('center_axis',(-0.996194698091746,-0.0871557427476584,0.));
#1558=DIRECTION('ref_axis',(0.0871557427476584,-0.996194698091746,0.));
#1559=DIRECTION('center_axis',(-0.996194698091746,-0.0871557427476584,0.));
#1560=DIRECTION('ref_axis',(-0.0871557427476583,0.996194698091746,0.));
#1561=DIRECTION('',(-0.996194698091746,-0.0871557427476584,0.));
#1562=DIRECTION('center_axis',(-6.04764452042233E-17,6.91248931769351E-16,
-1.));
#1563=DIRECTION('ref_axis',(0.,1.,6.91248931769351E-16));
#1564=DIRECTION('',(0.0871557427476577,-0.996194698091746,-6.93889390390723E-16));
#1565=DIRECTION('',(-0.996194698091746,-0.0871557427476584,0.));
#1566=DIRECTION('center_axis',(-0.996194698091746,-0.0871557427476584,0.));
#1567=DIRECTION('ref_axis',(0.0871557427476584,-0.996194698091746,0.));
#1568=DIRECTION('center_axis',(0.996194698091746,0.0871557427476584,0.));
#1569=DIRECTION('ref_axis',(0.0871557427476584,-0.996194698091746,0.));
#1570=DIRECTION('',(-0.996194698091746,-0.0871557427476584,0.));
#1571=DIRECTION('center_axis',(-0.0871557427476584,0.996194698091746,0.));
#1572=DIRECTION('ref_axis',(-0.996194698091746,-0.0871557427476584,0.));
#1573=DIRECTION('',(0.,0.,-1.));
#1574=DIRECTION('',(-0.996194698091746,-0.0871557427476584,0.));
#1575=DIRECTION('center_axis',(-0.996194698091746,-0.0871557427476584,0.));
#1576=DIRECTION('ref_axis',(0.0871557427476584,-0.996194698091746,0.));
#1577=DIRECTION('center_axis',(0.996194698091746,0.0871557427476584,0.));
#1578=DIRECTION('ref_axis',(-0.0871557427476584,0.996194698091746,0.));
#1579=DIRECTION('',(-0.996194698091746,-0.0871557427476584,0.));
#1580=DIRECTION('center_axis',(0.,0.,1.));
#1581=DIRECTION('ref_axis',(1.,0.,0.));
#1582=DIRECTION('',(-0.0871557427476577,0.996194698091746,0.));
#1583=DIRECTION('',(-0.996194698091746,-0.0871557427476584,0.));
#1584=DIRECTION('center_axis',(-0.996194698091746,-0.0871557427476584,0.));
#1585=DIRECTION('ref_axis',(0.0871557427476584,-0.996194698091746,0.));
#1586=DIRECTION('center_axis',(-0.996194698091746,-0.0871557427476584,0.));
#1587=DIRECTION('ref_axis',(-0.0871557427476584,0.996194698091746,0.));
#1588=DIRECTION('',(-0.996194698091746,-0.0871557427476584,0.));
#1589=DIRECTION('center_axis',(-0.0871557427476584,0.996194698091746,-2.43970211212712E-16));
#1590=DIRECTION('ref_axis',(-0.996194698091746,-0.0871557427476584,0.));
#1591=DIRECTION('',(0.,-2.44902137784961E-16,-1.));
#1592=DIRECTION('',(-0.996194698091746,-0.0871557427476584,0.));
#1593=DIRECTION('center_axis',(-0.996194698091746,-0.0871557427476584,0.));
#1594=DIRECTION('ref_axis',(0.0871557427476584,-0.996194698091746,0.));
#1595=DIRECTION('center_axis',(0.996194698091746,0.0871557427476584,0.));
#1596=DIRECTION('ref_axis',(0.0871557427476584,-0.996194698091746,0.));
#1597=DIRECTION('',(-0.996194698091746,-0.0871557427476584,0.));
#1598=DIRECTION('center_axis',(0.,0.,1.));
#1599=DIRECTION('ref_axis',(1.,0.,0.));
#1600=DIRECTION('',(-0.0871557427476583,0.996194698091746,0.));
#1601=DIRECTION('center_axis',(-0.996194698091746,-0.0871557427476584,0.));
#1602=DIRECTION('ref_axis',(0.0871557427476584,-0.996194698091746,0.));
#1603=DIRECTION('center_axis',(-0.996194698091746,-0.0871557427476584,0.));
#1604=DIRECTION('ref_axis',(0.0871557427476584,-0.996194698091746,0.));
#1605=DIRECTION('center_axis',(-0.996194698091746,-0.0871557427476584,0.));
#1606=DIRECTION('ref_axis',(0.0871557427476584,-0.996194698091746,0.));
#1607=DIRECTION('',(0.,0.,-1.));
#1608=DIRECTION('',(-0.0871557427476584,0.996194698091746,0.));
#1609=DIRECTION('',(0.,0.,1.));
#1610=DIRECTION('',(0.0871557427476584,-0.996194698091746,0.));
#1611=DIRECTION('center_axis',(-0.996194698091746,-0.0871557427476584,0.));
#1612=DIRECTION('ref_axis',(0.0871557427476584,-0.996194698091746,0.));
#1613=DIRECTION('',(0.0871557427476584,-0.996194698091746,0.));
#1614=DIRECTION('',(0.,0.,-1.));
#1615=DIRECTION('',(-0.0871557427476584,0.996194698091746,0.));
#1616=DIRECTION('',(0.,0.,1.));
#1617=DIRECTION('center_axis',(-0.996194698091746,-0.0871557427476584,0.));
#1618=DIRECTION('ref_axis',(0.0871557427476584,-0.996194698091746,0.));
#1619=DIRECTION('',(-0.0871557427476584,0.996194698091746,0.));
#1620=DIRECTION('',(0.,0.,-1.));
#1621=DIRECTION('',(-0.0871557427476584,0.996194698091746,0.));
#1622=DIRECTION('',(0.,0.,1.));
#1623=DIRECTION('',(-0.0871557427471414,0.996194698085837,-3.44422656251841E-6));
#1624=DIRECTION('',(0.,0.,1.));
#1625=DIRECTION('',(-0.0871557427476584,0.996194698091746,0.));
#1626=DIRECTION('',(0.,0.,1.));
#1627=DIRECTION('',(0.0871557427476584,-0.996194698091746,0.));
#1628=DIRECTION('',(0.,0.,1.));
#1629=DIRECTION('',(0.0871557427476584,-0.996194698091746,0.));
#1630=DIRECTION('',(0.,0.,1.));
#1631=DIRECTION('',(0.0871557427476584,-0.996194698091746,0.));
#1632=DIRECTION('',(-3.60108283449741E-7,4.11605651448814E-6,-0.999999999991464));
#1633=DIRECTION('',(0.0871557427476584,-0.996194698091746,0.));
#1634=DIRECTION('',(0.,0.,-1.));
#1635=DIRECTION('',(0.0871557427476584,-0.996194698091746,0.));
#1636=DIRECTION('',(0.,0.,-1.));
#1637=DIRECTION('',(-0.0871557427423357,0.996194698030907,-1.10517411773819E-5));
#1638=DIRECTION('',(0.,0.,-1.));
#1639=DIRECTION('',(-0.0871557427476584,0.996194698091746,0.));
#1640=DIRECTION('',(0.,0.,-1.));
#1641=DIRECTION('',(0.0871557427476584,-0.996194698091746,0.));
#1642=DIRECTION('',(0.,0.,1.));
#1643=DIRECTION('center_axis',(-0.996194698091746,-0.0871557427476584,0.));
#1644=DIRECTION('ref_axis',(0.0871557427476584,-0.996194698091746,0.));
#1645=DIRECTION('',(0.0871557427476584,-0.996194698091746,0.));
#1646=DIRECTION('',(0.,0.,-1.));
#1647=DIRECTION('',(-0.0865704435394085,0.989504697528685,-0.11569793375016));
#1648=DIRECTION('',(0.,0.,1.));
#1649=DIRECTION('',(0.0111453383213083,-0.127391799944523,-0.991789852106079));
#1650=DIRECTION('center_axis',(-0.996194698091746,-0.0871557427476584,0.));
#1651=DIRECTION('ref_axis',(0.0871557427476584,-0.996194698091746,0.));
#1652=DIRECTION('',(0.0871557427476584,-0.996194698091746,0.));
#1653=DIRECTION('',(0.,0.,1.));
#1654=DIRECTION('',(0.0871557427476584,-0.996194698091746,0.));
#1655=DIRECTION('',(0.,0.,1.));
#1656=DIRECTION('center_axis',(-0.996194698091746,-0.0871557427476584,0.));
#1657=DIRECTION('ref_axis',(0.0871557427476584,-0.996194698091746,0.));
#1658=DIRECTION('',(-3.60108283449741E-7,4.11605651448814E-6,-0.999999999991464));
#1659=DIRECTION('',(0.0871557427476584,-0.996194698091746,0.));
#1660=DIRECTION('',(0.,0.,-1.));
#1661=DIRECTION('',(0.0871557427476584,-0.996194698091746,0.));
#1662=DIRECTION('center_axis',(-0.996194698091746,-0.0871557427476584,0.));
#1663=DIRECTION('ref_axis',(0.0871557427476584,-0.996194698091746,0.));
#1664=DIRECTION('',(0.,0.,-1.));
#1665=DIRECTION('',(0.0871557427476584,-0.996194698091746,0.));
#1666=DIRECTION('',(0.,0.,-1.));
#1667=DIRECTION('',(0.0871557427476584,-0.996194698091746,0.));
#1668=DIRECTION('center_axis',(-0.996194698091746,-0.0871557427476584,0.));
#1669=DIRECTION('ref_axis',(0.0871557427476584,-0.996194698091746,0.));
#1670=DIRECTION('',(0.,0.,1.));
#1671=DIRECTION('',(-0.0871557427476584,0.996194698091746,0.));
#1672=DIRECTION('',(0.,0.,1.));
#1673=DIRECTION('',(-0.0871557427471414,0.996194698085837,-3.44422656251841E-6));
#1674=DIRECTION('center_axis',(-0.996194698091746,-0.0871557427476584,0.));
#1675=DIRECTION('ref_axis',(0.0871557427476584,-0.996194698091746,0.));
#1676=DIRECTION('',(0.,0.,-1.));
#1677=DIRECTION('',(-0.0871557427476584,0.996194698091746,0.));
#1678=DIRECTION('',(0.,0.,1.));
#1679=DIRECTION('',(0.0871557427476584,-0.996194698091746,0.));
#1680=DIRECTION('',(0.,0.,-1.));
#1681=DIRECTION('',(0.0871557427476584,-0.996194698091746,0.));
#1682=DIRECTION('',(0.,0.,1.));
#1683=DIRECTION('',(-0.0871557427476584,0.996194698091746,0.));
#1684=DIRECTION('',(-0.0871557427476584,0.996194698091746,0.));
#1685=DIRECTION('',(0.,0.,-1.));
#1686=DIRECTION('',(0.0871557427476584,-0.996194698091746,0.));
#1687=DIRECTION('',(0.,0.,1.));
#1688=DIRECTION('center_axis',(-0.996194698091746,-0.0871557427476584,0.));
#1689=DIRECTION('ref_axis',(0.0871557427476584,-0.996194698091746,0.));
#1690=DIRECTION('',(0.0871557427476584,-0.996194698091746,0.));
#1691=DIRECTION('',(0.,0.,1.));
#1692=DIRECTION('',(0.0871557427476584,-0.996194698091746,0.));
#1693=DIRECTION('',(0.,0.,1.));
#1694=CARTESIAN_POINT('',(0.,0.,0.));
#1695=CARTESIAN_POINT('Origin',(48.5921153853774,38.3517763261492,-26.));
#1696=CARTESIAN_POINT('',(48.5921153853774,38.3517763261492,-28.));
#1697=CARTESIAN_POINT('',(48.4178038998821,40.3441657223327,-26.));
#1698=CARTESIAN_POINT('Origin',(48.5921153853774,38.3517763261492,-26.));
#1699=CARTESIAN_POINT('',(48.4178038998821,40.3441657223327,-23.5));
#1700=CARTESIAN_POINT('',(48.4178038998821,40.3441657223327,-26.));
#1701=CARTESIAN_POINT('',(48.3742260285082,40.8422630713785,-23.));
#1702=CARTESIAN_POINT('Origin',(48.3742260285082,40.8422630713785,-23.5));
#1703=CARTESIAN_POINT('',(47.154045630041,54.788988844663,-23.));
#1704=CARTESIAN_POINT('',(48.3742260285082,40.8422630713785,-23.));
#1705=CARTESIAN_POINT('',(46.9797341445457,56.7813782408465,-21.));
#1706=CARTESIAN_POINT('Origin',(47.154045630041,54.788988844663,-21.));
#1707=CARTESIAN_POINT('',(46.9797341445457,56.7813782408465,21.));
#1708=CARTESIAN_POINT('',(46.9797341445457,56.7813782408465,21.));
#1709=CARTESIAN_POINT('',(47.154045630041,54.788988844663,23.));
#1710=CARTESIAN_POINT('Origin',(47.154045630041,54.788988844663,21.));
#1711=CARTESIAN_POINT('',(48.3742260285082,40.8422630713785,23.));
#1712=CARTESIAN_POINT('',(48.3742260285082,40.8422630713785,23.));
#1713=CARTESIAN_POINT('',(48.4178038998821,40.3441657223327,23.5));
#1714=CARTESIAN_POINT('Origin',(48.3742260285082,40.8422630713785,23.5));
#1715=CARTESIAN_POINT('',(48.4178038998821,40.3441657223327,26.));
#1716=CARTESIAN_POINT('',(48.4178038998821,40.3441657223327,26.));
#1717=CARTESIAN_POINT('',(48.5921153853774,38.3517763261492,28.));
#1718=CARTESIAN_POINT('Origin',(48.5921153853774,38.3517763261492,26.));
#1719=CARTESIAN_POINT('',(50.8145868254427,12.9488115248097,28.));
#1720=CARTESIAN_POINT('',(50.8145868254427,12.9488115248097,28.));
#1721=CARTESIAN_POINT('',(50.988898310938,10.9564221286262,26.));
#1722=CARTESIAN_POINT('Origin',(50.8145868254427,12.9488115248097,26.));
#1723=CARTESIAN_POINT('',(50.988898310938,10.9564221286262,10.75));
#1724=CARTESIAN_POINT('',(50.988898310938,10.9564221286262,10.75));
#1725=CARTESIAN_POINT('',(51.0324761823118,10.4583247795803,10.25));
#1726=CARTESIAN_POINT('Origin',(51.0324761823118,10.4583247795803,10.75));
#1727=CARTESIAN_POINT('',(51.250365539181,7.96783803435094,10.25));
#1728=CARTESIAN_POINT('',(51.250365539181,7.96783803435094,10.25));
#1729=CARTESIAN_POINT('',(51.4246770246763,5.97544863816744,8.25));
#1730=CARTESIAN_POINT('Origin',(51.250365539181,7.96783803435094,8.25));
#1731=CARTESIAN_POINT('',(51.4246770246763,5.97544863816744,-2.25));
#1732=CARTESIAN_POINT('',(51.4246770246763,5.97544863816744,8.25));
#1733=CARTESIAN_POINT('',(51.250365539181,7.96783803435094,-4.25));
#1734=CARTESIAN_POINT('Origin',(51.250365539181,7.96783803435094,-2.25));
#1735=CARTESIAN_POINT('',(51.0324761823118,10.4583247795803,-4.25));
#1736=CARTESIAN_POINT('',(51.0324761823118,10.4583247795803,-4.25));
#1737=CARTESIAN_POINT('',(50.988898310938,10.9564221286262,-4.75));
#1738=CARTESIAN_POINT('Origin',(51.0324761823118,10.4583247795803,-4.75));
#1739=CARTESIAN_POINT('',(50.988898310938,10.9564221286262,-26.));
#1740=CARTESIAN_POINT('',(50.988898310938,10.9564221286262,-26.));
#1741=CARTESIAN_POINT('',(50.8145868254427,12.9488115248097,-28.));
#1742=CARTESIAN_POINT('Origin',(50.8145868254427,12.9488115248097,-26.));
#1743=CARTESIAN_POINT('',(48.5921153853774,38.3517763261492,-28.));
#1744=CARTESIAN_POINT('',(48.7893232155372,36.0976805129082,15.8514466462702));
#1745=CARTESIAN_POINT('',(49.0963309672678,32.5885658532744,15.8514466462702));
#1746=CARTESIAN_POINT('',(48.5921153853774,38.3517763261492,15.8514466462702));
#1747=CARTESIAN_POINT('',(48.4823129267998,39.6068241706622,15.8514466462702));
#1748=CARTESIAN_POINT('',(48.5921153853774,38.3517763261492,15.8514466462702));
#1749=CARTESIAN_POINT('',(48.1753039066085,43.1159533288684,15.8514466462702));
#1750=CARTESIAN_POINT('',(48.5921153853774,38.3517763261492,15.8514466462702));
#1751=CARTESIAN_POINT('',(48.1753039066085,43.1159533288684,12.3288856256109));
#1752=CARTESIAN_POINT('',(48.1753039066085,43.1159533288684,-26.));
#1753=CARTESIAN_POINT('',(47.5612826938624,50.1342479055614,12.3288856256109));
#1754=CARTESIAN_POINT('',(48.5921153853774,38.3517763261492,12.3288856256109));
#1755=CARTESIAN_POINT('',(47.5612826938624,50.1342479055614,5.28381870177135));
#1756=CARTESIAN_POINT('',(47.5612826938624,50.1342479055614,-26.));
#1757=CARTESIAN_POINT('',(47.2542736736299,53.6433770642384,5.28381870177135));
#1758=CARTESIAN_POINT('',(48.5921153853774,38.3517763261492,5.28381870177135));
#1759=CARTESIAN_POINT('',(47.2542736736299,53.6433770642384,1.76128523962883));
#1760=CARTESIAN_POINT('',(47.2542736736299,53.6433770642384,-26.));
#1761=CARTESIAN_POINT('',(47.2542736736299,53.6433770642384,-5.28385447902289));
#1762=CARTESIAN_POINT('',(47.2542736736299,53.6433770642384,-26.));
#1763=CARTESIAN_POINT('',(47.5612826938625,50.1342479055604,-5.28385447902289));
#1764=CARTESIAN_POINT('',(48.5921153853774,38.3517763261492,-5.28385447902289));
#1765=CARTESIAN_POINT('',(47.5612826938625,50.1342479055604,-12.3289214030209));
#1766=CARTESIAN_POINT('',(47.5612826938625,50.1342479055604,-26.));
#1767=CARTESIAN_POINT('',(48.1753039066085,43.1159533288684,-12.3288971380889));
#1768=CARTESIAN_POINT('',(48.5921112815244,38.3518232334034,-12.3288806666667));
#1769=CARTESIAN_POINT('',(48.1753039066085,43.1159533288684,-15.8514548650038));
#1770=CARTESIAN_POINT('',(48.1753039066085,43.1159533288684,-26.));
#1771=CARTESIAN_POINT('',(48.4823129267998,39.606824170663,-15.8514548650038));
#1772=CARTESIAN_POINT('',(48.5921153853774,38.3517763261492,-15.8514548650038));
#1773=CARTESIAN_POINT('',(49.0963309672678,32.5885658532744,-15.8514548650038));
#1774=CARTESIAN_POINT('',(48.5921153853774,38.3517763261492,-15.8514548650038));
#1775=CARTESIAN_POINT('',(49.0963309672678,32.5885658532744,-12.3289214030207));
#1776=CARTESIAN_POINT('',(49.0963309672678,32.5885658532744,-26.));
#1777=CARTESIAN_POINT('',(49.7103521799712,25.5702712770695,-12.3289214030207));
#1778=CARTESIAN_POINT('',(48.5921153853774,38.3517763261492,-12.3289214030207));
#1779=CARTESIAN_POINT('',(49.7103521799712,25.5702712770695,-5.28385447902234));
#1780=CARTESIAN_POINT('',(49.7103521799712,25.5702712770695,-26.));
#1781=CARTESIAN_POINT('',(50.0173623248992,22.0611292630648,-5.28381554875161));
#1782=CARTESIAN_POINT('',(48.5920954312521,38.3520044028446,-5.28399627902045));
#1783=CARTESIAN_POINT('',(50.0173623248992,22.0611292630648,-1.76124822236938));
#1784=CARTESIAN_POINT('',(50.0173623248992,22.0611292630648,-26.));
#1785=CARTESIAN_POINT('',(50.0173623248992,22.0611292630648,5.28381870177135));
#1786=CARTESIAN_POINT('',(50.0173623248992,22.0611292630648,-26.));
#1787=CARTESIAN_POINT('',(49.7103521799712,25.5702712770698,5.28381870177135));
#1788=CARTESIAN_POINT('',(48.5921153853774,38.3517763261492,5.28381870177135));
#1789=CARTESIAN_POINT('',(49.7103521799712,25.5702712770698,12.3288856256109));
#1790=CARTESIAN_POINT('',(49.7103521799712,25.5702712770698,-26.));
#1791=CARTESIAN_POINT('',(49.0963309672678,32.5885658532744,12.3288856256109));
#1792=CARTESIAN_POINT('',(48.5921153853774,38.3517763261492,12.3288856256109));
#1793=CARTESIAN_POINT('',(49.0963309672678,32.5885658532744,-26.));
#1794=CARTESIAN_POINT('',(47.5498071166479,50.2654143533274,15.824964139909));
#1795=CARTESIAN_POINT('',(47.5498071166479,50.2654143533274,13.8956246526076));
#1796=CARTESIAN_POINT('',(47.5498071166479,50.2654143533274,-26.));
#1797=CARTESIAN_POINT('',(47.5073560379714,50.7506324029085,15.824964139909));
#1798=CARTESIAN_POINT('',(48.5921153853774,38.3517763261492,15.824964139909));
#1799=CARTESIAN_POINT('',(47.3479422027124,52.5727408777025,15.2758063224909));
#1800=CARTESIAN_POINT('Ctrl Pts',(47.3479422027124,52.5727408777025,15.2758063224909));
#1801=CARTESIAN_POINT('Ctrl Pts',(47.3326740409611,52.7472567650875,15.2472407884669));
#1802=CARTESIAN_POINT('Ctrl Pts',(47.3214960190464,52.8750221402133,15.2003116968502));
#1803=CARTESIAN_POINT('Ctrl Pts',(47.3144335415639,52.9557466272259,15.1350190476391));
#1804=CARTESIAN_POINT('Ctrl Pts',(47.3073456594861,53.0367614900905,15.0697263984285));
#1805=CARTESIAN_POINT('Ctrl Pts',(47.3038144207446,53.0771237335993,14.9814064309657));
#1806=CARTESIAN_POINT('Ctrl Pts',(47.3038144207442,53.0771237336045,14.8700591452519));
#1807=CARTESIAN_POINT('Ctrl Pts',(47.3038144207437,53.0771237336096,14.7616267099493));
#1808=CARTESIAN_POINT('Ctrl Pts',(47.3073456594846,53.0367614901084,14.6782619881829));
#1809=CARTESIAN_POINT('Ctrl Pts',(47.3144335415619,52.9557466272489,14.6190905248278));
#1810=CARTESIAN_POINT('Ctrl Pts',(47.3214960190439,52.875022140242,14.5602105465152));
#1811=CARTESIAN_POINT('Ctrl Pts',(47.3317086663384,52.7582910475167,14.5307705573553));
#1812=CARTESIAN_POINT('Ctrl Pts',(47.3450206742546,52.6061341007794,14.5307705573483));
#1813=CARTESIAN_POINT('Ctrl Pts',(47.3602888360059,52.4316182133951,14.5307705573406));
#1814=CARTESIAN_POINT('Ctrl Pts',(47.3747948598996,52.2658136015852,14.5721614331746));
#1815=CARTESIAN_POINT('Ctrl Pts',(47.3885133413403,52.109010641203,14.6549431848502));
#1816=CARTESIAN_POINT('Ctrl Pts',(47.4022572273763,51.9519173049687,14.7377249365253));
#1817=CARTESIAN_POINT('Ctrl Pts',(47.4204977267737,51.7434274428285,14.8954183437708));
#1818=CARTESIAN_POINT('Ctrl Pts',(47.4432602441276,51.4832506789307,15.1277319215444));
#1819=CARTESIAN_POINT('Ctrl Pts',(47.4654638603858,51.2294621837891,15.3571306489074));
#1820=CARTESIAN_POINT('Ctrl Pts',(47.4868291250003,50.9852560917824,15.589444226681));
#1821=CARTESIAN_POINT('Ctrl Pts',(47.5073560379714,50.7506324029085,15.824964139909));
#1822=CARTESIAN_POINT('',(47.3412861987566,52.6488193510446,15.8681039260829));
#1823=CARTESIAN_POINT('',(47.8245439173999,47.1251583512387,-27.1355346791278));
#1824=CARTESIAN_POINT('',(47.4998616823664,50.8362932794494,14.9846127663175));
#1825=CARTESIAN_POINT('Ctrl Pts',(47.4998616823664,50.8362932794494,14.9846127663175));
#1826=CARTESIAN_POINT('Ctrl Pts',(47.4876420720458,50.9759640645334,14.8476147969895));
#1827=CARTESIAN_POINT('Ctrl Pts',(47.4733646895091,51.1391552936749,14.6995403961001));
#1828=CARTESIAN_POINT('Ctrl Pts',(47.4569787255658,51.326447718578,14.5403895636483));
#1829=CARTESIAN_POINT('Ctrl Pts',(47.4325649095199,51.6054989128921,14.3016633149707));
#1830=CARTESIAN_POINT('Ctrl Pts',(47.4116823322154,51.8441878636986,14.134350901369));
#1831=CARTESIAN_POINT('Ctrl Pts',(47.3943563982477,52.0422241951437,14.0390352929265));
#1832=CARTESIAN_POINT('Ctrl Pts',(47.3770050596847,52.2405509024415,13.9434281994428));
#1833=CARTESIAN_POINT('Ctrl Pts',(47.3588915832642,52.4475888853136,13.8956246527058));
#1834=CARTESIAN_POINT('Ctrl Pts',(47.340015968986,52.6633381437601,13.8956246527154));
#1835=CARTESIAN_POINT('Ctrl Pts',(47.3139508542492,52.9612637684792,13.8956246527289));
#1836=CARTESIAN_POINT('Ctrl Pts',(47.2931444907315,53.1990815917164,13.981029769792));
#1837=CARTESIAN_POINT('Ctrl Pts',(47.277596878433,53.3767916134718,14.1512570338243));
#1838=CARTESIAN_POINT('Ctrl Pts',(47.2620492661345,53.554501635226,14.3214842978552));
#1839=CARTESIAN_POINT('Ctrl Pts',(47.2542754599858,53.6433566460975,14.5482596598635));
#1840=CARTESIAN_POINT('Ctrl Pts',(47.2542754599869,53.6433566460848,14.8315831198478));
#1841=CARTESIAN_POINT('Ctrl Pts',(47.254275459988,53.643356646072,15.1216107357776));
#1842=CARTESIAN_POINT('Ctrl Pts',(47.2617698155907,53.5576957695573,15.3553817387655));
#1843=CARTESIAN_POINT('Ctrl Pts',(47.2767585267948,53.386374016544,15.5337705839331));
#1844=CARTESIAN_POINT('Ctrl Pts',(47.291747237999,53.2150522635294,15.7121594291008));
#1845=CARTESIAN_POINT('Ctrl Pts',(47.3132649301846,52.9691039164127,15.8235067148031));
#1846=CARTESIAN_POINT('Ctrl Pts',(47.3412861987566,52.6488193510446,15.8681039260829));
#1847=CARTESIAN_POINT('',(47.4998616823664,50.8362932794493,13.828874578213));
#1848=CARTESIAN_POINT('',(47.4998616823664,50.8362932794494,-26.));
#1849=CARTESIAN_POINT('',(48.1785676025794,43.0786491132211,14.7359378827564));
#1850=CARTESIAN_POINT('Origin',(48.5921153853774,38.3517763261492,-26.));
#1851=CARTESIAN_POINT('',(48.7893219470338,36.0976950119685,12.3288856256109));
#1852=CARTESIAN_POINT('',(48.7893081444812,36.0978527758663,-26.0000093482875));
#1853=CARTESIAN_POINT('',(48.5921153853774,38.3517763261492,12.3288856256109));
#1854=CARTESIAN_POINT('Origin',(48.5921153853774,38.3517763261492,-26.));
#1855=CARTESIAN_POINT('',(48.4823129267998,39.6068241706622,12.3288856256109));
#1856=CARTESIAN_POINT('',(48.5921153853774,38.3517763261492,12.3288856256109));
#1857=CARTESIAN_POINT('',(48.4823129267998,39.6068241706622,-26.));
#1858=CARTESIAN_POINT('Origin',(48.5921153853774,38.3517763261492,-26.));
#1859=CARTESIAN_POINT('',(49.7103521799712,25.5702712770698,-1.76124822236938));
#1860=CARTESIAN_POINT('',(49.7103521799712,25.5702712770698,-26.));
#1861=CARTESIAN_POINT('',(48.5921153853774,38.3517763261492,-1.76124822236938));
#1862=CARTESIAN_POINT('Origin',(48.5921153853774,38.3517763261492,-26.));
#1863=CARTESIAN_POINT('',(48.4823129267998,39.606824170663,-12.3288850056856));
#1864=CARTESIAN_POINT('',(48.4823129267998,39.606824170663,-26.));
#1865=CARTESIAN_POINT('',(48.5921112815244,38.3518232334034,-12.3288806666667));
#1866=CARTESIAN_POINT('Origin',(48.5921153853774,38.3517763261492,-26.));
#1867=CARTESIAN_POINT('',(47.5612826938624,50.1342479055614,1.76128523962883));
#1868=CARTESIAN_POINT('',(48.5921153853774,38.3517763261492,1.76128523962883));
#1869=CARTESIAN_POINT('',(47.5612826938624,50.1342479055614,-26.));
#1870=CARTESIAN_POINT('Origin',(48.5921153853774,38.3517763261492,-26.));
#1871=CARTESIAN_POINT('',(49.4033431597647,29.0794004354499,-8.80635154384558));
#1872=CARTESIAN_POINT('',(47.8682917141239,46.6251187465528,-8.80635154384558));
#1873=CARTESIAN_POINT('',(48.5921153853774,38.3517763261492,-8.80635154384558));
#1874=CARTESIAN_POINT('',(49.4033431597647,29.0794004354499,8.80635216345421));
#1875=CARTESIAN_POINT('',(49.4033431597647,29.0794004354499,-26.));
#1876=CARTESIAN_POINT('',(47.8682917141239,46.6251187465528,8.80635216345417));
#1877=CARTESIAN_POINT('',(48.5921153853774,38.3517763261492,8.80635216345418));
#1878=CARTESIAN_POINT('',(47.8682917141239,46.6251187465528,-26.));
#1879=CARTESIAN_POINT('Origin',(48.5921153853774,38.3517763261492,-26.));
#1880=CARTESIAN_POINT('',(48.7893219470751,36.0976950114964,-1.76124822221063));
#1881=CARTESIAN_POINT('',(48.7893219470751,36.0976950114964,-5.28381808154545));
#1882=CARTESIAN_POINT('',(48.7893219470751,36.0976950114964,-26.));
#1883=CARTESIAN_POINT('',(48.1753039066085,43.1159533288683,-1.76124822221065));
#1884=CARTESIAN_POINT('',(48.5921153853774,38.3517763261492,-1.76124822221064));
#1885=CARTESIAN_POINT('',(48.1753039066085,43.1159533288684,-5.28381808154545));
#1886=CARTESIAN_POINT('',(48.1753039066085,43.1159533288684,-26.));
#1887=CARTESIAN_POINT('',(48.5921153853774,38.3517763261492,-5.28381808154545));
#1888=CARTESIAN_POINT('',(48.7893219470751,36.0976950114964,1.76128523978797));
#1889=CARTESIAN_POINT('',(48.482312926841,39.6068241701914,1.76128523978796));
#1890=CARTESIAN_POINT('',(48.5921153853774,38.3517763261493,1.76128523978796));
#1891=CARTESIAN_POINT('',(48.7893219470751,36.0976950114964,5.28381870177136));
#1892=CARTESIAN_POINT('',(48.7893219470751,36.0976950114964,-26.));
#1893=CARTESIAN_POINT('',(48.482312926841,39.6068241701914,5.28381870177135));
#1894=CARTESIAN_POINT('',(48.5921153853774,38.3517763261493,5.28381870177135));
#1895=CARTESIAN_POINT('',(48.482312926841,39.6068241701914,-26.));
#1896=CARTESIAN_POINT('Origin',(48.5921153853774,38.3517763261492,-26.));
#1897=CARTESIAN_POINT('Origin',(48.5921153853774,38.3517763261492,-26.));
#1898=CARTESIAN_POINT('Origin',(48.5921153853774,38.3517763261492,-26.));
#1899=CARTESIAN_POINT('',(48.0940180363315,38.3081984547753,-28.));
#1900=CARTESIAN_POINT('',(47.9197065508362,40.3005878509588,-26.));
#1901=CARTESIAN_POINT('Origin',(48.0940180363315,38.3081984547753,-26.));
#1902=CARTESIAN_POINT('',(48.4178038998821,40.3441657223327,-26.));
#1903=CARTESIAN_POINT('',(48.5921153853774,38.3517763261492,-28.));
#1904=CARTESIAN_POINT('Origin',(48.4178038998821,40.3441657223327,-26.));
#1905=CARTESIAN_POINT('',(47.9197065508362,40.3005878509588,-23.5));
#1906=CARTESIAN_POINT('',(47.9197065508362,40.3005878509588,-26.));
#1907=CARTESIAN_POINT('',(48.4178038998821,40.3441657223327,-23.5));
#1908=CARTESIAN_POINT('Origin',(48.3742260285082,40.8422630713785,-23.5));
#1909=CARTESIAN_POINT('',(47.8761286794624,40.7986852000047,-23.));
#1910=CARTESIAN_POINT('Origin',(47.8761286794624,40.7986852000047,-23.5));
#1911=CARTESIAN_POINT('',(48.3742260285082,40.8422630713785,-23.));
#1912=CARTESIAN_POINT('Origin',(48.3742260285082,40.8422630713785,-23.));
#1913=CARTESIAN_POINT('',(46.6559482809952,54.7454109732892,-23.));
#1914=CARTESIAN_POINT('',(47.8761286794624,40.7986852000047,-23.));
#1915=CARTESIAN_POINT('',(47.154045630041,54.788988844663,-23.));
#1916=CARTESIAN_POINT('Origin',(47.154045630041,54.788988844663,-21.));
#1917=CARTESIAN_POINT('',(46.4816367954998,56.7378003694726,-21.));
#1918=CARTESIAN_POINT('Origin',(46.6559482809952,54.7454109732892,-21.));
#1919=CARTESIAN_POINT('',(46.9797341445457,56.7813782408465,-21.));
#1920=CARTESIAN_POINT('Origin',(46.9797341445457,56.7813782408465,21.));
#1921=CARTESIAN_POINT('',(46.4816367954998,56.7378003694726,21.));
#1922=CARTESIAN_POINT('',(46.4816367954998,56.7378003694726,21.));
#1923=CARTESIAN_POINT('',(46.9797341445457,56.7813782408465,21.));
#1924=CARTESIAN_POINT('Origin',(47.154045630041,54.788988844663,21.));
#1925=CARTESIAN_POINT('',(46.6559482809952,54.7454109732892,23.));
#1926=CARTESIAN_POINT('Origin',(46.6559482809952,54.7454109732892,21.));
#1927=CARTESIAN_POINT('',(47.154045630041,54.788988844663,23.));
#1928=CARTESIAN_POINT('Origin',(48.3742260285082,40.8422630713785,23.));
#1929=CARTESIAN_POINT('',(47.8761286794624,40.7986852000047,23.));
#1930=CARTESIAN_POINT('',(47.8761286794624,40.7986852000047,23.));
#1931=CARTESIAN_POINT('',(48.3742260285082,40.8422630713785,23.));
#1932=CARTESIAN_POINT('Origin',(48.3742260285082,40.8422630713785,23.5));
#1933=CARTESIAN_POINT('',(47.9197065508362,40.3005878509588,23.5));
#1934=CARTESIAN_POINT('Origin',(47.8761286794624,40.7986852000047,23.5));
#1935=CARTESIAN_POINT('',(48.4178038998821,40.3441657223327,23.5));
#1936=CARTESIAN_POINT('Origin',(48.4178038998821,40.3441657223327,26.));
#1937=CARTESIAN_POINT('',(47.9197065508362,40.3005878509588,26.));
#1938=CARTESIAN_POINT('',(47.9197065508362,40.3005878509588,26.));
#1939=CARTESIAN_POINT('',(48.4178038998821,40.3441657223327,26.));
#1940=CARTESIAN_POINT('Origin',(48.5921153853774,38.3517763261492,26.));
#1941=CARTESIAN_POINT('',(48.0940180363315,38.3081984547753,28.));
#1942=CARTESIAN_POINT('Origin',(48.0940180363315,38.3081984547753,26.));
#1943=CARTESIAN_POINT('',(48.5921153853774,38.3517763261492,28.));
#1944=CARTESIAN_POINT('Origin',(50.8145868254427,12.9488115248097,28.));
#1945=CARTESIAN_POINT('',(50.3164894763968,12.9052336534358,28.));
#1946=CARTESIAN_POINT('',(50.3164894763968,12.9052336534358,28.));
#1947=CARTESIAN_POINT('',(50.8145868254427,12.9488115248097,28.));
#1948=CARTESIAN_POINT('Origin',(50.8145868254427,12.9488115248097,26.));
#1949=CARTESIAN_POINT('',(50.4908009618921,10.9128442572523,26.));
#1950=CARTESIAN_POINT('Origin',(50.3164894763968,12.9052336534358,26.));
#1951=CARTESIAN_POINT('',(50.988898310938,10.9564221286262,26.));
#1952=CARTESIAN_POINT('Origin',(50.988898310938,10.9564221286262,10.75));
#1953=CARTESIAN_POINT('',(50.4908009618921,10.9128442572523,10.75));
#1954=CARTESIAN_POINT('',(50.4908009618921,10.9128442572523,10.75));
#1955=CARTESIAN_POINT('',(50.988898310938,10.9564221286262,10.75));
#1956=CARTESIAN_POINT('Origin',(51.0324761823118,10.4583247795803,10.75));
#1957=CARTESIAN_POINT('',(50.5343788332659,10.4147469082065,10.25));
#1958=CARTESIAN_POINT('Origin',(50.5343788332659,10.4147469082065,10.75));
#1959=CARTESIAN_POINT('',(51.0324761823118,10.4583247795803,10.25));
#1960=CARTESIAN_POINT('Origin',(51.250365539181,7.96783803435094,10.25));
#1961=CARTESIAN_POINT('',(50.7522681901351,7.92426016297711,10.25));
#1962=CARTESIAN_POINT('',(50.7522681901351,7.92426016297711,10.25));
#1963=CARTESIAN_POINT('',(51.250365539181,7.96783803435094,10.25));
#1964=CARTESIAN_POINT('Origin',(51.250365539181,7.96783803435094,8.25));
#1965=CARTESIAN_POINT('',(50.9265796756304,5.93187076679362,8.25));
#1966=CARTESIAN_POINT('Origin',(50.7522681901351,7.92426016297711,8.25));
#1967=CARTESIAN_POINT('',(51.4246770246763,5.97544863816744,8.25));
#1968=CARTESIAN_POINT('Origin',(51.4246770246763,5.97544863816744,8.25));
#1969=CARTESIAN_POINT('',(50.9265796756304,5.93187076679362,-2.25));
#1970=CARTESIAN_POINT('',(50.9265796756304,5.93187076679362,8.25));
#1971=CARTESIAN_POINT('',(51.4246770246763,5.97544863816744,-2.25));
#1972=CARTESIAN_POINT('Origin',(51.250365539181,7.96783803435094,-2.25));
#1973=CARTESIAN_POINT('',(50.7522681901351,7.92426016297711,-4.25));
#1974=CARTESIAN_POINT('Origin',(50.7522681901351,7.92426016297711,-2.25));
#1975=CARTESIAN_POINT('',(51.250365539181,7.96783803435094,-4.25));
#1976=CARTESIAN_POINT('Origin',(51.0324761823118,10.4583247795803,-4.25));
#1977=CARTESIAN_POINT('',(50.5343788332659,10.4147469082065,-4.25));
#1978=CARTESIAN_POINT('',(50.5343788332659,10.4147469082065,-4.25));
#1979=CARTESIAN_POINT('',(51.0324761823118,10.4583247795803,-4.25));
#1980=CARTESIAN_POINT('Origin',(51.0324761823118,10.4583247795803,-4.75));
#1981=CARTESIAN_POINT('',(50.4908009618921,10.9128442572523,-4.75));
#1982=CARTESIAN_POINT('Origin',(50.5343788332659,10.4147469082065,-4.75));
#1983=CARTESIAN_POINT('',(50.988898310938,10.9564221286262,-4.75));
#1984=CARTESIAN_POINT('Origin',(50.988898310938,10.9564221286262,-26.));
#1985=CARTESIAN_POINT('',(50.4908009618921,10.9128442572523,-26.));
#1986=CARTESIAN_POINT('',(50.4908009618921,10.9128442572523,-26.));
#1987=CARTESIAN_POINT('',(50.988898310938,10.9564221286262,-26.));
#1988=CARTESIAN_POINT('Origin',(50.8145868254427,12.9488115248097,-26.));
#1989=CARTESIAN_POINT('',(50.3164894763968,12.9052336534358,-28.));
#1990=CARTESIAN_POINT('Origin',(50.3164894763968,12.9052336534358,-26.));
#1991=CARTESIAN_POINT('',(50.8145868254427,12.9488115248097,-28.));
#1992=CARTESIAN_POINT('Origin',(48.5921153853774,38.3517763261492,-28.));
#1993=CARTESIAN_POINT('',(48.0940180363315,38.3081984547753,-28.));
#1994=CARTESIAN_POINT('Origin',(48.5921153853774,38.3517763261492,-26.));
#1995=CARTESIAN_POINT('Origin',(48.0940180363315,38.3081984547753,-26.));
#1996=CARTESIAN_POINT('Origin',(48.641925120282,38.3561341132866,-26.));
#1997=CARTESIAN_POINT('',(48.8391316819797,36.1020527986338,5.28381870177137));
#1998=CARTESIAN_POINT('',(48.8391316819797,36.1020527986338,1.76128523978799));
#1999=CARTESIAN_POINT('',(48.8391316819797,36.1020527986338,-26.));
#2000=CARTESIAN_POINT('',(48.5321226617456,39.6111819573287,1.76128523978797));
#2001=CARTESIAN_POINT('',(48.641925120282,38.3561341132866,1.76128523978799));
#2002=CARTESIAN_POINT('',(48.5321226617456,39.6111819573287,5.28381870177136));
#2003=CARTESIAN_POINT('',(48.5321226617456,39.6111819573287,-26.));
#2004=CARTESIAN_POINT('',(48.641925120282,38.3561341132866,5.28381870177136));
#2005=CARTESIAN_POINT('Origin',(48.641925120282,38.3561341132866,-26.));
#2006=CARTESIAN_POINT('',(48.2251136415131,43.1203111160057,-1.76124822221063));
#2007=CARTESIAN_POINT('',(48.8391316819797,36.1020527986338,-1.76124822221061));
#2008=CARTESIAN_POINT('',(48.641925120282,38.3561341132866,-1.76124822221063));
#2009=CARTESIAN_POINT('',(48.8391316819797,36.1020527986338,-5.28381808154544));
#2010=CARTESIAN_POINT('',(48.8391316819797,36.1020527986338,-26.));
#2011=CARTESIAN_POINT('',(48.2251136415131,43.1203111160057,-5.28381808154544));
#2012=CARTESIAN_POINT('',(48.641925120282,38.3561341132866,-5.28381808154544));
#2013=CARTESIAN_POINT('',(48.2251136415131,43.1203111160057,-26.));
#2014=CARTESIAN_POINT('Origin',(48.641925120282,38.3561341132866,-26.));
#2015=CARTESIAN_POINT('',(49.7601619148758,25.5746290642069,-12.3289214030207));
#2016=CARTESIAN_POINT('',(49.1461407021724,32.5929236404118,-12.3289214030207));
#2017=CARTESIAN_POINT('',(48.641925120282,38.3561341132866,-12.3289214030207));
#2018=CARTESIAN_POINT('',(49.1461407021724,32.5929236404118,-15.8514548650038));
#2019=CARTESIAN_POINT('',(49.1461407021724,32.5929236404118,-26.));
#2020=CARTESIAN_POINT('',(48.5321226617044,39.6111819578004,-15.8514548650038));
#2021=CARTESIAN_POINT('',(48.641925120282,38.3561341132866,-15.8514548650038));
#2022=CARTESIAN_POINT('',(48.5321226617044,39.6111819578004,-12.3288850056856));
#2023=CARTESIAN_POINT('',(48.5321226617044,39.6111819578004,-26.));
#2024=CARTESIAN_POINT('',(47.6110924287671,50.1386056926978,-12.3289214030209));
#2025=CARTESIAN_POINT('',(48.641921016429,38.3561810205408,-12.3288806666667));
#2026=CARTESIAN_POINT('',(47.6110924287671,50.1386056926978,-5.28385447902289));
#2027=CARTESIAN_POINT('',(47.6110924287671,50.1386056926978,-26.));
#2028=CARTESIAN_POINT('',(47.3040834085345,53.6477348513758,-5.28385447902289));
#2029=CARTESIAN_POINT('',(48.641925120282,38.3561341132866,-5.28385447902289));
#2030=CARTESIAN_POINT('',(47.3040834085345,53.6477348513758,1.76128523962885));
#2031=CARTESIAN_POINT('',(47.3040834085345,53.6477348513758,-26.));
#2032=CARTESIAN_POINT('',(47.611092428767,50.1386056926988,1.76128523962885));
#2033=CARTESIAN_POINT('',(48.641925120282,38.3561341132866,1.76128523962885));
#2034=CARTESIAN_POINT('',(47.611092428767,50.1386056926988,12.3288856256109));
#2035=CARTESIAN_POINT('',(47.611092428767,50.1386056926988,-26.));
#2036=CARTESIAN_POINT('',(48.5321226617044,39.6111819577996,12.3288856256109));
#2037=CARTESIAN_POINT('',(48.641925120282,38.3561341132866,12.3288856256109));
#2038=CARTESIAN_POINT('',(48.5321226617044,39.6111819577996,15.8514466462702));
#2039=CARTESIAN_POINT('',(48.5321226617044,39.6111819577996,-26.));
#2040=CARTESIAN_POINT('',(48.8391329504418,36.1020383000456,15.8514466462702));
#2041=CARTESIAN_POINT('',(48.641925120282,38.3561341132866,15.8514466462702));
#2042=CARTESIAN_POINT('',(48.8391316819384,36.1020527991058,12.3288856256109));
#2043=CARTESIAN_POINT('',(48.8391178793858,36.1022105630037,-26.0000093482875));
#2044=CARTESIAN_POINT('',(49.7601619148758,25.5746290642072,12.3288856256109));
#2045=CARTESIAN_POINT('',(48.641925120282,38.3561341132866,12.3288856256109));
#2046=CARTESIAN_POINT('',(49.7601619148758,25.5746290642072,-1.76124822236937));
#2047=CARTESIAN_POINT('',(49.7601619148758,25.5746290642072,-26.));
#2048=CARTESIAN_POINT('',(50.0671720598038,22.0654870502021,-1.76124822236937));
#2049=CARTESIAN_POINT('',(48.641925120282,38.3561341132866,-1.76124822236937));
#2050=CARTESIAN_POINT('',(50.0671720598038,22.0654870502022,-5.2838155487516));
#2051=CARTESIAN_POINT('',(50.0671720598038,22.0654870502021,-26.));
#2052=CARTESIAN_POINT('',(49.7601619148758,25.5746290642069,-5.28385447902233));
#2053=CARTESIAN_POINT('',(48.6419051661567,38.356362189982,-5.28399627902045));
#2054=CARTESIAN_POINT('',(49.7601619148758,25.5746290642069,-26.));
#2055=CARTESIAN_POINT('',(49.4531528946693,29.0837582225873,-8.80635154384557));
#2056=CARTESIAN_POINT('',(47.9181014490285,46.6294765336902,-8.80635154384558));
#2057=CARTESIAN_POINT('',(48.641925120282,38.3561341132866,-8.80635154384557));
#2058=CARTESIAN_POINT('',(49.4531528946693,29.0837582225873,8.80635216345422));
#2059=CARTESIAN_POINT('',(49.4531528946693,29.0837582225873,-26.));
#2060=CARTESIAN_POINT('',(47.9181014490285,46.6294765336901,8.80635216345418));
#2061=CARTESIAN_POINT('',(48.641925120282,38.3561341132866,8.80635216345418));
#2062=CARTESIAN_POINT('',(47.9181014490285,46.6294765336902,-26.));
#2063=CARTESIAN_POINT('Origin',(48.641925120282,38.3561341132866,-26.));
#2064=CARTESIAN_POINT('',(47.557165772876,50.7549901900459,15.824964139909));
#2065=CARTESIAN_POINT('',(47.5996168515525,50.2697721404648,15.824964139909));
#2066=CARTESIAN_POINT('',(48.641925120282,38.3561341132866,15.824964139909));
#2067=CARTESIAN_POINT('',(47.5996168515525,50.2697721404647,13.8956246526076));
#2068=CARTESIAN_POINT('',(47.5996168515525,50.2697721404648,-26.));
#2069=CARTESIAN_POINT('',(47.549671417271,50.8406510665867,13.828874578213));
#2070=CARTESIAN_POINT('',(48.228377337484,43.0830069003585,14.7359378827564));
#2071=CARTESIAN_POINT('',(47.549671417271,50.8406510665868,14.9846127663175));
#2072=CARTESIAN_POINT('',(47.549671417271,50.8406510665867,-26.));
#2073=CARTESIAN_POINT('',(47.3910959336612,52.653177138182,15.8681039260829));
#2074=CARTESIAN_POINT('Ctrl Pts',(47.549671417271,50.8406510665868,14.9846127663175));
#2075=CARTESIAN_POINT('Ctrl Pts',(47.5374518069504,50.9803218516708,14.8476147969895));
#2076=CARTESIAN_POINT('Ctrl Pts',(47.530313115682,51.0619174662415,14.7735775965448));
#2077=CARTESIAN_POINT('Ctrl Pts',(47.5240127760573,51.1339306776774,14.7100338575805));
#2078=CARTESIAN_POINT('Ctrl Pts',(47.5177124364325,51.2059438891133,14.6464901186162));
#2079=CARTESIAN_POINT('Ctrl Pts',(47.5122504484514,51.2683746974143,14.5934398411322));
#2080=CARTESIAN_POINT('Ctrl Pts',(47.5054504851199,51.3460986339505,14.5271269942774));
#2081=CARTESIAN_POINT('Ctrl Pts',(47.4986505217884,51.4238225704867,14.4608141474225));
#2082=CARTESIAN_POINT('Ctrl Pts',(47.4905125831064,51.5168396352581,14.3812387311966));
#2083=CARTESIAN_POINT('Ctrl Pts',(47.4829631842147,51.6031296594449,14.3135656208167));
#2084=CARTESIAN_POINT('Ctrl Pts',(47.475413785323,51.6894196836317,14.2458925104368));
#2085=CARTESIAN_POINT('Ctrl Pts',(47.4684529262215,51.7689826672338,14.1901217059029));
#2086=CARTESIAN_POINT('Ctrl Pts',(47.4620848410095,51.8417702142758,14.1463503688955));
#2087=CARTESIAN_POINT('Ctrl Pts',(47.4557167557974,51.9145577613177,14.1025790318882));
#2088=CARTESIAN_POINT('Ctrl Pts',(47.4499414444749,51.9805698717994,14.0708071624073));
#2089=CARTESIAN_POINT('Ctrl Pts',(47.4441618990531,52.0466303782566,14.0389867120863));
#2090=CARTESIAN_POINT('Ctrl Pts',(47.4383823536313,52.1126908847137,14.0071662617653));
#2091=CARTESIAN_POINT('Ctrl Pts',(47.4325985741103,52.1787997871463,13.975297230604));
#2092=CARTESIAN_POINT('Ctrl Pts',(47.4266877716131,52.2463605688412,13.9513954572339));
#2093=CARTESIAN_POINT('Ctrl Pts',(47.4207769691158,52.3139213505362,13.9274936838638));
#2094=CARTESIAN_POINT('Ctrl Pts',(47.4147391436423,52.3829340114936,13.9115591682848));
#2095=CARTESIAN_POINT('Ctrl Pts',(47.4085742951925,52.4533985517134,13.9035919104969));
#2096=CARTESIAN_POINT('Ctrl Pts',(47.4024094467427,52.5238630919331,13.895624652709));
#2097=CARTESIAN_POINT('Ctrl Pts',(47.3961175753166,52.5957795114153,13.8956246527122));
#2098=CARTESIAN_POINT('Ctrl Pts',(47.3886274538141,52.6813919919429,13.8956246527161));
#2099=CARTESIAN_POINT('Ctrl Pts',(47.3811373323116,52.7670044724705,13.8956246527199));
#2100=CARTESIAN_POINT('Ctrl Pts',(47.3724489607327,52.8663130140436,13.8956246527244));
#2101=CARTESIAN_POINT('Ctrl Pts',(47.3646370476903,52.9556035887029,13.9098588389038));
#2102=CARTESIAN_POINT('Ctrl Pts',(47.3568251346479,53.0448941633623,13.9240930250833));
#2103=CARTESIAN_POINT('Ctrl Pts',(47.349889680142,53.1241667711081,13.9525613974376));
#2104=CARTESIAN_POINT('Ctrl Pts',(47.3438306841726,53.1934214119402,13.9951667942869));
#2105=CARTESIAN_POINT('Ctrl Pts',(47.3377716882032,53.2626760527722,14.0377721911361));
#2106=CARTESIAN_POINT('Ctrl Pts',(47.3325891507704,53.3219127266907,14.0945146124802));
#2107=CARTESIAN_POINT('Ctrl Pts',(47.3274066133376,53.381149400609,14.1512570338241));
#2108=CARTESIAN_POINT('Ctrl Pts',(47.3222240759047,53.4403860745272,14.207999455168));
#2109=CARTESIAN_POINT('Ctrl Pts',(47.3170415384719,53.4996227484453,14.2647418765116));
#2110=CARTESIAN_POINT('Ctrl Pts',(47.3131546353974,53.5440502538829,14.3309089808515));
#2111=CARTESIAN_POINT('Ctrl Pts',(47.3092677323229,53.5884777593205,14.3970760851913));
#2112=CARTESIAN_POINT('Ctrl Pts',(47.3066764636066,53.6180960962777,14.4726678725274));
#2113=CARTESIAN_POINT('Ctrl Pts',(47.3053808292487,53.6329052647542,14.5576843428595));
#2114=CARTESIAN_POINT('Ctrl Pts',(47.3040851948907,53.6477144332306,14.6427008131916));
#2115=CARTESIAN_POINT('Ctrl Pts',(47.3040851948911,53.6477144332264,14.7371419665197));
#2116=CARTESIAN_POINT('Ctrl Pts',(47.3040851948915,53.6477144332221,14.8327004791721));
#2117=CARTESIAN_POINT('Ctrl Pts',(47.3040851948919,53.6477144332179,14.9282589918244));
#2118=CARTESIAN_POINT('Ctrl Pts',(47.3040851948922,53.6477144332136,15.024934863801));
#2119=CARTESIAN_POINT('Ctrl Pts',(47.3053342541595,53.6334376204591,15.1122346336206));
#2120=CARTESIAN_POINT('Ctrl Pts',(47.3065833134268,53.6191608077045,15.1995344034403));
#2121=CARTESIAN_POINT('Ctrl Pts',(47.3090814319611,53.5906071821996,15.2774580711029));
#2122=CARTESIAN_POINT('Ctrl Pts',(47.3128286097622,53.5477767439449,15.3461513791288));
#2123=CARTESIAN_POINT('Ctrl Pts',(47.3165757875634,53.5049463056903,15.4148446871547));
#2124=CARTESIAN_POINT('Ctrl Pts',(47.3215720246314,53.4478390546858,15.4743076355439));
#2125=CARTESIAN_POINT('Ctrl Pts',(47.3265682616994,53.3907318036812,15.5337705839331));
#2126=CARTESIAN_POINT('Ctrl Pts',(47.3315644987674,53.3336245526765,15.5932335323223));
#2127=CARTESIAN_POINT('Ctrl Pts',(47.3365607358355,53.2765173016717,15.6526964807116));
#2128=CARTESIAN_POINT('Ctrl Pts',(47.3444382774159,53.1864765893901,15.7102647763318));
#2129=CARTESIAN_POINT('Ctrl Pts',(47.3523158189964,53.0964358771084,15.767833071952));
#2130=CARTESIAN_POINT('Ctrl Pts',(47.3630746650892,52.97346170355,15.8235067148031));
#2131=CARTESIAN_POINT('Ctrl Pts',(47.3910959336612,52.653177138182,15.8681039260829));
#2132=CARTESIAN_POINT('',(47.397751937617,52.5770986648399,15.2758063224909));
#2133=CARTESIAN_POINT('',(47.8743536523045,47.1295161383761,-27.1355346791278));
#2134=CARTESIAN_POINT('Ctrl Pts',(47.397751937617,52.5770986648399,15.2758063224909));
#2135=CARTESIAN_POINT('Ctrl Pts',(47.3824837758657,52.7516145522249,15.2472407884669));
#2136=CARTESIAN_POINT('Ctrl Pts',(47.3768947649084,52.8154972397878,15.2237762426586));
#2137=CARTESIAN_POINT('Ctrl Pts',(47.3729231798493,52.860892664738,15.2011618615525));
#2138=CARTESIAN_POINT('Ctrl Pts',(47.3689515947902,52.9062880896882,15.1785474804465));
#2139=CARTESIAN_POINT('Ctrl Pts',(47.3665974356293,52.9331962520257,15.1567832640428));
#2140=CARTESIAN_POINT('Ctrl Pts',(47.3642390423693,52.9601528103386,15.1350190476392));
#2141=CARTESIAN_POINT('Ctrl Pts',(47.3618806491092,52.9871093686515,15.1132548312356));
#2142=CARTESIAN_POINT('Ctrl Pts',(47.35951802175,53.0141143229397,15.091490614832));
#2143=CARTESIAN_POINT('Ctrl Pts',(47.3577481682801,53.0343438406686,15.0658885120531));
#2144=CARTESIAN_POINT('Ctrl Pts',(47.3559783148102,53.0545733583975,15.0402864092742));
#2145=CARTESIAN_POINT('Ctrl Pts',(47.3548012352297,53.0680274395671,15.01084642012));
#2146=CARTESIAN_POINT('Ctrl Pts',(47.3542126954394,53.0747544801528,14.9775685445906));
#2147=CARTESIAN_POINT('Ctrl Pts',(47.3536241556491,53.0814815207385,14.9442906690611));
#2148=CARTESIAN_POINT('Ctrl Pts',(47.3536241556489,53.0814815207402,14.9071749071565));
#2149=CARTESIAN_POINT('Ctrl Pts',(47.3536241556488,53.0814815207419,14.8705449536538));
#2150=CARTESIAN_POINT('Ctrl Pts',(47.3536241556486,53.0814815207436,14.8339150001511));
#2151=CARTESIAN_POINT('Ctrl Pts',(47.3536241556485,53.0814815207453,14.7977708550502));
#2152=CARTESIAN_POINT('Ctrl Pts',(47.3542126954385,53.0747544801626,14.7658046622054));
#2153=CARTESIAN_POINT('Ctrl Pts',(47.3548012352286,53.0680274395799,14.7338384693605));
#2154=CARTESIAN_POINT('Ctrl Pts',(47.3559783148089,53.0545733584128,14.7060502287717));
#2155=CARTESIAN_POINT('Ctrl Pts',(47.3577481682786,53.0343438406861,14.6822941979181));
#2156=CARTESIAN_POINT('Ctrl Pts',(47.3595180217483,53.0141143229593,14.6585381670646));
#2157=CARTESIAN_POINT('Ctrl Pts',(47.3618806491074,52.9871093686728,14.6388143459462));
#2158=CARTESIAN_POINT('Ctrl Pts',(47.3642390423673,52.9601528103617,14.6191391056682));
#2159=CARTESIAN_POINT('Ctrl Pts',(47.3665974356271,52.9331962520507,14.5994638653903));
#2160=CARTESIAN_POINT('Ctrl Pts',(47.3689515947878,52.906288089715,14.5798372059527));
#2161=CARTESIAN_POINT('Ctrl Pts',(47.3718307822506,52.8733788264263,14.565117211374));
#2162=CARTESIAN_POINT('Ctrl Pts',(47.3747099697133,52.8404695631376,14.5503972167952));
#2163=CARTESIAN_POINT('Ctrl Pts',(47.3781141854782,52.8015591988959,14.5405838870753));
#2164=CARTESIAN_POINT('Ctrl Pts',(47.3820349613466,52.7567445256521,14.5356772222141));
#2165=CARTESIAN_POINT('Ctrl Pts',(47.3859557372151,52.7119298524083,14.530770557353));
#2166=CARTESIAN_POINT('Ctrl Pts',(47.3903930731871,52.6612108701626,14.5307705573507));
#2167=CARTESIAN_POINT('Ctrl Pts',(47.3951564347984,52.606765397809,14.5307705573482));
#2168=CARTESIAN_POINT('Ctrl Pts',(47.3999197964096,52.5523199254554,14.5307705573458));
#2169=CARTESIAN_POINT('Ctrl Pts',(47.4050091836601,52.4941479629939,14.5307705573432));
#2170=CARTESIAN_POINT('Ctrl Pts',(47.4099715479342,52.4374278797949,14.5376690366476));
#2171=CARTESIAN_POINT('Ctrl Pts',(47.4149339122084,52.3807077965958,14.544567515952));
#2172=CARTESIAN_POINT('Ctrl Pts',(47.4197692535063,52.3254395926592,14.5583644745633));
#2173=CARTESIAN_POINT('Ctrl Pts',(47.4244733377287,52.2716716639605,14.5790599124815));
#2174=CARTESIAN_POINT('Ctrl Pts',(47.4291774219511,52.2179037352619,14.5997553503998));
#2175=CARTESIAN_POINT('Ctrl Pts',(47.433750249098,52.1656360818011,14.627349267625));
#2176=CARTESIAN_POINT('Ctrl Pts',(47.4383273103441,52.113320032365,14.6549431848501));
#2177=CARTESIAN_POINT('Ctrl Pts',(47.4429043715903,52.061003982929,14.6825371020753));
#2178=CARTESIAN_POINT('Ctrl Pts',(47.4474856669356,52.0086395375175,14.7101310193003));
#2179=CARTESIAN_POINT('Ctrl Pts',(47.4528163978411,51.9477090044551,14.7502102124537));
#2180=CARTESIAN_POINT('Ctrl Pts',(47.4581471287467,51.8867784713927,14.7902894056071));
#2181=CARTESIAN_POINT('Ctrl Pts',(47.4642272952125,51.8172818506793,14.842853874689));
#2182=CARTESIAN_POINT('Ctrl Pts',(47.4710611313377,51.7391707463396,14.9078550388588));
#2183=CARTESIAN_POINT('Ctrl Pts',(47.4778949674629,51.6610596419999,14.9728562030287));
#2184=CARTESIAN_POINT('Ctrl Pts',(47.4854824732475,51.574334054034,15.0502940622866));
#2185=CARTESIAN_POINT('Ctrl Pts',(47.4929768288495,51.4886731775274,15.1272461131427));
#2186=CARTESIAN_POINT('Ctrl Pts',(47.5004711844516,51.4030123010209,15.2041981639988));
#2187=CARTESIAN_POINT('Ctrl Pts',(47.507872389871,51.3184161359737,15.2806644064531));
#2188=CARTESIAN_POINT('Ctrl Pts',(47.5169143087343,51.2150665304484,15.3769759221237));
#2189=CARTESIAN_POINT('Ctrl Pts',(47.5259562275976,51.1117169249231,15.4732874377942));
#2190=CARTESIAN_POINT('Ctrl Pts',(47.5366388599049,50.9896138789198,15.589444226681));
#2191=CARTESIAN_POINT('Ctrl Pts',(47.557165772876,50.7549901900459,15.824964139909));
#2192=CARTESIAN_POINT('Origin',(48.641925120282,38.3561341132866,-26.));
#2193=CARTESIAN_POINT('',(48.2251136415131,43.1203111160057,12.3288856256109));
#2194=CARTESIAN_POINT('',(48.5321226617044,39.6111819577996,12.3288856256109));
#2195=CARTESIAN_POINT('',(48.641925120282,38.3561341132866,12.3288856256109));
#2196=CARTESIAN_POINT('',(48.2251136415131,43.1203111160057,15.8514466462702));
#2197=CARTESIAN_POINT('',(48.2251136415131,43.1203111160057,-26.));
#2198=CARTESIAN_POINT('',(48.5321226617044,39.6111819577996,15.8514466462702));
#2199=CARTESIAN_POINT('',(48.641925120282,38.3561341132866,15.8514466462702));
#2200=CARTESIAN_POINT('',(48.5321226617044,39.6111819577996,-26.));
#2201=CARTESIAN_POINT('Origin',(48.641925120282,38.3561341132866,-26.));
#2202=CARTESIAN_POINT('',(48.8391329504418,36.1020383000456,15.8514466462702));
#2203=CARTESIAN_POINT('',(48.8391316819384,36.1020527991058,12.3288856256109));
#2204=CARTESIAN_POINT('',(48.8391178793858,36.1022105630037,-26.0000093482875));
#2205=CARTESIAN_POINT('',(49.1461407021724,32.5929236404118,15.8514466462702));
#2206=CARTESIAN_POINT('',(48.641925120282,38.3561341132866,15.8514466462702));
#2207=CARTESIAN_POINT('',(49.1461407021724,32.5929236404118,12.3288856256109));
#2208=CARTESIAN_POINT('',(49.1461407021724,32.5929236404118,-26.));
#2209=CARTESIAN_POINT('',(48.641925120282,38.3561341132866,12.3288856256109));
#2210=CARTESIAN_POINT('Origin',(48.641925120282,38.3561341132866,-26.));
#2211=CARTESIAN_POINT('',(49.7601619148758,25.5746290642072,5.28381870177136));
#2212=CARTESIAN_POINT('',(49.7601619148758,25.5746290642072,-1.76124822236937));
#2213=CARTESIAN_POINT('',(49.7601619148758,25.5746290642072,-26.));
#2214=CARTESIAN_POINT('',(50.0671720598038,22.0654870502021,5.28381870177136));
#2215=CARTESIAN_POINT('',(48.641925120282,38.3561341132866,5.28381870177136));
#2216=CARTESIAN_POINT('',(50.0671720598038,22.0654870502021,-1.76124822236937));
#2217=CARTESIAN_POINT('',(50.0671720598038,22.0654870502021,-26.));
#2218=CARTESIAN_POINT('',(48.641925120282,38.3561341132866,-1.76124822236937));
#2219=CARTESIAN_POINT('Origin',(48.641925120282,38.3561341132866,-26.));
#2220=CARTESIAN_POINT('',(48.5321226617044,39.6111819578004,-15.8514548650038));
#2221=CARTESIAN_POINT('',(48.5321226617044,39.6111819578004,-12.3288850056856));
#2222=CARTESIAN_POINT('',(48.5321226617044,39.6111819578004,-26.));
#2223=CARTESIAN_POINT('',(48.2251136415131,43.1203111160057,-15.8514548650038));
#2224=CARTESIAN_POINT('',(48.641925120282,38.3561341132866,-15.8514548650038));
#2225=CARTESIAN_POINT('',(48.2251136415131,43.1203111160057,-12.3288971380889));
#2226=CARTESIAN_POINT('',(48.2251136415131,43.1203111160057,-26.));
#2227=CARTESIAN_POINT('',(48.641921016429,38.3561810205408,-12.3288806666667));
#2228=CARTESIAN_POINT('Origin',(48.641925120282,38.3561341132866,-26.));
#2229=CARTESIAN_POINT('',(49.4531528946693,29.0837582225873,8.80635216345422));
#2230=CARTESIAN_POINT('',(49.4531528946693,29.0837582225873,-8.80635154384557));
#2231=CARTESIAN_POINT('',(49.4531528946693,29.0837582225873,-26.));
#2232=CARTESIAN_POINT('',(47.9181014490285,46.6294765336902,-8.80635154384558));
#2233=CARTESIAN_POINT('',(48.641925120282,38.3561341132866,-8.80635154384557));
#2234=CARTESIAN_POINT('',(47.9181014490285,46.6294765336901,8.80635216345418));
#2235=CARTESIAN_POINT('',(47.9181014490285,46.6294765336902,-26.));
#2236=CARTESIAN_POINT('',(48.641925120282,38.3561341132866,8.80635216345418));
#2237=CARTESIAN_POINT('',(48.8391316819797,36.1020527986338,-1.76124822221061));
#2238=CARTESIAN_POINT('',(48.8391316819797,36.1020527986338,-5.28381808154544));
#2239=CARTESIAN_POINT('',(48.8391316819797,36.1020527986338,-26.));
#2240=CARTESIAN_POINT('',(48.2251136415131,43.1203111160057,-1.76124822221063));
#2241=CARTESIAN_POINT('',(48.641925120282,38.3561341132866,-1.76124822221063));
#2242=CARTESIAN_POINT('',(48.2251136415131,43.1203111160057,-5.28381808154544));
#2243=CARTESIAN_POINT('',(48.2251136415131,43.1203111160057,-26.));
#2244=CARTESIAN_POINT('',(48.641925120282,38.3561341132866,-5.28381808154544));
#2245=CARTESIAN_POINT('',(48.8391316819797,36.1020527986338,1.76128523978799));
#2246=CARTESIAN_POINT('',(48.5321226617456,39.6111819573287,1.76128523978797));
#2247=CARTESIAN_POINT('',(48.641925120282,38.3561341132866,1.76128523978799));
#2248=CARTESIAN_POINT('',(48.8391316819797,36.1020527986338,5.28381870177137));
#2249=CARTESIAN_POINT('',(48.8391316819797,36.1020527986338,-26.));
#2250=CARTESIAN_POINT('',(48.5321226617456,39.6111819573287,5.28381870177136));
#2251=CARTESIAN_POINT('',(48.641925120282,38.3561341132866,5.28381870177136));
#2252=CARTESIAN_POINT('',(48.5321226617456,39.6111819573287,-26.));
#2253=CARTESIAN_POINT('Origin',(48.641925120282,38.3561341132866,-26.));
#2254=CARTESIAN_POINT('',(47.3040834085345,53.6477348513758,1.76128523962885));
#2255=CARTESIAN_POINT('',(47.611092428767,50.1386056926988,1.76128523962885));
#2256=CARTESIAN_POINT('',(48.641925120282,38.3561341132866,1.76128523962885));
#2257=CARTESIAN_POINT('',(47.3040834085345,53.6477348513758,5.28381870177136));
#2258=CARTESIAN_POINT('',(47.3040834085345,53.6477348513758,-26.));
#2259=CARTESIAN_POINT('',(47.611092428767,50.1386056926988,5.28381870177136));
#2260=CARTESIAN_POINT('',(48.641925120282,38.3561341132866,5.28381870177136));
#2261=CARTESIAN_POINT('',(47.611092428767,50.1386056926988,-26.));
#2262=UNCERTAINTY_MEASURE_WITH_UNIT(LENGTH_MEASURE(0.01),#2266,
'DISTANCE_ACCURACY_VALUE',
'Maximum model space distance between geometric entities at asserted c
onnectivities');
#2263=UNCERTAINTY_MEASURE_WITH_UNIT(LENGTH_MEASURE(0.01),#2266,
'DISTANCE_ACCURACY_VALUE',
'Maximum model space distance between geometric entities at asserted c
onnectivities');
#2264=(
GEOMETRIC_REPRESENTATION_CONTEXT(3)
GLOBAL_UNCERTAINTY_ASSIGNED_CONTEXT((#2262))
GLOBAL_UNIT_ASSIGNED_CONTEXT((#2266,#2268,#2269))
REPRESENTATION_CONTEXT('','3D')
);
#2265=(
GEOMETRIC_REPRESENTATION_CONTEXT(3)
GLOBAL_UNCERTAINTY_ASSIGNED_CONTEXT((#2263))
GLOBAL_UNIT_ASSIGNED_CONTEXT((#2266,#2268,#2269))
REPRESENTATION_CONTEXT('','3D')
);
#2266=(
LENGTH_UNIT()
NAMED_UNIT(*)
SI_UNIT(.MILLI.,.METRE.)
);
#2267=(
LENGTH_UNIT()
NAMED_UNIT(*)
SI_UNIT($,.METRE.)
);
#2268=(
NAMED_UNIT(*)
PLANE_ANGLE_UNIT()
SI_UNIT($,.RADIAN.)
);
#2269=(
NAMED_UNIT(*)
SI_UNIT($,.STERADIAN.)
SOLID_ANGLE_UNIT()
);
#2270=SHAPE_DEFINITION_REPRESENTATION(#2271,#2272);
#2271=PRODUCT_DEFINITION_SHAPE('',$,#2274);
#2272=SHAPE_REPRESENTATION('',(#1312,#23,#24,#25,#26,#27,#28,#29,#30,#31,
#32),#2264);
#2273=PRODUCT_DEFINITION_CONTEXT('part definition',#2278,'design');
#2274=PRODUCT_DEFINITION('2026-09-17-21-43-50-075','AprilTag 2',#2275,#2273);
#2275=PRODUCT_DEFINITION_FORMATION('',$,#2280);
#2276=PRODUCT_RELATED_PRODUCT_CATEGORY('AprilTag 2','AprilTag 2',(#2280));
#2277=APPLICATION_PROTOCOL_DEFINITION('international standard',
'automotive_design',2009,#2278);
#2278=APPLICATION_CONTEXT(
'Core Data for Automotive Mechanical Design Process');
#2279=PRODUCT_CONTEXT('part definition',#2278,'mechanical');
#2280=PRODUCT('2026-09-17-21-43-50-075','AprilTag 2',$,(#2279));
#2281=PRESENTATION_STYLE_ASSIGNMENT((#2285));
#2282=PRESENTATION_STYLE_ASSIGNMENT((#2286));
#2283=PRESENTATION_STYLE_ASSIGNMENT((#2287));
#2284=PRESENTATION_STYLE_ASSIGNMENT((#2288));
#2285=SURFACE_STYLE_USAGE(.BOTH.,#2289);
#2286=SURFACE_STYLE_USAGE(.BOTH.,#2290);
#2287=SURFACE_STYLE_USAGE(.BOTH.,#2291);
#2288=SURFACE_STYLE_USAGE(.BOTH.,#2292);
#2289=SURFACE_SIDE_STYLE('',(#2293));
#2290=SURFACE_SIDE_STYLE('',(#2294));
#2291=SURFACE_SIDE_STYLE('',(#2295));
#2292=SURFACE_SIDE_STYLE('',(#2296));
#2293=SURFACE_STYLE_FILL_AREA(#2297);
#2294=SURFACE_STYLE_FILL_AREA(#2298);
#2295=SURFACE_STYLE_FILL_AREA(#2299);
#2296=SURFACE_STYLE_FILL_AREA(#2300);
#2297=FILL_AREA_STYLE('Steel - Satin',(#2301));
#2298=FILL_AREA_STYLE('Polycarbonate (Clear)',(#2302));
#2299=FILL_AREA_STYLE('Opaque(213,0,50) (1)',(#2303));
#2300=FILL_AREA_STYLE('Opaque(213,0,50) (1) (1)',(#2304));
#2301=FILL_AREA_STYLE_COLOUR('Steel - Satin',#2305);
#2302=FILL_AREA_STYLE_COLOUR('Polycarbonate (Clear)',#2306);
#2303=FILL_AREA_STYLE_COLOUR('Opaque(213,0,50) (1)',#2307);
#2304=FILL_AREA_STYLE_COLOUR('Opaque(213,0,50) (1) (1)',#2308);
#2305=COLOUR_RGB('Steel - Satin',0.627450980392157,0.627450980392157,0.627450980392157);
#2306=COLOUR_RGB('Polycarbonate (Clear)',0.964705882352941,0.964705882352941,
0.952941176470588);
#2307=COLOUR_RGB('Opaque(213,0,50) (1)',0.,0.,0.);
#2308=COLOUR_RGB('Opaque(213,0,50) (1) (1)',1.,1.,1.);
ENDSEC;
END-ISO-10303-21;
