ISO-10303-21;
HEADER;
/* Generated by software containing ST-Developer
 * from STEP Tools, Inc. (www.steptools.com) 
 */

FILE_DESCRIPTION(
/* description */ (''),
/* implementation_level */ '2;1');

FILE_NAME(
/* name */ 'Red Matchloader.step',
/* time_stamp */ '2026-09-17T18:03:26-04:00',
/* author */ (''),
/* organization */ (''),
/* preprocessor_version */ 'ST-DEVELOPER v20.2',
/* originating_system */ 'Autodesk Translation Framework v15.15.0.0',
/* authorisation */ '');

FILE_SCHEMA (('AUTOMOTIVE_DESIGN { 1 0 10303 214 3 1 1 }'));
ENDSEC;

DATA;
#10=MECHANICAL_DESIGN_GEOMETRIC_PRESENTATION_REPRESENTATION('',(#354,#355,
#356,#357,#358,#359,#360,#361,#362,#363,#364,#365,#366,#367),#12960);
#11=CONTEXT_DEPENDENT_OVER_RIDING_STYLED_ITEM('',(#13065),#13011,#367,(#60));
#12=CONTEXT_DEPENDENT_OVER_RIDING_STYLED_ITEM('',(#13065),#13018,#367,(#63));
#13=CONTEXT_DEPENDENT_OVER_RIDING_STYLED_ITEM('',(#13065),#13018,#367,(#77));
#14=CONTEXT_DEPENDENT_OVER_RIDING_STYLED_ITEM('',(#13065),#13018,#367,(#80));
#15=CONTEXT_DEPENDENT_OVER_RIDING_STYLED_ITEM('',(#13065),#13018,#367,(#81));
#16=CONTEXT_DEPENDENT_OVER_RIDING_STYLED_ITEM('',(#13065),#13013,#367,(#65));
#17=CONTEXT_DEPENDENT_OVER_RIDING_STYLED_ITEM('',(#13065),#13019,#367,(#66));
#18=CONTEXT_DEPENDENT_OVER_RIDING_STYLED_ITEM('',(#13065),#13019,#367,(#82));
#19=CONTEXT_DEPENDENT_OVER_RIDING_STYLED_ITEM('',(#13065),#13019,#367,(#83));
#20=CONTEXT_DEPENDENT_OVER_RIDING_STYLED_ITEM('',(#13065),#13019,#367,(#84));
#21=CONTEXT_DEPENDENT_OVER_RIDING_STYLED_ITEM('',(#13065),#13015,#367,(#62));
#22=CONTEXT_DEPENDENT_OVER_RIDING_STYLED_ITEM('',(#13065),#13015,#367,(#69));
#23=CONTEXT_DEPENDENT_OVER_RIDING_STYLED_ITEM('',(#13065),#13015,#367,(#72));
#24=CONTEXT_DEPENDENT_OVER_RIDING_STYLED_ITEM('',(#13065),#13015,#367,(#75));
#25=CONTEXT_DEPENDENT_OVER_RIDING_STYLED_ITEM('',(#13066),#13016,#367,(#67));
#26=CONTEXT_DEPENDENT_OVER_RIDING_STYLED_ITEM('',(#13066),#13016,#367,(#70));
#27=CONTEXT_DEPENDENT_OVER_RIDING_STYLED_ITEM('',(#13066),#13016,#367,(#73));
#28=CONTEXT_DEPENDENT_OVER_RIDING_STYLED_ITEM('',(#13066),#13016,#367,(#76));
#29=CONTEXT_DEPENDENT_OVER_RIDING_STYLED_ITEM('',(#13066),#13014,#367,(#61));
#30=CONTEXT_DEPENDENT_OVER_RIDING_STYLED_ITEM('',(#13066),#13014,#367,(#68));
#31=CONTEXT_DEPENDENT_OVER_RIDING_STYLED_ITEM('',(#13066),#13014,#367,(#71));
#32=CONTEXT_DEPENDENT_OVER_RIDING_STYLED_ITEM('',(#13066),#13014,#367,(#74));
#33=MAPPED_ITEM('',#34,#7370);
#34=REPRESENTATION_MAP(#7370,#13010);
#35=ITEM_DEFINED_TRANSFORMATION($,$,#6681,#7345);
#36=ITEM_DEFINED_TRANSFORMATION($,$,#7091,#7346);
#37=ITEM_DEFINED_TRANSFORMATION($,$,#7160,#7347);
#38=ITEM_DEFINED_TRANSFORMATION($,$,#7327,#7348);
#39=ITEM_DEFINED_TRANSFORMATION($,$,#6762,#7349);
#40=ITEM_DEFINED_TRANSFORMATION($,$,#7071,#7350);
#41=ITEM_DEFINED_TRANSFORMATION($,$,#7336,#7351);
#42=ITEM_DEFINED_TRANSFORMATION($,$,#7169,#7352);
#43=ITEM_DEFINED_TRANSFORMATION($,$,#7091,#7353);
#44=ITEM_DEFINED_TRANSFORMATION($,$,#7160,#7354);
#45=ITEM_DEFINED_TRANSFORMATION($,$,#7169,#7355);
#46=ITEM_DEFINED_TRANSFORMATION($,$,#7091,#7356);
#47=ITEM_DEFINED_TRANSFORMATION($,$,#7160,#7357);
#48=ITEM_DEFINED_TRANSFORMATION($,$,#7169,#7358);
#49=ITEM_DEFINED_TRANSFORMATION($,$,#7091,#7359);
#50=ITEM_DEFINED_TRANSFORMATION($,$,#7160,#7360);
#51=ITEM_DEFINED_TRANSFORMATION($,$,#7169,#7361);
#52=ITEM_DEFINED_TRANSFORMATION($,$,#7327,#7362);
#53=ITEM_DEFINED_TRANSFORMATION($,$,#7258,#7363);
#54=ITEM_DEFINED_TRANSFORMATION($,$,#7258,#7364);
#55=ITEM_DEFINED_TRANSFORMATION($,$,#7327,#7365);
#56=ITEM_DEFINED_TRANSFORMATION($,$,#7327,#7366);
#57=ITEM_DEFINED_TRANSFORMATION($,$,#7336,#7367);
#58=ITEM_DEFINED_TRANSFORMATION($,$,#7336,#7368);
#59=ITEM_DEFINED_TRANSFORMATION($,$,#7336,#7369);
#60=(
REPRESENTATION_RELATIONSHIP($,$,#13011,#13010)
REPRESENTATION_RELATIONSHIP_WITH_TRANSFORMATION(#35)
SHAPE_REPRESENTATION_RELATIONSHIP()
);
#61=(
REPRESENTATION_RELATIONSHIP($,$,#13014,#13010)
REPRESENTATION_RELATIONSHIP_WITH_TRANSFORMATION(#36)
SHAPE_REPRESENTATION_RELATIONSHIP()
);
#62=(
REPRESENTATION_RELATIONSHIP($,$,#13015,#13010)
REPRESENTATION_RELATIONSHIP_WITH_TRANSFORMATION(#37)
SHAPE_REPRESENTATION_RELATIONSHIP()
);
#63=(
REPRESENTATION_RELATIONSHIP($,$,#13018,#13010)
REPRESENTATION_RELATIONSHIP_WITH_TRANSFORMATION(#38)
SHAPE_REPRESENTATION_RELATIONSHIP()
);
#64=(
REPRESENTATION_RELATIONSHIP($,$,#13012,#13010)
REPRESENTATION_RELATIONSHIP_WITH_TRANSFORMATION(#39)
SHAPE_REPRESENTATION_RELATIONSHIP()
);
#65=(
REPRESENTATION_RELATIONSHIP($,$,#13013,#13010)
REPRESENTATION_RELATIONSHIP_WITH_TRANSFORMATION(#40)
SHAPE_REPRESENTATION_RELATIONSHIP()
);
#66=(
REPRESENTATION_RELATIONSHIP($,$,#13019,#13010)
REPRESENTATION_RELATIONSHIP_WITH_TRANSFORMATION(#41)
SHAPE_REPRESENTATION_RELATIONSHIP()
);
#67=(
REPRESENTATION_RELATIONSHIP($,$,#13016,#13010)
REPRESENTATION_RELATIONSHIP_WITH_TRANSFORMATION(#42)
SHAPE_REPRESENTATION_RELATIONSHIP()
);
#68=(
REPRESENTATION_RELATIONSHIP($,$,#13014,#13010)
REPRESENTATION_RELATIONSHIP_WITH_TRANSFORMATION(#43)
SHAPE_REPRESENTATION_RELATIONSHIP()
);
#69=(
REPRESENTATION_RELATIONSHIP($,$,#13015,#13010)
REPRESENTATION_RELATIONSHIP_WITH_TRANSFORMATION(#44)
SHAPE_REPRESENTATION_RELATIONSHIP()
);
#70=(
REPRESENTATION_RELATIONSHIP($,$,#13016,#13010)
REPRESENTATION_RELATIONSHIP_WITH_TRANSFORMATION(#45)
SHAPE_REPRESENTATION_RELATIONSHIP()
);
#71=(
REPRESENTATION_RELATIONSHIP($,$,#13014,#13010)
REPRESENTATION_RELATIONSHIP_WITH_TRANSFORMATION(#46)
SHAPE_REPRESENTATION_RELATIONSHIP()
);
#72=(
REPRESENTATION_RELATIONSHIP($,$,#13015,#13010)
REPRESENTATION_RELATIONSHIP_WITH_TRANSFORMATION(#47)
SHAPE_REPRESENTATION_RELATIONSHIP()
);
#73=(
REPRESENTATION_RELATIONSHIP($,$,#13016,#13010)
REPRESENTATION_RELATIONSHIP_WITH_TRANSFORMATION(#48)
SHAPE_REPRESENTATION_RELATIONSHIP()
);
#74=(
REPRESENTATION_RELATIONSHIP($,$,#13014,#13010)
REPRESENTATION_RELATIONSHIP_WITH_TRANSFORMATION(#49)
SHAPE_REPRESENTATION_RELATIONSHIP()
);
#75=(
REPRESENTATION_RELATIONSHIP($,$,#13015,#13010)
REPRESENTATION_RELATIONSHIP_WITH_TRANSFORMATION(#50)
SHAPE_REPRESENTATION_RELATIONSHIP()
);
#76=(
REPRESENTATION_RELATIONSHIP($,$,#13016,#13010)
REPRESENTATION_RELATIONSHIP_WITH_TRANSFORMATION(#51)
SHAPE_REPRESENTATION_RELATIONSHIP()
);
#77=(
REPRESENTATION_RELATIONSHIP($,$,#13018,#13010)
REPRESENTATION_RELATIONSHIP_WITH_TRANSFORMATION(#52)
SHAPE_REPRESENTATION_RELATIONSHIP()
);
#78=(
REPRESENTATION_RELATIONSHIP($,$,#13017,#13010)
REPRESENTATION_RELATIONSHIP_WITH_TRANSFORMATION(#53)
SHAPE_REPRESENTATION_RELATIONSHIP()
);
#79=(
REPRESENTATION_RELATIONSHIP($,$,#13017,#13010)
REPRESENTATION_RELATIONSHIP_WITH_TRANSFORMATION(#54)
SHAPE_REPRESENTATION_RELATIONSHIP()
);
#80=(
REPRESENTATION_RELATIONSHIP($,$,#13018,#13010)
REPRESENTATION_RELATIONSHIP_WITH_TRANSFORMATION(#55)
SHAPE_REPRESENTATION_RELATIONSHIP()
);
#81=(
REPRESENTATION_RELATIONSHIP($,$,#13018,#13010)
REPRESENTATION_RELATIONSHIP_WITH_TRANSFORMATION(#56)
SHAPE_REPRESENTATION_RELATIONSHIP()
);
#82=(
REPRESENTATION_RELATIONSHIP($,$,#13019,#13010)
REPRESENTATION_RELATIONSHIP_WITH_TRANSFORMATION(#57)
SHAPE_REPRESENTATION_RELATIONSHIP()
);
#83=(
REPRESENTATION_RELATIONSHIP($,$,#13019,#13010)
REPRESENTATION_RELATIONSHIP_WITH_TRANSFORMATION(#58)
SHAPE_REPRESENTATION_RELATIONSHIP()
);
#84=(
REPRESENTATION_RELATIONSHIP($,$,#13019,#13010)
REPRESENTATION_RELATIONSHIP_WITH_TRANSFORMATION(#59)
SHAPE_REPRESENTATION_RELATIONSHIP()
);
#85=CONTEXT_DEPENDENT_SHAPE_REPRESENTATION(#60,#12985);
#86=CONTEXT_DEPENDENT_SHAPE_REPRESENTATION(#61,#12986);
#87=CONTEXT_DEPENDENT_SHAPE_REPRESENTATION(#62,#12987);
#88=CONTEXT_DEPENDENT_SHAPE_REPRESENTATION(#63,#12988);
#89=CONTEXT_DEPENDENT_SHAPE_REPRESENTATION(#64,#12989);
#90=CONTEXT_DEPENDENT_SHAPE_REPRESENTATION(#65,#12990);
#91=CONTEXT_DEPENDENT_SHAPE_REPRESENTATION(#66,#12991);
#92=CONTEXT_DEPENDENT_SHAPE_REPRESENTATION(#67,#12992);
#93=CONTEXT_DEPENDENT_SHAPE_REPRESENTATION(#68,#12993);
#94=CONTEXT_DEPENDENT_SHAPE_REPRESENTATION(#69,#12994);
#95=CONTEXT_DEPENDENT_SHAPE_REPRESENTATION(#70,#12995);
#96=CONTEXT_DEPENDENT_SHAPE_REPRESENTATION(#71,#12996);
#97=CONTEXT_DEPENDENT_SHAPE_REPRESENTATION(#72,#12997);
#98=CONTEXT_DEPENDENT_SHAPE_REPRESENTATION(#73,#12998);
#99=CONTEXT_DEPENDENT_SHAPE_REPRESENTATION(#74,#12999);
#100=CONTEXT_DEPENDENT_SHAPE_REPRESENTATION(#75,#13000);
#101=CONTEXT_DEPENDENT_SHAPE_REPRESENTATION(#76,#13001);
#102=CONTEXT_DEPENDENT_SHAPE_REPRESENTATION(#77,#13002);
#103=CONTEXT_DEPENDENT_SHAPE_REPRESENTATION(#78,#13003);
#104=CONTEXT_DEPENDENT_SHAPE_REPRESENTATION(#79,#13004);
#105=CONTEXT_DEPENDENT_SHAPE_REPRESENTATION(#80,#13005);
#106=CONTEXT_DEPENDENT_SHAPE_REPRESENTATION(#81,#13006);
#107=CONTEXT_DEPENDENT_SHAPE_REPRESENTATION(#82,#13007);
#108=CONTEXT_DEPENDENT_SHAPE_REPRESENTATION(#83,#13008);
#109=CONTEXT_DEPENDENT_SHAPE_REPRESENTATION(#84,#13009);
#110=NEXT_ASSEMBLY_USAGE_OCCURRENCE('276-9250-032:1','276-9250-032:1',
'276-9250-032:1',#13021,#13022,'276-9250-032:1');
#111=NEXT_ASSEMBLY_USAGE_OCCURRENCE('SBT0832_276-4993-001:1',
'SBT0832_276-4993-001:1','SBT0832_276-4993-001:1',#13021,#13025,
'SBT0832_276-4993-001:1');
#112=NEXT_ASSEMBLY_USAGE_OCCURRENCE('276-9250-036:1','276-9250-036:1',
'276-9250-036:1',#13021,#13026,'276-9250-036:1');
#113=NEXT_ASSEMBLY_USAGE_OCCURRENCE('276-9250-033:1','276-9250-033:1',
'276-9250-033:1',#13021,#13029,'276-9250-033:1');
#114=NEXT_ASSEMBLY_USAGE_OCCURRENCE('276-9250-031_Red Loader:1',
'276-9250-031_Red Loader:1','276-9250-031_Red Loader:1',#13021,#13023,
'276-9250-031_Red Loader:1');
#115=NEXT_ASSEMBLY_USAGE_OCCURRENCE('276-9250-034:1','276-9250-034:1',
'276-9250-034:1',#13021,#13024,'276-9250-034:1');
#116=NEXT_ASSEMBLY_USAGE_OCCURRENCE('276-9250-035:1','276-9250-035:1',
'276-9250-035:1',#13021,#13030,'276-9250-035:1');
#117=NEXT_ASSEMBLY_USAGE_OCCURRENCE('NNY_Imperial_275-1027-001:1',
'NNY_Imperial_275-1027-001:1','NNY_Imperial_275-1027-001:1',#13021,#13027,
'NNY_Imperial_275-1027-001:1');
#118=NEXT_ASSEMBLY_USAGE_OCCURRENCE('SBT0832_276-4993-001:2',
'SBT0832_276-4993-001:2','SBT0832_276-4993-001:2',#13021,#13025,
'SBT0832_276-4993-001:2');
#119=NEXT_ASSEMBLY_USAGE_OCCURRENCE('276-9250-036:2','276-9250-036:2',
'276-9250-036:2',#13021,#13026,'276-9250-036:2');
#120=NEXT_ASSEMBLY_USAGE_OCCURRENCE('NNY_Imperial_275-1027-001:2',
'NNY_Imperial_275-1027-001:2','NNY_Imperial_275-1027-001:2',#13021,#13027,
'NNY_Imperial_275-1027-001:2');
#121=NEXT_ASSEMBLY_USAGE_OCCURRENCE('SBT0832_276-4993-001:3',
'SBT0832_276-4993-001:3','SBT0832_276-4993-001:3',#13021,#13025,
'SBT0832_276-4993-001:3');
#122=NEXT_ASSEMBLY_USAGE_OCCURRENCE('276-9250-036:3','276-9250-036:3',
'276-9250-036:3',#13021,#13026,'276-9250-036:3');
#123=NEXT_ASSEMBLY_USAGE_OCCURRENCE('NNY_Imperial_275-1027-001:3',
'NNY_Imperial_275-1027-001:3','NNY_Imperial_275-1027-001:3',#13021,#13027,
'NNY_Imperial_275-1027-001:3');
#124=NEXT_ASSEMBLY_USAGE_OCCURRENCE('SBT0832_276-4993-001:4',
'SBT0832_276-4993-001:4','SBT0832_276-4993-001:4',#13021,#13025,
'SBT0832_276-4993-001:4');
#125=NEXT_ASSEMBLY_USAGE_OCCURRENCE('276-9250-036:4','276-9250-036:4',
'276-9250-036:4',#13021,#13026,'276-9250-036:4');
#126=NEXT_ASSEMBLY_USAGE_OCCURRENCE('NNY_Imperial_275-1027-001:4',
'NNY_Imperial_275-1027-001:4','NNY_Imperial_275-1027-001:4',#13021,#13027,
'NNY_Imperial_275-1027-001:4');
#127=NEXT_ASSEMBLY_USAGE_OCCURRENCE('276-9250-033:2','276-9250-033:2',
'276-9250-033:2',#13021,#13029,'276-9250-033:2');
#128=NEXT_ASSEMBLY_USAGE_OCCURRENCE('SBT0832_276-5007-001:1',
'SBT0832_276-5007-001:1','SBT0832_276-5007-001:1',#13021,#13028,
'SBT0832_276-5007-001:1');
#129=NEXT_ASSEMBLY_USAGE_OCCURRENCE('SBT0832_276-5007-001:2',
'SBT0832_276-5007-001:2','SBT0832_276-5007-001:2',#13021,#13028,
'SBT0832_276-5007-001:2');
#130=NEXT_ASSEMBLY_USAGE_OCCURRENCE('276-9250-033:3','276-9250-033:3',
'276-9250-033:3',#13021,#13029,'276-9250-033:3');
#131=NEXT_ASSEMBLY_USAGE_OCCURRENCE('276-9250-033:4','276-9250-033:4',
'276-9250-033:4',#13021,#13029,'276-9250-033:4');
#132=NEXT_ASSEMBLY_USAGE_OCCURRENCE('276-9250-035:2','276-9250-035:2',
'276-9250-035:2',#13021,#13030,'276-9250-035:2');
#133=NEXT_ASSEMBLY_USAGE_OCCURRENCE('276-9250-035:3','276-9250-035:3',
'276-9250-035:3',#13021,#13030,'276-9250-035:3');
#134=NEXT_ASSEMBLY_USAGE_OCCURRENCE('276-9250-035:4','276-9250-035:4',
'276-9250-035:4',#13021,#13030,'276-9250-035:4');
#135=(
BOUNDED_SURFACE()
B_SPLINE_SURFACE(3,2,((#12334,#12335,#12336),(#12337,#12338,#12339),(#12340,
#12341,#12342),(#12343,#12344,#12345),(#12346,#12347,#12348),(#12349,#12350,
#12351)),.UNSPECIFIED.,.F.,.F.,.F.)
B_SPLINE_SURFACE_WITH_KNOTS((4,2,4),(3,3),(0.0168742686947416,0.0192919765160078,
0.021709684337274),(0.,1.),.UNSPECIFIED.)
GEOMETRIC_REPRESENTATION_ITEM()
RATIONAL_B_SPLINE_SURFACE(((1.,0.804105679343578,1.),(1.,0.811547273192625,
1.),(1.,0.818008954875519,1.),(1.,0.818159384579312,1.),(1.,0.8117616509948,
1.),(1.,0.804105679343578,1.)))
REPRESENTATION_ITEM('')
SURFACE()
);
#136=(
BOUNDED_SURFACE()
B_SPLINE_SURFACE(3,2,((#12352,#12353,#12354),(#12355,#12356,#12357),(#12358,
#12359,#12360),(#12361,#12362,#12363),(#12364,#12365,#12366),(#12367,#12368,
#12369)),.UNSPECIFIED.,.F.,.F.,.F.)
B_SPLINE_SURFACE_WITH_KNOTS((4,2,4),(3,3),(0.00197554743205663,0.00444599250651409,
0.00691643758097155),(0.,1.),.UNSPECIFIED.)
GEOMETRIC_REPRESENTATION_ITEM()
RATIONAL_B_SPLINE_SURFACE(((1.,0.804105679343578,1.),(1.,0.811708343216139,
1.),(1.,0.818084878200439,1.),(1.,0.818084878198959,1.),(1.,0.811708343217249,
1.),(1.,0.804105679343579,1.)))
REPRESENTATION_ITEM('')
SURFACE()
);
#137=(
BOUNDED_SURFACE()
B_SPLINE_SURFACE(3,2,((#12372,#12373,#12374),(#12375,#12376,#12377),(#12378,
#12379,#12380),(#12381,#12382,#12383),(#12384,#12385,#12386),(#12387,#12388,
#12389)),.UNSPECIFIED.,.F.,.F.,.F.)
B_SPLINE_SURFACE_WITH_KNOTS((4,2,4),(3,3),(0.00197554743205663,0.00444599250651409,
0.00691643758097155),(0.,1.),.UNSPECIFIED.)
GEOMETRIC_REPRESENTATION_ITEM()
RATIONAL_B_SPLINE_SURFACE(((1.,0.804105679343581,1.),(1.,0.811708343215999,
1.),(1.,0.818084878200625,1.),(1.,0.818084878198775,1.),(1.,0.811708343217387,
1.),(1.,0.804105679343581,1.)))
REPRESENTATION_ITEM('')
SURFACE()
);
#138=(
BOUNDED_SURFACE()
B_SPLINE_SURFACE(3,2,((#12391,#12392,#12393),(#12394,#12395,#12396),(#12397,
#12398,#12399),(#12400,#12401,#12402),(#12403,#12404,#12405),(#12406,#12407,
#12408)),.UNSPECIFIED.,.F.,.F.,.F.)
B_SPLINE_SURFACE_WITH_KNOTS((4,2,4),(3,3),(0.0168603334635164,0.0192778286301921,
0.0216953237968677),(0.,1.),.UNSPECIFIED.)
GEOMETRIC_REPRESENTATION_ITEM()
RATIONAL_B_SPLINE_SURFACE(((1.,0.804105679343581,1.),(1.,0.811546460517071,
1.),(1.,0.818007542864968,1.),(1.,0.818160743497566,1.),(1.,0.811762304411819,
1.),(1.,0.804105679343581,1.)))
REPRESENTATION_ITEM('')
SURFACE()
);
#139=(
BOUNDED_SURFACE()
B_SPLINE_SURFACE(3,2,((#12416,#12417,#12418),(#12419,#12420,#12421),(#12422,
#12423,#12424),(#12425,#12426,#12427),(#12428,#12429,#12430),(#12431,#12432,
#12433)),.UNSPECIFIED.,.F.,.F.,.F.)
B_SPLINE_SURFACE_WITH_KNOTS((4,2,4),(3,3),(0.00197554743205663,0.00444599250651409,
0.00691643758097155),(0.,1.),.UNSPECIFIED.)
GEOMETRIC_REPRESENTATION_ITEM()
RATIONAL_B_SPLINE_SURFACE(((1.,0.804105679343579,1.),(1.,0.811708343216624,
1.),(1.,0.818084878199792,1.),(1.,0.818084878199607,1.),(1.,0.811708343216763,
1.),(1.,0.804105679343578,1.)))
REPRESENTATION_ITEM('')
SURFACE()
);
#140=(
BOUNDED_SURFACE()
B_SPLINE_SURFACE(3,2,((#12435,#12436,#12437),(#12438,#12439,#12440),(#12441,
#12442,#12443),(#12444,#12445,#12446),(#12447,#12448,#12449),(#12450,#12451,
#12452)),.UNSPECIFIED.,.F.,.F.,.F.)
B_SPLINE_SURFACE_WITH_KNOTS((4,2,4),(3,3),(0.00197554743205663,0.00444599250651409,
0.00691643758097155),(0.,1.),.UNSPECIFIED.)
GEOMETRIC_REPRESENTATION_ITEM()
RATIONAL_B_SPLINE_SURFACE(((1.,0.804105679343579,1.),(1.,0.81170834321725,
1.),(1.,0.818084878198958,1.),(1.,0.818084878200438,1.),(1.,0.811708343216138,
1.),(1.,0.804105679343578,1.)))
REPRESENTATION_ITEM('')
SURFACE()
);
#141=(
BOUNDED_SURFACE()
B_SPLINE_SURFACE(3,2,((#12456,#12457,#12458),(#12459,#12460,#12461),(#12462,
#12463,#12464),(#12465,#12466,#12467),(#12468,#12469,#12470),(#12471,#12472,
#12473)),.UNSPECIFIED.,.F.,.F.,.F.)
B_SPLINE_SURFACE_WITH_KNOTS((4,2,4),(3,3),(0.00197554743205664,0.00444599250651409,
0.00691643758097155),(0.,1.),.UNSPECIFIED.)
GEOMETRIC_REPRESENTATION_ITEM()
RATIONAL_B_SPLINE_SURFACE(((1.,0.804105679343581,1.),(1.,0.811708343217181,
1.),(1.,0.818084878199053,1.),(1.,0.818084878200347,1.),(1.,0.811708343216207,
1.),(1.,0.804105679343581,1.)))
REPRESENTATION_ITEM('')
SURFACE()
);
#142=(
BOUNDED_SURFACE()
B_SPLINE_SURFACE(3,2,((#12474,#12475,#12476),(#12477,#12478,#12479),(#12480,
#12481,#12482),(#12483,#12484,#12485),(#12486,#12487,#12488),(#12489,#12490,
#12491)),.UNSPECIFIED.,.F.,.F.,.F.)
B_SPLINE_SURFACE_WITH_KNOTS((4,2,4),(3,3),(0.00197554743205663,0.00444599250651409,
0.00691643758097155),(0.,1.),.UNSPECIFIED.)
GEOMETRIC_REPRESENTATION_ITEM()
RATIONAL_B_SPLINE_SURFACE(((1.,0.804105679343581,1.),(1.,0.811708343217805,
1.),(1.,0.818084878198221,1.),(1.,0.818084878201181,1.),(1.,0.811708343215581,
1.),(1.,0.804105679343581,1.)))
REPRESENTATION_ITEM('')
SURFACE()
);
#143=(
BOUNDED_SURFACE()
B_SPLINE_SURFACE(3,2,((#12498,#12499,#12500),(#12501,#12502,#12503),(#12504,
#12505,#12506),(#12507,#12508,#12509),(#12510,#12511,#12512),(#12513,#12514,
#12515)),.UNSPECIFIED.,.F.,.F.,.F.)
B_SPLINE_SURFACE_WITH_KNOTS((4,2,4),(3,3),(0.00197554743205663,0.00444599250651409,
0.00691643758097155),(0.,1.),.UNSPECIFIED.)
GEOMETRIC_REPRESENTATION_ITEM()
RATIONAL_B_SPLINE_SURFACE(((1.,0.804105679343578,1.),(1.,0.811708343217387,
1.),(1.,0.818084878198774,1.),(1.,0.818084878200624,1.),(1.,0.811708343215999,
1.),(1.,0.804105679343579,1.)))
REPRESENTATION_ITEM('')
SURFACE()
);
#144=(
BOUNDED_SURFACE()
B_SPLINE_SURFACE(3,2,((#12517,#12518,#12519),(#12520,#12521,#12522),(#12523,
#12524,#12525),(#12526,#12527,#12528),(#12529,#12530,#12531),(#12532,#12533,
#12534)),.UNSPECIFIED.,.F.,.F.,.F.)
B_SPLINE_SURFACE_WITH_KNOTS((4,2,4),(3,3),(0.0168666433166254,0.0192841276319088,
0.0217016119471923),(0.,1.),.UNSPECIFIED.)
GEOMETRIC_REPRESENTATION_ITEM()
RATIONAL_B_SPLINE_SURFACE(((1.,0.804105679343578,1.),(1.,0.811546436214141,
1.),(1.,0.818007530874077,1.),(1.,0.818160755039399,1.),(1.,0.811762312711286,
1.),(1.,0.804105679343578,1.)))
REPRESENTATION_ITEM('')
SURFACE()
);
#145=(
BOUNDED_SURFACE()
B_SPLINE_SURFACE(3,2,((#12536,#12537,#12538),(#12539,#12540,#12541),(#12542,
#12543,#12544),(#12545,#12546,#12547),(#12548,#12549,#12550),(#12551,#12552,
#12553)),.UNSPECIFIED.,.F.,.F.,.F.)
B_SPLINE_SURFACE_WITH_KNOTS((4,2,4),(3,3),(0.0168679589520908,0.0192856775917605,
0.0217033962314302),(0.,1.),.UNSPECIFIED.)
GEOMETRIC_REPRESENTATION_ITEM()
RATIONAL_B_SPLINE_SURFACE(((1.,0.804105679343581,1.),(1.,0.811547297391939,
1.),(1.,0.818008966754365,1.),(1.,0.818159373137235,1.),(1.,0.811761642781573,
1.),(1.,0.804105679343581,1.)))
REPRESENTATION_ITEM('')
SURFACE()
);
#146=(
BOUNDED_SURFACE()
B_SPLINE_SURFACE(3,2,((#12554,#12555,#12556),(#12557,#12558,#12559),(#12560,
#12561,#12562),(#12563,#12564,#12565),(#12566,#12567,#12568),(#12569,#12570,
#12571)),.UNSPECIFIED.,.F.,.F.,.F.)
B_SPLINE_SURFACE_WITH_KNOTS((4,2,4),(3,3),(0.00197554743205663,0.00444599250651409,
0.00691643758097155),(0.,1.),.UNSPECIFIED.)
GEOMETRIC_REPRESENTATION_ITEM()
RATIONAL_B_SPLINE_SURFACE(((1.,0.804105679343581,1.),(1.,0.811708343216207,
1.),(1.,0.818084878200347,1.),(1.,0.818084878199053,1.),(1.,0.81170834321718,
1.),(1.,0.804105679343581,1.)))
REPRESENTATION_ITEM('')
SURFACE()
);
#147=SPHERICAL_SURFACE('',#7127,4.47305775918353);
#148=SPHERICAL_SURFACE('',#7170,0.1);
#149=SPHERICAL_SURFACE('',#7174,0.1);
#150=SPHERICAL_SURFACE('',#7178,0.1);
#151=SPHERICAL_SURFACE('',#7182,0.1);
#152=SPHERICAL_SURFACE('',#7186,0.1);
#153=SPHERICAL_SURFACE('',#7190,0.1);
#154=SPHERICAL_SURFACE('',#7230,0.1);
#155=SPHERICAL_SURFACE('',#7239,0.1);
#156=SPHERICAL_SURFACE('',#7241,0.1);
#157=SPHERICAL_SURFACE('',#7249,0.1);
#158=SPHERICAL_SURFACE('',#7251,0.1);
#159=SPHERICAL_SURFACE('',#7255,0.1);
#160=SPHERICAL_SURFACE('',#7294,4.47305775918353);
#161=TOROIDAL_SURFACE('',#7092,2.05794948949489,0.1);
#162=TOROIDAL_SURFACE('',#7096,3.86,0.1);
#163=TOROIDAL_SURFACE('',#7101,3.86,0.1);
#164=TOROIDAL_SURFACE('',#7105,1.66637864376269,0.1);
#165=TOROIDAL_SURFACE('',#7109,1.9828,0.1);
#166=TOROIDAL_SURFACE('',#7194,2.1828,0.1);
#167=TOROIDAL_SURFACE('',#7199,2.1828,0.1);
#168=TOROIDAL_SURFACE('',#7204,4.26330617869193,0.1);
#169=TOROIDAL_SURFACE('',#7209,4.11330147412887,0.3);
#170=TOROIDAL_SURFACE('',#7214,3.1734375,0.9921875);
#171=TOROIDAL_SURFACE('',#7259,2.05794948949489,0.1);
#172=TOROIDAL_SURFACE('',#7263,3.86,0.1);
#173=TOROIDAL_SURFACE('',#7268,3.86,0.1);
#174=TOROIDAL_SURFACE('',#7272,1.66637864376269,0.1);
#175=TOROIDAL_SURFACE('',#7276,1.9828,0.1);
#176=CONICAL_SURFACE('',#7072,5.84999999999999,0.78539816339744);
#177=CONICAL_SURFACE('',#7075,6.35,0.785398163397439);
#178=CONICAL_SURFACE('',#7083,1880.72646534635,1.08210413623649);
#179=CONICAL_SURFACE('',#7087,1.7272,1.08210413623649);
#180=CONICAL_SURFACE('',#7121,1.675,1.0471975511966);
#181=CONICAL_SURFACE('',#7123,2.0828,0.78539816339745);
#182=CONICAL_SURFACE('',#7136,1.675,1.0471975511966);
#183=CONICAL_SURFACE('',#7137,1.675,1.0471975511966);
#184=CONICAL_SURFACE('',#7138,1.675,1.0471975511966);
#185=CONICAL_SURFACE('',#7139,1.675,1.0471975511966);
#186=CONICAL_SURFACE('',#7140,1.675,1.0471975511966);
#187=CONICAL_SURFACE('',#7217,5.04098953786192,1.22544664249144);
#188=CONICAL_SURFACE('',#7218,4.165625,1.22544664249144);
#189=CONICAL_SURFACE('',#7288,1.675,1.0471975511966);
#190=CONICAL_SURFACE('',#7290,2.0828,0.785398163397452);
#191=CONICAL_SURFACE('',#7303,1.675,1.0471975511966);
#192=CONICAL_SURFACE('',#7304,1.675,1.0471975511966);
#193=CONICAL_SURFACE('',#7305,1.675,1.0471975511966);
#194=CONICAL_SURFACE('',#7306,1.675,1.0471975511966);
#195=CONICAL_SURFACE('',#7307,1.675,1.0471975511966);
#196=B_SPLINE_SURFACE_WITH_KNOTS('',3,1,((#10197,#10198),(#10199,#10200),
(#10201,#10202),(#10203,#10204)),.UNSPECIFIED.,.F.,.F.,.F.,(4,4),(2,2),
(0.,1.),(0.,0.00120000000000596),.UNSPECIFIED.);
#197=B_SPLINE_SURFACE_WITH_KNOTS('',3,1,((#10222,#10223),(#10224,#10225),
(#10226,#10227),(#10228,#10229)),.UNSPECIFIED.,.F.,.F.,.F.,(4,4),(2,2),
(0.,1.),(0.,0.00120000000004913),.UNSPECIFIED.);
#198=B_SPLINE_SURFACE_WITH_KNOTS('',3,1,((#10263,#10264),(#10265,#10266),
(#10267,#10268),(#10269,#10270)),.UNSPECIFIED.,.F.,.F.,.F.,(4,4),(2,2),
(0.,1.),(0.,0.00120000000043272),.UNSPECIFIED.);
#199=B_SPLINE_SURFACE_WITH_KNOTS('',3,1,((#10288,#10289),(#10290,#10291),
(#10292,#10293),(#10294,#10295)),.UNSPECIFIED.,.F.,.F.,.F.,(4,4),(2,2),
(0.,1.),(0.,0.00120000000011594),.UNSPECIFIED.);
#200=B_SPLINE_SURFACE_WITH_KNOTS('',3,1,((#10409,#10410),(#10411,#10412),
(#10413,#10414),(#10415,#10416)),.UNSPECIFIED.,.F.,.F.,.F.,(4,4),(2,2),
(7.,7.99902120692785),(0.,0.00120000000015118),.UNSPECIFIED.);
#201=B_SPLINE_SURFACE_WITH_KNOTS('',3,1,((#10434,#10435),(#10436,#10437),
(#10438,#10439),(#10440,#10441)),.UNSPECIFIED.,.F.,.F.,.F.,(4,4),(2,2),
(5.,6.),(0.,0.00120000000015561),.UNSPECIFIED.);
#202=B_SPLINE_SURFACE_WITH_KNOTS('',3,1,((#10475,#10476),(#10477,#10478),
(#10479,#10480),(#10481,#10482)),.UNSPECIFIED.,.F.,.F.,.F.,(4,4),(2,2),
(3.,4.),(0.,0.00120000000000703),.UNSPECIFIED.);
#203=B_SPLINE_SURFACE_WITH_KNOTS('',3,1,((#10500,#10501),(#10502,#10503),
(#10504,#10505),(#10506,#10507)),.UNSPECIFIED.,.F.,.F.,.F.,(4,4),(2,2),
(1.,2.),(0.,0.00120000000028151),.UNSPECIFIED.);
#204=B_SPLINE_SURFACE_WITH_KNOTS('',3,1,((#10578,#10579),(#10580,#10581),
(#10582,#10583),(#10584,#10585),(#10586,#10587),(#10588,#10589),(#10590,
#10591),(#10592,#10593),(#10594,#10595)),.UNSPECIFIED.,.F.,.F.,.F.,(4,1,
1,1,1,1,4),(2,2),(0.,0.125,0.25,0.5,0.75,0.875,1.),(0.,0.00120000000002715),
 .UNSPECIFIED.);
#205=B_SPLINE_SURFACE_WITH_KNOTS('',3,1,((#10626,#10627),(#10628,#10629),
(#10630,#10631),(#10632,#10633),(#10634,#10635),(#10636,#10637),(#10638,
#10639),(#10640,#10641),(#10642,#10643)),.UNSPECIFIED.,.F.,.F.,.F.,(4,1,
1,1,1,1,4),(2,2),(0.,0.125,0.25,0.5,0.75,0.875,1.),(0.,0.00120000000005609),
 .UNSPECIFIED.);
#206=B_SPLINE_SURFACE_WITH_KNOTS('',3,1,((#10687,#10688),(#10689,#10690),
(#10691,#10692),(#10693,#10694),(#10695,#10696),(#10697,#10698),(#10699,
#10700),(#10701,#10702),(#10703,#10704)),.UNSPECIFIED.,.F.,.F.,.F.,(4,1,
1,1,1,1,4),(2,2),(0.,0.125,0.25,0.5,0.75,0.875,1.),(0.,0.00120000000019898),
 .UNSPECIFIED.);
#207=B_SPLINE_SURFACE_WITH_KNOTS('',3,1,((#10732,#10733),(#10734,#10735),
(#10736,#10737),(#10738,#10739),(#10740,#10741),(#10742,#10743),(#10744,
#10745),(#10746,#10747),(#10748,#10749)),.UNSPECIFIED.,.F.,.F.,.F.,(4,1,
1,1,1,1,4),(2,2),(0.,0.125,0.25,0.5,0.75,0.875,1.),(0.,0.00120000000011045),
 .UNSPECIFIED.);
#208=B_SPLINE_SURFACE_WITH_KNOTS('',3,1,((#10789,#10790),(#10791,#10792),
(#10793,#10794),(#10795,#10796)),.UNSPECIFIED.,.F.,.F.,.F.,(4,4),(2,2),
(7.,8.),(0.,0.00120000000011492),.UNSPECIFIED.);
#209=B_SPLINE_SURFACE_WITH_KNOTS('',3,1,((#10814,#10815),(#10816,#10817),
(#10818,#10819),(#10820,#10821)),.UNSPECIFIED.,.F.,.F.,.F.,(4,4),(2,2),
(5.,6.),(0.,0.00120000000019818),.UNSPECIFIED.);
#210=B_SPLINE_SURFACE_WITH_KNOTS('',3,1,((#10855,#10856),(#10857,#10858),
(#10859,#10860),(#10861,#10862)),.UNSPECIFIED.,.F.,.F.,.F.,(4,4),(2,2),
(3.,4.),(0.,0.00120000000000812),.UNSPECIFIED.);
#211=B_SPLINE_SURFACE_WITH_KNOTS('',3,1,((#10880,#10881),(#10882,#10883),
(#10884,#10885),(#10886,#10887)),.UNSPECIFIED.,.F.,.F.,.F.,(4,4),(2,2),
(1.,2.),(0.,0.00120000000000594),.UNSPECIFIED.);
#212=B_SPLINE_SURFACE_WITH_KNOTS('',3,1,((#10932,#10933),(#10934,#10935),
(#10936,#10937),(#10938,#10939)),.UNSPECIFIED.,.F.,.F.,.F.,(4,4),(2,2),
(0.,1.),(0.,0.0012000000005833),.UNSPECIFIED.);
#213=B_SPLINE_SURFACE_WITH_KNOTS('',3,1,((#10960,#10961),(#10962,#10963),
(#10964,#10965),(#10966,#10967)),.UNSPECIFIED.,.F.,.F.,.F.,(4,4),(2,2),
(0.,0.99902120692785),(0.,0.00120000000030279),.UNSPECIFIED.);
#214=B_SPLINE_SURFACE_WITH_KNOTS('',3,1,((#10997,#10998),(#10999,#11000),
(#11001,#11002),(#11003,#11004),(#11005,#11006),(#11007,#11008),(#11009,
#11010),(#11011,#11012),(#11013,#11014)),.UNSPECIFIED.,.F.,.F.,.F.,(4,1,
1,1,1,1,4),(2,2),(7.,7.12488720061248,7.24977440122496,7.49954880244991,
7.74932320367487,7.87421040428735,7.99909760489983),(0.,0.00120000000025919),
 .UNSPECIFIED.);
#215=B_SPLINE_SURFACE_WITH_KNOTS('',3,1,((#11042,#11043),(#11044,#11045),
(#11046,#11047),(#11048,#11049),(#11050,#11051),(#11052,#11053),(#11054,
#11055),(#11056,#11057),(#11058,#11059)),.UNSPECIFIED.,.F.,.F.,.F.,(4,1,
1,1,1,1,4),(2,2),(5.,5.125,5.25,5.5,5.75,5.875,6.),(0.,0.00120000000014216),
 .UNSPECIFIED.);
#216=B_SPLINE_SURFACE_WITH_KNOTS('',3,1,((#11103,#11104),(#11105,#11106),
(#11107,#11108),(#11109,#11110),(#11111,#11112),(#11113,#11114),(#11115,
#11116),(#11117,#11118),(#11119,#11120)),.UNSPECIFIED.,.F.,.F.,.F.,(4,1,
1,1,1,1,4),(2,2),(3.,3.125,3.25,3.5,3.75,3.875,4.),(0.,0.00120000000007504),
 .UNSPECIFIED.);
#217=B_SPLINE_SURFACE_WITH_KNOTS('',3,1,((#11148,#11149),(#11150,#11151),
(#11152,#11153),(#11154,#11155),(#11156,#11157),(#11158,#11159),(#11160,
#11161),(#11162,#11163),(#11164,#11165)),.UNSPECIFIED.,.F.,.F.,.F.,(4,1,
1,1,1,1,4),(2,2),(1.,1.125,1.25,1.5,1.75,1.875,2.),(0.,0.00120000000032308),
 .UNSPECIFIED.);
#218=B_SPLINE_SURFACE_WITH_KNOTS('',3,1,((#11205,#11206),(#11207,#11208),
(#11209,#11210),(#11211,#11212)),.UNSPECIFIED.,.F.,.F.,.F.,(4,4),(2,2),
(0.,1.),(0.,0.00120000000036274),.UNSPECIFIED.);
#219=B_SPLINE_SURFACE_WITH_KNOTS('',3,1,((#11230,#11231),(#11232,#11233),
(#11234,#11235),(#11236,#11237)),.UNSPECIFIED.,.F.,.F.,.F.,(4,4),(2,2),
(0.,1.),(0.,0.00120000000000596),.UNSPECIFIED.);
#220=B_SPLINE_CURVE_WITH_KNOTS('',3,(#9671,#9672,#9673,#9674,#9675,#9676,
#9677,#9678,#9679,#9680,#9681,#9682,#9683,#9684,#9685,#9686),
 .UNSPECIFIED.,.F.,.F.,(4,3,3,3,3,4),(0.000658192462180927,0.0442150941234483,
1.04421509412345,1.05115412511449,2.05115412511449,2.06259544582356),
 .UNSPECIFIED.);
#221=B_SPLINE_CURVE_WITH_KNOTS('',3,(#9689,#9690,#9691,#9692,#9693,#9694,
#9695,#9696,#9697,#9698,#9699,#9700,#9701,#9702,#9703,#9704,#9705,#9706,
#9707,#9708,#9709,#9710,#9711,#9712,#9713,#9714,#9715,#9716,#9717,#9718,
#9719,#9720,#9721,#9722,#9723,#9724,#9725,#9726,#9727,#9728,#9729,#9730,
#9731,#9732,#9733,#9734),.UNSPECIFIED.,.F.,.F.,(4,3,3,3,3,3,3,3,3,3,3,3,
3,3,3,4),(0.000658192462180927,0.0442150941234483,0.169215094123448,0.294215094123448,
0.544215094123448,0.794215094123448,0.919215094123448,1.04421509412345,
1.05115412511449,1.17615412511449,1.30115412511449,1.55115412511449,1.80115412511449,
1.92615412511449,2.05115412511449,2.06335937784606),.UNSPECIFIED.);
#222=B_SPLINE_CURVE_WITH_KNOTS('',3,(#9736,#9737,#9738,#9739,#9740,#9741,
#9742,#9743,#9744,#9745,#9746,#9747,#9748,#9749,#9750,#9751,#9752,#9753,
#9754,#9755,#9756,#9757,#9758,#9759,#9760,#9761,#9762,#9763,#9764,#9765,
#9766,#9767,#9768,#9769,#9770,#9771,#9772,#9773,#9774,#9775,#9776,#9777,
#9778,#9779,#9780,#9781),.UNSPECIFIED.,.F.,.F.,(4,3,3,3,3,3,3,3,3,3,3,3,
3,3,3,4),(0.000658192462180927,0.0331962871130648,0.158196287113065,0.283196287113065,
0.533196287113065,0.783196287113065,0.908196287113065,1.03319628711307,
1.05519375548058,1.18019375548058,1.30519375548058,1.55519375548058,1.80519375548058,
1.93019375548058,2.05519375548058,2.07939189035014),.UNSPECIFIED.);
#223=B_SPLINE_CURVE_WITH_KNOTS('',3,(#9783,#9784,#9785,#9786,#9787,#9788,
#9789,#9790,#9791,#9792,#9793,#9794,#9795,#9796,#9797,#9798),
 .UNSPECIFIED.,.F.,.F.,(4,3,3,3,3,4),(0.000658192462180927,0.0331962871130655,
1.03319628711307,1.05519375548058,2.05519375548058,2.07939189035015),
 .UNSPECIFIED.);
#224=B_SPLINE_CURVE_WITH_KNOTS('',3,(#9921,#9922,#9923,#9924,#9925,#9926,
#9927,#9928,#9929,#9930,#9931,#9932,#9933,#9934,#9935,#9936),
 .UNSPECIFIED.,.F.,.F.,(4,3,3,3,3,4),(-0.0843744793566993,-0.0520660090289305,
0.94793399097107,0.969931438577581,1.96993143857758,1.99435921247712),
 .UNSPECIFIED.);
#225=B_SPLINE_CURVE_WITH_KNOTS('',3,(#9938,#9939,#9940,#9941,#9942,#9943,
#9944,#9945,#9946,#9947,#9948,#9949,#9950,#9951,#9952,#9953,#9954,#9955,
#9956,#9957,#9958,#9959,#9960,#9961,#9962,#9963,#9964,#9965,#9966,#9967,
#9968,#9969,#9970,#9971,#9972,#9973,#9974,#9975,#9976,#9977,#9978,#9979,
#9980,#9981,#9982,#9983),.UNSPECIFIED.,.F.,.F.,(4,3,3,3,3,3,3,3,3,3,3,3,
3,3,3,4),(-0.0843744793566993,-0.0520660090289305,0.0729339909710696,0.19793399097107,
0.44793399097107,0.69793399097107,0.82293399097107,0.94793399097107,0.969931438577581,
1.09493143857758,1.21993143857758,1.46993143857758,1.71993143857758,1.84493143857758,
1.96993143857758,1.99435921247712),.UNSPECIFIED.);
#226=B_SPLINE_CURVE_WITH_KNOTS('',3,(#9986,#9987,#9988,#9989,#9990,#9991,
#9992,#9993,#9994,#9995,#9996,#9997,#9998,#9999,#10000,#10001,#10002,#10003,
#10004,#10005,#10006,#10007,#10008,#10009,#10010,#10011,#10012,#10013,#10014,
#10015,#10016,#10017,#10018,#10019,#10020,#10021,#10022,#10023,#10024,#10025,
#10026,#10027,#10028),.UNSPECIFIED.,.F.,.F.,(4,3,3,3,3,3,3,3,3,3,3,3,3,
3,4),(-0.0843744793566993,-0.0408175776954321,0.0841824223045675,0.209182422304568,
0.459182422304568,0.709182422304568,0.834182422304568,0.959182422304568,
0.966120073164336,1.09100727377681,1.21589447438929,1.46566887561425,1.71544327683921,
1.84033047745169,1.96521767806416),.UNSPECIFIED.);
#227=B_SPLINE_CURVE_WITH_KNOTS('',3,(#10032,#10033,#10034,#10035,#10036,
#10037,#10038,#10039,#10040,#10041,#10042,#10043,#10044),.UNSPECIFIED.,
 .F.,.F.,(4,3,3,3,4),(-0.0843744793566993,-0.0408175776954321,0.959182422304568,
0.966120073164336,1.96514128009219),.UNSPECIFIED.);
#228=B_SPLINE_CURVE_WITH_KNOTS('',3,(#10206,#10207,#10208,#10209),
 .UNSPECIFIED.,.F.,.F.,(4,4),(1.,2.),.UNSPECIFIED.);
#229=B_SPLINE_CURVE_WITH_KNOTS('',3,(#10212,#10213,#10214,#10215),
 .UNSPECIFIED.,.F.,.F.,(4,4),(1.,2.),.UNSPECIFIED.);
#230=B_SPLINE_CURVE_WITH_KNOTS('',3,(#10231,#10232,#10233,#10234),
 .UNSPECIFIED.,.F.,.F.,(4,4),(3.,4.),.UNSPECIFIED.);
#231=B_SPLINE_CURVE_WITH_KNOTS('',3,(#10237,#10238,#10239,#10240),
 .UNSPECIFIED.,.F.,.F.,(4,4),(3.,4.),.UNSPECIFIED.);
#232=B_SPLINE_CURVE_WITH_KNOTS('',3,(#10272,#10273,#10274,#10275),
 .UNSPECIFIED.,.F.,.F.,(4,4),(5.,6.),.UNSPECIFIED.);
#233=B_SPLINE_CURVE_WITH_KNOTS('',3,(#10278,#10279,#10280,#10281),
 .UNSPECIFIED.,.F.,.F.,(4,4),(5.,6.),.UNSPECIFIED.);
#234=B_SPLINE_CURVE_WITH_KNOTS('',3,(#10297,#10298,#10299,#10300),
 .UNSPECIFIED.,.F.,.F.,(4,4),(7.,8.),.UNSPECIFIED.);
#235=B_SPLINE_CURVE_WITH_KNOTS('',3,(#10303,#10304,#10305,#10306),
 .UNSPECIFIED.,.F.,.F.,(4,4),(7.,8.),.UNSPECIFIED.);
#236=B_SPLINE_CURVE_WITH_KNOTS('',3,(#10418,#10419,#10420,#10421),
 .UNSPECIFIED.,.F.,.F.,(4,4),(7.,7.99902120692785),.UNSPECIFIED.);
#237=B_SPLINE_CURVE_WITH_KNOTS('',3,(#10424,#10425,#10426,#10427),
 .UNSPECIFIED.,.F.,.F.,(4,4),(7.,7.99902120692785),.UNSPECIFIED.);
#238=B_SPLINE_CURVE_WITH_KNOTS('',3,(#10443,#10444,#10445,#10446),
 .UNSPECIFIED.,.F.,.F.,(4,4),(5.,6.),.UNSPECIFIED.);
#239=B_SPLINE_CURVE_WITH_KNOTS('',3,(#10449,#10450,#10451,#10452),
 .UNSPECIFIED.,.F.,.F.,(4,4),(5.,6.),.UNSPECIFIED.);
#240=B_SPLINE_CURVE_WITH_KNOTS('',3,(#10484,#10485,#10486,#10487),
 .UNSPECIFIED.,.F.,.F.,(4,4),(3.,4.),.UNSPECIFIED.);
#241=B_SPLINE_CURVE_WITH_KNOTS('',3,(#10490,#10491,#10492,#10493),
 .UNSPECIFIED.,.F.,.F.,(4,4),(3.,4.),.UNSPECIFIED.);
#242=B_SPLINE_CURVE_WITH_KNOTS('',3,(#10509,#10510,#10511,#10512),
 .UNSPECIFIED.,.F.,.F.,(4,4),(1.,2.),.UNSPECIFIED.);
#243=B_SPLINE_CURVE_WITH_KNOTS('',3,(#10515,#10516,#10517,#10518),
 .UNSPECIFIED.,.F.,.F.,(4,4),(1.,2.),.UNSPECIFIED.);
#244=B_SPLINE_CURVE_WITH_KNOTS('',3,(#10600,#10601,#10602,#10603,#10604,
#10605,#10606,#10607,#10608),.UNSPECIFIED.,.F.,.F.,(4,1,1,1,1,1,4),(1.,
1.125,1.25,1.5,1.75,1.875,2.),.UNSPECIFIED.);
#245=B_SPLINE_CURVE_WITH_KNOTS('',3,(#10611,#10612,#10613,#10614,#10615,
#10616,#10617,#10618,#10619),.UNSPECIFIED.,.F.,.F.,(4,1,1,1,1,1,4),(1.,
1.125,1.25,1.5,1.75,1.875,2.),.UNSPECIFIED.);
#246=B_SPLINE_CURVE_WITH_KNOTS('',3,(#10645,#10646,#10647,#10648,#10649,
#10650,#10651,#10652,#10653),.UNSPECIFIED.,.F.,.F.,(4,1,1,1,1,1,4),(3.,
3.125,3.25,3.5,3.75,3.875,4.),.UNSPECIFIED.);
#247=B_SPLINE_CURVE_WITH_KNOTS('',3,(#10656,#10657,#10658,#10659,#10660,
#10661,#10662,#10663,#10664),.UNSPECIFIED.,.F.,.F.,(4,1,1,1,1,1,4),(3.,
3.125,3.25,3.5,3.75,3.875,4.),.UNSPECIFIED.);
#248=B_SPLINE_CURVE_WITH_KNOTS('',3,(#10706,#10707,#10708,#10709,#10710,
#10711,#10712,#10713,#10714),.UNSPECIFIED.,.F.,.F.,(4,1,1,1,1,1,4),(5.,
5.125,5.25,5.5,5.75,5.875,6.),.UNSPECIFIED.);
#249=B_SPLINE_CURVE_WITH_KNOTS('',3,(#10717,#10718,#10719,#10720,#10721,
#10722,#10723,#10724,#10725),.UNSPECIFIED.,.F.,.F.,(4,1,1,1,1,1,4),(5.,
5.125,5.25,5.5,5.75,5.875,6.),.UNSPECIFIED.);
#250=B_SPLINE_CURVE_WITH_KNOTS('',3,(#10751,#10752,#10753,#10754,#10755,
#10756,#10757,#10758,#10759),.UNSPECIFIED.,.F.,.F.,(4,1,1,1,1,1,4),(7.,
7.125,7.25,7.5,7.75,7.875,8.),.UNSPECIFIED.);
#251=B_SPLINE_CURVE_WITH_KNOTS('',3,(#10762,#10763,#10764,#10765,#10766,
#10767,#10768,#10769,#10770),.UNSPECIFIED.,.F.,.F.,(4,1,1,1,1,1,4),(7.,
7.125,7.25,7.5,7.75,7.875,8.),.UNSPECIFIED.);
#252=B_SPLINE_CURVE_WITH_KNOTS('',3,(#10798,#10799,#10800,#10801),
 .UNSPECIFIED.,.F.,.F.,(4,4),(7.,8.),.UNSPECIFIED.);
#253=B_SPLINE_CURVE_WITH_KNOTS('',3,(#10804,#10805,#10806,#10807),
 .UNSPECIFIED.,.F.,.F.,(4,4),(7.,8.),.UNSPECIFIED.);
#254=B_SPLINE_CURVE_WITH_KNOTS('',3,(#10823,#10824,#10825,#10826),
 .UNSPECIFIED.,.F.,.F.,(4,4),(5.,6.),.UNSPECIFIED.);
#255=B_SPLINE_CURVE_WITH_KNOTS('',3,(#10829,#10830,#10831,#10832),
 .UNSPECIFIED.,.F.,.F.,(4,4),(5.,6.),.UNSPECIFIED.);
#256=B_SPLINE_CURVE_WITH_KNOTS('',3,(#10864,#10865,#10866,#10867),
 .UNSPECIFIED.,.F.,.F.,(4,4),(3.,4.),.UNSPECIFIED.);
#257=B_SPLINE_CURVE_WITH_KNOTS('',3,(#10870,#10871,#10872,#10873),
 .UNSPECIFIED.,.F.,.F.,(4,4),(3.,4.),.UNSPECIFIED.);
#258=B_SPLINE_CURVE_WITH_KNOTS('',3,(#10889,#10890,#10891,#10892),
 .UNSPECIFIED.,.F.,.F.,(4,4),(1.,2.),.UNSPECIFIED.);
#259=B_SPLINE_CURVE_WITH_KNOTS('',3,(#10895,#10896,#10897,#10898),
 .UNSPECIFIED.,.F.,.F.,(4,4),(1.,2.),.UNSPECIFIED.);
#260=B_SPLINE_CURVE_WITH_KNOTS('',3,(#10944,#10945,#10946,#10947),
 .UNSPECIFIED.,.F.,.F.,(4,4),(5.,6.),.UNSPECIFIED.);
#261=B_SPLINE_CURVE_WITH_KNOTS('',3,(#10950,#10951,#10952,#10953),
 .UNSPECIFIED.,.F.,.F.,(4,4),(5.,6.),.UNSPECIFIED.);
#262=B_SPLINE_CURVE_WITH_KNOTS('',3,(#10969,#10970,#10971,#10972),
 .UNSPECIFIED.,.F.,.F.,(4,4),(7.,7.99902120692785),.UNSPECIFIED.);
#263=B_SPLINE_CURVE_WITH_KNOTS('',3,(#10975,#10976,#10977,#10978),
 .UNSPECIFIED.,.F.,.F.,(4,4),(7.,7.99902120692785),.UNSPECIFIED.);
#264=B_SPLINE_CURVE_WITH_KNOTS('',3,(#11016,#11017,#11018,#11019,#11020,
#11021,#11022,#11023,#11024),.UNSPECIFIED.,.F.,.F.,(4,1,1,1,1,1,4),(7.,
7.12488720061248,7.24977440122496,7.49954880244991,7.74932320367487,7.87421040428735,
7.99909760489983),.UNSPECIFIED.);
#265=B_SPLINE_CURVE_WITH_KNOTS('',3,(#11027,#11028,#11029,#11030,#11031,
#11032,#11033,#11034,#11035),.UNSPECIFIED.,.F.,.F.,(4,1,1,1,1,1,4),(7.,
7.12488720061248,7.24977440122496,7.49954880244991,7.74932320367487,7.87421040428735,
7.99909760489983),.UNSPECIFIED.);
#266=B_SPLINE_CURVE_WITH_KNOTS('',3,(#11061,#11062,#11063,#11064,#11065,
#11066,#11067,#11068,#11069),.UNSPECIFIED.,.F.,.F.,(4,1,1,1,1,1,4),(5.,
5.125,5.25,5.5,5.75,5.875,6.),.UNSPECIFIED.);
#267=B_SPLINE_CURVE_WITH_KNOTS('',3,(#11072,#11073,#11074,#11075,#11076,
#11077,#11078,#11079,#11080),.UNSPECIFIED.,.F.,.F.,(4,1,1,1,1,1,4),(5.,
5.125,5.25,5.5,5.75,5.875,6.),.UNSPECIFIED.);
#268=B_SPLINE_CURVE_WITH_KNOTS('',3,(#11122,#11123,#11124,#11125,#11126,
#11127,#11128,#11129,#11130),.UNSPECIFIED.,.F.,.F.,(4,1,1,1,1,1,4),(3.,
3.125,3.25,3.5,3.75,3.875,4.),.UNSPECIFIED.);
#269=B_SPLINE_CURVE_WITH_KNOTS('',3,(#11133,#11134,#11135,#11136,#11137,
#11138,#11139,#11140,#11141),.UNSPECIFIED.,.F.,.F.,(4,1,1,1,1,1,4),(3.,
3.125,3.25,3.5,3.75,3.875,4.),.UNSPECIFIED.);
#270=B_SPLINE_CURVE_WITH_KNOTS('',3,(#11167,#11168,#11169,#11170,#11171,
#11172,#11173,#11174,#11175),.UNSPECIFIED.,.F.,.F.,(4,1,1,1,1,1,4),(1.,
1.125,1.25,1.5,1.75,1.875,2.),.UNSPECIFIED.);
#271=B_SPLINE_CURVE_WITH_KNOTS('',3,(#11178,#11179,#11180,#11181,#11182,
#11183,#11184,#11185,#11186),.UNSPECIFIED.,.F.,.F.,(4,1,1,1,1,1,4),(1.,
1.125,1.25,1.5,1.75,1.875,2.),.UNSPECIFIED.);
#272=B_SPLINE_CURVE_WITH_KNOTS('',3,(#11214,#11215,#11216,#11217),
 .UNSPECIFIED.,.F.,.F.,(4,4),(1.,2.),.UNSPECIFIED.);
#273=B_SPLINE_CURVE_WITH_KNOTS('',3,(#11220,#11221,#11222,#11223),
 .UNSPECIFIED.,.F.,.F.,(4,4),(1.,2.),.UNSPECIFIED.);
#274=B_SPLINE_CURVE_WITH_KNOTS('',3,(#11239,#11240,#11241,#11242),
 .UNSPECIFIED.,.F.,.F.,(4,4),(3.,4.),.UNSPECIFIED.);
#275=B_SPLINE_CURVE_WITH_KNOTS('',3,(#11245,#11246,#11247,#11248),
 .UNSPECIFIED.,.F.,.F.,(4,4),(3.,4.),.UNSPECIFIED.);
#276=B_SPLINE_CURVE_WITH_KNOTS('',3,(#11369,#11370,#11371,#11372,#11373,
#11374,#11375,#11376,#11377,#11378,#11379,#11380,#11381,#11382),
 .UNSPECIFIED.,.F.,.F.,(4,2,2,2,2,2,4),(0.0357576186558073,0.0536140284240054,
0.0756000511168042,0.097586073809603,0.119572096502402,0.141558119195201,
0.159414528963339),.UNSPECIFIED.);
#277=B_SPLINE_CURVE_WITH_KNOTS('',3,(#11391,#11392,#11393,#11394,#11395,
#11396,#11397,#11398),.UNSPECIFIED.,.F.,.F.,(4,2,2,4),(0.0120867907359311,
0.0222775202698846,0.0325318503254156,0.0427861803809466),.UNSPECIFIED.);
#278=B_SPLINE_CURVE_WITH_KNOTS('',3,(#11400,#11401,#11402,#11403,#11404,
#11405,#11406,#11407),.UNSPECIFIED.,.F.,.F.,(4,2,2,4),(0.0427861803809466,
0.0530405104364776,0.0632948404920087,0.0734855700259622),.UNSPECIFIED.);
#279=B_SPLINE_CURVE_WITH_KNOTS('',3,(#11416,#11417,#11418,#11419,#11420,
#11421,#11422,#11423),.UNSPECIFIED.,.F.,.F.,(4,2,2,4),(0.0120867907359304,
0.0222775202698846,0.0325318503254156,0.0427861803809466),.UNSPECIFIED.);
#280=B_SPLINE_CURVE_WITH_KNOTS('',3,(#11425,#11426,#11427,#11428,#11429,
#11430,#11431,#11432),.UNSPECIFIED.,.F.,.F.,(4,2,2,4),(0.0427861803809466,
0.0530405104364776,0.0632948404920086,0.0734855700259616),.UNSPECIFIED.);
#281=B_SPLINE_CURVE_WITH_KNOTS('',3,(#11435,#11436,#11437,#11438,#11439,
#11440,#11441,#11442,#11443,#11444,#11445,#11446,#11447,#11448),
 .UNSPECIFIED.,.F.,.F.,(4,2,2,2,2,2,4),(-0.159414528963338,-0.141558119195201,
-0.119572096502402,-0.0975860738096032,-0.0756000511168043,-0.0536140284240055,
-0.0357576186558065),.UNSPECIFIED.);
#282=B_SPLINE_CURVE_WITH_KNOTS('',3,(#11473,#11474,#11475,#11476,#11477,
#11478,#11479,#11480),.UNSPECIFIED.,.F.,.F.,(4,2,2,4),(0.0120867907359308,
0.0222775202698846,0.0325318503254156,0.0427861803809466),.UNSPECIFIED.);
#283=B_SPLINE_CURVE_WITH_KNOTS('',3,(#11482,#11483,#11484,#11485,#11486,
#11487,#11488,#11489,#11490,#11491,#11492,#11493,#11494,#11495),
 .UNSPECIFIED.,.F.,.F.,(4,2,2,2,2,2,4),(-0.498771178715801,-0.480914768947664,
-0.458928746254865,-0.436942723562066,-0.414956700869268,-0.392970678176469,
-0.375114268408332),.UNSPECIFIED.);
#284=B_SPLINE_CURVE_WITH_KNOTS('',3,(#11496,#11497,#11498,#11499,#11500,
#11501,#11502,#11503),.UNSPECIFIED.,.F.,.F.,(4,2,2,4),(0.0427861803809466,
0.0530405104364776,0.0632948404920086,0.0734855700259616),.UNSPECIFIED.);
#285=B_SPLINE_CURVE_WITH_KNOTS('',3,(#11506,#11507,#11508,#11509,#11510,
#11511,#11512,#11513,#11514,#11515,#11516,#11517,#11518,#11519),
 .UNSPECIFIED.,.F.,.F.,(4,2,2,2,2,2,4),(-0.498771178715802,-0.480914768947664,
-0.458928746254865,-0.436942723562067,-0.414956700869268,-0.392970678176469,
-0.375114268408332),.UNSPECIFIED.);
#286=B_SPLINE_CURVE_WITH_KNOTS('',3,(#11520,#11521,#11522,#11523,#11524,
#11525,#11526,#11527),.UNSPECIFIED.,.F.,.F.,(4,2,2,4),(0.0427861803809466,
0.0530405104364776,0.0632948404920086,0.0734855700259622),.UNSPECIFIED.);
#287=B_SPLINE_CURVE_WITH_KNOTS('',3,(#11530,#11531,#11532,#11533,#11534,
#11535,#11536,#11537,#11538,#11539,#11540,#11541,#11542,#11543),
 .UNSPECIFIED.,.F.,.F.,(4,2,2,2,2,2,4),(-0.498771178715802,-0.480914768947664,
-0.458928746254865,-0.436942723562067,-0.414956700869268,-0.392970678176469,
-0.375114268408332),.UNSPECIFIED.);
#288=B_SPLINE_CURVE_WITH_KNOTS('',3,(#11544,#11545,#11546,#11547,#11548,
#11549,#11550,#11551),.UNSPECIFIED.,.F.,.F.,(4,2,2,4),(0.0120867907359308,
0.0222775202698846,0.0325318503254156,0.0427861803809466),.UNSPECIFIED.);
#289=B_SPLINE_CURVE_WITH_KNOTS('',3,(#11554,#11555,#11556,#11557,#11558,
#11559,#11560,#11561),.UNSPECIFIED.,.F.,.F.,(4,2,2,4),(0.012086790735931,
0.0222775202698846,0.0325318503254156,0.0427861803809466),.UNSPECIFIED.);
#290=B_SPLINE_CURVE_WITH_KNOTS('',3,(#11563,#11564,#11565,#11566,#11567,
#11568,#11569,#11570,#11571,#11572,#11573,#11574,#11575,#11576),
 .UNSPECIFIED.,.F.,.F.,(4,2,2,2,2,2,4),(-0.498771178715802,-0.480914768947664,
-0.458928746254865,-0.436942723562067,-0.414956700869268,-0.392970678176469,
-0.375114268408331),.UNSPECIFIED.);
#291=B_SPLINE_CURVE_WITH_KNOTS('',3,(#11577,#11578,#11579,#11580,#11581,
#11582,#11583,#11584),.UNSPECIFIED.,.F.,.F.,(4,2,2,4),(0.0427861803809466,
0.0530405104364776,0.0632948404920086,0.0734855700259625),.UNSPECIFIED.);
#292=B_SPLINE_CURVE_WITH_KNOTS('',3,(#11586,#11587,#11588,#11589,#11590,
#11591,#11592,#11593),.UNSPECIFIED.,.F.,.F.,(4,2,2,4),(0.0120867907359316,
0.0222775202698846,0.0325318503254156,0.0427861803809466),.UNSPECIFIED.);
#293=B_SPLINE_CURVE_WITH_KNOTS('',3,(#11594,#11595,#11596,#11597,#11598,
#11599,#11600,#11601),.UNSPECIFIED.,.F.,.F.,(4,2,2,4),(0.0427861803809466,
0.0530405104364776,0.0632948404920086,0.0734855700259624),.UNSPECIFIED.);
#294=B_SPLINE_CURVE_WITH_KNOTS('',3,(#11730,#11731,#11732,#11733,#11734,
#11735,#11736,#11737,#11738,#11739,#11740,#11741,#11742,#11743,#11744,#11745,
#11746,#11747,#11748,#11749,#11750,#11751,#11752,#11753,#11754),
 .UNSPECIFIED.,.F.,.F.,(4,3,3,3,3,3,3,3,4),(0.,0.000911177807528531,0.00182477645336657,
0.002488028736862,0.0024910290712251,0.00312968244277038,0.0037911704981218,
0.0045041619684026,0.004976057473724),.UNSPECIFIED.);
#295=B_SPLINE_CURVE_WITH_KNOTS('',3,(#11756,#11757,#11758,#11759,#11760,
#11761,#11762,#11763,#11764,#11765,#11766,#11767,#11768,#11769,#11770,#11771,
#11772,#11773,#11774,#11775,#11776,#11777,#11778,#11779,#11780),
 .UNSPECIFIED.,.F.,.F.,(4,3,3,3,3,3,3,3,4),(0.,0.00109871440031317,0.00248805615429491,
0.00250715958506726,0.00305545117671824,0.00362418205510799,0.00420805936016624,
0.00482074885362435,0.00497611230858982),.UNSPECIFIED.);
#296=B_SPLINE_CURVE_WITH_KNOTS('',3,(#11781,#11782,#11783,#11784,#11785,
#11786,#11787,#11788,#11789,#11790,#11791,#11792,#11793,#11794,#11795,#11796,
#11797,#11798,#11799,#11800,#11801,#11802,#11803,#11804,#11805),
 .UNSPECIFIED.,.F.,.F.,(4,3,3,3,3,3,3,3,4),(0.,0.000911177807397428,0.0018247764532198,
0.002488028736862,0.0024910290712251,0.00312968244277634,0.00379117049812302,
0.00450416196839062,0.00497605747372399),.UNSPECIFIED.);
#297=B_SPLINE_CURVE_WITH_KNOTS('',3,(#11807,#11808,#11809,#11810,#11811,
#11812,#11813,#11814,#11815,#11816,#11817,#11818,#11819,#11820,#11821,#11822,
#11823,#11824,#11825,#11826,#11827,#11828,#11829,#11830,#11831),
 .UNSPECIFIED.,.F.,.F.,(4,3,3,3,3,3,3,3,4),(0.,0.000911177807541019,0.00182477645345802,
0.002488028736862,0.0024910290712251,0.00312968244278615,0.00379117049815489,
0.00450416196845386,0.004976057473724),.UNSPECIFIED.);
#298=B_SPLINE_CURVE_WITH_KNOTS('',3,(#11832,#11833,#11834,#11835,#11836,
#11837,#11838,#11839,#11840,#11841,#11842,#11843,#11844,#11845,#11846,#11847,
#11848,#11849,#11850,#11851,#11852,#11853,#11854,#11855,#11856,#11857,#11858,
#11859),.UNSPECIFIED.,.F.,.F.,(4,3,3,3,3,3,3,3,3,4),(0.,0.00100495952436756,
0.00214250238381036,0.0024880013582946,0.00250686340298699,0.00305387187238141,
0.00362135595372928,0.00420401872733834,0.004815651051951,0.00497600271658919),
 .UNSPECIFIED.);
#299=B_SPLINE_CURVE_WITH_KNOTS('',3,(#11860,#11861,#11862,#11863,#11864,
#11865,#11866,#11867,#11868,#11869,#11870,#11871,#11872,#11873,#11874,#11875,
#11876,#11877,#11878,#11879,#11880,#11881,#11882,#11883,#11884),
 .UNSPECIFIED.,.F.,.F.,(4,3,3,3,3,3,3,3,4),(0.,0.000911177807446039,0.00182477645333071,
0.002488028736862,0.0024910290712251,0.00312968244278611,0.00379117049814878,
0.00450416196843663,0.004976057473724),.UNSPECIFIED.);
#300=B_SPLINE_CURVE_WITH_KNOTS('',3,(#11887,#11888,#11889,#11890,#11891,
#11892,#11893,#11894,#11895,#11896,#11897,#11898,#11899,#11900,#11901,#11902,
#11903,#11904,#11905,#11906,#11907,#11908,#11909,#11910,#11911),
 .UNSPECIFIED.,.F.,.F.,(4,3,3,3,3,3,3,3,4),(1.65120005651865E-20,0.000911177807580532,
0.00182477645360208,0.002488028736862,0.0024910290712251,0.00312968244280747,
0.00379117049819511,0.00450416196850804,0.004976057473724),
 .UNSPECIFIED.);
#301=B_SPLINE_CURVE_WITH_KNOTS('',3,(#11912,#11913,#11914,#11915,#11916,
#11917,#11918,#11919,#11920,#11921,#11922,#11923,#11924,#11925,#11926,#11927,
#11928,#11929,#11930,#11931,#11932,#11933,#11934,#11935,#11936,#11937,#11938,
#11939),.UNSPECIFIED.,.F.,.F.,(4,3,3,3,3,3,3,3,3,4),(0.,0.00100493041081369,
0.00214237431393231,0.0024880013582946,0.00250686096323744,0.00305387838016351,
0.00362137281517384,0.00420404717921303,0.00481569309532472,0.0049760027165892),
 .UNSPECIFIED.);
#302=B_SPLINE_CURVE_WITH_KNOTS('',3,(#11940,#11941,#11942,#11943,#11944,
#11945,#11946,#11947,#11948,#11949,#11950,#11951,#11952,#11953,#11954,#11955,
#11956,#11957,#11958,#11959,#11960,#11961,#11962,#11963,#11964),
 .UNSPECIFIED.,.F.,.F.,(4,3,3,3,3,3,3,3,4),(0.,0.000911177807582606,0.00182477645357963,
0.002488028736862,0.00249102907122509,0.00312968244279894,0.00379117049818201,
0.0045041619684987,0.004976057473724),.UNSPECIFIED.);
#303=B_SPLINE_CURVE_WITH_KNOTS('',3,(#11967,#11968,#11969,#11970,#11971,
#11972,#11973,#11974,#11975,#11976,#11977,#11978,#11979,#11980,#11981,#11982,
#11983,#11984,#11985,#11986,#11987,#11988,#11989,#11990,#11991),
 .UNSPECIFIED.,.F.,.F.,(4,3,3,3,3,3,3,3,4),(0.,0.000911177807432385,0.00182477645333161,
0.002488028736862,0.0024910290712251,0.00312968244279139,0.00379117049815568,
0.00450416196844058,0.004976057473724),.UNSPECIFIED.);
#304=B_SPLINE_CURVE_WITH_KNOTS('',3,(#11993,#11994,#11995,#11996,#11997,
#11998,#11999,#12000,#12001,#12002,#12003,#12004,#12005,#12006,#12007,#12008,
#12009,#12010,#12011,#12012,#12013,#12014,#12015,#12016,#12017),
 .UNSPECIFIED.,.F.,.F.,(4,3,3,3,3,3,3,3,4),(0.,0.001098654624037,0.00248805615429491,
0.00250715712278126,0.00305545779661489,0.00362419917266558,0.00420808822057556,
0.00482079146116917,0.00497611230858982),.UNSPECIFIED.);
#305=B_SPLINE_CURVE_WITH_KNOTS('',3,(#12018,#12019,#12020,#12021,#12022,
#12023,#12024,#12025,#12026,#12027,#12028,#12029,#12030,#12031,#12032,#12033,
#12034,#12035,#12036,#12037,#12038,#12039,#12040,#12041,#12042),
 .UNSPECIFIED.,.F.,.F.,(4,3,3,3,3,3,3,3,4),(0.,0.000911177807407148,0.00182477645320689,
0.002488028736862,0.0024910290712251,0.00312968244276977,0.00379117049812134,
0.0045041619684037,0.004976057473724),.UNSPECIFIED.);
#306=B_SPLINE_CURVE_WITH_KNOTS('',3,(#12050,#12051,#12052,#12053,#12054,
#12055,#12056,#12057,#12058,#12059,#12060,#12061,#12062,#12063,#12064,#12065,
#12066,#12067,#12068),.UNSPECIFIED.,.F.,.F.,(4,3,3,3,3,3,4),(0.,0.000884874089258585,
0.00172427869934723,0.0024741763003269,0.00330716634524048,0.00418232872557931,
0.0049483526006538),.UNSPECIFIED.);
#307=B_SPLINE_CURVE_WITH_KNOTS('',3,(#12071,#12072,#12073,#12074,#12075,
#12076,#12077,#12078,#12079,#12080,#12081,#12082,#12083,#12084,#12085,#12086,
#12087,#12088,#12089),.UNSPECIFIED.,.F.,.F.,(4,3,3,3,3,3,4),(0.,0.000884874089284807,
0.00172427869940226,0.0024741763003269,0.00330716634525705,0.00418232872560838,
0.0049483526006538),.UNSPECIFIED.);
#308=B_SPLINE_CURVE_WITH_KNOTS('',3,(#12094,#12095,#12096,#12097,#12098,
#12099,#12100,#12101,#12102,#12103,#12104,#12105,#12106,#12107,#12108,#12109,
#12110,#12111,#12112,#12113,#12114,#12115,#12116,#12117,#12118),
 .UNSPECIFIED.,.F.,.F.,(4,3,3,3,3,3,3,3,4),(0.,0.000652240784284736,0.0012917799199783,
0.0019150382410251,0.00245817389773381,0.00247413317360499,0.00359353381628476,
0.0046279290251561,0.00494826634720997),.UNSPECIFIED.);
#309=B_SPLINE_CURVE_WITH_KNOTS('',3,(#12120,#12121,#12122,#12123,#12124,
#12125,#12126,#12127,#12128,#12129,#12130,#12131,#12132,#12133,#12134,#12135,
#12136,#12137,#12138,#12139,#12140,#12141,#12142,#12143,#12144),
 .UNSPECIFIED.,.F.,.F.,(4,3,3,3,3,3,3,3,4),(0.,0.000651020896952238,0.00128906525141505,
0.00191047309362458,0.00245846517098121,0.00247421949752907,0.00343600030486715,
0.00439861596201698,0.00494843899505814),.UNSPECIFIED.);
#310=B_SPLINE_CURVE_WITH_KNOTS('',3,(#12149,#12150,#12151,#12152,#12153,
#12154,#12155,#12156,#12157,#12158,#12159,#12160,#12161,#12162,#12163,#12164,
#12165,#12166,#12167),.UNSPECIFIED.,.F.,.F.,(4,3,3,3,3,3,4),(1.35525271560688E-20,
0.000884874089234898,0.00172427869928681,0.0024741763003269,0.00330716634520169,
0.00418232872551053,0.00494835260065381),.UNSPECIFIED.);
#311=B_SPLINE_CURVE_WITH_KNOTS('',3,(#12169,#12170,#12171,#12172,#12173,
#12174,#12175,#12176,#12177,#12178,#12179,#12180,#12181,#12182,#12183,#12184,
#12185,#12186,#12187),.UNSPECIFIED.,.F.,.F.,(4,3,3,3,3,3,4),(0.,0.000884874089268872,
0.00172427869936488,0.0024741763003269,0.0033071663452397,0.0041823287255788,
0.0049483526006538),.UNSPECIFIED.);
#312=B_SPLINE_CURVE_WITH_KNOTS('',3,(#12192,#12193,#12194,#12195,#12196,
#12197,#12198,#12199,#12200,#12201,#12202,#12203,#12204,#12205,#12206,#12207,
#12208,#12209,#12210),.UNSPECIFIED.,.F.,.F.,(4,3,3,3,3,3,4),(0.,0.000884874089311674,
0.00172427869946661,0.0024741763003269,0.00330716634530666,0.00418232872569918,
0.0049483526006538),.UNSPECIFIED.);
#313=B_SPLINE_CURVE_WITH_KNOTS('',3,(#12212,#12213,#12214,#12215,#12216,
#12217,#12218,#12219,#12220,#12221,#12222,#12223,#12224,#12225,#12226,#12227,
#12228,#12229,#12230),.UNSPECIFIED.,.F.,.F.,(4,3,3,3,3,3,4),(0.,0.000884874089230849,
0.00172427869927844,0.0024741763003269,0.00330716634519572,0.00418232872549917,
0.0049483526006538),.UNSPECIFIED.);
#314=B_SPLINE_CURVE_WITH_KNOTS('',3,(#12234,#12235,#12236,#12237,#12238,
#12239,#12240,#12241,#12242,#12243,#12244,#12245,#12246,#12247,#12248,#12249,
#12250,#12251,#12252,#12253,#12254,#12255,#12256,#12257,#12258),
 .UNSPECIFIED.,.F.,.F.,(4,3,3,3,3,3,3,3,4),(0.,0.000651039595350744,0.00128910150369475,
0.00191052573864071,0.00245846759192853,0.00247421949752907,0.003435953557566,
0.00439854218351336,0.00494843899505814),.UNSPECIFIED.);
#315=B_SPLINE_CURVE_WITH_KNOTS('',3,(#12261,#12262,#12263,#12264,#12265,
#12266,#12267,#12268,#12269,#12270,#12271,#12272,#12273,#12274,#12275,#12276,
#12277,#12278,#12279,#12280,#12281,#12282,#12283,#12284,#12285),
 .UNSPECIFIED.,.F.,.F.,(4,3,3,3,3,3,3,3,4),(0.,0.000652221849139606,0.001291743158805,
0.00191498477955056,0.0024581714544606,0.00247413317360499,0.00359364567831571,
0.00462807875942434,0.00494826634720997),.UNSPECIFIED.);
#316=B_SPLINE_CURVE_WITH_KNOTS('',3,(#12289,#12290,#12291,#12292,#12293,
#12294,#12295,#12296,#12297,#12298,#12299,#12300,#12301,#12302,#12303,#12304,
#12305,#12306,#12307),.UNSPECIFIED.,.F.,.F.,(4,3,3,3,3,3,4),(2.71050543121376E-20,
0.000884874089293388,0.00172427869942364,0.0024741763003269,0.00330716634528089,
0.00418232872565005,0.0049483526006538),.UNSPECIFIED.);
#317=B_SPLINE_CURVE_WITH_KNOTS('',3,(#12310,#12311,#12312,#12313,#12314,
#12315,#12316,#12317,#12318,#12319,#12320,#12321,#12322,#12323,#12324,#12325,
#12326,#12327,#12328),.UNSPECIFIED.,.F.,.F.,(4,3,3,3,3,3,4),(0.,0.000884874089243672,
0.00172427869930554,0.0024741763003269,0.00330716634520401,0.00418232872551522,
0.0049483526006538),.UNSPECIFIED.);
#318=B_SPLINE_CURVE_WITH_KNOTS('',3,(#12619,#12620,#12621,#12622,#12623,
#12624,#12625,#12626,#12627,#12628,#12629,#12630,#12631,#12632),
 .UNSPECIFIED.,.F.,.F.,(4,2,2,2,2,2,4),(0.0357576186558073,0.0536140284240054,
0.0756000511168042,0.097586073809603,0.119572096502402,0.141558119195201,
0.159414528963339),.UNSPECIFIED.);
#319=B_SPLINE_CURVE_WITH_KNOTS('',3,(#12641,#12642,#12643,#12644,#12645,
#12646,#12647,#12648),.UNSPECIFIED.,.F.,.F.,(4,2,2,4),(0.0120867907359311,
0.0222775202698846,0.0325318503254156,0.0427861803809466),.UNSPECIFIED.);
#320=B_SPLINE_CURVE_WITH_KNOTS('',3,(#12650,#12651,#12652,#12653,#12654,
#12655,#12656,#12657),.UNSPECIFIED.,.F.,.F.,(4,2,2,4),(0.0427861803809466,
0.0530405104364776,0.0632948404920087,0.0734855700259622),.UNSPECIFIED.);
#321=B_SPLINE_CURVE_WITH_KNOTS('',3,(#12666,#12667,#12668,#12669,#12670,
#12671,#12672,#12673),.UNSPECIFIED.,.F.,.F.,(4,2,2,4),(0.0120867907359304,
0.0222775202698846,0.0325318503254156,0.0427861803809466),.UNSPECIFIED.);
#322=B_SPLINE_CURVE_WITH_KNOTS('',3,(#12675,#12676,#12677,#12678,#12679,
#12680,#12681,#12682),.UNSPECIFIED.,.F.,.F.,(4,2,2,4),(0.0427861803809466,
0.0530405104364776,0.0632948404920086,0.0734855700259616),.UNSPECIFIED.);
#323=B_SPLINE_CURVE_WITH_KNOTS('',3,(#12685,#12686,#12687,#12688,#12689,
#12690,#12691,#12692,#12693,#12694,#12695,#12696,#12697,#12698),
 .UNSPECIFIED.,.F.,.F.,(4,2,2,2,2,2,4),(-0.159414528963338,-0.141558119195201,
-0.119572096502402,-0.0975860738096032,-0.0756000511168043,-0.0536140284240055,
-0.0357576186558065),.UNSPECIFIED.);
#324=B_SPLINE_CURVE_WITH_KNOTS('',3,(#12723,#12724,#12725,#12726,#12727,
#12728,#12729,#12730),.UNSPECIFIED.,.F.,.F.,(4,2,2,4),(0.0120867907359308,
0.0222775202698846,0.0325318503254156,0.0427861803809466),.UNSPECIFIED.);
#325=B_SPLINE_CURVE_WITH_KNOTS('',3,(#12732,#12733,#12734,#12735,#12736,
#12737,#12738,#12739,#12740,#12741,#12742,#12743,#12744,#12745),
 .UNSPECIFIED.,.F.,.F.,(4,2,2,2,2,2,4),(-0.498771178715801,-0.480914768947664,
-0.458928746254865,-0.436942723562066,-0.414956700869268,-0.392970678176469,
-0.375114268408332),.UNSPECIFIED.);
#326=B_SPLINE_CURVE_WITH_KNOTS('',3,(#12746,#12747,#12748,#12749,#12750,
#12751,#12752,#12753),.UNSPECIFIED.,.F.,.F.,(4,2,2,4),(0.0427861803809466,
0.0530405104364776,0.0632948404920086,0.0734855700259616),.UNSPECIFIED.);
#327=B_SPLINE_CURVE_WITH_KNOTS('',3,(#12756,#12757,#12758,#12759,#12760,
#12761,#12762,#12763,#12764,#12765,#12766,#12767,#12768,#12769),
 .UNSPECIFIED.,.F.,.F.,(4,2,2,2,2,2,4),(-0.498771178715802,-0.480914768947664,
-0.458928746254865,-0.436942723562067,-0.414956700869268,-0.392970678176469,
-0.375114268408332),.UNSPECIFIED.);
#328=B_SPLINE_CURVE_WITH_KNOTS('',3,(#12770,#12771,#12772,#12773,#12774,
#12775,#12776,#12777),.UNSPECIFIED.,.F.,.F.,(4,2,2,4),(0.0427861803809466,
0.0530405104364776,0.0632948404920086,0.0734855700259622),.UNSPECIFIED.);
#329=B_SPLINE_CURVE_WITH_KNOTS('',3,(#12780,#12781,#12782,#12783,#12784,
#12785,#12786,#12787,#12788,#12789,#12790,#12791,#12792,#12793),
 .UNSPECIFIED.,.F.,.F.,(4,2,2,2,2,2,4),(-0.498771178715802,-0.480914768947664,
-0.458928746254865,-0.436942723562067,-0.414956700869268,-0.392970678176469,
-0.375114268408332),.UNSPECIFIED.);
#330=B_SPLINE_CURVE_WITH_KNOTS('',3,(#12794,#12795,#12796,#12797,#12798,
#12799,#12800,#12801),.UNSPECIFIED.,.F.,.F.,(4,2,2,4),(0.0120867907359308,
0.0222775202698846,0.0325318503254156,0.0427861803809466),.UNSPECIFIED.);
#331=B_SPLINE_CURVE_WITH_KNOTS('',3,(#12804,#12805,#12806,#12807,#12808,
#12809,#12810,#12811),.UNSPECIFIED.,.F.,.F.,(4,2,2,4),(0.012086790735931,
0.0222775202698846,0.0325318503254156,0.0427861803809466),.UNSPECIFIED.);
#332=B_SPLINE_CURVE_WITH_KNOTS('',3,(#12813,#12814,#12815,#12816,#12817,
#12818,#12819,#12820,#12821,#12822,#12823,#12824,#12825,#12826),
 .UNSPECIFIED.,.F.,.F.,(4,2,2,2,2,2,4),(-0.498771178715802,-0.480914768947664,
-0.458928746254865,-0.436942723562067,-0.414956700869268,-0.392970678176469,
-0.375114268408331),.UNSPECIFIED.);
#333=B_SPLINE_CURVE_WITH_KNOTS('',3,(#12827,#12828,#12829,#12830,#12831,
#12832,#12833,#12834),.UNSPECIFIED.,.F.,.F.,(4,2,2,4),(0.0427861803809466,
0.0530405104364776,0.0632948404920086,0.0734855700259625),.UNSPECIFIED.);
#334=B_SPLINE_CURVE_WITH_KNOTS('',3,(#12836,#12837,#12838,#12839,#12840,
#12841,#12842,#12843),.UNSPECIFIED.,.F.,.F.,(4,2,2,4),(0.0120867907359316,
0.0222775202698846,0.0325318503254156,0.0427861803809466),.UNSPECIFIED.);
#335=B_SPLINE_CURVE_WITH_KNOTS('',3,(#12844,#12845,#12846,#12847,#12848,
#12849,#12850,#12851),.UNSPECIFIED.,.F.,.F.,(4,2,2,4),(0.0427861803809466,
0.0530405104364776,0.0632948404920086,0.0734855700259624),.UNSPECIFIED.);
#336=SHAPE_REPRESENTATION_RELATIONSHIP('SRR','None',#13011,#345);
#337=SHAPE_REPRESENTATION_RELATIONSHIP('SRR','None',#13012,#346);
#338=SHAPE_REPRESENTATION_RELATIONSHIP('SRR','None',#13013,#347);
#339=SHAPE_REPRESENTATION_RELATIONSHIP('SRR','None',#13014,#348);
#340=SHAPE_REPRESENTATION_RELATIONSHIP('SRR','None',#13015,#349);
#341=SHAPE_REPRESENTATION_RELATIONSHIP('SRR','None',#13016,#350);
#342=SHAPE_REPRESENTATION_RELATIONSHIP('SRR','None',#13017,#351);
#343=SHAPE_REPRESENTATION_RELATIONSHIP('SRR','None',#13018,#352);
#344=SHAPE_REPRESENTATION_RELATIONSHIP('SRR','None',#13019,#353);
#345=ADVANCED_BREP_SHAPE_REPRESENTATION('',(#368),#12951);
#346=ADVANCED_BREP_SHAPE_REPRESENTATION('',(#369,#370,#371,#372,#373),#12952);
#347=ADVANCED_BREP_SHAPE_REPRESENTATION('',(#374),#12953);
#348=ADVANCED_BREP_SHAPE_REPRESENTATION('',(#375),#12954);
#349=ADVANCED_BREP_SHAPE_REPRESENTATION('',(#376),#12955);
#350=ADVANCED_BREP_SHAPE_REPRESENTATION('',(#377),#12956);
#351=ADVANCED_BREP_SHAPE_REPRESENTATION('',(#378),#12957);
#352=ADVANCED_BREP_SHAPE_REPRESENTATION('',(#379),#12958);
#353=ADVANCED_BREP_SHAPE_REPRESENTATION('',(#380),#12959);
#354=STYLED_ITEM('',(#13065),#368);
#355=STYLED_ITEM('',(#13067),#369);
#356=STYLED_ITEM('',(#13068),#370);
#357=STYLED_ITEM('',(#13068),#371);
#358=STYLED_ITEM('',(#13069),#372);
#359=STYLED_ITEM('',(#13069),#373);
#360=STYLED_ITEM('',(#13065),#374);
#361=STYLED_ITEM('',(#13066),#375);
#362=STYLED_ITEM('',(#13065),#376);
#363=STYLED_ITEM('',(#13066),#377);
#364=STYLED_ITEM('',(#13066),#378);
#365=STYLED_ITEM('',(#13065),#379);
#366=STYLED_ITEM('',(#13065),#380);
#367=STYLED_ITEM('',(#13070),#33);
#368=MANIFOLD_SOLID_BREP('Body1',#6567);
#369=MANIFOLD_SOLID_BREP('Body1',#6568);
#370=MANIFOLD_SOLID_BREP('Body2',#6569);
#371=MANIFOLD_SOLID_BREP('Body3',#6570);
#372=MANIFOLD_SOLID_BREP('Body4',#6571);
#373=MANIFOLD_SOLID_BREP('Body5',#6572);
#374=MANIFOLD_SOLID_BREP('Body1',#6573);
#375=MANIFOLD_SOLID_BREP('Body1',#6574);
#376=MANIFOLD_SOLID_BREP('Body1',#6575);
#377=MANIFOLD_SOLID_BREP('Body1',#6576);
#378=MANIFOLD_SOLID_BREP('Body1',#6577);
#379=MANIFOLD_SOLID_BREP('Body1',#6578);
#380=MANIFOLD_SOLID_BREP('Body1',#6579);
#381=FACE_BOUND('',#985,.T.);
#382=FACE_BOUND('',#988,.T.);
#383=FACE_BOUND('',#991,.T.);
#384=FACE_BOUND('',#992,.T.);
#385=FACE_BOUND('',#993,.T.);
#386=FACE_BOUND('',#994,.T.);
#387=FACE_BOUND('',#997,.T.);
#388=FACE_BOUND('',#1000,.T.);
#389=FACE_BOUND('',#1003,.T.);
#390=FACE_BOUND('',#1004,.T.);
#391=FACE_BOUND('',#1005,.T.);
#392=FACE_BOUND('',#1006,.T.);
#393=FACE_BOUND('',#1059,.T.);
#394=FACE_BOUND('',#1060,.T.);
#395=FACE_BOUND('',#1065,.T.);
#396=FACE_BOUND('',#1068,.T.);
#397=FACE_BOUND('',#1077,.T.);
#398=FACE_BOUND('',#1079,.T.);
#399=FACE_BOUND('',#1094,.T.);
#400=FACE_BOUND('',#1095,.T.);
#401=FACE_BOUND('',#1098,.T.);
#402=FACE_BOUND('',#1101,.T.);
#403=FACE_BOUND('',#1111,.T.);
#404=FACE_BOUND('',#1114,.T.);
#405=FACE_BOUND('',#1141,.T.);
#406=FACE_BOUND('',#1146,.T.);
#407=FACE_BOUND('',#1148,.T.);
#408=FACE_BOUND('',#1153,.T.);
#409=FACE_BOUND('',#1173,.T.);
#410=FACE_BOUND('',#1182,.T.);
#411=FACE_BOUND('',#1184,.T.);
#412=FACE_BOUND('',#1193,.T.);
#413=FACE_BOUND('',#1262,.T.);
#414=FACE_BOUND('',#1264,.T.);
#415=FACE_BOUND('',#1278,.T.);
#416=FACE_BOUND('',#1280,.T.);
#417=FACE_BOUND('',#1282,.T.);
#418=FACE_BOUND('',#1302,.T.);
#419=FACE_BOUND('',#1304,.T.);
#420=FACE_BOUND('',#1320,.T.);
#421=FACE_BOUND('',#1322,.T.);
#422=FACE_BOUND('',#1366,.T.);
#423=FACE_BOUND('',#1368,.T.);
#424=FACE_BOUND('',#1370,.T.);
#425=FACE_BOUND('',#1390,.T.);
#426=FACE_BOUND('',#1392,.T.);
#427=FACE_BOUND('',#1396,.T.);
#428=FACE_BOUND('',#1398,.T.);
#429=PLANE('',#6688);
#430=PLANE('',#6691);
#431=PLANE('',#6692);
#432=PLANE('',#6695);
#433=PLANE('',#6696);
#434=PLANE('',#6699);
#435=PLANE('',#6700);
#436=PLANE('',#6703);
#437=PLANE('',#6704);
#438=PLANE('',#6709);
#439=PLANE('',#6710);
#440=PLANE('',#6716);
#441=PLANE('',#6722);
#442=PLANE('',#6727);
#443=PLANE('',#6728);
#444=PLANE('',#6734);
#445=PLANE('',#6740);
#446=PLANE('',#6741);
#447=PLANE('',#6743);
#448=PLANE('',#6745);
#449=PLANE('',#6747);
#450=PLANE('',#6749);
#451=PLANE('',#6755);
#452=PLANE('',#6757);
#453=PLANE('',#6759);
#454=PLANE('',#6761);
#455=PLANE('',#6792);
#456=PLANE('',#6793);
#457=PLANE('',#6794);
#458=PLANE('',#6795);
#459=PLANE('',#6796);
#460=PLANE('',#6797);
#461=PLANE('',#6798);
#462=PLANE('',#6799);
#463=PLANE('',#6800);
#464=PLANE('',#6802);
#465=PLANE('',#6808);
#466=PLANE('',#6812);
#467=PLANE('',#6816);
#468=PLANE('',#6820);
#469=PLANE('',#6821);
#470=PLANE('',#6822);
#471=PLANE('',#6823);
#472=PLANE('',#6824);
#473=PLANE('',#6825);
#474=PLANE('',#6826);
#475=PLANE('',#6827);
#476=PLANE('',#6828);
#477=PLANE('',#6829);
#478=PLANE('',#6831);
#479=PLANE('',#6837);
#480=PLANE('',#6838);
#481=PLANE('',#6839);
#482=PLANE('',#6840);
#483=PLANE('',#6841);
#484=PLANE('',#6844);
#485=PLANE('',#6851);
#486=PLANE('',#6855);
#487=PLANE('',#6865);
#488=PLANE('',#6869);
#489=PLANE('',#6870);
#490=PLANE('',#6871);
#491=PLANE('',#6872);
#492=PLANE('',#6873);
#493=PLANE('',#6874);
#494=PLANE('',#6875);
#495=PLANE('',#6876);
#496=PLANE('',#6877);
#497=PLANE('',#6878);
#498=PLANE('',#6881);
#499=PLANE('',#6889);
#500=PLANE('',#6890);
#501=PLANE('',#6891);
#502=PLANE('',#6892);
#503=PLANE('',#6899);
#504=PLANE('',#6903);
#505=PLANE('',#6907);
#506=PLANE('',#6911);
#507=PLANE('',#6919);
#508=PLANE('',#6923);
#509=PLANE('',#6927);
#510=PLANE('',#6928);
#511=PLANE('',#6929);
#512=PLANE('',#6930);
#513=PLANE('',#6935);
#514=PLANE('',#6936);
#515=PLANE('',#6937);
#516=PLANE('',#6939);
#517=PLANE('',#6941);
#518=PLANE('',#6942);
#519=PLANE('',#6944);
#520=PLANE('',#6946);
#521=PLANE('',#6956);
#522=PLANE('',#6965);
#523=PLANE('',#6971);
#524=PLANE('',#6972);
#525=PLANE('',#6973);
#526=PLANE('',#6978);
#527=PLANE('',#6979);
#528=PLANE('',#6983);
#529=PLANE('',#6989);
#530=PLANE('',#6991);
#531=PLANE('',#6993);
#532=PLANE('',#6995);
#533=PLANE('',#6997);
#534=PLANE('',#6998);
#535=PLANE('',#7000);
#536=PLANE('',#7002);
#537=PLANE('',#7004);
#538=PLANE('',#7006);
#539=PLANE('',#7007);
#540=PLANE('',#7008);
#541=PLANE('',#7013);
#542=PLANE('',#7014);
#543=PLANE('',#7015);
#544=PLANE('',#7016);
#545=PLANE('',#7017);
#546=PLANE('',#7018);
#547=PLANE('',#7023);
#548=PLANE('',#7024);
#549=PLANE('',#7025);
#550=PLANE('',#7026);
#551=PLANE('',#7027);
#552=PLANE('',#7029);
#553=PLANE('',#7031);
#554=PLANE('',#7032);
#555=PLANE('',#7034);
#556=PLANE('',#7036);
#557=PLANE('',#7037);
#558=PLANE('',#7038);
#559=PLANE('',#7042);
#560=PLANE('',#7043);
#561=PLANE('',#7044);
#562=PLANE('',#7049);
#563=PLANE('',#7050);
#564=PLANE('',#7054);
#565=PLANE('',#7055);
#566=PLANE('',#7056);
#567=PLANE('',#7061);
#568=PLANE('',#7063);
#569=PLANE('',#7065);
#570=PLANE('',#7066);
#571=PLANE('',#7068);
#572=PLANE('',#7070);
#573=PLANE('',#7089);
#574=PLANE('',#7090);
#575=PLANE('',#7128);
#576=PLANE('',#7134);
#577=PLANE('',#7135);
#578=PLANE('',#7141);
#579=PLANE('',#7167);
#580=PLANE('',#7168);
#581=PLANE('',#7220);
#582=PLANE('',#7221);
#583=PLANE('',#7222);
#584=PLANE('',#7223);
#585=PLANE('',#7224);
#586=PLANE('',#7225);
#587=PLANE('',#7226);
#588=PLANE('',#7227);
#589=PLANE('',#7295);
#590=PLANE('',#7301);
#591=PLANE('',#7302);
#592=PLANE('',#7308);
#593=PLANE('',#7334);
#594=PLANE('',#7335);
#595=PLANE('',#7343);
#596=PLANE('',#7344);
#597=FACE_OUTER_BOUND('',#974,.T.);
#598=FACE_OUTER_BOUND('',#975,.T.);
#599=FACE_OUTER_BOUND('',#976,.T.);
#600=FACE_OUTER_BOUND('',#977,.T.);
#601=FACE_OUTER_BOUND('',#978,.T.);
#602=FACE_OUTER_BOUND('',#979,.T.);
#603=FACE_OUTER_BOUND('',#980,.T.);
#604=FACE_OUTER_BOUND('',#981,.T.);
#605=FACE_OUTER_BOUND('',#982,.T.);
#606=FACE_OUTER_BOUND('',#983,.T.);
#607=FACE_OUTER_BOUND('',#984,.T.);
#608=FACE_OUTER_BOUND('',#986,.T.);
#609=FACE_OUTER_BOUND('',#987,.T.);
#610=FACE_OUTER_BOUND('',#989,.T.);
#611=FACE_OUTER_BOUND('',#990,.T.);
#612=FACE_OUTER_BOUND('',#995,.T.);
#613=FACE_OUTER_BOUND('',#996,.T.);
#614=FACE_OUTER_BOUND('',#998,.T.);
#615=FACE_OUTER_BOUND('',#999,.T.);
#616=FACE_OUTER_BOUND('',#1001,.T.);
#617=FACE_OUTER_BOUND('',#1002,.T.);
#618=FACE_OUTER_BOUND('',#1007,.T.);
#619=FACE_OUTER_BOUND('',#1008,.T.);
#620=FACE_OUTER_BOUND('',#1009,.T.);
#621=FACE_OUTER_BOUND('',#1010,.T.);
#622=FACE_OUTER_BOUND('',#1011,.T.);
#623=FACE_OUTER_BOUND('',#1012,.T.);
#624=FACE_OUTER_BOUND('',#1013,.T.);
#625=FACE_OUTER_BOUND('',#1014,.T.);
#626=FACE_OUTER_BOUND('',#1015,.T.);
#627=FACE_OUTER_BOUND('',#1016,.T.);
#628=FACE_OUTER_BOUND('',#1017,.T.);
#629=FACE_OUTER_BOUND('',#1018,.T.);
#630=FACE_OUTER_BOUND('',#1019,.T.);
#631=FACE_OUTER_BOUND('',#1020,.T.);
#632=FACE_OUTER_BOUND('',#1021,.T.);
#633=FACE_OUTER_BOUND('',#1022,.T.);
#634=FACE_OUTER_BOUND('',#1023,.T.);
#635=FACE_OUTER_BOUND('',#1024,.T.);
#636=FACE_OUTER_BOUND('',#1025,.T.);
#637=FACE_OUTER_BOUND('',#1026,.T.);
#638=FACE_OUTER_BOUND('',#1027,.T.);
#639=FACE_OUTER_BOUND('',#1028,.T.);
#640=FACE_OUTER_BOUND('',#1029,.T.);
#641=FACE_OUTER_BOUND('',#1030,.T.);
#642=FACE_OUTER_BOUND('',#1031,.T.);
#643=FACE_OUTER_BOUND('',#1032,.T.);
#644=FACE_OUTER_BOUND('',#1033,.T.);
#645=FACE_OUTER_BOUND('',#1034,.T.);
#646=FACE_OUTER_BOUND('',#1035,.T.);
#647=FACE_OUTER_BOUND('',#1036,.T.);
#648=FACE_OUTER_BOUND('',#1037,.T.);
#649=FACE_OUTER_BOUND('',#1038,.T.);
#650=FACE_OUTER_BOUND('',#1039,.T.);
#651=FACE_OUTER_BOUND('',#1040,.T.);
#652=FACE_OUTER_BOUND('',#1041,.T.);
#653=FACE_OUTER_BOUND('',#1042,.T.);
#654=FACE_OUTER_BOUND('',#1043,.T.);
#655=FACE_OUTER_BOUND('',#1044,.T.);
#656=FACE_OUTER_BOUND('',#1045,.T.);
#657=FACE_OUTER_BOUND('',#1046,.T.);
#658=FACE_OUTER_BOUND('',#1047,.T.);
#659=FACE_OUTER_BOUND('',#1048,.T.);
#660=FACE_OUTER_BOUND('',#1049,.T.);
#661=FACE_OUTER_BOUND('',#1050,.T.);
#662=FACE_OUTER_BOUND('',#1051,.T.);
#663=FACE_OUTER_BOUND('',#1052,.T.);
#664=FACE_OUTER_BOUND('',#1053,.T.);
#665=FACE_OUTER_BOUND('',#1054,.T.);
#666=FACE_OUTER_BOUND('',#1055,.T.);
#667=FACE_OUTER_BOUND('',#1056,.T.);
#668=FACE_OUTER_BOUND('',#1057,.T.);
#669=FACE_OUTER_BOUND('',#1058,.T.);
#670=FACE_OUTER_BOUND('',#1061,.T.);
#671=FACE_OUTER_BOUND('',#1062,.T.);
#672=FACE_OUTER_BOUND('',#1063,.T.);
#673=FACE_OUTER_BOUND('',#1064,.T.);
#674=FACE_OUTER_BOUND('',#1066,.T.);
#675=FACE_OUTER_BOUND('',#1067,.T.);
#676=FACE_OUTER_BOUND('',#1069,.T.);
#677=FACE_OUTER_BOUND('',#1070,.T.);
#678=FACE_OUTER_BOUND('',#1071,.T.);
#679=FACE_OUTER_BOUND('',#1072,.T.);
#680=FACE_OUTER_BOUND('',#1073,.T.);
#681=FACE_OUTER_BOUND('',#1074,.T.);
#682=FACE_OUTER_BOUND('',#1075,.T.);
#683=FACE_OUTER_BOUND('',#1076,.T.);
#684=FACE_OUTER_BOUND('',#1078,.T.);
#685=FACE_OUTER_BOUND('',#1080,.T.);
#686=FACE_OUTER_BOUND('',#1081,.T.);
#687=FACE_OUTER_BOUND('',#1082,.T.);
#688=FACE_OUTER_BOUND('',#1083,.T.);
#689=FACE_OUTER_BOUND('',#1084,.T.);
#690=FACE_OUTER_BOUND('',#1085,.T.);
#691=FACE_OUTER_BOUND('',#1086,.T.);
#692=FACE_OUTER_BOUND('',#1087,.T.);
#693=FACE_OUTER_BOUND('',#1088,.T.);
#694=FACE_OUTER_BOUND('',#1089,.T.);
#695=FACE_OUTER_BOUND('',#1090,.T.);
#696=FACE_OUTER_BOUND('',#1091,.T.);
#697=FACE_OUTER_BOUND('',#1092,.T.);
#698=FACE_OUTER_BOUND('',#1093,.T.);
#699=FACE_OUTER_BOUND('',#1096,.T.);
#700=FACE_OUTER_BOUND('',#1097,.T.);
#701=FACE_OUTER_BOUND('',#1099,.T.);
#702=FACE_OUTER_BOUND('',#1100,.T.);
#703=FACE_OUTER_BOUND('',#1102,.T.);
#704=FACE_OUTER_BOUND('',#1103,.T.);
#705=FACE_OUTER_BOUND('',#1104,.T.);
#706=FACE_OUTER_BOUND('',#1105,.T.);
#707=FACE_OUTER_BOUND('',#1106,.T.);
#708=FACE_OUTER_BOUND('',#1107,.T.);
#709=FACE_OUTER_BOUND('',#1108,.T.);
#710=FACE_OUTER_BOUND('',#1109,.T.);
#711=FACE_OUTER_BOUND('',#1110,.T.);
#712=FACE_OUTER_BOUND('',#1112,.T.);
#713=FACE_OUTER_BOUND('',#1113,.T.);
#714=FACE_OUTER_BOUND('',#1115,.T.);
#715=FACE_OUTER_BOUND('',#1116,.T.);
#716=FACE_OUTER_BOUND('',#1117,.T.);
#717=FACE_OUTER_BOUND('',#1118,.T.);
#718=FACE_OUTER_BOUND('',#1119,.T.);
#719=FACE_OUTER_BOUND('',#1120,.T.);
#720=FACE_OUTER_BOUND('',#1121,.T.);
#721=FACE_OUTER_BOUND('',#1122,.T.);
#722=FACE_OUTER_BOUND('',#1123,.T.);
#723=FACE_OUTER_BOUND('',#1124,.T.);
#724=FACE_OUTER_BOUND('',#1125,.T.);
#725=FACE_OUTER_BOUND('',#1126,.T.);
#726=FACE_OUTER_BOUND('',#1127,.T.);
#727=FACE_OUTER_BOUND('',#1128,.T.);
#728=FACE_OUTER_BOUND('',#1129,.T.);
#729=FACE_OUTER_BOUND('',#1130,.T.);
#730=FACE_OUTER_BOUND('',#1131,.T.);
#731=FACE_OUTER_BOUND('',#1132,.T.);
#732=FACE_OUTER_BOUND('',#1133,.T.);
#733=FACE_OUTER_BOUND('',#1134,.T.);
#734=FACE_OUTER_BOUND('',#1135,.T.);
#735=FACE_OUTER_BOUND('',#1136,.T.);
#736=FACE_OUTER_BOUND('',#1137,.T.);
#737=FACE_OUTER_BOUND('',#1138,.T.);
#738=FACE_OUTER_BOUND('',#1139,.T.);
#739=FACE_OUTER_BOUND('',#1140,.T.);
#740=FACE_OUTER_BOUND('',#1142,.T.);
#741=FACE_OUTER_BOUND('',#1143,.T.);
#742=FACE_OUTER_BOUND('',#1144,.T.);
#743=FACE_OUTER_BOUND('',#1145,.T.);
#744=FACE_OUTER_BOUND('',#1147,.T.);
#745=FACE_OUTER_BOUND('',#1149,.T.);
#746=FACE_OUTER_BOUND('',#1150,.T.);
#747=FACE_OUTER_BOUND('',#1151,.T.);
#748=FACE_OUTER_BOUND('',#1152,.T.);
#749=FACE_OUTER_BOUND('',#1154,.T.);
#750=FACE_OUTER_BOUND('',#1155,.T.);
#751=FACE_OUTER_BOUND('',#1156,.T.);
#752=FACE_OUTER_BOUND('',#1157,.T.);
#753=FACE_OUTER_BOUND('',#1158,.T.);
#754=FACE_OUTER_BOUND('',#1159,.T.);
#755=FACE_OUTER_BOUND('',#1160,.T.);
#756=FACE_OUTER_BOUND('',#1161,.T.);
#757=FACE_OUTER_BOUND('',#1162,.T.);
#758=FACE_OUTER_BOUND('',#1163,.T.);
#759=FACE_OUTER_BOUND('',#1164,.T.);
#760=FACE_OUTER_BOUND('',#1165,.T.);
#761=FACE_OUTER_BOUND('',#1166,.T.);
#762=FACE_OUTER_BOUND('',#1167,.T.);
#763=FACE_OUTER_BOUND('',#1168,.T.);
#764=FACE_OUTER_BOUND('',#1169,.T.);
#765=FACE_OUTER_BOUND('',#1170,.T.);
#766=FACE_OUTER_BOUND('',#1171,.T.);
#767=FACE_OUTER_BOUND('',#1172,.T.);
#768=FACE_OUTER_BOUND('',#1174,.T.);
#769=FACE_OUTER_BOUND('',#1175,.T.);
#770=FACE_OUTER_BOUND('',#1176,.T.);
#771=FACE_OUTER_BOUND('',#1177,.T.);
#772=FACE_OUTER_BOUND('',#1178,.T.);
#773=FACE_OUTER_BOUND('',#1179,.T.);
#774=FACE_OUTER_BOUND('',#1180,.T.);
#775=FACE_OUTER_BOUND('',#1181,.T.);
#776=FACE_OUTER_BOUND('',#1183,.T.);
#777=FACE_OUTER_BOUND('',#1185,.T.);
#778=FACE_OUTER_BOUND('',#1186,.T.);
#779=FACE_OUTER_BOUND('',#1187,.T.);
#780=FACE_OUTER_BOUND('',#1188,.T.);
#781=FACE_OUTER_BOUND('',#1189,.T.);
#782=FACE_OUTER_BOUND('',#1190,.T.);
#783=FACE_OUTER_BOUND('',#1191,.T.);
#784=FACE_OUTER_BOUND('',#1192,.T.);
#785=FACE_OUTER_BOUND('',#1194,.T.);
#786=FACE_OUTER_BOUND('',#1195,.T.);
#787=FACE_OUTER_BOUND('',#1196,.T.);
#788=FACE_OUTER_BOUND('',#1197,.T.);
#789=FACE_OUTER_BOUND('',#1198,.T.);
#790=FACE_OUTER_BOUND('',#1199,.T.);
#791=FACE_OUTER_BOUND('',#1200,.T.);
#792=FACE_OUTER_BOUND('',#1201,.T.);
#793=FACE_OUTER_BOUND('',#1202,.T.);
#794=FACE_OUTER_BOUND('',#1203,.T.);
#795=FACE_OUTER_BOUND('',#1204,.T.);
#796=FACE_OUTER_BOUND('',#1205,.T.);
#797=FACE_OUTER_BOUND('',#1206,.T.);
#798=FACE_OUTER_BOUND('',#1207,.T.);
#799=FACE_OUTER_BOUND('',#1208,.T.);
#800=FACE_OUTER_BOUND('',#1209,.T.);
#801=FACE_OUTER_BOUND('',#1210,.T.);
#802=FACE_OUTER_BOUND('',#1211,.T.);
#803=FACE_OUTER_BOUND('',#1212,.T.);
#804=FACE_OUTER_BOUND('',#1213,.T.);
#805=FACE_OUTER_BOUND('',#1214,.T.);
#806=FACE_OUTER_BOUND('',#1215,.T.);
#807=FACE_OUTER_BOUND('',#1216,.T.);
#808=FACE_OUTER_BOUND('',#1217,.T.);
#809=FACE_OUTER_BOUND('',#1218,.T.);
#810=FACE_OUTER_BOUND('',#1219,.T.);
#811=FACE_OUTER_BOUND('',#1220,.T.);
#812=FACE_OUTER_BOUND('',#1221,.T.);
#813=FACE_OUTER_BOUND('',#1222,.T.);
#814=FACE_OUTER_BOUND('',#1223,.T.);
#815=FACE_OUTER_BOUND('',#1224,.T.);
#816=FACE_OUTER_BOUND('',#1225,.T.);
#817=FACE_OUTER_BOUND('',#1226,.T.);
#818=FACE_OUTER_BOUND('',#1227,.T.);
#819=FACE_OUTER_BOUND('',#1228,.T.);
#820=FACE_OUTER_BOUND('',#1229,.T.);
#821=FACE_OUTER_BOUND('',#1230,.T.);
#822=FACE_OUTER_BOUND('',#1231,.T.);
#823=FACE_OUTER_BOUND('',#1232,.T.);
#824=FACE_OUTER_BOUND('',#1233,.T.);
#825=FACE_OUTER_BOUND('',#1234,.T.);
#826=FACE_OUTER_BOUND('',#1235,.T.);
#827=FACE_OUTER_BOUND('',#1236,.T.);
#828=FACE_OUTER_BOUND('',#1237,.T.);
#829=FACE_OUTER_BOUND('',#1238,.T.);
#830=FACE_OUTER_BOUND('',#1239,.T.);
#831=FACE_OUTER_BOUND('',#1240,.T.);
#832=FACE_OUTER_BOUND('',#1241,.T.);
#833=FACE_OUTER_BOUND('',#1242,.T.);
#834=FACE_OUTER_BOUND('',#1243,.T.);
#835=FACE_OUTER_BOUND('',#1244,.T.);
#836=FACE_OUTER_BOUND('',#1245,.T.);
#837=FACE_OUTER_BOUND('',#1246,.T.);
#838=FACE_OUTER_BOUND('',#1247,.T.);
#839=FACE_OUTER_BOUND('',#1248,.T.);
#840=FACE_OUTER_BOUND('',#1249,.T.);
#841=FACE_OUTER_BOUND('',#1250,.T.);
#842=FACE_OUTER_BOUND('',#1251,.T.);
#843=FACE_OUTER_BOUND('',#1252,.T.);
#844=FACE_OUTER_BOUND('',#1253,.T.);
#845=FACE_OUTER_BOUND('',#1254,.T.);
#846=FACE_OUTER_BOUND('',#1255,.T.);
#847=FACE_OUTER_BOUND('',#1256,.T.);
#848=FACE_OUTER_BOUND('',#1257,.T.);
#849=FACE_OUTER_BOUND('',#1258,.T.);
#850=FACE_OUTER_BOUND('',#1259,.T.);
#851=FACE_OUTER_BOUND('',#1260,.T.);
#852=FACE_OUTER_BOUND('',#1261,.T.);
#853=FACE_OUTER_BOUND('',#1263,.T.);
#854=FACE_OUTER_BOUND('',#1265,.T.);
#855=FACE_OUTER_BOUND('',#1266,.T.);
#856=FACE_OUTER_BOUND('',#1267,.T.);
#857=FACE_OUTER_BOUND('',#1268,.T.);
#858=FACE_OUTER_BOUND('',#1269,.T.);
#859=FACE_OUTER_BOUND('',#1270,.T.);
#860=FACE_OUTER_BOUND('',#1271,.T.);
#861=FACE_OUTER_BOUND('',#1272,.T.);
#862=FACE_OUTER_BOUND('',#1273,.T.);
#863=FACE_OUTER_BOUND('',#1274,.T.);
#864=FACE_OUTER_BOUND('',#1275,.T.);
#865=FACE_OUTER_BOUND('',#1276,.T.);
#866=FACE_OUTER_BOUND('',#1277,.T.);
#867=FACE_OUTER_BOUND('',#1279,.T.);
#868=FACE_OUTER_BOUND('',#1281,.T.);
#869=FACE_OUTER_BOUND('',#1283,.T.);
#870=FACE_OUTER_BOUND('',#1284,.T.);
#871=FACE_OUTER_BOUND('',#1285,.T.);
#872=FACE_OUTER_BOUND('',#1286,.T.);
#873=FACE_OUTER_BOUND('',#1287,.T.);
#874=FACE_OUTER_BOUND('',#1288,.T.);
#875=FACE_OUTER_BOUND('',#1289,.T.);
#876=FACE_OUTER_BOUND('',#1290,.T.);
#877=FACE_OUTER_BOUND('',#1291,.T.);
#878=FACE_OUTER_BOUND('',#1292,.T.);
#879=FACE_OUTER_BOUND('',#1293,.T.);
#880=FACE_OUTER_BOUND('',#1294,.T.);
#881=FACE_OUTER_BOUND('',#1295,.T.);
#882=FACE_OUTER_BOUND('',#1296,.T.);
#883=FACE_OUTER_BOUND('',#1297,.T.);
#884=FACE_OUTER_BOUND('',#1298,.T.);
#885=FACE_OUTER_BOUND('',#1299,.T.);
#886=FACE_OUTER_BOUND('',#1300,.T.);
#887=FACE_OUTER_BOUND('',#1301,.T.);
#888=FACE_OUTER_BOUND('',#1303,.T.);
#889=FACE_OUTER_BOUND('',#1305,.T.);
#890=FACE_OUTER_BOUND('',#1306,.T.);
#891=FACE_OUTER_BOUND('',#1307,.T.);
#892=FACE_OUTER_BOUND('',#1308,.T.);
#893=FACE_OUTER_BOUND('',#1309,.T.);
#894=FACE_OUTER_BOUND('',#1310,.T.);
#895=FACE_OUTER_BOUND('',#1311,.T.);
#896=FACE_OUTER_BOUND('',#1312,.T.);
#897=FACE_OUTER_BOUND('',#1313,.T.);
#898=FACE_OUTER_BOUND('',#1314,.T.);
#899=FACE_OUTER_BOUND('',#1315,.T.);
#900=FACE_OUTER_BOUND('',#1316,.T.);
#901=FACE_OUTER_BOUND('',#1317,.T.);
#902=FACE_OUTER_BOUND('',#1318,.T.);
#903=FACE_OUTER_BOUND('',#1319,.T.);
#904=FACE_OUTER_BOUND('',#1321,.T.);
#905=FACE_OUTER_BOUND('',#1323,.T.);
#906=FACE_OUTER_BOUND('',#1324,.T.);
#907=FACE_OUTER_BOUND('',#1325,.T.);
#908=FACE_OUTER_BOUND('',#1326,.T.);
#909=FACE_OUTER_BOUND('',#1327,.T.);
#910=FACE_OUTER_BOUND('',#1328,.T.);
#911=FACE_OUTER_BOUND('',#1329,.T.);
#912=FACE_OUTER_BOUND('',#1330,.T.);
#913=FACE_OUTER_BOUND('',#1331,.T.);
#914=FACE_OUTER_BOUND('',#1332,.T.);
#915=FACE_OUTER_BOUND('',#1333,.T.);
#916=FACE_OUTER_BOUND('',#1334,.T.);
#917=FACE_OUTER_BOUND('',#1335,.T.);
#918=FACE_OUTER_BOUND('',#1336,.T.);
#919=FACE_OUTER_BOUND('',#1337,.T.);
#920=FACE_OUTER_BOUND('',#1338,.T.);
#921=FACE_OUTER_BOUND('',#1339,.T.);
#922=FACE_OUTER_BOUND('',#1340,.T.);
#923=FACE_OUTER_BOUND('',#1341,.T.);
#924=FACE_OUTER_BOUND('',#1342,.T.);
#925=FACE_OUTER_BOUND('',#1343,.T.);
#926=FACE_OUTER_BOUND('',#1344,.T.);
#927=FACE_OUTER_BOUND('',#1345,.T.);
#928=FACE_OUTER_BOUND('',#1346,.T.);
#929=FACE_OUTER_BOUND('',#1347,.T.);
#930=FACE_OUTER_BOUND('',#1348,.T.);
#931=FACE_OUTER_BOUND('',#1349,.T.);
#932=FACE_OUTER_BOUND('',#1350,.T.);
#933=FACE_OUTER_BOUND('',#1351,.T.);
#934=FACE_OUTER_BOUND('',#1352,.T.);
#935=FACE_OUTER_BOUND('',#1353,.T.);
#936=FACE_OUTER_BOUND('',#1354,.T.);
#937=FACE_OUTER_BOUND('',#1355,.T.);
#938=FACE_OUTER_BOUND('',#1356,.T.);
#939=FACE_OUTER_BOUND('',#1357,.T.);
#940=FACE_OUTER_BOUND('',#1358,.T.);
#941=FACE_OUTER_BOUND('',#1359,.T.);
#942=FACE_OUTER_BOUND('',#1360,.T.);
#943=FACE_OUTER_BOUND('',#1361,.T.);
#944=FACE_OUTER_BOUND('',#1362,.T.);
#945=FACE_OUTER_BOUND('',#1363,.T.);
#946=FACE_OUTER_BOUND('',#1364,.T.);
#947=FACE_OUTER_BOUND('',#1365,.T.);
#948=FACE_OUTER_BOUND('',#1367,.T.);
#949=FACE_OUTER_BOUND('',#1369,.T.);
#950=FACE_OUTER_BOUND('',#1371,.T.);
#951=FACE_OUTER_BOUND('',#1372,.T.);
#952=FACE_OUTER_BOUND('',#1373,.T.);
#953=FACE_OUTER_BOUND('',#1374,.T.);
#954=FACE_OUTER_BOUND('',#1375,.T.);
#955=FACE_OUTER_BOUND('',#1376,.T.);
#956=FACE_OUTER_BOUND('',#1377,.T.);
#957=FACE_OUTER_BOUND('',#1378,.T.);
#958=FACE_OUTER_BOUND('',#1379,.T.);
#959=FACE_OUTER_BOUND('',#1380,.T.);
#960=FACE_OUTER_BOUND('',#1381,.T.);
#961=FACE_OUTER_BOUND('',#1382,.T.);
#962=FACE_OUTER_BOUND('',#1383,.T.);
#963=FACE_OUTER_BOUND('',#1384,.T.);
#964=FACE_OUTER_BOUND('',#1385,.T.);
#965=FACE_OUTER_BOUND('',#1386,.T.);
#966=FACE_OUTER_BOUND('',#1387,.T.);
#967=FACE_OUTER_BOUND('',#1388,.T.);
#968=FACE_OUTER_BOUND('',#1389,.T.);
#969=FACE_OUTER_BOUND('',#1391,.T.);
#970=FACE_OUTER_BOUND('',#1393,.T.);
#971=FACE_OUTER_BOUND('',#1394,.T.);
#972=FACE_OUTER_BOUND('',#1395,.T.);
#973=FACE_OUTER_BOUND('',#1397,.T.);
#974=EDGE_LOOP('',(#4214,#4215,#4216,#4217));
#975=EDGE_LOOP('',(#4218,#4219,#4220,#4221));
#976=EDGE_LOOP('',(#4222,#4223,#4224,#4225));
#977=EDGE_LOOP('',(#4226,#4227,#4228,#4229));
#978=EDGE_LOOP('',(#4230,#4231,#4232,#4233));
#979=EDGE_LOOP('',(#4234,#4235,#4236,#4237));
#980=EDGE_LOOP('',(#4238,#4239,#4240,#4241));
#981=EDGE_LOOP('',(#4242,#4243,#4244,#4245));
#982=EDGE_LOOP('',(#4246,#4247,#4248,#4249));
#983=EDGE_LOOP('',(#4250,#4251,#4252,#4253));
#984=EDGE_LOOP('',(#4254,#4255,#4256,#4257,#4258,#4259));
#985=EDGE_LOOP('',(#4260,#4261,#4262,#4263));
#986=EDGE_LOOP('',(#4264,#4265,#4266,#4267));
#987=EDGE_LOOP('',(#4268,#4269,#4270,#4271,#4272,#4273));
#988=EDGE_LOOP('',(#4274,#4275,#4276,#4277));
#989=EDGE_LOOP('',(#4278,#4279,#4280,#4281));
#990=EDGE_LOOP('',(#4282,#4283,#4284,#4285));
#991=EDGE_LOOP('',(#4286));
#992=EDGE_LOOP('',(#4287,#4288,#4289,#4290));
#993=EDGE_LOOP('',(#4291,#4292,#4293,#4294));
#994=EDGE_LOOP('',(#4295));
#995=EDGE_LOOP('',(#4296,#4297,#4298,#4299));
#996=EDGE_LOOP('',(#4300,#4301,#4302,#4303,#4304,#4305));
#997=EDGE_LOOP('',(#4306,#4307,#4308,#4309));
#998=EDGE_LOOP('',(#4310,#4311,#4312,#4313));
#999=EDGE_LOOP('',(#4314,#4315,#4316,#4317,#4318,#4319));
#1000=EDGE_LOOP('',(#4320,#4321,#4322,#4323));
#1001=EDGE_LOOP('',(#4324,#4325,#4326,#4327));
#1002=EDGE_LOOP('',(#4328,#4329,#4330,#4331));
#1003=EDGE_LOOP('',(#4332));
#1004=EDGE_LOOP('',(#4333,#4334,#4335,#4336));
#1005=EDGE_LOOP('',(#4337,#4338,#4339,#4340));
#1006=EDGE_LOOP('',(#4341));
#1007=EDGE_LOOP('',(#4342,#4343,#4344,#4345));
#1008=EDGE_LOOP('',(#4346,#4347,#4348,#4349));
#1009=EDGE_LOOP('',(#4350,#4351,#4352,#4353));
#1010=EDGE_LOOP('',(#4354,#4355,#4356,#4357));
#1011=EDGE_LOOP('',(#4358,#4359,#4360,#4361));
#1012=EDGE_LOOP('',(#4362,#4363,#4364,#4365));
#1013=EDGE_LOOP('',(#4366,#4367,#4368,#4369));
#1014=EDGE_LOOP('',(#4370,#4371,#4372,#4373));
#1015=EDGE_LOOP('',(#4374,#4375,#4376,#4377));
#1016=EDGE_LOOP('',(#4378,#4379,#4380,#4381));
#1017=EDGE_LOOP('',(#4382,#4383,#4384,#4385));
#1018=EDGE_LOOP('',(#4386,#4387,#4388,#4389));
#1019=EDGE_LOOP('',(#4390,#4391,#4392,#4393));
#1020=EDGE_LOOP('',(#4394,#4395,#4396,#4397));
#1021=EDGE_LOOP('',(#4398,#4399,#4400,#4401));
#1022=EDGE_LOOP('',(#4402,#4403,#4404,#4405));
#1023=EDGE_LOOP('',(#4406,#4407,#4408,#4409));
#1024=EDGE_LOOP('',(#4410,#4411,#4412,#4413));
#1025=EDGE_LOOP('',(#4414,#4415,#4416,#4417));
#1026=EDGE_LOOP('',(#4418,#4419,#4420,#4421));
#1027=EDGE_LOOP('',(#4422,#4423,#4424,#4425));
#1028=EDGE_LOOP('',(#4426,#4427,#4428,#4429));
#1029=EDGE_LOOP('',(#4430,#4431,#4432,#4433));
#1030=EDGE_LOOP('',(#4434,#4435,#4436,#4437));
#1031=EDGE_LOOP('',(#4438,#4439,#4440,#4441));
#1032=EDGE_LOOP('',(#4442,#4443,#4444,#4445));
#1033=EDGE_LOOP('',(#4446,#4447,#4448,#4449));
#1034=EDGE_LOOP('',(#4450,#4451,#4452,#4453));
#1035=EDGE_LOOP('',(#4454,#4455,#4456,#4457));
#1036=EDGE_LOOP('',(#4458,#4459,#4460,#4461,#4462,#4463));
#1037=EDGE_LOOP('',(#4464,#4465,#4466,#4467,#4468,#4469,#4470,#4471,#4472,
#4473,#4474,#4475));
#1038=EDGE_LOOP('',(#4476,#4477,#4478,#4479,#4480,#4481,#4482,#4483,#4484,
#4485,#4486,#4487));
#1039=EDGE_LOOP('',(#4488,#4489,#4490,#4491));
#1040=EDGE_LOOP('',(#4492,#4493,#4494,#4495));
#1041=EDGE_LOOP('',(#4496,#4497,#4498,#4499));
#1042=EDGE_LOOP('',(#4500,#4501,#4502,#4503));
#1043=EDGE_LOOP('',(#4504,#4505,#4506,#4507));
#1044=EDGE_LOOP('',(#4508,#4509,#4510,#4511));
#1045=EDGE_LOOP('',(#4512,#4513,#4514,#4515));
#1046=EDGE_LOOP('',(#4516,#4517,#4518,#4519));
#1047=EDGE_LOOP('',(#4520,#4521,#4522,#4523));
#1048=EDGE_LOOP('',(#4524,#4525,#4526,#4527));
#1049=EDGE_LOOP('',(#4528,#4529,#4530,#4531));
#1050=EDGE_LOOP('',(#4532,#4533,#4534,#4535));
#1051=EDGE_LOOP('',(#4536,#4537,#4538,#4539));
#1052=EDGE_LOOP('',(#4540,#4541,#4542,#4543));
#1053=EDGE_LOOP('',(#4544,#4545,#4546,#4547));
#1054=EDGE_LOOP('',(#4548,#4549,#4550,#4551));
#1055=EDGE_LOOP('',(#4552,#4553,#4554,#4555,#4556,#4557));
#1056=EDGE_LOOP('',(#4558,#4559,#4560,#4561));
#1057=EDGE_LOOP('',(#4562,#4563,#4564,#4565));
#1058=EDGE_LOOP('',(#4566,#4567,#4568,#4569,#4570,#4571,#4572,#4573,#4574,
#4575,#4576,#4577,#4578));
#1059=EDGE_LOOP('',(#4579));
#1060=EDGE_LOOP('',(#4580));
#1061=EDGE_LOOP('',(#4581,#4582,#4583,#4584));
#1062=EDGE_LOOP('',(#4585,#4586,#4587,#4588,#4589));
#1063=EDGE_LOOP('',(#4590,#4591,#4592,#4593));
#1064=EDGE_LOOP('',(#4594,#4595,#4596,#4597,#4598,#4599,#4600));
#1065=EDGE_LOOP('',(#4601));
#1066=EDGE_LOOP('',(#4602,#4603,#4604,#4605));
#1067=EDGE_LOOP('',(#4606,#4607,#4608,#4609,#4610,#4611,#4612,#4613,#4614));
#1068=EDGE_LOOP('',(#4615));
#1069=EDGE_LOOP('',(#4616,#4617,#4618,#4619));
#1070=EDGE_LOOP('',(#4620,#4621,#4622,#4623));
#1071=EDGE_LOOP('',(#4624,#4625,#4626,#4627));
#1072=EDGE_LOOP('',(#4628,#4629,#4630,#4631));
#1073=EDGE_LOOP('',(#4632,#4633,#4634,#4635));
#1074=EDGE_LOOP('',(#4636,#4637,#4638,#4639));
#1075=EDGE_LOOP('',(#4640,#4641,#4642,#4643));
#1076=EDGE_LOOP('',(#4644,#4645,#4646,#4647));
#1077=EDGE_LOOP('',(#4648));
#1078=EDGE_LOOP('',(#4649,#4650,#4651,#4652));
#1079=EDGE_LOOP('',(#4653));
#1080=EDGE_LOOP('',(#4654,#4655,#4656,#4657));
#1081=EDGE_LOOP('',(#4658,#4659,#4660,#4661));
#1082=EDGE_LOOP('',(#4662,#4663,#4664,#4665));
#1083=EDGE_LOOP('',(#4666,#4667,#4668,#4669));
#1084=EDGE_LOOP('',(#4670,#4671,#4672,#4673));
#1085=EDGE_LOOP('',(#4674,#4675,#4676,#4677));
#1086=EDGE_LOOP('',(#4678,#4679,#4680,#4681));
#1087=EDGE_LOOP('',(#4682,#4683,#4684,#4685));
#1088=EDGE_LOOP('',(#4686,#4687,#4688,#4689));
#1089=EDGE_LOOP('',(#4690,#4691,#4692,#4693,#4694,#4695));
#1090=EDGE_LOOP('',(#4696,#4697,#4698,#4699));
#1091=EDGE_LOOP('',(#4700,#4701,#4702,#4703));
#1092=EDGE_LOOP('',(#4704,#4705,#4706,#4707,#4708,#4709));
#1093=EDGE_LOOP('',(#4710,#4711,#4712,#4713,#4714,#4715,#4716,#4717,#4718,
#4719,#4720,#4721,#4722));
#1094=EDGE_LOOP('',(#4723));
#1095=EDGE_LOOP('',(#4724));
#1096=EDGE_LOOP('',(#4725,#4726,#4727,#4728));
#1097=EDGE_LOOP('',(#4729,#4730,#4731,#4732,#4733,#4734,#4735,#4736,#4737));
#1098=EDGE_LOOP('',(#4738));
#1099=EDGE_LOOP('',(#4739,#4740,#4741,#4742));
#1100=EDGE_LOOP('',(#4743,#4744,#4745,#4746,#4747,#4748,#4749,#4750));
#1101=EDGE_LOOP('',(#4751));
#1102=EDGE_LOOP('',(#4752,#4753,#4754,#4755,#4756,#4757));
#1103=EDGE_LOOP('',(#4758,#4759,#4760,#4761,#4762,#4763));
#1104=EDGE_LOOP('',(#4764,#4765,#4766,#4767));
#1105=EDGE_LOOP('',(#4768,#4769,#4770,#4771));
#1106=EDGE_LOOP('',(#4772,#4773,#4774,#4775));
#1107=EDGE_LOOP('',(#4776,#4777,#4778,#4779));
#1108=EDGE_LOOP('',(#4780,#4781,#4782,#4783));
#1109=EDGE_LOOP('',(#4784,#4785,#4786,#4787));
#1110=EDGE_LOOP('',(#4788,#4789,#4790,#4791));
#1111=EDGE_LOOP('',(#4792));
#1112=EDGE_LOOP('',(#4793,#4794,#4795,#4796));
#1113=EDGE_LOOP('',(#4797,#4798,#4799,#4800));
#1114=EDGE_LOOP('',(#4801));
#1115=EDGE_LOOP('',(#4802,#4803,#4804,#4805));
#1116=EDGE_LOOP('',(#4806,#4807,#4808,#4809));
#1117=EDGE_LOOP('',(#4810,#4811,#4812,#4813));
#1118=EDGE_LOOP('',(#4814,#4815,#4816,#4817));
#1119=EDGE_LOOP('',(#4818,#4819,#4820,#4821));
#1120=EDGE_LOOP('',(#4822,#4823,#4824,#4825));
#1121=EDGE_LOOP('',(#4826,#4827,#4828,#4829));
#1122=EDGE_LOOP('',(#4830,#4831,#4832,#4833));
#1123=EDGE_LOOP('',(#4834,#4835,#4836,#4837));
#1124=EDGE_LOOP('',(#4838,#4839,#4840,#4841,#4842,#4843,#4844,#4845,#4846,
#4847,#4848,#4849));
#1125=EDGE_LOOP('',(#4850,#4851,#4852,#4853));
#1126=EDGE_LOOP('',(#4854,#4855,#4856,#4857));
#1127=EDGE_LOOP('',(#4858,#4859,#4860,#4861));
#1128=EDGE_LOOP('',(#4862,#4863,#4864,#4865));
#1129=EDGE_LOOP('',(#4866,#4867,#4868,#4869));
#1130=EDGE_LOOP('',(#4870,#4871,#4872,#4873));
#1131=EDGE_LOOP('',(#4874,#4875,#4876,#4877));
#1132=EDGE_LOOP('',(#4878,#4879,#4880,#4881));
#1133=EDGE_LOOP('',(#4882,#4883,#4884,#4885));
#1134=EDGE_LOOP('',(#4886,#4887,#4888,#4889));
#1135=EDGE_LOOP('',(#4890,#4891,#4892,#4893,#4894,#4895,#4896,#4897,#4898,
#4899,#4900,#4901));
#1136=EDGE_LOOP('',(#4902,#4903,#4904,#4905));
#1137=EDGE_LOOP('',(#4906,#4907,#4908,#4909));
#1138=EDGE_LOOP('',(#4910,#4911,#4912,#4913));
#1139=EDGE_LOOP('',(#4914,#4915,#4916,#4917));
#1140=EDGE_LOOP('',(#4918,#4919,#4920,#4921,#4922,#4923,#4924,#4925,#4926,
#4927,#4928,#4929,#4930));
#1141=EDGE_LOOP('',(#4931));
#1142=EDGE_LOOP('',(#4932,#4933,#4934,#4935));
#1143=EDGE_LOOP('',(#4936,#4937,#4938,#4939));
#1144=EDGE_LOOP('',(#4940,#4941,#4942,#4943));
#1145=EDGE_LOOP('',(#4944,#4945,#4946,#4947,#4948,#4949,#4950,#4951,#4952,
#4953,#4954,#4955,#4956));
#1146=EDGE_LOOP('',(#4957));
#1147=EDGE_LOOP('',(#4958,#4959,#4960,#4961,#4962,#4963,#4964,#4965,#4966,
#4967,#4968,#4969,#4970));
#1148=EDGE_LOOP('',(#4971));
#1149=EDGE_LOOP('',(#4972,#4973,#4974,#4975));
#1150=EDGE_LOOP('',(#4976,#4977,#4978,#4979));
#1151=EDGE_LOOP('',(#4980,#4981,#4982,#4983));
#1152=EDGE_LOOP('',(#4984,#4985,#4986,#4987,#4988,#4989,#4990,#4991,#4992,
#4993,#4994,#4995,#4996));
#1153=EDGE_LOOP('',(#4997));
#1154=EDGE_LOOP('',(#4998,#4999,#5000,#5001));
#1155=EDGE_LOOP('',(#5002,#5003,#5004,#5005));
#1156=EDGE_LOOP('',(#5006,#5007,#5008,#5009));
#1157=EDGE_LOOP('',(#5010,#5011,#5012,#5013,#5014,#5015,#5016,#5017,#5018,
#5019,#5020,#5021,#5022,#5023,#5024,#5025,#5026,#5027,#5028,#5029));
#1158=EDGE_LOOP('',(#5030,#5031,#5032,#5033,#5034,#5035));
#1159=EDGE_LOOP('',(#5036,#5037,#5038,#5039));
#1160=EDGE_LOOP('',(#5040,#5041,#5042,#5043));
#1161=EDGE_LOOP('',(#5044,#5045,#5046,#5047));
#1162=EDGE_LOOP('',(#5048,#5049,#5050,#5051));
#1163=EDGE_LOOP('',(#5052,#5053,#5054,#5055));
#1164=EDGE_LOOP('',(#5056,#5057,#5058,#5059,#5060,#5061,#5062,#5063,#5064,
#5065,#5066,#5067));
#1165=EDGE_LOOP('',(#5068,#5069,#5070,#5071));
#1166=EDGE_LOOP('',(#5072,#5073,#5074,#5075));
#1167=EDGE_LOOP('',(#5076,#5077,#5078,#5079));
#1168=EDGE_LOOP('',(#5080,#5081,#5082,#5083));
#1169=EDGE_LOOP('',(#5084,#5085,#5086,#5087));
#1170=EDGE_LOOP('',(#5088,#5089,#5090,#5091,#5092,#5093));
#1171=EDGE_LOOP('',(#5094,#5095,#5096,#5097));
#1172=EDGE_LOOP('',(#5098,#5099,#5100,#5101));
#1173=EDGE_LOOP('',(#5102));
#1174=EDGE_LOOP('',(#5103,#5104,#5105,#5106));
#1175=EDGE_LOOP('',(#5107,#5108,#5109,#5110,#5111,#5112,#5113,#5114,#5115));
#1176=EDGE_LOOP('',(#5116,#5117,#5118,#5119));
#1177=EDGE_LOOP('',(#5120,#5121,#5122,#5123));
#1178=EDGE_LOOP('',(#5124,#5125,#5126,#5127));
#1179=EDGE_LOOP('',(#5128,#5129,#5130,#5131,#5132,#5133,#5134,#5135,#5136));
#1180=EDGE_LOOP('',(#5137,#5138,#5139,#5140));
#1181=EDGE_LOOP('',(#5141,#5142,#5143,#5144));
#1182=EDGE_LOOP('',(#5145));
#1183=EDGE_LOOP('',(#5146,#5147,#5148,#5149));
#1184=EDGE_LOOP('',(#5150));
#1185=EDGE_LOOP('',(#5151,#5152,#5153,#5154));
#1186=EDGE_LOOP('',(#5155,#5156,#5157,#5158,#5159,#5160,#5161,#5162,#5163));
#1187=EDGE_LOOP('',(#5164,#5165,#5166,#5167));
#1188=EDGE_LOOP('',(#5168,#5169,#5170,#5171));
#1189=EDGE_LOOP('',(#5172,#5173,#5174,#5175));
#1190=EDGE_LOOP('',(#5176,#5177,#5178,#5179,#5180,#5181,#5182,#5183,#5184));
#1191=EDGE_LOOP('',(#5185,#5186,#5187,#5188));
#1192=EDGE_LOOP('',(#5189,#5190,#5191,#5192));
#1193=EDGE_LOOP('',(#5193));
#1194=EDGE_LOOP('',(#5194,#5195,#5196,#5197));
#1195=EDGE_LOOP('',(#5198,#5199,#5200,#5201));
#1196=EDGE_LOOP('',(#5202,#5203,#5204,#5205));
#1197=EDGE_LOOP('',(#5206,#5207,#5208,#5209,#5210,#5211,#5212,#5213,#5214,
#5215,#5216,#5217));
#1198=EDGE_LOOP('',(#5218,#5219,#5220,#5221));
#1199=EDGE_LOOP('',(#5222,#5223,#5224,#5225));
#1200=EDGE_LOOP('',(#5226,#5227,#5228,#5229));
#1201=EDGE_LOOP('',(#5230,#5231,#5232,#5233));
#1202=EDGE_LOOP('',(#5234,#5235,#5236,#5237));
#1203=EDGE_LOOP('',(#5238,#5239,#5240,#5241));
#1204=EDGE_LOOP('',(#5242,#5243,#5244,#5245));
#1205=EDGE_LOOP('',(#5246,#5247,#5248,#5249));
#1206=EDGE_LOOP('',(#5250,#5251,#5252,#5253));
#1207=EDGE_LOOP('',(#5254,#5255,#5256,#5257,#5258,#5259,#5260,#5261,#5262,
#5263,#5264,#5265));
#1208=EDGE_LOOP('',(#5266,#5267,#5268,#5269));
#1209=EDGE_LOOP('',(#5270,#5271,#5272,#5273));
#1210=EDGE_LOOP('',(#5274,#5275,#5276,#5277));
#1211=EDGE_LOOP('',(#5278,#5279,#5280,#5281));
#1212=EDGE_LOOP('',(#5282,#5283,#5284,#5285));
#1213=EDGE_LOOP('',(#5286,#5287,#5288,#5289));
#1214=EDGE_LOOP('',(#5290,#5291,#5292,#5293,#5294,#5295,#5296,#5297,#5298,
#5299,#5300,#5301));
#1215=EDGE_LOOP('',(#5302,#5303,#5304,#5305));
#1216=EDGE_LOOP('',(#5306,#5307,#5308,#5309));
#1217=EDGE_LOOP('',(#5310,#5311,#5312,#5313));
#1218=EDGE_LOOP('',(#5314,#5315,#5316,#5317,#5318,#5319,#5320,#5321,#5322,
#5323,#5324,#5325));
#1219=EDGE_LOOP('',(#5326,#5327,#5328,#5329,#5330,#5331,#5332,#5333,#5334,
#5335,#5336,#5337));
#1220=EDGE_LOOP('',(#5338,#5339,#5340,#5341));
#1221=EDGE_LOOP('',(#5342,#5343,#5344,#5345));
#1222=EDGE_LOOP('',(#5346,#5347,#5348,#5349));
#1223=EDGE_LOOP('',(#5350,#5351,#5352,#5353,#5354,#5355,#5356,#5357,#5358,
#5359,#5360,#5361));
#1224=EDGE_LOOP('',(#5362,#5363,#5364,#5365));
#1225=EDGE_LOOP('',(#5366,#5367,#5368,#5369));
#1226=EDGE_LOOP('',(#5370,#5371,#5372,#5373));
#1227=EDGE_LOOP('',(#5374,#5375,#5376,#5377));
#1228=EDGE_LOOP('',(#5378,#5379,#5380,#5381));
#1229=EDGE_LOOP('',(#5382,#5383,#5384,#5385));
#1230=EDGE_LOOP('',(#5386,#5387,#5388,#5389));
#1231=EDGE_LOOP('',(#5390,#5391,#5392,#5393));
#1232=EDGE_LOOP('',(#5394,#5395,#5396,#5397));
#1233=EDGE_LOOP('',(#5398,#5399,#5400,#5401,#5402,#5403,#5404,#5405,#5406,
#5407,#5408,#5409));
#1234=EDGE_LOOP('',(#5410,#5411,#5412,#5413));
#1235=EDGE_LOOP('',(#5414,#5415,#5416,#5417));
#1236=EDGE_LOOP('',(#5418,#5419,#5420,#5421));
#1237=EDGE_LOOP('',(#5422,#5423,#5424,#5425));
#1238=EDGE_LOOP('',(#5426,#5427,#5428,#5429));
#1239=EDGE_LOOP('',(#5430,#5431,#5432,#5433));
#1240=EDGE_LOOP('',(#5434,#5435,#5436,#5437));
#1241=EDGE_LOOP('',(#5438,#5439,#5440,#5441));
#1242=EDGE_LOOP('',(#5442,#5443,#5444,#5445));
#1243=EDGE_LOOP('',(#5446,#5447,#5448,#5449,#5450,#5451,#5452,#5453,#5454,
#5455,#5456,#5457));
#1244=EDGE_LOOP('',(#5458,#5459,#5460,#5461,#5462,#5463,#5464,#5465,#5466,
#5467,#5468,#5469));
#1245=EDGE_LOOP('',(#5470,#5471,#5472,#5473));
#1246=EDGE_LOOP('',(#5474,#5475,#5476,#5477));
#1247=EDGE_LOOP('',(#5478,#5479,#5480,#5481));
#1248=EDGE_LOOP('',(#5482,#5483,#5484,#5485,#5486,#5487,#5488,#5489,#5490,
#5491,#5492,#5493));
#1249=EDGE_LOOP('',(#5494,#5495,#5496,#5497,#5498,#5499,#5500,#5501,#5502,
#5503,#5504,#5505));
#1250=EDGE_LOOP('',(#5506,#5507,#5508,#5509));
#1251=EDGE_LOOP('',(#5510,#5511,#5512,#5513));
#1252=EDGE_LOOP('',(#5514,#5515,#5516,#5517));
#1253=EDGE_LOOP('',(#5518,#5519,#5520,#5521,#5522,#5523,#5524,#5525,#5526,
#5527,#5528,#5529));
#1254=EDGE_LOOP('',(#5530,#5531,#5532,#5533));
#1255=EDGE_LOOP('',(#5534,#5535,#5536,#5537,#5538));
#1256=EDGE_LOOP('',(#5539,#5540,#5541,#5542,#5543));
#1257=EDGE_LOOP('',(#5544,#5545,#5546,#5547));
#1258=EDGE_LOOP('',(#5548,#5549,#5550,#5551));
#1259=EDGE_LOOP('',(#5552,#5553,#5554));
#1260=EDGE_LOOP('',(#5555,#5556,#5557,#5558,#5559));
#1261=EDGE_LOOP('',(#5560));
#1262=EDGE_LOOP('',(#5561));
#1263=EDGE_LOOP('',(#5562));
#1264=EDGE_LOOP('',(#5563));
#1265=EDGE_LOOP('',(#5564,#5565,#5566,#5567));
#1266=EDGE_LOOP('',(#5568,#5569,#5570,#5571,#5572));
#1267=EDGE_LOOP('',(#5573,#5574,#5575,#5576));
#1268=EDGE_LOOP('',(#5577,#5578,#5579,#5580));
#1269=EDGE_LOOP('',(#5581,#5582,#5583,#5584,#5585,#5586));
#1270=EDGE_LOOP('',(#5587,#5588,#5589,#5590));
#1271=EDGE_LOOP('',(#5591,#5592,#5593,#5594,#5595));
#1272=EDGE_LOOP('',(#5596,#5597,#5598,#5599,#5600));
#1273=EDGE_LOOP('',(#5601,#5602,#5603,#5604));
#1274=EDGE_LOOP('',(#5605,#5606,#5607,#5608,#5609));
#1275=EDGE_LOOP('',(#5610,#5611,#5612,#5613,#5614));
#1276=EDGE_LOOP('',(#5615,#5616,#5617,#5618,#5619));
#1277=EDGE_LOOP('',(#5620));
#1278=EDGE_LOOP('',(#5621));
#1279=EDGE_LOOP('',(#5622));
#1280=EDGE_LOOP('',(#5623,#5624,#5625,#5626,#5627,#5628));
#1281=EDGE_LOOP('',(#5629));
#1282=EDGE_LOOP('',(#5630));
#1283=EDGE_LOOP('',(#5631));
#1284=EDGE_LOOP('',(#5632,#5633,#5634,#5635));
#1285=EDGE_LOOP('',(#5636,#5637,#5638,#5639));
#1286=EDGE_LOOP('',(#5640,#5641,#5642,#5643));
#1287=EDGE_LOOP('',(#5644,#5645,#5646,#5647));
#1288=EDGE_LOOP('',(#5648,#5649,#5650,#5651));
#1289=EDGE_LOOP('',(#5652,#5653,#5654,#5655,#5656,#5657,#5658,#5659,#5660,
#5661,#5662,#5663));
#1290=EDGE_LOOP('',(#5664,#5665,#5666,#5667));
#1291=EDGE_LOOP('',(#5668,#5669,#5670,#5671,#5672));
#1292=EDGE_LOOP('',(#5673,#5674,#5675,#5676));
#1293=EDGE_LOOP('',(#5677,#5678,#5679,#5680));
#1294=EDGE_LOOP('',(#5681,#5682,#5683,#5684));
#1295=EDGE_LOOP('',(#5685,#5686,#5687,#5688,#5689));
#1296=EDGE_LOOP('',(#5690,#5691,#5692,#5693));
#1297=EDGE_LOOP('',(#5694,#5695,#5696,#5697,#5698));
#1298=EDGE_LOOP('',(#5699,#5700,#5701,#5702,#5703));
#1299=EDGE_LOOP('',(#5704,#5705,#5706,#5707));
#1300=EDGE_LOOP('',(#5708,#5709,#5710,#5711));
#1301=EDGE_LOOP('',(#5712));
#1302=EDGE_LOOP('',(#5713));
#1303=EDGE_LOOP('',(#5714));
#1304=EDGE_LOOP('',(#5715));
#1305=EDGE_LOOP('',(#5716,#5717,#5718));
#1306=EDGE_LOOP('',(#5719,#5720,#5721));
#1307=EDGE_LOOP('',(#5722,#5723,#5724));
#1308=EDGE_LOOP('',(#5725,#5726,#5727));
#1309=EDGE_LOOP('',(#5728,#5729,#5730));
#1310=EDGE_LOOP('',(#5731,#5732,#5733));
#1311=EDGE_LOOP('',(#5734,#5735,#5736,#5737,#5738));
#1312=EDGE_LOOP('',(#5739,#5740,#5741,#5742,#5743));
#1313=EDGE_LOOP('',(#5744,#5745,#5746,#5747,#5748));
#1314=EDGE_LOOP('',(#5749,#5750,#5751,#5752,#5753));
#1315=EDGE_LOOP('',(#5754,#5755,#5756,#5757));
#1316=EDGE_LOOP('',(#5758,#5759,#5760,#5761,#5762,#5763,#5764,#5765,#5766,
#5767));
#1317=EDGE_LOOP('',(#5768,#5769,#5770,#5771,#5772,#5773,#5774,#5775,#5776,
#5777));
#1318=EDGE_LOOP('',(#5778,#5779,#5780,#5781,#5782,#5783));
#1319=EDGE_LOOP('',(#5784));
#1320=EDGE_LOOP('',(#5785));
#1321=EDGE_LOOP('',(#5786));
#1322=EDGE_LOOP('',(#5787));
#1323=EDGE_LOOP('',(#5788,#5789,#5790,#5791));
#1324=EDGE_LOOP('',(#5792,#5793,#5794,#5795));
#1325=EDGE_LOOP('',(#5796,#5797,#5798,#5799));
#1326=EDGE_LOOP('',(#5800,#5801,#5802,#5803));
#1327=EDGE_LOOP('',(#5804,#5805,#5806,#5807));
#1328=EDGE_LOOP('',(#5808,#5809,#5810,#5811));
#1329=EDGE_LOOP('',(#5812,#5813,#5814,#5815));
#1330=EDGE_LOOP('',(#5816,#5817,#5818));
#1331=EDGE_LOOP('',(#5819,#5820,#5821,#5822));
#1332=EDGE_LOOP('',(#5823,#5824,#5825,#5826));
#1333=EDGE_LOOP('',(#5827,#5828,#5829,#5830));
#1334=EDGE_LOOP('',(#5831,#5832,#5833,#5834));
#1335=EDGE_LOOP('',(#5835,#5836,#5837,#5838));
#1336=EDGE_LOOP('',(#5839,#5840,#5841,#5842));
#1337=EDGE_LOOP('',(#5843,#5844,#5845));
#1338=EDGE_LOOP('',(#5846,#5847,#5848));
#1339=EDGE_LOOP('',(#5849,#5850,#5851,#5852));
#1340=EDGE_LOOP('',(#5853,#5854,#5855,#5856));
#1341=EDGE_LOOP('',(#5857,#5858,#5859,#5860));
#1342=EDGE_LOOP('',(#5861,#5862,#5863,#5864));
#1343=EDGE_LOOP('',(#5865,#5866,#5867,#5868));
#1344=EDGE_LOOP('',(#5869,#5870,#5871,#5872));
#1345=EDGE_LOOP('',(#5873,#5874,#5875));
#1346=EDGE_LOOP('',(#5876,#5877,#5878));
#1347=EDGE_LOOP('',(#5879,#5880,#5881,#5882));
#1348=EDGE_LOOP('',(#5883,#5884,#5885,#5886));
#1349=EDGE_LOOP('',(#5887,#5888,#5889,#5890));
#1350=EDGE_LOOP('',(#5891,#5892,#5893,#5894));
#1351=EDGE_LOOP('',(#5895,#5896,#5897));
#1352=EDGE_LOOP('',(#5898,#5899,#5900,#5901));
#1353=EDGE_LOOP('',(#5902,#5903,#5904,#5905));
#1354=EDGE_LOOP('',(#5906,#5907,#5908,#5909,#5910));
#1355=EDGE_LOOP('',(#5911,#5912,#5913,#5914));
#1356=EDGE_LOOP('',(#5915,#5916,#5917,#5918));
#1357=EDGE_LOOP('',(#5919,#5920,#5921,#5922,#5923,#5924));
#1358=EDGE_LOOP('',(#5925,#5926,#5927,#5928));
#1359=EDGE_LOOP('',(#5929,#5930,#5931,#5932,#5933));
#1360=EDGE_LOOP('',(#5934,#5935,#5936,#5937,#5938));
#1361=EDGE_LOOP('',(#5939,#5940,#5941,#5942));
#1362=EDGE_LOOP('',(#5943,#5944,#5945,#5946,#5947));
#1363=EDGE_LOOP('',(#5948,#5949,#5950,#5951,#5952));
#1364=EDGE_LOOP('',(#5953,#5954,#5955,#5956,#5957));
#1365=EDGE_LOOP('',(#5958));
#1366=EDGE_LOOP('',(#5959));
#1367=EDGE_LOOP('',(#5960));
#1368=EDGE_LOOP('',(#5961,#5962,#5963,#5964,#5965,#5966));
#1369=EDGE_LOOP('',(#5967));
#1370=EDGE_LOOP('',(#5968));
#1371=EDGE_LOOP('',(#5969));
#1372=EDGE_LOOP('',(#5970,#5971,#5972,#5973));
#1373=EDGE_LOOP('',(#5974,#5975,#5976,#5977));
#1374=EDGE_LOOP('',(#5978,#5979,#5980,#5981));
#1375=EDGE_LOOP('',(#5982,#5983,#5984,#5985));
#1376=EDGE_LOOP('',(#5986,#5987,#5988,#5989));
#1377=EDGE_LOOP('',(#5990,#5991,#5992,#5993,#5994,#5995,#5996,#5997,#5998,
#5999,#6000,#6001));
#1378=EDGE_LOOP('',(#6002,#6003,#6004,#6005));
#1379=EDGE_LOOP('',(#6006,#6007,#6008,#6009,#6010));
#1380=EDGE_LOOP('',(#6011,#6012,#6013,#6014));
#1381=EDGE_LOOP('',(#6015,#6016,#6017,#6018));
#1382=EDGE_LOOP('',(#6019,#6020,#6021,#6022));
#1383=EDGE_LOOP('',(#6023,#6024,#6025,#6026,#6027));
#1384=EDGE_LOOP('',(#6028,#6029,#6030,#6031));
#1385=EDGE_LOOP('',(#6032,#6033,#6034,#6035,#6036));
#1386=EDGE_LOOP('',(#6037,#6038,#6039,#6040,#6041));
#1387=EDGE_LOOP('',(#6042,#6043,#6044,#6045));
#1388=EDGE_LOOP('',(#6046,#6047,#6048,#6049));
#1389=EDGE_LOOP('',(#6050));
#1390=EDGE_LOOP('',(#6051));
#1391=EDGE_LOOP('',(#6052));
#1392=EDGE_LOOP('',(#6053));
#1393=EDGE_LOOP('',(#6054,#6055,#6056,#6057));
#1394=EDGE_LOOP('',(#6058,#6059,#6060,#6061));
#1395=EDGE_LOOP('',(#6062));
#1396=EDGE_LOOP('',(#6063));
#1397=EDGE_LOOP('',(#6064));
#1398=EDGE_LOOP('',(#6065));
#1399=LINE('',#9255,#1895);
#1400=LINE('',#9261,#1896);
#1401=LINE('',#9266,#1897);
#1402=LINE('',#9270,#1898);
#1403=LINE('',#9274,#1899);
#1404=LINE('',#9276,#1900);
#1405=LINE('',#9277,#1901);
#1406=LINE('',#9281,#1902);
#1407=LINE('',#9285,#1903);
#1408=LINE('',#9289,#1904);
#1409=LINE('',#9291,#1905);
#1410=LINE('',#9292,#1906);
#1411=LINE('',#9296,#1907);
#1412=LINE('',#9301,#1908);
#1413=LINE('',#9303,#1909);
#1414=LINE('',#9304,#1910);
#1415=LINE('',#9308,#1911);
#1416=LINE('',#9312,#1912);
#1417=LINE('',#9315,#1913);
#1418=LINE('',#9316,#1914);
#1419=LINE('',#9321,#1915);
#1420=LINE('',#9324,#1916);
#1421=LINE('',#9325,#1917);
#1422=LINE('',#9328,#1918);
#1423=LINE('',#9332,#1919);
#1424=LINE('',#9336,#1920);
#1425=LINE('',#9338,#1921);
#1426=LINE('',#9339,#1922);
#1427=LINE('',#9342,#1923);
#1428=LINE('',#9344,#1924);
#1429=LINE('',#9350,#1925);
#1430=LINE('',#9353,#1926);
#1431=LINE('',#9355,#1927);
#1432=LINE('',#9357,#1928);
#1433=LINE('',#9362,#1929);
#1434=LINE('',#9365,#1930);
#1435=LINE('',#9370,#1931);
#1436=LINE('',#9373,#1932);
#1437=LINE('',#9375,#1933);
#1438=LINE('',#9379,#1934);
#1439=LINE('',#9382,#1935);
#1440=LINE('',#9388,#1936);
#1441=LINE('',#9391,#1937);
#1442=LINE('',#9395,#1938);
#1443=LINE('',#9396,#1939);
#1444=LINE('',#9397,#1940);
#1445=LINE('',#9402,#1941);
#1446=LINE('',#9403,#1942);
#1447=LINE('',#9406,#1943);
#1448=LINE('',#9410,#1944);
#1449=LINE('',#9413,#1945);
#1450=LINE('',#9415,#1946);
#1451=LINE('',#9418,#1947);
#1452=LINE('',#9422,#1948);
#1453=LINE('',#9426,#1949);
#1454=LINE('',#9430,#1950);
#1455=LINE('',#9434,#1951);
#1456=LINE('',#9436,#1952);
#1457=LINE('',#9438,#1953);
#1458=LINE('',#9439,#1954);
#1459=LINE('',#9441,#1955);
#1460=LINE('',#9443,#1956);
#1461=LINE('',#9446,#1957);
#1462=LINE('',#9447,#1958);
#1463=LINE('',#9449,#1959);
#1464=LINE('',#9451,#1960);
#1465=LINE('',#9458,#1961);
#1466=LINE('',#9459,#1962);
#1467=LINE('',#9461,#1963);
#1468=LINE('',#9463,#1964);
#1469=LINE('',#9466,#1965);
#1470=LINE('',#9467,#1966);
#1471=LINE('',#9469,#1967);
#1472=LINE('',#9471,#1968);
#1473=LINE('',#9478,#1969);
#1474=LINE('',#9484,#1970);
#1475=LINE('',#9490,#1971);
#1476=LINE('',#9496,#1972);
#1477=LINE('',#9502,#1973);
#1478=LINE('',#9508,#1974);
#1479=LINE('',#9519,#1975);
#1480=LINE('',#9522,#1976);
#1481=LINE('',#9526,#1977);
#1482=LINE('',#9530,#1978);
#1483=LINE('',#9532,#1979);
#1484=LINE('',#9534,#1980);
#1485=LINE('',#9536,#1981);
#1486=LINE('',#9538,#1982);
#1487=LINE('',#9542,#1983);
#1488=LINE('',#9544,#1984);
#1489=LINE('',#9546,#1985);
#1490=LINE('',#9547,#1986);
#1491=LINE('',#9551,#1987);
#1492=LINE('',#9555,#1988);
#1493=LINE('',#9557,#1989);
#1494=LINE('',#9559,#1990);
#1495=LINE('',#9561,#1991);
#1496=LINE('',#9563,#1992);
#1497=LINE('',#9567,#1993);
#1498=LINE('',#9569,#1994);
#1499=LINE('',#9571,#1995);
#1500=LINE('',#9572,#1996);
#1501=LINE('',#9574,#1997);
#1502=LINE('',#9575,#1998);
#1503=LINE('',#9577,#1999);
#1504=LINE('',#9578,#2000);
#1505=LINE('',#9581,#2001);
#1506=LINE('',#9584,#2002);
#1507=LINE('',#9586,#2003);
#1508=LINE('',#9587,#2004);
#1509=LINE('',#9591,#2005);
#1510=LINE('',#9592,#2006);
#1511=LINE('',#9593,#2007);
#1512=LINE('',#9595,#2008);
#1513=LINE('',#9597,#2009);
#1514=LINE('',#9598,#2010);
#1515=LINE('',#9601,#2011);
#1516=LINE('',#9605,#2012);
#1517=LINE('',#9608,#2013);
#1518=LINE('',#9614,#2014);
#1519=LINE('',#9617,#2015);
#1520=LINE('',#9620,#2016);
#1521=LINE('',#9622,#2017);
#1522=LINE('',#9623,#2018);
#1523=LINE('',#9629,#2019);
#1524=LINE('',#9632,#2020);
#1525=LINE('',#9634,#2021);
#1526=LINE('',#9635,#2022);
#1527=LINE('',#9641,#2023);
#1528=LINE('',#9644,#2024);
#1529=LINE('',#9646,#2025);
#1530=LINE('',#9648,#2026);
#1531=LINE('',#9650,#2027);
#1532=LINE('',#9651,#2028);
#1533=LINE('',#9657,#2029);
#1534=LINE('',#9659,#2030);
#1535=LINE('',#9660,#2031);
#1536=LINE('',#9662,#2032);
#1537=LINE('',#9664,#2033);
#1538=LINE('',#9665,#2034);
#1539=LINE('',#9668,#2035);
#1540=LINE('',#9669,#2036);
#1541=LINE('',#9687,#2037);
#1542=LINE('',#9800,#2038);
#1543=LINE('',#9804,#2039);
#1544=LINE('',#9808,#2040);
#1545=LINE('',#9811,#2041);
#1546=LINE('',#9817,#2042);
#1547=LINE('',#9820,#2043);
#1548=LINE('',#9824,#2044);
#1549=LINE('',#9825,#2045);
#1550=LINE('',#9826,#2046);
#1551=LINE('',#9829,#2047);
#1552=LINE('',#9831,#2048);
#1553=LINE('',#9832,#2049);
#1554=LINE('',#9834,#2050);
#1555=LINE('',#9836,#2051);
#1556=LINE('',#9840,#2052);
#1557=LINE('',#9847,#2053);
#1558=LINE('',#9850,#2054);
#1559=LINE('',#9856,#2055);
#1560=LINE('',#9859,#2056);
#1561=LINE('',#9862,#2057);
#1562=LINE('',#9864,#2058);
#1563=LINE('',#9865,#2059);
#1564=LINE('',#9871,#2060);
#1565=LINE('',#9874,#2061);
#1566=LINE('',#9876,#2062);
#1567=LINE('',#9877,#2063);
#1568=LINE('',#9883,#2064);
#1569=LINE('',#9885,#2065);
#1570=LINE('',#9892,#2066);
#1571=LINE('',#9898,#2067);
#1572=LINE('',#9900,#2068);
#1573=LINE('',#9901,#2069);
#1574=LINE('',#9907,#2070);
#1575=LINE('',#9910,#2071);
#1576=LINE('',#9911,#2072);
#1577=LINE('',#9913,#2073);
#1578=LINE('',#9914,#2074);
#1579=LINE('',#9916,#2075);
#1580=LINE('',#9917,#2076);
#1581=LINE('',#9919,#2077);
#1582=LINE('',#10029,#2078);
#1583=LINE('',#10045,#2079);
#1584=LINE('',#10047,#2080);
#1585=LINE('',#10053,#2081);
#1586=LINE('',#10058,#2082);
#1587=LINE('',#10062,#2083);
#1588=LINE('',#10064,#2084);
#1589=LINE('',#10070,#2085);
#1590=LINE('',#10073,#2086);
#1591=LINE('',#10075,#2087);
#1592=LINE('',#10076,#2088);
#1593=LINE('',#10078,#2089);
#1594=LINE('',#10080,#2090);
#1595=LINE('',#10086,#2091);
#1596=LINE('',#10092,#2092);
#1597=LINE('',#10097,#2093);
#1598=LINE('',#10099,#2094);
#1599=LINE('',#10101,#2095);
#1600=LINE('',#10102,#2096);
#1601=LINE('',#10107,#2097);
#1602=LINE('',#10111,#2098);
#1603=LINE('',#10113,#2099);
#1604=LINE('',#10114,#2100);
#1605=LINE('',#10119,#2101);
#1606=LINE('',#10123,#2102);
#1607=LINE('',#10125,#2103);
#1608=LINE('',#10126,#2104);
#1609=LINE('',#10131,#2105);
#1610=LINE('',#10136,#2106);
#1611=LINE('',#10140,#2107);
#1612=LINE('',#10143,#2108);
#1613=LINE('',#10145,#2109);
#1614=LINE('',#10149,#2110);
#1615=LINE('',#10153,#2111);
#1616=LINE('',#10154,#2112);
#1617=LINE('',#10159,#2113);
#1618=LINE('',#10163,#2114);
#1619=LINE('',#10165,#2115);
#1620=LINE('',#10166,#2116);
#1621=LINE('',#10171,#2117);
#1622=LINE('',#10175,#2118);
#1623=LINE('',#10177,#2119);
#1624=LINE('',#10178,#2120);
#1625=LINE('',#10183,#2121);
#1626=LINE('',#10187,#2122);
#1627=LINE('',#10189,#2123);
#1628=LINE('',#10190,#2124);
#1629=LINE('',#10193,#2125);
#1630=LINE('',#10195,#2126);
#1631=LINE('',#10196,#2127);
#1632=LINE('',#10211,#2128);
#1633=LINE('',#10218,#2129);
#1634=LINE('',#10220,#2130);
#1635=LINE('',#10221,#2131);
#1636=LINE('',#10236,#2132);
#1637=LINE('',#10244,#2133);
#1638=LINE('',#10248,#2134);
#1639=LINE('',#10251,#2135);
#1640=LINE('',#10253,#2136);
#1641=LINE('',#10257,#2137);
#1642=LINE('',#10261,#2138);
#1643=LINE('',#10262,#2139);
#1644=LINE('',#10277,#2140);
#1645=LINE('',#10284,#2141);
#1646=LINE('',#10286,#2142);
#1647=LINE('',#10287,#2143);
#1648=LINE('',#10302,#2144);
#1649=LINE('',#10308,#2145);
#1650=LINE('',#10309,#2146);
#1651=LINE('',#10311,#2147);
#1652=LINE('',#10313,#2148);
#1653=LINE('',#10315,#2149);
#1654=LINE('',#10317,#2150);
#1655=LINE('',#10320,#2151);
#1656=LINE('',#10322,#2152);
#1657=LINE('',#10324,#2153);
#1658=LINE('',#10326,#2154);
#1659=LINE('',#10332,#2155);
#1660=LINE('',#10338,#2156);
#1661=LINE('',#10345,#2157);
#1662=LINE('',#10348,#2158);
#1663=LINE('',#10351,#2159);
#1664=LINE('',#10355,#2160);
#1665=LINE('',#10359,#2161);
#1666=LINE('',#10363,#2162);
#1667=LINE('',#10367,#2163);
#1668=LINE('',#10369,#2164);
#1669=LINE('',#10371,#2165);
#1670=LINE('',#10375,#2166);
#1671=LINE('',#10379,#2167);
#1672=LINE('',#10383,#2168);
#1673=LINE('',#10386,#2169);
#1674=LINE('',#10391,#2170);
#1675=LINE('',#10393,#2171);
#1676=LINE('',#10396,#2172);
#1677=LINE('',#10401,#2173);
#1678=LINE('',#10405,#2174);
#1679=LINE('',#10407,#2175);
#1680=LINE('',#10408,#2176);
#1681=LINE('',#10423,#2177);
#1682=LINE('',#10430,#2178);
#1683=LINE('',#10432,#2179);
#1684=LINE('',#10433,#2180);
#1685=LINE('',#10448,#2181);
#1686=LINE('',#10456,#2182);
#1687=LINE('',#10460,#2183);
#1688=LINE('',#10463,#2184);
#1689=LINE('',#10465,#2185);
#1690=LINE('',#10469,#2186);
#1691=LINE('',#10473,#2187);
#1692=LINE('',#10474,#2188);
#1693=LINE('',#10489,#2189);
#1694=LINE('',#10496,#2190);
#1695=LINE('',#10498,#2191);
#1696=LINE('',#10499,#2192);
#1697=LINE('',#10514,#2193);
#1698=LINE('',#10521,#2194);
#1699=LINE('',#10523,#2195);
#1700=LINE('',#10524,#2196);
#1701=LINE('',#10529,#2197);
#1702=LINE('',#10534,#2198);
#1703=LINE('',#10539,#2199);
#1704=LINE('',#10540,#2200);
#1705=LINE('',#10545,#2201);
#1706=LINE('',#10547,#2202);
#1707=LINE('',#10549,#2203);
#1708=LINE('',#10551,#2204);
#1709=LINE('',#10553,#2205);
#1710=LINE('',#10555,#2206);
#1711=LINE('',#10557,#2207);
#1712=LINE('',#10559,#2208);
#1713=LINE('',#10562,#2209);
#1714=LINE('',#10564,#2210);
#1715=LINE('',#10566,#2211);
#1716=LINE('',#10568,#2212);
#1717=LINE('',#10570,#2213);
#1718=LINE('',#10572,#2214);
#1719=LINE('',#10574,#2215);
#1720=LINE('',#10576,#2216);
#1721=LINE('',#10598,#2217);
#1722=LINE('',#10610,#2218);
#1723=LINE('',#10622,#2219);
#1724=LINE('',#10624,#2220);
#1725=LINE('',#10625,#2221);
#1726=LINE('',#10655,#2222);
#1727=LINE('',#10668,#2223);
#1728=LINE('',#10672,#2224);
#1729=LINE('',#10675,#2225);
#1730=LINE('',#10677,#2226);
#1731=LINE('',#10681,#2227);
#1732=LINE('',#10685,#2228);
#1733=LINE('',#10686,#2229);
#1734=LINE('',#10716,#2230);
#1735=LINE('',#10728,#2231);
#1736=LINE('',#10730,#2232);
#1737=LINE('',#10731,#2233);
#1738=LINE('',#10761,#2234);
#1739=LINE('',#10773,#2235);
#1740=LINE('',#10775,#2236);
#1741=LINE('',#10776,#2237);
#1742=LINE('',#10779,#2238);
#1743=LINE('',#10781,#2239);
#1744=LINE('',#10782,#2240);
#1745=LINE('',#10785,#2241);
#1746=LINE('',#10787,#2242);
#1747=LINE('',#10788,#2243);
#1748=LINE('',#10803,#2244);
#1749=LINE('',#10810,#2245);
#1750=LINE('',#10812,#2246);
#1751=LINE('',#10813,#2247);
#1752=LINE('',#10828,#2248);
#1753=LINE('',#10836,#2249);
#1754=LINE('',#10840,#2250);
#1755=LINE('',#10843,#2251);
#1756=LINE('',#10845,#2252);
#1757=LINE('',#10849,#2253);
#1758=LINE('',#10853,#2254);
#1759=LINE('',#10854,#2255);
#1760=LINE('',#10869,#2256);
#1761=LINE('',#10876,#2257);
#1762=LINE('',#10878,#2258);
#1763=LINE('',#10879,#2259);
#1764=LINE('',#10894,#2260);
#1765=LINE('',#10901,#2261);
#1766=LINE('',#10903,#2262);
#1767=LINE('',#10904,#2263);
#1768=LINE('',#10907,#2264);
#1769=LINE('',#10909,#2265);
#1770=LINE('',#10910,#2266);
#1771=LINE('',#10912,#2267);
#1772=LINE('',#10913,#2268);
#1773=LINE('',#10915,#2269);
#1774=LINE('',#10917,#2270);
#1775=LINE('',#10919,#2271);
#1776=LINE('',#10921,#2272);
#1777=LINE('',#10924,#2273);
#1778=LINE('',#10926,#2274);
#1779=LINE('',#10928,#2275);
#1780=LINE('',#10930,#2276);
#1781=LINE('',#10942,#2277);
#1782=LINE('',#10949,#2278);
#1783=LINE('',#10956,#2279);
#1784=LINE('',#10958,#2280);
#1785=LINE('',#10959,#2281);
#1786=LINE('',#10974,#2282);
#1787=LINE('',#10981,#2283);
#1788=LINE('',#10983,#2284);
#1789=LINE('',#10984,#2285);
#1790=LINE('',#10989,#2286);
#1791=LINE('',#10993,#2287);
#1792=LINE('',#10995,#2288);
#1793=LINE('',#10996,#2289);
#1794=LINE('',#11026,#2290);
#1795=LINE('',#11038,#2291);
#1796=LINE('',#11040,#2292);
#1797=LINE('',#11041,#2293);
#1798=LINE('',#11071,#2294);
#1799=LINE('',#11084,#2295);
#1800=LINE('',#11088,#2296);
#1801=LINE('',#11091,#2297);
#1802=LINE('',#11093,#2298);
#1803=LINE('',#11097,#2299);
#1804=LINE('',#11101,#2300);
#1805=LINE('',#11102,#2301);
#1806=LINE('',#11132,#2302);
#1807=LINE('',#11144,#2303);
#1808=LINE('',#11146,#2304);
#1809=LINE('',#11147,#2305);
#1810=LINE('',#11177,#2306);
#1811=LINE('',#11189,#2307);
#1812=LINE('',#11191,#2308);
#1813=LINE('',#11192,#2309);
#1814=LINE('',#11197,#2310);
#1815=LINE('',#11201,#2311);
#1816=LINE('',#11203,#2312);
#1817=LINE('',#11204,#2313);
#1818=LINE('',#11219,#2314);
#1819=LINE('',#11226,#2315);
#1820=LINE('',#11228,#2316);
#1821=LINE('',#11229,#2317);
#1822=LINE('',#11244,#2318);
#1823=LINE('',#11251,#2319);
#1824=LINE('',#11255,#2320);
#1825=LINE('',#11258,#2321);
#1826=LINE('',#11260,#2322);
#1827=LINE('',#11264,#2323);
#1828=LINE('',#11267,#2324);
#1829=LINE('',#11269,#2325);
#1830=LINE('',#11271,#2326);
#1831=LINE('',#11273,#2327);
#1832=LINE('',#11275,#2328);
#1833=LINE('',#11278,#2329);
#1834=LINE('',#11280,#2330);
#1835=LINE('',#11282,#2331);
#1836=LINE('',#11284,#2332);
#1837=LINE('',#11291,#2333);
#1838=LINE('',#11299,#2334);
#1839=LINE('',#11305,#2335);
#1840=LINE('',#11311,#2336);
#1841=LINE('',#11316,#2337);
#1842=LINE('',#11320,#2338);
#1843=LINE('',#11322,#2339);
#1844=LINE('',#11367,#2340);
#1845=LINE('',#11383,#2341);
#1846=LINE('',#11389,#2342);
#1847=LINE('',#11408,#2343);
#1848=LINE('',#11414,#2344);
#1849=LINE('',#11433,#2345);
#1850=LINE('',#11451,#2346);
#1851=LINE('',#11455,#2347);
#1852=LINE('',#11457,#2348);
#1853=LINE('',#11619,#2349);
#1854=LINE('',#11620,#2350);
#1855=LINE('',#11622,#2351);
#1856=LINE('',#11626,#2352);
#1857=LINE('',#11628,#2353);
#1858=LINE('',#11630,#2354);
#1859=LINE('',#11638,#2355);
#1860=LINE('',#11644,#2356);
#1861=LINE('',#11806,#2357);
#1862=LINE('',#11965,#2358);
#1863=LINE('',#12044,#2359);
#1864=LINE('',#12049,#2360);
#1865=LINE('',#12070,#2361);
#1866=LINE('',#12092,#2362);
#1867=LINE('',#12119,#2363);
#1868=LINE('',#12147,#2364);
#1869=LINE('',#12168,#2365);
#1870=LINE('',#12190,#2366);
#1871=LINE('',#12211,#2367);
#1872=LINE('',#12233,#2368);
#1873=LINE('',#12260,#2369);
#1874=LINE('',#12288,#2370);
#1875=LINE('',#12309,#2371);
#1876=LINE('',#12617,#2372);
#1877=LINE('',#12633,#2373);
#1878=LINE('',#12639,#2374);
#1879=LINE('',#12658,#2375);
#1880=LINE('',#12664,#2376);
#1881=LINE('',#12683,#2377);
#1882=LINE('',#12701,#2378);
#1883=LINE('',#12705,#2379);
#1884=LINE('',#12707,#2380);
#1885=LINE('',#12869,#2381);
#1886=LINE('',#12870,#2382);
#1887=LINE('',#12872,#2383);
#1888=LINE('',#12876,#2384);
#1889=LINE('',#12878,#2385);
#1890=LINE('',#12880,#2386);
#1891=LINE('',#12888,#2387);
#1892=LINE('',#12894,#2388);
#1893=LINE('',#12903,#2389);
#1894=LINE('',#12909,#2390);
#1895=VECTOR('',#7379,2.75);
#1896=VECTOR('',#7386,2.75);
#1897=VECTOR('',#7391,1000.);
#1898=VECTOR('',#7394,1000.);
#1899=VECTOR('',#7399,1000.);
#1900=VECTOR('',#7400,1000.);
#1901=VECTOR('',#7401,1000.);
#1902=VECTOR('',#7404,1000.);
#1903=VECTOR('',#7407,1000.);
#1904=VECTOR('',#7412,1000.);
#1905=VECTOR('',#7413,1000.);
#1906=VECTOR('',#7414,1000.);
#1907=VECTOR('',#7417,1000.);
#1908=VECTOR('',#7424,1000.);
#1909=VECTOR('',#7425,1000.);
#1910=VECTOR('',#7426,1000.);
#1911=VECTOR('',#7429,1000.);
#1912=VECTOR('',#7432,1000.);
#1913=VECTOR('',#7437,1000.);
#1914=VECTOR('',#7438,1000.);
#1915=VECTOR('',#7443,1000.);
#1916=VECTOR('',#7446,1000.);
#1917=VECTOR('',#7447,1000.);
#1918=VECTOR('',#7448,1000.);
#1919=VECTOR('',#7451,1000.);
#1920=VECTOR('',#7456,1000.);
#1921=VECTOR('',#7457,1000.);
#1922=VECTOR('',#7458,1000.);
#1923=VECTOR('',#7463,1000.);
#1924=VECTOR('',#7464,1000.);
#1925=VECTOR('',#7469,1000.);
#1926=VECTOR('',#7472,1000.);
#1927=VECTOR('',#7475,1000.);
#1928=VECTOR('',#7478,1000.);
#1929=VECTOR('',#7481,1000.);
#1930=VECTOR('',#7484,1000.);
#1931=VECTOR('',#7487,1000.);
#1932=VECTOR('',#7490,1000.);
#1933=VECTOR('',#7493,1000.);
#1934=VECTOR('',#7496,1000.);
#1935=VECTOR('',#7499,1000.);
#1936=VECTOR('',#7504,1000.);
#1937=VECTOR('',#7507,1000.);
#1938=VECTOR('',#7510,1000.);
#1939=VECTOR('',#7511,1000.);
#1940=VECTOR('',#7512,1000.);
#1941=VECTOR('',#7519,1000.);
#1942=VECTOR('',#7520,1000.);
#1943=VECTOR('',#7521,1000.);
#1944=VECTOR('',#7524,1000.);
#1945=VECTOR('',#7529,1000.);
#1946=VECTOR('',#7532,1000.);
#1947=VECTOR('',#7533,1000.);
#1948=VECTOR('',#7536,1000.);
#1949=VECTOR('',#7539,1000.);
#1950=VECTOR('',#7542,1000.);
#1951=VECTOR('',#7549,1000.);
#1952=VECTOR('',#7552,1000.);
#1953=VECTOR('',#7555,1000.);
#1954=VECTOR('',#7556,1000.);
#1955=VECTOR('',#7559,1000.);
#1956=VECTOR('',#7562,1000.);
#1957=VECTOR('',#7567,1000.);
#1958=VECTOR('',#7568,1000.);
#1959=VECTOR('',#7571,1000.);
#1960=VECTOR('',#7574,1000.);
#1961=VECTOR('',#7587,1000.);
#1962=VECTOR('',#7588,1000.);
#1963=VECTOR('',#7591,1000.);
#1964=VECTOR('',#7594,1000.);
#1965=VECTOR('',#7599,1000.);
#1966=VECTOR('',#7600,1000.);
#1967=VECTOR('',#7603,1000.);
#1968=VECTOR('',#7606,1000.);
#1969=VECTOR('',#7615,2.75000000000001);
#1970=VECTOR('',#7622,2.75);
#1971=VECTOR('',#7629,2.75);
#1972=VECTOR('',#7636,2.75000000000001);
#1973=VECTOR('',#7643,2.75);
#1974=VECTOR('',#7650,2.75);
#1975=VECTOR('',#7661,1000.);
#1976=VECTOR('',#7664,1000.);
#1977=VECTOR('',#7667,1000.);
#1978=VECTOR('',#7670,1000.);
#1979=VECTOR('',#7671,1000.);
#1980=VECTOR('',#7672,1000.);
#1981=VECTOR('',#7673,1000.);
#1982=VECTOR('',#7674,1000.);
#1983=VECTOR('',#7677,1000.);
#1984=VECTOR('',#7678,1000.);
#1985=VECTOR('',#7679,1000.);
#1986=VECTOR('',#7680,1000.);
#1987=VECTOR('',#7683,1000.);
#1988=VECTOR('',#7686,1000.);
#1989=VECTOR('',#7687,1000.);
#1990=VECTOR('',#7688,1000.);
#1991=VECTOR('',#7689,1000.);
#1992=VECTOR('',#7690,1000.);
#1993=VECTOR('',#7693,1000.);
#1994=VECTOR('',#7694,1000.);
#1995=VECTOR('',#7695,1000.);
#1996=VECTOR('',#7696,1000.);
#1997=VECTOR('',#7699,1000.);
#1998=VECTOR('',#7700,1000.);
#1999=VECTOR('',#7703,1000.);
#2000=VECTOR('',#7704,1000.);
#2001=VECTOR('',#7709,1000.);
#2002=VECTOR('',#7712,1000.);
#2003=VECTOR('',#7713,1000.);
#2004=VECTOR('',#7714,1000.);
#2005=VECTOR('',#7717,1000.);
#2006=VECTOR('',#7718,1000.);
#2007=VECTOR('',#7719,1000.);
#2008=VECTOR('',#7722,1000.);
#2009=VECTOR('',#7725,1000.);
#2010=VECTOR('',#7726,1000.);
#2011=VECTOR('',#7729,1000.);
#2012=VECTOR('',#7734,1000.);
#2013=VECTOR('',#7739,1000.);
#2014=VECTOR('',#7744,1000.);
#2015=VECTOR('',#7747,1000.);
#2016=VECTOR('',#7750,1000.);
#2017=VECTOR('',#7751,1000.);
#2018=VECTOR('',#7752,1000.);
#2019=VECTOR('',#7759,1000.);
#2020=VECTOR('',#7762,1000.);
#2021=VECTOR('',#7763,1000.);
#2022=VECTOR('',#7764,1000.);
#2023=VECTOR('',#7771,1000.);
#2024=VECTOR('',#7774,1000.);
#2025=VECTOR('',#7775,1000.);
#2026=VECTOR('',#7776,1000.);
#2027=VECTOR('',#7777,1000.);
#2028=VECTOR('',#7778,1000.);
#2029=VECTOR('',#7785,1000.);
#2030=VECTOR('',#7788,1000.);
#2031=VECTOR('',#7789,1000.);
#2032=VECTOR('',#7792,1000.);
#2033=VECTOR('',#7793,1000.);
#2034=VECTOR('',#7794,1000.);
#2035=VECTOR('',#7797,1000.);
#2036=VECTOR('',#7798,1000.);
#2037=VECTOR('',#7801,1000.);
#2038=VECTOR('',#7810,1000.);
#2039=VECTOR('',#7815,1000.);
#2040=VECTOR('',#7820,1000.);
#2041=VECTOR('',#7825,1000.);
#2042=VECTOR('',#7830,1000.);
#2043=VECTOR('',#7833,1000.);
#2044=VECTOR('',#7836,1000.);
#2045=VECTOR('',#7837,1000.);
#2046=VECTOR('',#7838,1000.);
#2047=VECTOR('',#7841,1000.);
#2048=VECTOR('',#7842,1000.);
#2049=VECTOR('',#7843,1000.);
#2050=VECTOR('',#7846,1000.);
#2051=VECTOR('',#7849,1000.);
#2052=VECTOR('',#7852,1000.);
#2053=VECTOR('',#7861,1000.);
#2054=VECTOR('',#7866,1000.);
#2055=VECTOR('',#7871,1000.);
#2056=VECTOR('',#7874,1000.);
#2057=VECTOR('',#7877,1000.);
#2058=VECTOR('',#7878,1000.);
#2059=VECTOR('',#7879,1000.);
#2060=VECTOR('',#7886,1000.);
#2061=VECTOR('',#7889,1000.);
#2062=VECTOR('',#7890,1000.);
#2063=VECTOR('',#7891,1000.);
#2064=VECTOR('',#7898,1000.);
#2065=VECTOR('',#7901,1000.);
#2066=VECTOR('',#7908,1000.);
#2067=VECTOR('',#7915,1000.);
#2068=VECTOR('',#7916,1000.);
#2069=VECTOR('',#7917,1000.);
#2070=VECTOR('',#7924,1000.);
#2071=VECTOR('',#7927,1000.);
#2072=VECTOR('',#7928,1000.);
#2073=VECTOR('',#7929,1000.);
#2074=VECTOR('',#7930,1000.);
#2075=VECTOR('',#7933,1000.);
#2076=VECTOR('',#7934,1000.);
#2077=VECTOR('',#7937,1000.);
#2078=VECTOR('',#7944,1000.);
#2079=VECTOR('',#7947,1000.);
#2080=VECTOR('',#7950,1000.);
#2081=VECTOR('',#7957,1000.);
#2082=VECTOR('',#7962,1000.);
#2083=VECTOR('',#7969,1000.);
#2084=VECTOR('',#7972,1000.);
#2085=VECTOR('',#7977,1000.);
#2086=VECTOR('',#7980,1000.);
#2087=VECTOR('',#7983,1000.);
#2088=VECTOR('',#7984,1000.);
#2089=VECTOR('',#7987,1000.);
#2090=VECTOR('',#7990,1000.);
#2091=VECTOR('',#7997,2.75000000000001);
#2092=VECTOR('',#8004,2.75);
#2093=VECTOR('',#8009,1000.);
#2094=VECTOR('',#8010,1000.);
#2095=VECTOR('',#8011,1000.);
#2096=VECTOR('',#8012,1000.);
#2097=VECTOR('',#8017,1000.);
#2098=VECTOR('',#8022,1000.);
#2099=VECTOR('',#8023,1000.);
#2100=VECTOR('',#8024,1000.);
#2101=VECTOR('',#8029,1000.);
#2102=VECTOR('',#8034,1000.);
#2103=VECTOR('',#8035,1000.);
#2104=VECTOR('',#8036,1000.);
#2105=VECTOR('',#8041,1000.);
#2106=VECTOR('',#8046,1000.);
#2107=VECTOR('',#8049,1000.);
#2108=VECTOR('',#8052,1000.);
#2109=VECTOR('',#8053,1000.);
#2110=VECTOR('',#8056,1000.);
#2111=VECTOR('',#8059,1000.);
#2112=VECTOR('',#8060,1000.);
#2113=VECTOR('',#8065,1000.);
#2114=VECTOR('',#8070,1000.);
#2115=VECTOR('',#8071,1000.);
#2116=VECTOR('',#8072,1000.);
#2117=VECTOR('',#8077,1000.);
#2118=VECTOR('',#8082,1000.);
#2119=VECTOR('',#8083,1000.);
#2120=VECTOR('',#8084,1000.);
#2121=VECTOR('',#8089,1000.);
#2122=VECTOR('',#8094,1000.);
#2123=VECTOR('',#8095,1000.);
#2124=VECTOR('',#8096,1000.);
#2125=VECTOR('',#8099,1000.);
#2126=VECTOR('',#8100,1000.);
#2127=VECTOR('',#8101,1000.);
#2128=VECTOR('',#8102,1000.);
#2129=VECTOR('',#8105,1000.);
#2130=VECTOR('',#8106,1000.);
#2131=VECTOR('',#8107,1000.);
#2132=VECTOR('',#8108,1000.);
#2133=VECTOR('',#8111,1000.);
#2134=VECTOR('',#8114,1000.);
#2135=VECTOR('',#8117,1000.);
#2136=VECTOR('',#8118,1000.);
#2137=VECTOR('',#8121,1000.);
#2138=VECTOR('',#8124,1000.);
#2139=VECTOR('',#8125,1000.);
#2140=VECTOR('',#8126,1000.);
#2141=VECTOR('',#8129,1000.);
#2142=VECTOR('',#8130,1000.);
#2143=VECTOR('',#8131,1000.);
#2144=VECTOR('',#8132,1000.);
#2145=VECTOR('',#8135,1000.);
#2146=VECTOR('',#8136,1000.);
#2147=VECTOR('',#8139,1000.);
#2148=VECTOR('',#8142,1000.);
#2149=VECTOR('',#8145,1000.);
#2150=VECTOR('',#8148,1000.);
#2151=VECTOR('',#8153,1000.);
#2152=VECTOR('',#8156,1000.);
#2153=VECTOR('',#8159,1000.);
#2154=VECTOR('',#8162,1000.);
#2155=VECTOR('',#8169,2.75);
#2156=VECTOR('',#8176,2.75);
#2157=VECTOR('',#8183,1000.);
#2158=VECTOR('',#8186,1000.);
#2159=VECTOR('',#8189,1000.);
#2160=VECTOR('',#8192,1000.);
#2161=VECTOR('',#8195,1000.);
#2162=VECTOR('',#8198,1000.);
#2163=VECTOR('',#8201,1000.);
#2164=VECTOR('',#8202,1000.);
#2165=VECTOR('',#8203,1000.);
#2166=VECTOR('',#8206,1000.);
#2167=VECTOR('',#8209,1000.);
#2168=VECTOR('',#8212,1000.);
#2169=VECTOR('',#8215,1000.);
#2170=VECTOR('',#8220,1000.);
#2171=VECTOR('',#8221,1000.);
#2172=VECTOR('',#8224,1000.);
#2173=VECTOR('',#8229,1000.);
#2174=VECTOR('',#8234,1000.);
#2175=VECTOR('',#8235,1000.);
#2176=VECTOR('',#8236,1000.);
#2177=VECTOR('',#8237,1000.);
#2178=VECTOR('',#8240,1000.);
#2179=VECTOR('',#8241,1000.);
#2180=VECTOR('',#8242,1000.);
#2181=VECTOR('',#8243,1000.);
#2182=VECTOR('',#8246,1000.);
#2183=VECTOR('',#8249,1000.);
#2184=VECTOR('',#8252,1000.);
#2185=VECTOR('',#8253,1000.);
#2186=VECTOR('',#8256,1000.);
#2187=VECTOR('',#8259,1000.);
#2188=VECTOR('',#8260,1000.);
#2189=VECTOR('',#8261,1000.);
#2190=VECTOR('',#8264,1000.);
#2191=VECTOR('',#8265,1000.);
#2192=VECTOR('',#8266,1000.);
#2193=VECTOR('',#8267,1000.);
#2194=VECTOR('',#8270,1000.);
#2195=VECTOR('',#8271,1000.);
#2196=VECTOR('',#8272,1000.);
#2197=VECTOR('',#8277,1000.);
#2198=VECTOR('',#8282,1000.);
#2199=VECTOR('',#8287,1000.);
#2200=VECTOR('',#8288,1000.);
#2201=VECTOR('',#8297,1000.);
#2202=VECTOR('',#8300,1000.);
#2203=VECTOR('',#8303,1000.);
#2204=VECTOR('',#8306,1000.);
#2205=VECTOR('',#8309,1000.);
#2206=VECTOR('',#8312,1000.);
#2207=VECTOR('',#8315,1000.);
#2208=VECTOR('',#8318,1000.);
#2209=VECTOR('',#8323,1000.);
#2210=VECTOR('',#8326,1000.);
#2211=VECTOR('',#8329,1000.);
#2212=VECTOR('',#8332,1000.);
#2213=VECTOR('',#8335,1000.);
#2214=VECTOR('',#8338,1000.);
#2215=VECTOR('',#8341,1000.);
#2216=VECTOR('',#8344,1000.);
#2217=VECTOR('',#8347,1000.);
#2218=VECTOR('',#8348,1000.);
#2219=VECTOR('',#8351,1000.);
#2220=VECTOR('',#8352,1000.);
#2221=VECTOR('',#8353,1000.);
#2222=VECTOR('',#8354,1000.);
#2223=VECTOR('',#8357,1000.);
#2224=VECTOR('',#8360,1000.);
#2225=VECTOR('',#8363,1000.);
#2226=VECTOR('',#8364,1000.);
#2227=VECTOR('',#8367,1000.);
#2228=VECTOR('',#8370,1000.);
#2229=VECTOR('',#8371,1000.);
#2230=VECTOR('',#8372,1000.);
#2231=VECTOR('',#8375,1000.);
#2232=VECTOR('',#8376,1000.);
#2233=VECTOR('',#8377,1000.);
#2234=VECTOR('',#8378,1000.);
#2235=VECTOR('',#8381,1000.);
#2236=VECTOR('',#8382,1000.);
#2237=VECTOR('',#8383,1000.);
#2238=VECTOR('',#8386,1000.);
#2239=VECTOR('',#8387,1000.);
#2240=VECTOR('',#8388,1000.);
#2241=VECTOR('',#8391,1000.);
#2242=VECTOR('',#8392,1000.);
#2243=VECTOR('',#8393,1000.);
#2244=VECTOR('',#8394,1000.);
#2245=VECTOR('',#8397,1000.);
#2246=VECTOR('',#8398,1000.);
#2247=VECTOR('',#8399,1000.);
#2248=VECTOR('',#8400,1000.);
#2249=VECTOR('',#8403,1000.);
#2250=VECTOR('',#8406,1000.);
#2251=VECTOR('',#8409,1000.);
#2252=VECTOR('',#8410,1000.);
#2253=VECTOR('',#8413,1000.);
#2254=VECTOR('',#8416,1000.);
#2255=VECTOR('',#8417,1000.);
#2256=VECTOR('',#8418,1000.);
#2257=VECTOR('',#8421,1000.);
#2258=VECTOR('',#8422,1000.);
#2259=VECTOR('',#8423,1000.);
#2260=VECTOR('',#8424,1000.);
#2261=VECTOR('',#8427,1000.);
#2262=VECTOR('',#8428,1000.);
#2263=VECTOR('',#8429,1000.);
#2264=VECTOR('',#8432,1000.);
#2265=VECTOR('',#8433,1000.);
#2266=VECTOR('',#8434,1000.);
#2267=VECTOR('',#8437,1000.);
#2268=VECTOR('',#8438,1000.);
#2269=VECTOR('',#8441,1000.);
#2270=VECTOR('',#8444,1000.);
#2271=VECTOR('',#8447,1000.);
#2272=VECTOR('',#8450,1000.);
#2273=VECTOR('',#8455,1000.);
#2274=VECTOR('',#8458,1000.);
#2275=VECTOR('',#8461,1000.);
#2276=VECTOR('',#8464,1000.);
#2277=VECTOR('',#8467,1000.);
#2278=VECTOR('',#8468,1000.);
#2279=VECTOR('',#8471,1000.);
#2280=VECTOR('',#8472,1000.);
#2281=VECTOR('',#8473,1000.);
#2282=VECTOR('',#8474,1000.);
#2283=VECTOR('',#8477,1000.);
#2284=VECTOR('',#8478,1000.);
#2285=VECTOR('',#8479,1000.);
#2286=VECTOR('',#8484,1000.);
#2287=VECTOR('',#8489,1000.);
#2288=VECTOR('',#8490,1000.);
#2289=VECTOR('',#8491,1000.);
#2290=VECTOR('',#8492,1000.);
#2291=VECTOR('',#8495,1000.);
#2292=VECTOR('',#8496,1000.);
#2293=VECTOR('',#8497,1000.);
#2294=VECTOR('',#8498,1000.);
#2295=VECTOR('',#8501,1000.);
#2296=VECTOR('',#8504,1000.);
#2297=VECTOR('',#8507,1000.);
#2298=VECTOR('',#8508,1000.);
#2299=VECTOR('',#8511,1000.);
#2300=VECTOR('',#8514,1000.);
#2301=VECTOR('',#8515,1000.);
#2302=VECTOR('',#8516,1000.);
#2303=VECTOR('',#8519,1000.);
#2304=VECTOR('',#8520,1000.);
#2305=VECTOR('',#8521,1000.);
#2306=VECTOR('',#8522,1000.);
#2307=VECTOR('',#8525,1000.);
#2308=VECTOR('',#8526,1000.);
#2309=VECTOR('',#8527,1000.);
#2310=VECTOR('',#8532,1000.);
#2311=VECTOR('',#8537,1000.);
#2312=VECTOR('',#8538,1000.);
#2313=VECTOR('',#8539,1000.);
#2314=VECTOR('',#8540,1000.);
#2315=VECTOR('',#8543,1000.);
#2316=VECTOR('',#8544,1000.);
#2317=VECTOR('',#8545,1000.);
#2318=VECTOR('',#8546,1000.);
#2319=VECTOR('',#8549,1000.);
#2320=VECTOR('',#8552,1000.);
#2321=VECTOR('',#8555,1000.);
#2322=VECTOR('',#8556,1000.);
#2323=VECTOR('',#8559,1000.);
#2324=VECTOR('',#8562,1000.);
#2325=VECTOR('',#8565,1000.);
#2326=VECTOR('',#8568,1000.);
#2327=VECTOR('',#8571,1000.);
#2328=VECTOR('',#8574,1000.);
#2329=VECTOR('',#8579,1000.);
#2330=VECTOR('',#8582,1000.);
#2331=VECTOR('',#8585,1000.);
#2332=VECTOR('',#8588,1000.);
#2333=VECTOR('',#8597,5.84999999999999);
#2334=VECTOR('',#8606,6.35);
#2335=VECTOR('',#8613,1.7272);
#2336=VECTOR('',#8620,1880.72646534635);
#2337=VECTOR('',#8625,1.7272);
#2338=VECTOR('',#8630,1.7272);
#2339=VECTOR('',#8633,6.35);
#2340=VECTOR('',#8690,1000.);
#2341=VECTOR('',#8691,1000.);
#2342=VECTOR('',#8696,1000.);
#2343=VECTOR('',#8697,1000.);
#2344=VECTOR('',#8702,1000.);
#2345=VECTOR('',#8703,1000.);
#2346=VECTOR('',#8710,2.0828);
#2347=VECTOR('',#8715,2.0828);
#2348=VECTOR('',#8718,3.96);
#2349=VECTOR('',#8769,1000.);
#2350=VECTOR('',#8770,1000.);
#2351=VECTOR('',#8773,1000.);
#2352=VECTOR('',#8780,1000.);
#2353=VECTOR('',#8783,1000.);
#2354=VECTOR('',#8786,1000.);
#2355=VECTOR('',#8797,2.15);
#2356=VECTOR('',#8804,4.5);
#2357=VECTOR('',#8909,5.04098953786192);
#2358=VECTOR('',#8912,4.165625);
#2359=VECTOR('',#8915,2.0828);
#2360=VECTOR('',#8922,1000.);
#2361=VECTOR('',#8923,1000.);
#2362=VECTOR('',#8926,1000.);
#2363=VECTOR('',#8927,1000.);
#2364=VECTOR('',#8930,1000.);
#2365=VECTOR('',#8931,1000.);
#2366=VECTOR('',#8934,1000.);
#2367=VECTOR('',#8935,1000.);
#2368=VECTOR('',#8938,1000.);
#2369=VECTOR('',#8939,1000.);
#2370=VECTOR('',#8942,1000.);
#2371=VECTOR('',#8943,1000.);
#2372=VECTOR('',#9056,1000.);
#2373=VECTOR('',#9057,1000.);
#2374=VECTOR('',#9062,1000.);
#2375=VECTOR('',#9063,1000.);
#2376=VECTOR('',#9068,1000.);
#2377=VECTOR('',#9069,1000.);
#2378=VECTOR('',#9076,2.0828);
#2379=VECTOR('',#9081,2.0828);
#2380=VECTOR('',#9084,3.96);
#2381=VECTOR('',#9135,1000.);
#2382=VECTOR('',#9136,1000.);
#2383=VECTOR('',#9139,1000.);
#2384=VECTOR('',#9146,1000.);
#2385=VECTOR('',#9149,1000.);
#2386=VECTOR('',#9152,1000.);
#2387=VECTOR('',#9163,2.7);
#2388=VECTOR('',#9170,7.375);
#2389=VECTOR('',#9183,2.5);
#2390=VECTOR('',#9190,12.5);
#2391=CIRCLE('',#6683,2.75);
#2392=CIRCLE('',#6684,2.75);
#2393=CIRCLE('',#6686,2.75);
#2394=CIRCLE('',#6687,2.75);
#2395=CIRCLE('',#6689,3.);
#2396=CIRCLE('',#6690,5.50000000000001);
#2397=CIRCLE('',#6693,3.);
#2398=CIRCLE('',#6694,5.50000000000001);
#2399=CIRCLE('',#6697,2.99999999999998);
#2400=CIRCLE('',#6698,5.49999999999998);
#2401=CIRCLE('',#6701,2.99999999999998);
#2402=CIRCLE('',#6702,5.49999999999998);
#2403=CIRCLE('',#6705,10.);
#2404=CIRCLE('',#6706,10.);
#2405=CIRCLE('',#6707,4.75);
#2406=CIRCLE('',#6708,4.75000000000002);
#2407=CIRCLE('',#6711,10.);
#2408=CIRCLE('',#6712,10.);
#2409=CIRCLE('',#6713,4.75);
#2410=CIRCLE('',#6714,4.75000000000003);
#2411=CIRCLE('',#6717,2.75);
#2412=CIRCLE('',#6718,2.75);
#2413=CIRCLE('',#6719,2.75);
#2414=CIRCLE('',#6720,2.75);
#2415=CIRCLE('',#6723,10.);
#2416=CIRCLE('',#6724,10.);
#2417=CIRCLE('',#6725,4.75);
#2418=CIRCLE('',#6726,4.75000000000003);
#2419=CIRCLE('',#6729,10.);
#2420=CIRCLE('',#6730,10.);
#2421=CIRCLE('',#6731,4.75);
#2422=CIRCLE('',#6732,4.75000000000002);
#2423=CIRCLE('',#6735,2.75);
#2424=CIRCLE('',#6736,2.75);
#2425=CIRCLE('',#6737,2.75);
#2426=CIRCLE('',#6738,2.75);
#2427=CIRCLE('',#6764,2.75000000000001);
#2428=CIRCLE('',#6765,2.75000000000001);
#2429=CIRCLE('',#6767,2.75);
#2430=CIRCLE('',#6768,2.75);
#2431=CIRCLE('',#6770,2.75);
#2432=CIRCLE('',#6771,2.75);
#2433=CIRCLE('',#6773,2.75000000000001);
#2434=CIRCLE('',#6774,2.75000000000001);
#2435=CIRCLE('',#6776,2.75);
#2436=CIRCLE('',#6777,2.75);
#2437=CIRCLE('',#6779,2.75);
#2438=CIRCLE('',#6780,2.75);
#2439=CIRCLE('',#6782,3.00000000000001);
#2440=CIRCLE('',#6783,3.00000000000001);
#2441=CIRCLE('',#6784,3.00000000000001);
#2442=CIRCLE('',#6785,3.00000000000001);
#2443=CIRCLE('',#6787,0.812800000000002);
#2444=CIRCLE('',#6788,0.812800000000002);
#2445=CIRCLE('',#6790,0.812800000000002);
#2446=CIRCLE('',#6791,0.812800000000002);
#2447=CIRCLE('',#6801,3.8128);
#2448=CIRCLE('',#6803,3.8128);
#2449=CIRCLE('',#6806,10.);
#2450=CIRCLE('',#6807,10.);
#2451=CIRCLE('',#6810,10.);
#2452=CIRCLE('',#6811,10.);
#2453=CIRCLE('',#6814,10.);
#2454=CIRCLE('',#6815,10.);
#2455=CIRCLE('',#6818,3.);
#2456=CIRCLE('',#6819,3.);
#2457=CIRCLE('',#6830,3.8128);
#2458=CIRCLE('',#6832,3.8128);
#2459=CIRCLE('',#6835,20.);
#2460=CIRCLE('',#6836,20.);
#2461=CIRCLE('',#6842,0.812799999999997);
#2462=CIRCLE('',#6843,3.8128);
#2463=CIRCLE('',#6845,0.812799999999997);
#2464=CIRCLE('',#6846,3.8128);
#2465=CIRCLE('',#6849,10.);
#2466=CIRCLE('',#6850,10.);
#2467=CIRCLE('',#6853,10.);
#2468=CIRCLE('',#6854,10.);
#2469=CIRCLE('',#6857,10.);
#2470=CIRCLE('',#6858,10.);
#2471=CIRCLE('',#6861,3.00000000000001);
#2472=CIRCLE('',#6862,3.00000000000001);
#2473=CIRCLE('',#6863,3.00000000000001);
#2474=CIRCLE('',#6864,3.00000000000001);
#2475=CIRCLE('',#6867,3.);
#2476=CIRCLE('',#6868,3.);
#2477=CIRCLE('',#6879,0.812800000000002);
#2478=CIRCLE('',#6880,3.8128);
#2479=CIRCLE('',#6882,0.812800000000002);
#2480=CIRCLE('',#6883,3.8128);
#2481=CIRCLE('',#6887,20.);
#2482=CIRCLE('',#6888,20.);
#2483=CIRCLE('',#6894,2.75000000000001);
#2484=CIRCLE('',#6895,2.75000000000001);
#2485=CIRCLE('',#6897,2.75000000000001);
#2486=CIRCLE('',#6898,2.75000000000001);
#2487=CIRCLE('',#6901,10.);
#2488=CIRCLE('',#6902,10.);
#2489=CIRCLE('',#6905,10.);
#2490=CIRCLE('',#6906,10.);
#2491=CIRCLE('',#6909,10.);
#2492=CIRCLE('',#6910,10.);
#2493=CIRCLE('',#6912,0.702799999999997);
#2494=CIRCLE('',#6913,0.702799999999997);
#2495=CIRCLE('',#6914,0.7128);
#2496=CIRCLE('',#6915,0.7128);
#2497=CIRCLE('',#6917,10.);
#2498=CIRCLE('',#6918,10.);
#2499=CIRCLE('',#6921,10.);
#2500=CIRCLE('',#6922,10.);
#2501=CIRCLE('',#6925,10.);
#2502=CIRCLE('',#6926,10.);
#2503=CIRCLE('',#6931,0.702799999999997);
#2504=CIRCLE('',#6932,0.702799999999997);
#2505=CIRCLE('',#6933,0.7128);
#2506=CIRCLE('',#6934,0.7128);
#2507=CIRCLE('',#6948,2.75);
#2508=CIRCLE('',#6949,2.75);
#2509=CIRCLE('',#6951,2.75);
#2510=CIRCLE('',#6952,2.75);
#2511=CIRCLE('',#6954,20.);
#2512=CIRCLE('',#6955,20.);
#2513=CIRCLE('',#6957,0.702799999999997);
#2514=CIRCLE('',#6958,0.702799999999997);
#2515=CIRCLE('',#6959,0.702799999999997);
#2516=CIRCLE('',#6960,0.702799999999997);
#2517=CIRCLE('',#6961,0.7128);
#2518=CIRCLE('',#6962,0.7128);
#2519=CIRCLE('',#6963,0.7128);
#2520=CIRCLE('',#6964,0.7128);
#2521=CIRCLE('',#6966,0.702799999999997);
#2522=CIRCLE('',#6967,0.7128);
#2523=CIRCLE('',#6969,3.00000000000001);
#2524=CIRCLE('',#6970,3.00000000000001);
#2525=CIRCLE('',#6974,0.702799999999997);
#2526=CIRCLE('',#6975,0.702799999999997);
#2527=CIRCLE('',#6976,0.7128);
#2528=CIRCLE('',#6977,0.7128);
#2529=CIRCLE('',#6981,3.00000000000001);
#2530=CIRCLE('',#6982,3.00000000000001);
#2531=CIRCLE('',#6984,0.702799999999997);
#2532=CIRCLE('',#6985,0.7128);
#2533=CIRCLE('',#6987,20.);
#2534=CIRCLE('',#6988,20.);
#2535=CIRCLE('',#7009,0.702799999999997);
#2536=CIRCLE('',#7010,0.702799999999997);
#2537=CIRCLE('',#7011,0.7128);
#2538=CIRCLE('',#7012,0.7128);
#2539=CIRCLE('',#7019,0.702799999999997);
#2540=CIRCLE('',#7020,0.702799999999997);
#2541=CIRCLE('',#7021,0.7128);
#2542=CIRCLE('',#7022,0.7128);
#2543=CIRCLE('',#7040,3.00000000000001);
#2544=CIRCLE('',#7041,3.00000000000001);
#2545=CIRCLE('',#7045,0.702799999999997);
#2546=CIRCLE('',#7046,0.702799999999997);
#2547=CIRCLE('',#7047,0.7128);
#2548=CIRCLE('',#7048,0.7128);
#2549=CIRCLE('',#7052,3.00000000000001);
#2550=CIRCLE('',#7053,3.00000000000001);
#2551=CIRCLE('',#7057,0.7128);
#2552=CIRCLE('',#7058,0.7128);
#2553=CIRCLE('',#7059,0.702799999999997);
#2554=CIRCLE('',#7060,0.702799999999997);
#2555=CIRCLE('',#7073,6.35);
#2556=CIRCLE('',#7074,5.84999999999999);
#2557=CIRCLE('',#7076,6.35);
#2558=CIRCLE('',#7077,6.35);
#2559=CIRCLE('',#7078,5.84999999999998);
#2560=CIRCLE('',#7080,1.7272);
#2561=CIRCLE('',#7081,1.7272);
#2562=CIRCLE('',#7082,1.7272);
#2563=CIRCLE('',#7085,1.7272);
#2564=CIRCLE('',#7086,1.7272);
#2565=CIRCLE('',#7093,2.10500922670447);
#2566=CIRCLE('',#7094,0.1);
#2567=CIRCLE('',#7095,2.05794948949489);
#2568=CIRCLE('',#7097,3.96);
#2569=CIRCLE('',#7098,3.96);
#2570=CIRCLE('',#7099,0.1);
#2571=CIRCLE('',#7100,3.94826775708356);
#2572=CIRCLE('',#7102,3.96);
#2573=CIRCLE('',#7103,0.1);
#2574=CIRCLE('',#7104,3.86);
#2575=CIRCLE('',#7106,1.73708932188135);
#2576=CIRCLE('',#7107,0.1);
#2577=CIRCLE('',#7108,1.66637864376269);
#2578=CIRCLE('',#7110,2.05351067811866);
#2579=CIRCLE('',#7111,2.05351067811866);
#2580=CIRCLE('',#7112,0.1);
#2581=CIRCLE('',#7113,2.0828);
#2582=CIRCLE('',#7114,2.0828);
#2583=CIRCLE('',#7116,0.818331278261952);
#2584=CIRCLE('',#7118,0.2375);
#2585=CIRCLE('',#7120,0.2375);
#2586=CIRCLE('',#7122,1.675);
#2587=CIRCLE('',#7125,2.0828);
#2588=CIRCLE('',#7129,1.675);
#2589=CIRCLE('',#7130,1.675);
#2590=CIRCLE('',#7131,1.675);
#2591=CIRCLE('',#7132,1.675);
#2592=CIRCLE('',#7133,1.675);
#2593=CIRCLE('',#7142,0.818331278261953);
#2594=CIRCLE('',#7143,0.2375);
#2595=CIRCLE('',#7144,0.2375);
#2596=CIRCLE('',#7145,0.818331278261953);
#2597=CIRCLE('',#7146,0.2375);
#2598=CIRCLE('',#7147,0.818331278261952);
#2599=CIRCLE('',#7148,0.818331278261952);
#2600=CIRCLE('',#7149,0.818331278261953);
#2601=CIRCLE('',#7150,0.2375);
#2602=CIRCLE('',#7162,2.15);
#2603=CIRCLE('',#7163,2.15);
#2604=CIRCLE('',#7165,4.5);
#2605=CIRCLE('',#7166,4.5);
#2606=CIRCLE('',#7171,0.0999999999999998);
#2607=CIRCLE('',#7172,0.1);
#2608=CIRCLE('',#7173,0.1);
#2609=CIRCLE('',#7175,0.1);
#2610=CIRCLE('',#7176,0.1);
#2611=CIRCLE('',#7177,0.1);
#2612=CIRCLE('',#7179,0.1);
#2613=CIRCLE('',#7180,0.1);
#2614=CIRCLE('',#7181,0.1);
#2615=CIRCLE('',#7183,0.1);
#2616=CIRCLE('',#7184,0.1);
#2617=CIRCLE('',#7185,0.0999999999999998);
#2618=CIRCLE('',#7187,0.1);
#2619=CIRCLE('',#7188,0.1);
#2620=CIRCLE('',#7189,0.1);
#2621=CIRCLE('',#7191,0.1);
#2622=CIRCLE('',#7192,0.1);
#2623=CIRCLE('',#7193,0.1);
#2624=CIRCLE('',#7195,2.0828);
#2625=CIRCLE('',#7196,2.0828);
#2626=CIRCLE('',#7197,0.1);
#2627=CIRCLE('',#7198,2.1828);
#2628=CIRCLE('',#7200,2.1828);
#2629=CIRCLE('',#7201,0.1);
#2630=CIRCLE('',#7202,2.0828);
#2631=CIRCLE('',#7203,2.0828);
#2632=CIRCLE('',#7205,4.16351848851126);
#2633=CIRCLE('',#7206,0.1);
#2634=CIRCLE('',#7207,4.22945360510413);
#2635=CIRCLE('',#7208,4.22945360510413);
#2636=CIRCLE('',#7210,4.21485919489228);
#2637=CIRCLE('',#7211,0.3);
#2638=CIRCLE('',#7212,4.11330147412887);
#2639=CIRCLE('',#7213,4.21485919489228);
#2640=CIRCLE('',#7215,3.1734375);
#2641=CIRCLE('',#7216,0.9921875);
#2642=CIRCLE('',#7229,0.0999999999999998);
#2643=CIRCLE('',#7231,0.1);
#2644=CIRCLE('',#7232,0.1);
#2645=CIRCLE('',#7234,0.1);
#2646=CIRCLE('',#7235,0.1);
#2647=CIRCLE('',#7236,0.1);
#2648=CIRCLE('',#7238,0.1);
#2649=CIRCLE('',#7240,0.1);
#2650=CIRCLE('',#7242,0.1);
#2651=CIRCLE('',#7243,0.0999999999999997);
#2652=CIRCLE('',#7244,0.1);
#2653=CIRCLE('',#7246,0.1);
#2654=CIRCLE('',#7248,0.1);
#2655=CIRCLE('',#7250,0.1);
#2656=CIRCLE('',#7252,0.1);
#2657=CIRCLE('',#7253,0.1);
#2658=CIRCLE('',#7254,0.1);
#2659=CIRCLE('',#7256,0.1);
#2660=CIRCLE('',#7260,2.10500922670447);
#2661=CIRCLE('',#7261,0.1);
#2662=CIRCLE('',#7262,2.05794948949489);
#2663=CIRCLE('',#7264,3.96);
#2664=CIRCLE('',#7265,3.96);
#2665=CIRCLE('',#7266,0.1);
#2666=CIRCLE('',#7267,3.94826775708356);
#2667=CIRCLE('',#7269,3.96);
#2668=CIRCLE('',#7270,0.1);
#2669=CIRCLE('',#7271,3.86);
#2670=CIRCLE('',#7273,1.73708932188135);
#2671=CIRCLE('',#7274,0.1);
#2672=CIRCLE('',#7275,1.66637864376269);
#2673=CIRCLE('',#7277,2.05351067811865);
#2674=CIRCLE('',#7278,2.05351067811865);
#2675=CIRCLE('',#7279,0.1);
#2676=CIRCLE('',#7280,2.0828);
#2677=CIRCLE('',#7281,2.0828);
#2678=CIRCLE('',#7283,0.818331278261952);
#2679=CIRCLE('',#7285,0.2375);
#2680=CIRCLE('',#7287,0.2375);
#2681=CIRCLE('',#7289,1.675);
#2682=CIRCLE('',#7292,2.0828);
#2683=CIRCLE('',#7296,1.675);
#2684=CIRCLE('',#7297,1.675);
#2685=CIRCLE('',#7298,1.675);
#2686=CIRCLE('',#7299,1.675);
#2687=CIRCLE('',#7300,1.675);
#2688=CIRCLE('',#7309,0.818331278261953);
#2689=CIRCLE('',#7310,0.2375);
#2690=CIRCLE('',#7311,0.2375);
#2691=CIRCLE('',#7312,0.818331278261953);
#2692=CIRCLE('',#7313,0.2375);
#2693=CIRCLE('',#7314,0.818331278261952);
#2694=CIRCLE('',#7315,0.818331278261952);
#2695=CIRCLE('',#7316,0.818331278261953);
#2696=CIRCLE('',#7317,0.2375);
#2697=CIRCLE('',#7329,2.7);
#2698=CIRCLE('',#7330,2.7);
#2699=CIRCLE('',#7332,7.375);
#2700=CIRCLE('',#7333,7.375);
#2701=CIRCLE('',#7338,2.5);
#2702=CIRCLE('',#7339,2.5);
#2703=CIRCLE('',#7341,12.5);
#2704=CIRCLE('',#7342,12.5);
#2705=VERTEX_POINT('',#9252);
#2706=VERTEX_POINT('',#9254);
#2707=VERTEX_POINT('',#9258);
#2708=VERTEX_POINT('',#9260);
#2709=VERTEX_POINT('',#9264);
#2710=VERTEX_POINT('',#9265);
#2711=VERTEX_POINT('',#9267);
#2712=VERTEX_POINT('',#9269);
#2713=VERTEX_POINT('',#9273);
#2714=VERTEX_POINT('',#9275);
#2715=VERTEX_POINT('',#9279);
#2716=VERTEX_POINT('',#9280);
#2717=VERTEX_POINT('',#9282);
#2718=VERTEX_POINT('',#9284);
#2719=VERTEX_POINT('',#9288);
#2720=VERTEX_POINT('',#9290);
#2721=VERTEX_POINT('',#9294);
#2722=VERTEX_POINT('',#9295);
#2723=VERTEX_POINT('',#9300);
#2724=VERTEX_POINT('',#9302);
#2725=VERTEX_POINT('',#9306);
#2726=VERTEX_POINT('',#9307);
#2727=VERTEX_POINT('',#9309);
#2728=VERTEX_POINT('',#9311);
#2729=VERTEX_POINT('',#9318);
#2730=VERTEX_POINT('',#9320);
#2731=VERTEX_POINT('',#9322);
#2732=VERTEX_POINT('',#9326);
#2733=VERTEX_POINT('',#9327);
#2734=VERTEX_POINT('',#9329);
#2735=VERTEX_POINT('',#9331);
#2736=VERTEX_POINT('',#9335);
#2737=VERTEX_POINT('',#9337);
#2738=VERTEX_POINT('',#9343);
#2739=VERTEX_POINT('',#9346);
#2740=VERTEX_POINT('',#9347);
#2741=VERTEX_POINT('',#9349);
#2742=VERTEX_POINT('',#9351);
#2743=VERTEX_POINT('',#9358);
#2744=VERTEX_POINT('',#9359);
#2745=VERTEX_POINT('',#9361);
#2746=VERTEX_POINT('',#9363);
#2747=VERTEX_POINT('',#9366);
#2748=VERTEX_POINT('',#9367);
#2749=VERTEX_POINT('',#9369);
#2750=VERTEX_POINT('',#9371);
#2751=VERTEX_POINT('',#9377);
#2752=VERTEX_POINT('',#9378);
#2753=VERTEX_POINT('',#9381);
#2754=VERTEX_POINT('',#9384);
#2755=VERTEX_POINT('',#9385);
#2756=VERTEX_POINT('',#9387);
#2757=VERTEX_POINT('',#9389);
#2758=VERTEX_POINT('',#9393);
#2759=VERTEX_POINT('',#9394);
#2760=VERTEX_POINT('',#9400);
#2761=VERTEX_POINT('',#9404);
#2762=VERTEX_POINT('',#9405);
#2763=VERTEX_POINT('',#9407);
#2764=VERTEX_POINT('',#9409);
#2765=VERTEX_POINT('',#9416);
#2766=VERTEX_POINT('',#9417);
#2767=VERTEX_POINT('',#9419);
#2768=VERTEX_POINT('',#9421);
#2769=VERTEX_POINT('',#9424);
#2770=VERTEX_POINT('',#9425);
#2771=VERTEX_POINT('',#9427);
#2772=VERTEX_POINT('',#9429);
#2773=VERTEX_POINT('',#9475);
#2774=VERTEX_POINT('',#9477);
#2775=VERTEX_POINT('',#9481);
#2776=VERTEX_POINT('',#9483);
#2777=VERTEX_POINT('',#9487);
#2778=VERTEX_POINT('',#9489);
#2779=VERTEX_POINT('',#9493);
#2780=VERTEX_POINT('',#9495);
#2781=VERTEX_POINT('',#9499);
#2782=VERTEX_POINT('',#9501);
#2783=VERTEX_POINT('',#9505);
#2784=VERTEX_POINT('',#9507);
#2785=VERTEX_POINT('',#9511);
#2786=VERTEX_POINT('',#9512);
#2787=VERTEX_POINT('',#9514);
#2788=VERTEX_POINT('',#9516);
#2789=VERTEX_POINT('',#9518);
#2790=VERTEX_POINT('',#9520);
#2791=VERTEX_POINT('',#9524);
#2792=VERTEX_POINT('',#9525);
#2793=VERTEX_POINT('',#9527);
#2794=VERTEX_POINT('',#9529);
#2795=VERTEX_POINT('',#9531);
#2796=VERTEX_POINT('',#9533);
#2797=VERTEX_POINT('',#9535);
#2798=VERTEX_POINT('',#9537);
#2799=VERTEX_POINT('',#9539);
#2800=VERTEX_POINT('',#9541);
#2801=VERTEX_POINT('',#9543);
#2802=VERTEX_POINT('',#9545);
#2803=VERTEX_POINT('',#9549);
#2804=VERTEX_POINT('',#9550);
#2805=VERTEX_POINT('',#9552);
#2806=VERTEX_POINT('',#9554);
#2807=VERTEX_POINT('',#9556);
#2808=VERTEX_POINT('',#9558);
#2809=VERTEX_POINT('',#9560);
#2810=VERTEX_POINT('',#9562);
#2811=VERTEX_POINT('',#9564);
#2812=VERTEX_POINT('',#9566);
#2813=VERTEX_POINT('',#9568);
#2814=VERTEX_POINT('',#9570);
#2815=VERTEX_POINT('',#9583);
#2816=VERTEX_POINT('',#9585);
#2817=VERTEX_POINT('',#9589);
#2818=VERTEX_POINT('',#9590);
#2819=VERTEX_POINT('',#9600);
#2820=VERTEX_POINT('',#9604);
#2821=VERTEX_POINT('',#9610);
#2822=VERTEX_POINT('',#9611);
#2823=VERTEX_POINT('',#9613);
#2824=VERTEX_POINT('',#9615);
#2825=VERTEX_POINT('',#9619);
#2826=VERTEX_POINT('',#9621);
#2827=VERTEX_POINT('',#9625);
#2828=VERTEX_POINT('',#9627);
#2829=VERTEX_POINT('',#9631);
#2830=VERTEX_POINT('',#9633);
#2831=VERTEX_POINT('',#9637);
#2832=VERTEX_POINT('',#9639);
#2833=VERTEX_POINT('',#9643);
#2834=VERTEX_POINT('',#9645);
#2835=VERTEX_POINT('',#9647);
#2836=VERTEX_POINT('',#9649);
#2837=VERTEX_POINT('',#9653);
#2838=VERTEX_POINT('',#9655);
#2839=VERTEX_POINT('',#9663);
#2840=VERTEX_POINT('',#9667);
#2841=VERTEX_POINT('',#9803);
#2842=VERTEX_POINT('',#9807);
#2843=VERTEX_POINT('',#9813);
#2844=VERTEX_POINT('',#9814);
#2845=VERTEX_POINT('',#9816);
#2846=VERTEX_POINT('',#9818);
#2847=VERTEX_POINT('',#9822);
#2848=VERTEX_POINT('',#9823);
#2849=VERTEX_POINT('',#9828);
#2850=VERTEX_POINT('',#9830);
#2851=VERTEX_POINT('',#9838);
#2852=VERTEX_POINT('',#9839);
#2853=VERTEX_POINT('',#9844);
#2854=VERTEX_POINT('',#9846);
#2855=VERTEX_POINT('',#9852);
#2856=VERTEX_POINT('',#9853);
#2857=VERTEX_POINT('',#9855);
#2858=VERTEX_POINT('',#9857);
#2859=VERTEX_POINT('',#9861);
#2860=VERTEX_POINT('',#9863);
#2861=VERTEX_POINT('',#9867);
#2862=VERTEX_POINT('',#9869);
#2863=VERTEX_POINT('',#9873);
#2864=VERTEX_POINT('',#9875);
#2865=VERTEX_POINT('',#9879);
#2866=VERTEX_POINT('',#9881);
#2867=VERTEX_POINT('',#9887);
#2868=VERTEX_POINT('',#9889);
#2869=VERTEX_POINT('',#9891);
#2870=VERTEX_POINT('',#9893);
#2871=VERTEX_POINT('',#9897);
#2872=VERTEX_POINT('',#9899);
#2873=VERTEX_POINT('',#9903);
#2874=VERTEX_POINT('',#9905);
#2875=VERTEX_POINT('',#9909);
#2876=VERTEX_POINT('',#9912);
#2877=VERTEX_POINT('',#9985);
#2878=VERTEX_POINT('',#10031);
#2879=VERTEX_POINT('',#10050);
#2880=VERTEX_POINT('',#10052);
#2881=VERTEX_POINT('',#10056);
#2882=VERTEX_POINT('',#10057);
#2883=VERTEX_POINT('',#10066);
#2884=VERTEX_POINT('',#10067);
#2885=VERTEX_POINT('',#10069);
#2886=VERTEX_POINT('',#10071);
#2887=VERTEX_POINT('',#10083);
#2888=VERTEX_POINT('',#10085);
#2889=VERTEX_POINT('',#10089);
#2890=VERTEX_POINT('',#10091);
#2891=VERTEX_POINT('',#10095);
#2892=VERTEX_POINT('',#10096);
#2893=VERTEX_POINT('',#10098);
#2894=VERTEX_POINT('',#10100);
#2895=VERTEX_POINT('',#10104);
#2896=VERTEX_POINT('',#10106);
#2897=VERTEX_POINT('',#10110);
#2898=VERTEX_POINT('',#10112);
#2899=VERTEX_POINT('',#10116);
#2900=VERTEX_POINT('',#10118);
#2901=VERTEX_POINT('',#10122);
#2902=VERTEX_POINT('',#10124);
#2903=VERTEX_POINT('',#10128);
#2904=VERTEX_POINT('',#10130);
#2905=VERTEX_POINT('',#10134);
#2906=VERTEX_POINT('',#10135);
#2907=VERTEX_POINT('',#10137);
#2908=VERTEX_POINT('',#10139);
#2909=VERTEX_POINT('',#10141);
#2910=VERTEX_POINT('',#10144);
#2911=VERTEX_POINT('',#10146);
#2912=VERTEX_POINT('',#10148);
#2913=VERTEX_POINT('',#10150);
#2914=VERTEX_POINT('',#10152);
#2915=VERTEX_POINT('',#10156);
#2916=VERTEX_POINT('',#10158);
#2917=VERTEX_POINT('',#10162);
#2918=VERTEX_POINT('',#10164);
#2919=VERTEX_POINT('',#10168);
#2920=VERTEX_POINT('',#10170);
#2921=VERTEX_POINT('',#10174);
#2922=VERTEX_POINT('',#10176);
#2923=VERTEX_POINT('',#10180);
#2924=VERTEX_POINT('',#10182);
#2925=VERTEX_POINT('',#10186);
#2926=VERTEX_POINT('',#10188);
#2927=VERTEX_POINT('',#10192);
#2928=VERTEX_POINT('',#10194);
#2929=VERTEX_POINT('',#10205);
#2930=VERTEX_POINT('',#10210);
#2931=VERTEX_POINT('',#10217);
#2932=VERTEX_POINT('',#10219);
#2933=VERTEX_POINT('',#10230);
#2934=VERTEX_POINT('',#10235);
#2935=VERTEX_POINT('',#10242);
#2936=VERTEX_POINT('',#10243);
#2937=VERTEX_POINT('',#10245);
#2938=VERTEX_POINT('',#10247);
#2939=VERTEX_POINT('',#10249);
#2940=VERTEX_POINT('',#10252);
#2941=VERTEX_POINT('',#10254);
#2942=VERTEX_POINT('',#10256);
#2943=VERTEX_POINT('',#10258);
#2944=VERTEX_POINT('',#10260);
#2945=VERTEX_POINT('',#10271);
#2946=VERTEX_POINT('',#10276);
#2947=VERTEX_POINT('',#10283);
#2948=VERTEX_POINT('',#10285);
#2949=VERTEX_POINT('',#10296);
#2950=VERTEX_POINT('',#10301);
#2951=VERTEX_POINT('',#10329);
#2952=VERTEX_POINT('',#10331);
#2953=VERTEX_POINT('',#10335);
#2954=VERTEX_POINT('',#10337);
#2955=VERTEX_POINT('',#10341);
#2956=VERTEX_POINT('',#10342);
#2957=VERTEX_POINT('',#10344);
#2958=VERTEX_POINT('',#10346);
#2959=VERTEX_POINT('',#10350);
#2960=VERTEX_POINT('',#10352);
#2961=VERTEX_POINT('',#10354);
#2962=VERTEX_POINT('',#10356);
#2963=VERTEX_POINT('',#10358);
#2964=VERTEX_POINT('',#10360);
#2965=VERTEX_POINT('',#10362);
#2966=VERTEX_POINT('',#10364);
#2967=VERTEX_POINT('',#10366);
#2968=VERTEX_POINT('',#10368);
#2969=VERTEX_POINT('',#10370);
#2970=VERTEX_POINT('',#10372);
#2971=VERTEX_POINT('',#10374);
#2972=VERTEX_POINT('',#10376);
#2973=VERTEX_POINT('',#10378);
#2974=VERTEX_POINT('',#10380);
#2975=VERTEX_POINT('',#10382);
#2976=VERTEX_POINT('',#10384);
#2977=VERTEX_POINT('',#10388);
#2978=VERTEX_POINT('',#10389);
#2979=VERTEX_POINT('',#10392);
#2980=VERTEX_POINT('',#10394);
#2981=VERTEX_POINT('',#10398);
#2982=VERTEX_POINT('',#10400);
#2983=VERTEX_POINT('',#10404);
#2984=VERTEX_POINT('',#10406);
#2985=VERTEX_POINT('',#10417);
#2986=VERTEX_POINT('',#10422);
#2987=VERTEX_POINT('',#10429);
#2988=VERTEX_POINT('',#10431);
#2989=VERTEX_POINT('',#10442);
#2990=VERTEX_POINT('',#10447);
#2991=VERTEX_POINT('',#10454);
#2992=VERTEX_POINT('',#10455);
#2993=VERTEX_POINT('',#10457);
#2994=VERTEX_POINT('',#10459);
#2995=VERTEX_POINT('',#10461);
#2996=VERTEX_POINT('',#10464);
#2997=VERTEX_POINT('',#10466);
#2998=VERTEX_POINT('',#10468);
#2999=VERTEX_POINT('',#10470);
#3000=VERTEX_POINT('',#10472);
#3001=VERTEX_POINT('',#10483);
#3002=VERTEX_POINT('',#10488);
#3003=VERTEX_POINT('',#10495);
#3004=VERTEX_POINT('',#10497);
#3005=VERTEX_POINT('',#10508);
#3006=VERTEX_POINT('',#10513);
#3007=VERTEX_POINT('',#10520);
#3008=VERTEX_POINT('',#10522);
#3009=VERTEX_POINT('',#10526);
#3010=VERTEX_POINT('',#10528);
#3011=VERTEX_POINT('',#10532);
#3012=VERTEX_POINT('',#10533);
#3013=VERTEX_POINT('',#10536);
#3014=VERTEX_POINT('',#10538);
#3015=VERTEX_POINT('',#10596);
#3016=VERTEX_POINT('',#10597);
#3017=VERTEX_POINT('',#10599);
#3018=VERTEX_POINT('',#10609);
#3019=VERTEX_POINT('',#10621);
#3020=VERTEX_POINT('',#10623);
#3021=VERTEX_POINT('',#10644);
#3022=VERTEX_POINT('',#10654);
#3023=VERTEX_POINT('',#10666);
#3024=VERTEX_POINT('',#10667);
#3025=VERTEX_POINT('',#10669);
#3026=VERTEX_POINT('',#10671);
#3027=VERTEX_POINT('',#10673);
#3028=VERTEX_POINT('',#10676);
#3029=VERTEX_POINT('',#10678);
#3030=VERTEX_POINT('',#10680);
#3031=VERTEX_POINT('',#10682);
#3032=VERTEX_POINT('',#10684);
#3033=VERTEX_POINT('',#10705);
#3034=VERTEX_POINT('',#10715);
#3035=VERTEX_POINT('',#10727);
#3036=VERTEX_POINT('',#10729);
#3037=VERTEX_POINT('',#10750);
#3038=VERTEX_POINT('',#10760);
#3039=VERTEX_POINT('',#10772);
#3040=VERTEX_POINT('',#10774);
#3041=VERTEX_POINT('',#10778);
#3042=VERTEX_POINT('',#10780);
#3043=VERTEX_POINT('',#10784);
#3044=VERTEX_POINT('',#10786);
#3045=VERTEX_POINT('',#10797);
#3046=VERTEX_POINT('',#10802);
#3047=VERTEX_POINT('',#10809);
#3048=VERTEX_POINT('',#10811);
#3049=VERTEX_POINT('',#10822);
#3050=VERTEX_POINT('',#10827);
#3051=VERTEX_POINT('',#10834);
#3052=VERTEX_POINT('',#10835);
#3053=VERTEX_POINT('',#10837);
#3054=VERTEX_POINT('',#10839);
#3055=VERTEX_POINT('',#10841);
#3056=VERTEX_POINT('',#10844);
#3057=VERTEX_POINT('',#10846);
#3058=VERTEX_POINT('',#10848);
#3059=VERTEX_POINT('',#10850);
#3060=VERTEX_POINT('',#10852);
#3061=VERTEX_POINT('',#10863);
#3062=VERTEX_POINT('',#10868);
#3063=VERTEX_POINT('',#10875);
#3064=VERTEX_POINT('',#10877);
#3065=VERTEX_POINT('',#10888);
#3066=VERTEX_POINT('',#10893);
#3067=VERTEX_POINT('',#10900);
#3068=VERTEX_POINT('',#10902);
#3069=VERTEX_POINT('',#10906);
#3070=VERTEX_POINT('',#10908);
#3071=VERTEX_POINT('',#10940);
#3072=VERTEX_POINT('',#10941);
#3073=VERTEX_POINT('',#10943);
#3074=VERTEX_POINT('',#10948);
#3075=VERTEX_POINT('',#10955);
#3076=VERTEX_POINT('',#10957);
#3077=VERTEX_POINT('',#10968);
#3078=VERTEX_POINT('',#10973);
#3079=VERTEX_POINT('',#10980);
#3080=VERTEX_POINT('',#10982);
#3081=VERTEX_POINT('',#10986);
#3082=VERTEX_POINT('',#10988);
#3083=VERTEX_POINT('',#10992);
#3084=VERTEX_POINT('',#10994);
#3085=VERTEX_POINT('',#11015);
#3086=VERTEX_POINT('',#11025);
#3087=VERTEX_POINT('',#11037);
#3088=VERTEX_POINT('',#11039);
#3089=VERTEX_POINT('',#11060);
#3090=VERTEX_POINT('',#11070);
#3091=VERTEX_POINT('',#11082);
#3092=VERTEX_POINT('',#11083);
#3093=VERTEX_POINT('',#11085);
#3094=VERTEX_POINT('',#11087);
#3095=VERTEX_POINT('',#11089);
#3096=VERTEX_POINT('',#11092);
#3097=VERTEX_POINT('',#11094);
#3098=VERTEX_POINT('',#11096);
#3099=VERTEX_POINT('',#11098);
#3100=VERTEX_POINT('',#11100);
#3101=VERTEX_POINT('',#11121);
#3102=VERTEX_POINT('',#11131);
#3103=VERTEX_POINT('',#11143);
#3104=VERTEX_POINT('',#11145);
#3105=VERTEX_POINT('',#11166);
#3106=VERTEX_POINT('',#11176);
#3107=VERTEX_POINT('',#11188);
#3108=VERTEX_POINT('',#11190);
#3109=VERTEX_POINT('',#11194);
#3110=VERTEX_POINT('',#11196);
#3111=VERTEX_POINT('',#11200);
#3112=VERTEX_POINT('',#11202);
#3113=VERTEX_POINT('',#11213);
#3114=VERTEX_POINT('',#11218);
#3115=VERTEX_POINT('',#11225);
#3116=VERTEX_POINT('',#11227);
#3117=VERTEX_POINT('',#11238);
#3118=VERTEX_POINT('',#11243);
#3119=VERTEX_POINT('',#11250);
#3120=VERTEX_POINT('',#11252);
#3121=VERTEX_POINT('',#11254);
#3122=VERTEX_POINT('',#11256);
#3123=VERTEX_POINT('',#11259);
#3124=VERTEX_POINT('',#11261);
#3125=VERTEX_POINT('',#11263);
#3126=VERTEX_POINT('',#11265);
#3127=VERTEX_POINT('',#11288);
#3128=VERTEX_POINT('',#11290);
#3129=VERTEX_POINT('',#11294);
#3130=VERTEX_POINT('',#11295);
#3131=VERTEX_POINT('',#11298);
#3132=VERTEX_POINT('',#11302);
#3133=VERTEX_POINT('',#11304);
#3134=VERTEX_POINT('',#11306);
#3135=VERTEX_POINT('',#11310);
#3136=VERTEX_POINT('',#11313);
#3137=VERTEX_POINT('',#11315);
#3138=VERTEX_POINT('',#11319);
#3139=VERTEX_POINT('',#11327);
#3140=VERTEX_POINT('',#11329);
#3141=VERTEX_POINT('',#11333);
#3142=VERTEX_POINT('',#11334);
#3143=VERTEX_POINT('',#11337);
#3144=VERTEX_POINT('',#11341);
#3145=VERTEX_POINT('',#11343);
#3146=VERTEX_POINT('',#11347);
#3147=VERTEX_POINT('',#11349);
#3148=VERTEX_POINT('',#11353);
#3149=VERTEX_POINT('',#11354);
#3150=VERTEX_POINT('',#11357);
#3151=VERTEX_POINT('',#11359);
#3152=VERTEX_POINT('',#11363);
#3153=VERTEX_POINT('',#11364);
#3154=VERTEX_POINT('',#11366);
#3155=VERTEX_POINT('',#11368);
#3156=VERTEX_POINT('',#11385);
#3157=VERTEX_POINT('',#11386);
#3158=VERTEX_POINT('',#11388);
#3159=VERTEX_POINT('',#11390);
#3160=VERTEX_POINT('',#11399);
#3161=VERTEX_POINT('',#11410);
#3162=VERTEX_POINT('',#11411);
#3163=VERTEX_POINT('',#11413);
#3164=VERTEX_POINT('',#11415);
#3165=VERTEX_POINT('',#11424);
#3166=VERTEX_POINT('',#11453);
#3167=VERTEX_POINT('',#11460);
#3168=VERTEX_POINT('',#11461);
#3169=VERTEX_POINT('',#11463);
#3170=VERTEX_POINT('',#11466);
#3171=VERTEX_POINT('',#11472);
#3172=VERTEX_POINT('',#11481);
#3173=VERTEX_POINT('',#11505);
#3174=VERTEX_POINT('',#11529);
#3175=VERTEX_POINT('',#11553);
#3176=VERTEX_POINT('',#11562);
#3177=VERTEX_POINT('',#11603);
#3178=VERTEX_POINT('',#11604);
#3179=VERTEX_POINT('',#11607);
#3180=VERTEX_POINT('',#11609);
#3181=VERTEX_POINT('',#11611);
#3182=VERTEX_POINT('',#11615);
#3183=VERTEX_POINT('',#11635);
#3184=VERTEX_POINT('',#11637);
#3185=VERTEX_POINT('',#11641);
#3186=VERTEX_POINT('',#11643);
#3187=VERTEX_POINT('',#11650);
#3188=VERTEX_POINT('',#11651);
#3189=VERTEX_POINT('',#11653);
#3190=VERTEX_POINT('',#11657);
#3191=VERTEX_POINT('',#11658);
#3192=VERTEX_POINT('',#11660);
#3193=VERTEX_POINT('',#11664);
#3194=VERTEX_POINT('',#11665);
#3195=VERTEX_POINT('',#11667);
#3196=VERTEX_POINT('',#11671);
#3197=VERTEX_POINT('',#11672);
#3198=VERTEX_POINT('',#11674);
#3199=VERTEX_POINT('',#11678);
#3200=VERTEX_POINT('',#11679);
#3201=VERTEX_POINT('',#11681);
#3202=VERTEX_POINT('',#11685);
#3203=VERTEX_POINT('',#11686);
#3204=VERTEX_POINT('',#11688);
#3205=VERTEX_POINT('',#11692);
#3206=VERTEX_POINT('',#11693);
#3207=VERTEX_POINT('',#11696);
#3208=VERTEX_POINT('',#11700);
#3209=VERTEX_POINT('',#11702);
#3210=VERTEX_POINT('',#11704);
#3211=VERTEX_POINT('',#11708);
#3212=VERTEX_POINT('',#11710);
#3213=VERTEX_POINT('',#11712);
#3214=VERTEX_POINT('',#11716);
#3215=VERTEX_POINT('',#11717);
#3216=VERTEX_POINT('',#11719);
#3217=VERTEX_POINT('',#11724);
#3218=VERTEX_POINT('',#11728);
#3219=VERTEX_POINT('',#11729);
#3220=VERTEX_POINT('',#11755);
#3221=VERTEX_POINT('',#11886);
#3222=VERTEX_POINT('',#11966);
#3223=VERTEX_POINT('',#11992);
#3224=VERTEX_POINT('',#12048);
#3225=VERTEX_POINT('',#12069);
#3226=VERTEX_POINT('',#12091);
#3227=VERTEX_POINT('',#12093);
#3228=VERTEX_POINT('',#12146);
#3229=VERTEX_POINT('',#12148);
#3230=VERTEX_POINT('',#12189);
#3231=VERTEX_POINT('',#12191);
#3232=VERTEX_POINT('',#12232);
#3233=VERTEX_POINT('',#12259);
#3234=VERTEX_POINT('',#12287);
#3235=VERTEX_POINT('',#12308);
#3236=VERTEX_POINT('',#12577);
#3237=VERTEX_POINT('',#12579);
#3238=VERTEX_POINT('',#12583);
#3239=VERTEX_POINT('',#12584);
#3240=VERTEX_POINT('',#12587);
#3241=VERTEX_POINT('',#12591);
#3242=VERTEX_POINT('',#12593);
#3243=VERTEX_POINT('',#12597);
#3244=VERTEX_POINT('',#12599);
#3245=VERTEX_POINT('',#12603);
#3246=VERTEX_POINT('',#12604);
#3247=VERTEX_POINT('',#12607);
#3248=VERTEX_POINT('',#12609);
#3249=VERTEX_POINT('',#12613);
#3250=VERTEX_POINT('',#12614);
#3251=VERTEX_POINT('',#12616);
#3252=VERTEX_POINT('',#12618);
#3253=VERTEX_POINT('',#12635);
#3254=VERTEX_POINT('',#12636);
#3255=VERTEX_POINT('',#12638);
#3256=VERTEX_POINT('',#12640);
#3257=VERTEX_POINT('',#12649);
#3258=VERTEX_POINT('',#12660);
#3259=VERTEX_POINT('',#12661);
#3260=VERTEX_POINT('',#12663);
#3261=VERTEX_POINT('',#12665);
#3262=VERTEX_POINT('',#12674);
#3263=VERTEX_POINT('',#12703);
#3264=VERTEX_POINT('',#12710);
#3265=VERTEX_POINT('',#12711);
#3266=VERTEX_POINT('',#12713);
#3267=VERTEX_POINT('',#12716);
#3268=VERTEX_POINT('',#12722);
#3269=VERTEX_POINT('',#12731);
#3270=VERTEX_POINT('',#12755);
#3271=VERTEX_POINT('',#12779);
#3272=VERTEX_POINT('',#12803);
#3273=VERTEX_POINT('',#12812);
#3274=VERTEX_POINT('',#12853);
#3275=VERTEX_POINT('',#12854);
#3276=VERTEX_POINT('',#12857);
#3277=VERTEX_POINT('',#12859);
#3278=VERTEX_POINT('',#12861);
#3279=VERTEX_POINT('',#12865);
#3280=VERTEX_POINT('',#12885);
#3281=VERTEX_POINT('',#12887);
#3282=VERTEX_POINT('',#12891);
#3283=VERTEX_POINT('',#12893);
#3284=VERTEX_POINT('',#12900);
#3285=VERTEX_POINT('',#12902);
#3286=VERTEX_POINT('',#12906);
#3287=VERTEX_POINT('',#12908);
#3288=EDGE_CURVE('',#2705,#2705,#2391,.T.);
#3289=EDGE_CURVE('',#2705,#2706,#1399,.T.);
#3290=EDGE_CURVE('',#2706,#2706,#2392,.T.);
#3291=EDGE_CURVE('',#2707,#2707,#2393,.T.);
#3292=EDGE_CURVE('',#2707,#2708,#1400,.T.);
#3293=EDGE_CURVE('',#2708,#2708,#2394,.T.);
#3294=EDGE_CURVE('',#2709,#2710,#1401,.T.);
#3295=EDGE_CURVE('',#2709,#2711,#2395,.T.);
#3296=EDGE_CURVE('',#2712,#2711,#1402,.T.);
#3297=EDGE_CURVE('',#2710,#2712,#2396,.T.);
#3298=EDGE_CURVE('',#2713,#2709,#1403,.T.);
#3299=EDGE_CURVE('',#2714,#2710,#1404,.T.);
#3300=EDGE_CURVE('',#2714,#2713,#1405,.T.);
#3301=EDGE_CURVE('',#2715,#2716,#1406,.T.);
#3302=EDGE_CURVE('',#2717,#2715,#2397,.T.);
#3303=EDGE_CURVE('',#2718,#2717,#1407,.T.);
#3304=EDGE_CURVE('',#2718,#2716,#2398,.T.);
#3305=EDGE_CURVE('',#2716,#2719,#1408,.T.);
#3306=EDGE_CURVE('',#2719,#2720,#1409,.T.);
#3307=EDGE_CURVE('',#2715,#2720,#1410,.T.);
#3308=EDGE_CURVE('',#2721,#2722,#1411,.T.);
#3309=EDGE_CURVE('',#2721,#2713,#2399,.T.);
#3310=EDGE_CURVE('',#2722,#2714,#2400,.T.);
#3311=EDGE_CURVE('',#2723,#2722,#1412,.T.);
#3312=EDGE_CURVE('',#2723,#2724,#1413,.T.);
#3313=EDGE_CURVE('',#2724,#2721,#1414,.T.);
#3314=EDGE_CURVE('',#2725,#2726,#1415,.T.);
#3315=EDGE_CURVE('',#2727,#2725,#2401,.T.);
#3316=EDGE_CURVE('',#2728,#2727,#1416,.T.);
#3317=EDGE_CURVE('',#2728,#2726,#2402,.T.);
#3318=EDGE_CURVE('',#2725,#2717,#1417,.T.);
#3319=EDGE_CURVE('',#2726,#2718,#1418,.T.);
#3320=EDGE_CURVE('',#2720,#2729,#2403,.T.);
#3321=EDGE_CURVE('',#2730,#2729,#1419,.T.);
#3322=EDGE_CURVE('',#2730,#2731,#2404,.T.);
#3323=EDGE_CURVE('',#2711,#2731,#1420,.T.);
#3324=EDGE_CURVE('',#2711,#2715,#1421,.T.);
#3325=EDGE_CURVE('',#2732,#2733,#1422,.T.);
#3326=EDGE_CURVE('',#2733,#2734,#2405,.T.);
#3327=EDGE_CURVE('',#2734,#2735,#1423,.T.);
#3328=EDGE_CURVE('',#2735,#2732,#2406,.T.);
#3329=EDGE_CURVE('',#2729,#2736,#1424,.T.);
#3330=EDGE_CURVE('',#2737,#2736,#1425,.T.);
#3331=EDGE_CURVE('',#2737,#2730,#1426,.T.);
#3332=EDGE_CURVE('',#2736,#2719,#2407,.T.);
#3333=EDGE_CURVE('',#2712,#2716,#1427,.T.);
#3334=EDGE_CURVE('',#2712,#2738,#1428,.T.);
#3335=EDGE_CURVE('',#2738,#2737,#2408,.T.);
#3336=EDGE_CURVE('',#2739,#2740,#2409,.T.);
#3337=EDGE_CURVE('',#2740,#2741,#1429,.T.);
#3338=EDGE_CURVE('',#2741,#2742,#2410,.T.);
#3339=EDGE_CURVE('',#2742,#2739,#1430,.T.);
#3340=EDGE_CURVE('',#2710,#2718,#1431,.T.);
#3341=EDGE_CURVE('',#2714,#2726,#1432,.T.);
#3342=EDGE_CURVE('',#2743,#2744,#2411,.T.);
#3343=EDGE_CURVE('',#2745,#2743,#1433,.T.);
#3344=EDGE_CURVE('',#2746,#2745,#2412,.T.);
#3345=EDGE_CURVE('',#2744,#2746,#1434,.T.);
#3346=EDGE_CURVE('',#2747,#2748,#2413,.T.);
#3347=EDGE_CURVE('',#2749,#2747,#1435,.T.);
#3348=EDGE_CURVE('',#2750,#2749,#2414,.T.);
#3349=EDGE_CURVE('',#2748,#2750,#1436,.T.);
#3350=EDGE_CURVE('',#2722,#2728,#1437,.T.);
#3351=EDGE_CURVE('',#2751,#2752,#1438,.T.);
#3352=EDGE_CURVE('',#2751,#2723,#2415,.T.);
#3353=EDGE_CURVE('',#2753,#2728,#1439,.T.);
#3354=EDGE_CURVE('',#2753,#2752,#2416,.T.);
#3355=EDGE_CURVE('',#2754,#2755,#2417,.T.);
#3356=EDGE_CURVE('',#2756,#2754,#1440,.T.);
#3357=EDGE_CURVE('',#2757,#2756,#2418,.T.);
#3358=EDGE_CURVE('',#2755,#2757,#1441,.T.);
#3359=EDGE_CURVE('',#2758,#2759,#1442,.T.);
#3360=EDGE_CURVE('',#2758,#2751,#1443,.T.);
#3361=EDGE_CURVE('',#2752,#2759,#1444,.T.);
#3362=EDGE_CURVE('',#2724,#2758,#2419,.T.);
#3363=EDGE_CURVE('',#2759,#2760,#2420,.T.);
#3364=EDGE_CURVE('',#2760,#2727,#1445,.T.);
#3365=EDGE_CURVE('',#2721,#2727,#1446,.T.);
#3366=EDGE_CURVE('',#2761,#2762,#1447,.T.);
#3367=EDGE_CURVE('',#2763,#2761,#2421,.T.);
#3368=EDGE_CURVE('',#2764,#2763,#1448,.T.);
#3369=EDGE_CURVE('',#2762,#2764,#2422,.T.);
#3370=EDGE_CURVE('',#2713,#2725,#1449,.T.);
#3371=EDGE_CURVE('',#2709,#2717,#1450,.T.);
#3372=EDGE_CURVE('',#2765,#2766,#1451,.T.);
#3373=EDGE_CURVE('',#2767,#2765,#2423,.T.);
#3374=EDGE_CURVE('',#2768,#2767,#1452,.T.);
#3375=EDGE_CURVE('',#2766,#2768,#2424,.T.);
#3376=EDGE_CURVE('',#2769,#2770,#1453,.T.);
#3377=EDGE_CURVE('',#2771,#2769,#2425,.T.);
#3378=EDGE_CURVE('',#2772,#2771,#1454,.T.);
#3379=EDGE_CURVE('',#2770,#2772,#2426,.T.);
#3380=EDGE_CURVE('',#2731,#2738,#1455,.T.);
#3381=EDGE_CURVE('',#2760,#2753,#1456,.T.);
#3382=EDGE_CURVE('',#2769,#2747,#1457,.T.);
#3383=EDGE_CURVE('',#2771,#2748,#1458,.T.);
#3384=EDGE_CURVE('',#2770,#2749,#1459,.T.);
#3385=EDGE_CURVE('',#2772,#2750,#1460,.T.);
#3386=EDGE_CURVE('',#2765,#2743,#1461,.T.);
#3387=EDGE_CURVE('',#2767,#2744,#1462,.T.);
#3388=EDGE_CURVE('',#2766,#2745,#1463,.T.);
#3389=EDGE_CURVE('',#2768,#2746,#1464,.T.);
#3390=EDGE_CURVE('',#2761,#2754,#1465,.T.);
#3391=EDGE_CURVE('',#2763,#2755,#1466,.T.);
#3392=EDGE_CURVE('',#2762,#2756,#1467,.T.);
#3393=EDGE_CURVE('',#2764,#2757,#1468,.T.);
#3394=EDGE_CURVE('',#2733,#2740,#1469,.T.);
#3395=EDGE_CURVE('',#2734,#2739,#1470,.T.);
#3396=EDGE_CURVE('',#2735,#2742,#1471,.T.);
#3397=EDGE_CURVE('',#2732,#2741,#1472,.T.);
#3398=EDGE_CURVE('',#2773,#2773,#2427,.T.);
#3399=EDGE_CURVE('',#2773,#2774,#1473,.T.);
#3400=EDGE_CURVE('',#2774,#2774,#2428,.T.);
#3401=EDGE_CURVE('',#2775,#2775,#2429,.T.);
#3402=EDGE_CURVE('',#2775,#2776,#1474,.T.);
#3403=EDGE_CURVE('',#2776,#2776,#2430,.T.);
#3404=EDGE_CURVE('',#2777,#2777,#2431,.T.);
#3405=EDGE_CURVE('',#2777,#2778,#1475,.T.);
#3406=EDGE_CURVE('',#2778,#2778,#2432,.T.);
#3407=EDGE_CURVE('',#2779,#2779,#2433,.T.);
#3408=EDGE_CURVE('',#2779,#2780,#1476,.T.);
#3409=EDGE_CURVE('',#2780,#2780,#2434,.T.);
#3410=EDGE_CURVE('',#2781,#2781,#2435,.T.);
#3411=EDGE_CURVE('',#2781,#2782,#1477,.T.);
#3412=EDGE_CURVE('',#2782,#2782,#2436,.T.);
#3413=EDGE_CURVE('',#2783,#2783,#2437,.T.);
#3414=EDGE_CURVE('',#2783,#2784,#1478,.T.);
#3415=EDGE_CURVE('',#2784,#2784,#2438,.T.);
#3416=EDGE_CURVE('',#2785,#2786,#2439,.T.);
#3417=EDGE_CURVE('',#2787,#2785,#2440,.T.);
#3418=EDGE_CURVE('',#2788,#2787,#2441,.T.);
#3419=EDGE_CURVE('',#2789,#2788,#1479,.T.);
#3420=EDGE_CURVE('',#2789,#2790,#2442,.T.);
#3421=EDGE_CURVE('',#2786,#2790,#1480,.T.);
#3422=EDGE_CURVE('',#2791,#2792,#1481,.T.);
#3423=EDGE_CURVE('',#2793,#2791,#2443,.T.);
#3424=EDGE_CURVE('',#2793,#2794,#1482,.T.);
#3425=EDGE_CURVE('',#2794,#2795,#1483,.T.);
#3426=EDGE_CURVE('',#2795,#2796,#1484,.T.);
#3427=EDGE_CURVE('',#2796,#2797,#1485,.T.);
#3428=EDGE_CURVE('',#2797,#2798,#1486,.T.);
#3429=EDGE_CURVE('',#2799,#2798,#2444,.T.);
#3430=EDGE_CURVE('',#2800,#2799,#1487,.T.);
#3431=EDGE_CURVE('',#2801,#2800,#1488,.T.);
#3432=EDGE_CURVE('',#2802,#2801,#1489,.T.);
#3433=EDGE_CURVE('',#2792,#2802,#1490,.T.);
#3434=EDGE_CURVE('',#2803,#2804,#1491,.T.);
#3435=EDGE_CURVE('',#2805,#2803,#2445,.T.);
#3436=EDGE_CURVE('',#2805,#2806,#1492,.T.);
#3437=EDGE_CURVE('',#2806,#2807,#1493,.T.);
#3438=EDGE_CURVE('',#2807,#2808,#1494,.T.);
#3439=EDGE_CURVE('',#2808,#2809,#1495,.T.);
#3440=EDGE_CURVE('',#2809,#2810,#1496,.T.);
#3441=EDGE_CURVE('',#2811,#2810,#2446,.T.);
#3442=EDGE_CURVE('',#2812,#2811,#1497,.T.);
#3443=EDGE_CURVE('',#2813,#2812,#1498,.T.);
#3444=EDGE_CURVE('',#2814,#2813,#1499,.T.);
#3445=EDGE_CURVE('',#2804,#2814,#1500,.T.);
#3446=EDGE_CURVE('',#2796,#2813,#1501,.T.);
#3447=EDGE_CURVE('',#2795,#2814,#1502,.T.);
#3448=EDGE_CURVE('',#2794,#2804,#1503,.T.);
#3449=EDGE_CURVE('',#2803,#2793,#1504,.T.);
#3450=EDGE_CURVE('',#2797,#2812,#1505,.T.);
#3451=EDGE_CURVE('',#2793,#2815,#1506,.T.);
#3452=EDGE_CURVE('',#2816,#2815,#1507,.T.);
#3453=EDGE_CURVE('',#2816,#2803,#1508,.T.);
#3454=EDGE_CURVE('',#2817,#2818,#1509,.T.);
#3455=EDGE_CURVE('',#2816,#2817,#1510,.T.);
#3456=EDGE_CURVE('',#2815,#2818,#1511,.T.);
#3457=EDGE_CURVE('',#2798,#2811,#1512,.T.);
#3458=EDGE_CURVE('',#2817,#2811,#1513,.T.);
#3459=EDGE_CURVE('',#2798,#2818,#1514,.T.);
#3460=EDGE_CURVE('',#2819,#2799,#1515,.T.);
#3461=EDGE_CURVE('',#2819,#2818,#2447,.T.);
#3462=EDGE_CURVE('',#2820,#2791,#1516,.T.);
#3463=EDGE_CURVE('',#2815,#2820,#2448,.T.);
#3464=EDGE_CURVE('',#2820,#2819,#1517,.T.);
#3465=EDGE_CURVE('',#2821,#2822,#2449,.T.);
#3466=EDGE_CURVE('',#2823,#2821,#1518,.T.);
#3467=EDGE_CURVE('',#2824,#2823,#2450,.T.);
#3468=EDGE_CURVE('',#2822,#2824,#1519,.T.);
#3469=EDGE_CURVE('',#2825,#2822,#1520,.T.);
#3470=EDGE_CURVE('',#2824,#2826,#1521,.T.);
#3471=EDGE_CURVE('',#2826,#2825,#1522,.T.);
#3472=EDGE_CURVE('',#2825,#2827,#2451,.T.);
#3473=EDGE_CURVE('',#2828,#2826,#2452,.T.);
#3474=EDGE_CURVE('',#2827,#2828,#1523,.T.);
#3475=EDGE_CURVE('',#2828,#2829,#1524,.T.);
#3476=EDGE_CURVE('',#2829,#2830,#1525,.T.);
#3477=EDGE_CURVE('',#2827,#2830,#1526,.T.);
#3478=EDGE_CURVE('',#2830,#2831,#2453,.T.);
#3479=EDGE_CURVE('',#2832,#2829,#2454,.T.);
#3480=EDGE_CURVE('',#2831,#2832,#1527,.T.);
#3481=EDGE_CURVE('',#2833,#2832,#1528,.T.);
#3482=EDGE_CURVE('',#2833,#2834,#1529,.T.);
#3483=EDGE_CURVE('',#2835,#2834,#1530,.T.);
#3484=EDGE_CURVE('',#2836,#2835,#1531,.T.);
#3485=EDGE_CURVE('',#2831,#2836,#1532,.T.);
#3486=EDGE_CURVE('',#2834,#2837,#2455,.T.);
#3487=EDGE_CURVE('',#2838,#2833,#2456,.T.);
#3488=EDGE_CURVE('',#2837,#2838,#1533,.T.);
#3489=EDGE_CURVE('',#2837,#2788,#1534,.T.);
#3490=EDGE_CURVE('',#2789,#2838,#1535,.T.);
#3491=EDGE_CURVE('',#2819,#2823,#1536,.T.);
#3492=EDGE_CURVE('',#2820,#2839,#1537,.T.);
#3493=EDGE_CURVE('',#2839,#2790,#1538,.T.);
#3494=EDGE_CURVE('',#2791,#2840,#1539,.T.);
#3495=EDGE_CURVE('',#2840,#2839,#1540,.T.);
#3496=EDGE_CURVE('',#2785,#2792,#220,.F.);
#3497=EDGE_CURVE('',#2840,#2786,#1541,.T.);
#3498=EDGE_CURVE('',#2787,#2802,#221,.F.);
#3499=EDGE_CURVE('',#2835,#2801,#222,.F.);
#3500=EDGE_CURVE('',#2836,#2800,#223,.F.);
#3501=EDGE_CURVE('',#2821,#2799,#1542,.T.);
#3502=EDGE_CURVE('',#2810,#2841,#1543,.T.);
#3503=EDGE_CURVE('',#2817,#2841,#2457,.T.);
#3504=EDGE_CURVE('',#2805,#2842,#1544,.T.);
#3505=EDGE_CURVE('',#2842,#2816,#2458,.T.);
#3506=EDGE_CURVE('',#2842,#2841,#1545,.T.);
#3507=EDGE_CURVE('',#2843,#2844,#2459,.T.);
#3508=EDGE_CURVE('',#2843,#2845,#1546,.T.);
#3509=EDGE_CURVE('',#2845,#2846,#2460,.T.);
#3510=EDGE_CURVE('',#2844,#2846,#1547,.T.);
#3511=EDGE_CURVE('',#2847,#2848,#1548,.T.);
#3512=EDGE_CURVE('',#2847,#2845,#1549,.T.);
#3513=EDGE_CURVE('',#2843,#2848,#1550,.T.);
#3514=EDGE_CURVE('',#2844,#2849,#1551,.T.);
#3515=EDGE_CURVE('',#2846,#2850,#1552,.T.);
#3516=EDGE_CURVE('',#2850,#2849,#1553,.T.);
#3517=EDGE_CURVE('',#2850,#2847,#1554,.T.);
#3518=EDGE_CURVE('',#2849,#2848,#1555,.T.);
#3519=EDGE_CURVE('',#2851,#2852,#1556,.T.);
#3520=EDGE_CURVE('',#2852,#2847,#2461,.T.);
#3521=EDGE_CURVE('',#2851,#2848,#2462,.T.);
#3522=EDGE_CURVE('',#2850,#2853,#2463,.T.);
#3523=EDGE_CURVE('',#2854,#2853,#1557,.T.);
#3524=EDGE_CURVE('',#2849,#2854,#2464,.T.);
#3525=EDGE_CURVE('',#2853,#2852,#1558,.T.);
#3526=EDGE_CURVE('',#2855,#2856,#2465,.T.);
#3527=EDGE_CURVE('',#2857,#2855,#1559,.T.);
#3528=EDGE_CURVE('',#2858,#2857,#2466,.T.);
#3529=EDGE_CURVE('',#2856,#2858,#1560,.T.);
#3530=EDGE_CURVE('',#2856,#2859,#1561,.T.);
#3531=EDGE_CURVE('',#2858,#2860,#1562,.T.);
#3532=EDGE_CURVE('',#2860,#2859,#1563,.T.);
#3533=EDGE_CURVE('',#2859,#2861,#2467,.T.);
#3534=EDGE_CURVE('',#2862,#2860,#2468,.T.);
#3535=EDGE_CURVE('',#2861,#2862,#1564,.T.);
#3536=EDGE_CURVE('',#2862,#2863,#1565,.T.);
#3537=EDGE_CURVE('',#2863,#2864,#1566,.T.);
#3538=EDGE_CURVE('',#2864,#2861,#1567,.T.);
#3539=EDGE_CURVE('',#2864,#2865,#2469,.T.);
#3540=EDGE_CURVE('',#2866,#2863,#2470,.T.);
#3541=EDGE_CURVE('',#2865,#2866,#1568,.T.);
#3542=EDGE_CURVE('',#2854,#2851,#1569,.T.);
#3543=EDGE_CURVE('',#2852,#2867,#2471,.T.);
#3544=EDGE_CURVE('',#2851,#2868,#2472,.T.);
#3545=EDGE_CURVE('',#2869,#2868,#1570,.T.);
#3546=EDGE_CURVE('',#2870,#2869,#2473,.T.);
#3547=EDGE_CURVE('',#2867,#2870,#2474,.T.);
#3548=EDGE_CURVE('',#2871,#2868,#1571,.T.);
#3549=EDGE_CURVE('',#2871,#2872,#1572,.T.);
#3550=EDGE_CURVE('',#2869,#2872,#1573,.T.);
#3551=EDGE_CURVE('',#2872,#2873,#2475,.T.);
#3552=EDGE_CURVE('',#2874,#2871,#2476,.T.);
#3553=EDGE_CURVE('',#2873,#2874,#1574,.T.);
#3554=EDGE_CURVE('',#2873,#2875,#1575,.T.);
#3555=EDGE_CURVE('',#2857,#2874,#1576,.T.);
#3556=EDGE_CURVE('',#2876,#2855,#1577,.T.);
#3557=EDGE_CURVE('',#2875,#2876,#1578,.T.);
#3558=EDGE_CURVE('',#2854,#2842,#1579,.T.);
#3559=EDGE_CURVE('',#2866,#2841,#1580,.T.);
#3560=EDGE_CURVE('',#2810,#2865,#1581,.T.);
#3561=EDGE_CURVE('',#2809,#2876,#224,.T.);
#3562=EDGE_CURVE('',#2808,#2875,#225,.T.);
#3563=EDGE_CURVE('',#2807,#2877,#226,.T.);
#3564=EDGE_CURVE('',#2877,#2870,#1582,.T.);
#3565=EDGE_CURVE('',#2806,#2878,#227,.T.);
#3566=EDGE_CURVE('',#2878,#2867,#1583,.T.);
#3567=EDGE_CURVE('',#2853,#2805,#1584,.T.);
#3568=EDGE_CURVE('',#2840,#2879,#2477,.T.);
#3569=EDGE_CURVE('',#2880,#2879,#1585,.T.);
#3570=EDGE_CURVE('',#2839,#2880,#2478,.T.);
#3571=EDGE_CURVE('',#2881,#2882,#1586,.T.);
#3572=EDGE_CURVE('',#2882,#2786,#2479,.T.);
#3573=EDGE_CURVE('',#2881,#2790,#2480,.T.);
#3574=EDGE_CURVE('',#2880,#2881,#1587,.T.);
#3575=EDGE_CURVE('',#2879,#2882,#1588,.T.);
#3576=EDGE_CURVE('',#2883,#2884,#2481,.T.);
#3577=EDGE_CURVE('',#2884,#2885,#1589,.T.);
#3578=EDGE_CURVE('',#2886,#2885,#2482,.T.);
#3579=EDGE_CURVE('',#2883,#2886,#1590,.T.);
#3580=EDGE_CURVE('',#2881,#2885,#1591,.T.);
#3581=EDGE_CURVE('',#2880,#2886,#1592,.T.);
#3582=EDGE_CURVE('',#2879,#2883,#1593,.T.);
#3583=EDGE_CURVE('',#2884,#2882,#1594,.T.);
#3584=EDGE_CURVE('',#2887,#2887,#2483,.T.);
#3585=EDGE_CURVE('',#2887,#2888,#1595,.T.);
#3586=EDGE_CURVE('',#2888,#2888,#2484,.T.);
#3587=EDGE_CURVE('',#2889,#2889,#2485,.T.);
#3588=EDGE_CURVE('',#2889,#2890,#1596,.T.);
#3589=EDGE_CURVE('',#2890,#2890,#2486,.T.);
#3590=EDGE_CURVE('',#2891,#2892,#1597,.T.);
#3591=EDGE_CURVE('',#2891,#2893,#1598,.T.);
#3592=EDGE_CURVE('',#2893,#2894,#1599,.T.);
#3593=EDGE_CURVE('',#2892,#2894,#1600,.T.);
#3594=EDGE_CURVE('',#2893,#2895,#2487,.T.);
#3595=EDGE_CURVE('',#2895,#2896,#1601,.T.);
#3596=EDGE_CURVE('',#2894,#2896,#2488,.T.);
#3597=EDGE_CURVE('',#2895,#2897,#1602,.T.);
#3598=EDGE_CURVE('',#2897,#2898,#1603,.T.);
#3599=EDGE_CURVE('',#2896,#2898,#1604,.T.);
#3600=EDGE_CURVE('',#2897,#2899,#2489,.T.);
#3601=EDGE_CURVE('',#2899,#2900,#1605,.T.);
#3602=EDGE_CURVE('',#2898,#2900,#2490,.T.);
#3603=EDGE_CURVE('',#2901,#2899,#1606,.T.);
#3604=EDGE_CURVE('',#2901,#2902,#1607,.T.);
#3605=EDGE_CURVE('',#2902,#2900,#1608,.T.);
#3606=EDGE_CURVE('',#2901,#2903,#2491,.T.);
#3607=EDGE_CURVE('',#2903,#2904,#1609,.T.);
#3608=EDGE_CURVE('',#2902,#2904,#2492,.T.);
#3609=EDGE_CURVE('',#2905,#2906,#1610,.T.);
#3610=EDGE_CURVE('',#2906,#2907,#2493,.T.);
#3611=EDGE_CURVE('',#2907,#2908,#1611,.T.);
#3612=EDGE_CURVE('',#2908,#2909,#2494,.T.);
#3613=EDGE_CURVE('',#2909,#2904,#1612,.T.);
#3614=EDGE_CURVE('',#2910,#2903,#1613,.T.);
#3615=EDGE_CURVE('',#2911,#2910,#2495,.T.);
#3616=EDGE_CURVE('',#2912,#2911,#1614,.T.);
#3617=EDGE_CURVE('',#2913,#2912,#2496,.T.);
#3618=EDGE_CURVE('',#2914,#2913,#1615,.T.);
#3619=EDGE_CURVE('',#2914,#2905,#1616,.T.);
#3620=EDGE_CURVE('',#2914,#2915,#2497,.T.);
#3621=EDGE_CURVE('',#2915,#2916,#1617,.T.);
#3622=EDGE_CURVE('',#2905,#2916,#2498,.T.);
#3623=EDGE_CURVE('',#2917,#2915,#1618,.T.);
#3624=EDGE_CURVE('',#2917,#2918,#1619,.T.);
#3625=EDGE_CURVE('',#2918,#2916,#1620,.T.);
#3626=EDGE_CURVE('',#2917,#2919,#2499,.T.);
#3627=EDGE_CURVE('',#2919,#2920,#1621,.T.);
#3628=EDGE_CURVE('',#2918,#2920,#2500,.T.);
#3629=EDGE_CURVE('',#2919,#2921,#1622,.T.);
#3630=EDGE_CURVE('',#2921,#2922,#1623,.T.);
#3631=EDGE_CURVE('',#2920,#2922,#1624,.T.);
#3632=EDGE_CURVE('',#2921,#2923,#2501,.T.);
#3633=EDGE_CURVE('',#2923,#2924,#1625,.T.);
#3634=EDGE_CURVE('',#2922,#2924,#2502,.T.);
#3635=EDGE_CURVE('',#2923,#2925,#1626,.T.);
#3636=EDGE_CURVE('',#2925,#2926,#1627,.T.);
#3637=EDGE_CURVE('',#2924,#2926,#1628,.T.);
#3638=EDGE_CURVE('',#2925,#2927,#1629,.T.);
#3639=EDGE_CURVE('',#2927,#2928,#1630,.T.);
#3640=EDGE_CURVE('',#2926,#2928,#1631,.T.);
#3641=EDGE_CURVE('',#2927,#2929,#228,.T.);
#3642=EDGE_CURVE('',#2929,#2930,#1632,.T.);
#3643=EDGE_CURVE('',#2928,#2930,#229,.T.);
#3644=EDGE_CURVE('',#2929,#2931,#1633,.T.);
#3645=EDGE_CURVE('',#2931,#2932,#1634,.T.);
#3646=EDGE_CURVE('',#2930,#2932,#1635,.T.);
#3647=EDGE_CURVE('',#2931,#2933,#230,.T.);
#3648=EDGE_CURVE('',#2933,#2934,#1636,.T.);
#3649=EDGE_CURVE('',#2932,#2934,#231,.T.);
#3650=EDGE_CURVE('',#2935,#2936,#1637,.T.);
#3651=EDGE_CURVE('',#2935,#2937,#2503,.T.);
#3652=EDGE_CURVE('',#2938,#2937,#1638,.T.);
#3653=EDGE_CURVE('',#2938,#2939,#2504,.T.);
#3654=EDGE_CURVE('',#2934,#2939,#1639,.T.);
#3655=EDGE_CURVE('',#2933,#2940,#1640,.T.);
#3656=EDGE_CURVE('',#2941,#2940,#2505,.T.);
#3657=EDGE_CURVE('',#2941,#2942,#1641,.T.);
#3658=EDGE_CURVE('',#2943,#2942,#2506,.T.);
#3659=EDGE_CURVE('',#2943,#2944,#1642,.T.);
#3660=EDGE_CURVE('',#2944,#2936,#1643,.T.);
#3661=EDGE_CURVE('',#2944,#2945,#232,.T.);
#3662=EDGE_CURVE('',#2945,#2946,#1644,.T.);
#3663=EDGE_CURVE('',#2936,#2946,#233,.T.);
#3664=EDGE_CURVE('',#2945,#2947,#1645,.T.);
#3665=EDGE_CURVE('',#2947,#2948,#1646,.T.);
#3666=EDGE_CURVE('',#2946,#2948,#1647,.T.);
#3667=EDGE_CURVE('',#2947,#2949,#234,.T.);
#3668=EDGE_CURVE('',#2949,#2950,#1648,.T.);
#3669=EDGE_CURVE('',#2948,#2950,#235,.T.);
#3670=EDGE_CURVE('',#2949,#2891,#1649,.T.);
#3671=EDGE_CURVE('',#2950,#2892,#1650,.T.);
#3672=EDGE_CURVE('',#2935,#2909,#1651,.T.);
#3673=EDGE_CURVE('',#2937,#2908,#1652,.T.);
#3674=EDGE_CURVE('',#2938,#2907,#1653,.T.);
#3675=EDGE_CURVE('',#2939,#2906,#1654,.T.);
#3676=EDGE_CURVE('',#2943,#2910,#1655,.T.);
#3677=EDGE_CURVE('',#2942,#2911,#1656,.T.);
#3678=EDGE_CURVE('',#2941,#2912,#1657,.T.);
#3679=EDGE_CURVE('',#2940,#2913,#1658,.T.);
#3680=EDGE_CURVE('',#2951,#2951,#2507,.T.);
#3681=EDGE_CURVE('',#2951,#2952,#1659,.T.);
#3682=EDGE_CURVE('',#2952,#2952,#2508,.T.);
#3683=EDGE_CURVE('',#2953,#2953,#2509,.T.);
#3684=EDGE_CURVE('',#2953,#2954,#1660,.T.);
#3685=EDGE_CURVE('',#2954,#2954,#2510,.T.);
#3686=EDGE_CURVE('',#2955,#2956,#2511,.T.);
#3687=EDGE_CURVE('',#2957,#2956,#1661,.T.);
#3688=EDGE_CURVE('',#2958,#2957,#2512,.T.);
#3689=EDGE_CURVE('',#2958,#2955,#1662,.T.);
#3690=EDGE_CURVE('',#2956,#2959,#1663,.T.);
#3691=EDGE_CURVE('',#2959,#2960,#2513,.T.);
#3692=EDGE_CURVE('',#2960,#2961,#1664,.T.);
#3693=EDGE_CURVE('',#2961,#2962,#2514,.T.);
#3694=EDGE_CURVE('',#2962,#2963,#1665,.T.);
#3695=EDGE_CURVE('',#2963,#2964,#2515,.T.);
#3696=EDGE_CURVE('',#2964,#2965,#1666,.T.);
#3697=EDGE_CURVE('',#2965,#2966,#2516,.T.);
#3698=EDGE_CURVE('',#2966,#2967,#1667,.T.);
#3699=EDGE_CURVE('',#2968,#2967,#1668,.T.);
#3700=EDGE_CURVE('',#2969,#2968,#1669,.T.);
#3701=EDGE_CURVE('',#2970,#2969,#2517,.T.);
#3702=EDGE_CURVE('',#2971,#2970,#1670,.T.);
#3703=EDGE_CURVE('',#2972,#2971,#2518,.T.);
#3704=EDGE_CURVE('',#2973,#2972,#1671,.T.);
#3705=EDGE_CURVE('',#2974,#2973,#2519,.T.);
#3706=EDGE_CURVE('',#2975,#2974,#1672,.T.);
#3707=EDGE_CURVE('',#2976,#2975,#2520,.T.);
#3708=EDGE_CURVE('',#2957,#2976,#1673,.T.);
#3709=EDGE_CURVE('',#2977,#2978,#2521,.T.);
#3710=EDGE_CURVE('',#2978,#2955,#1674,.T.);
#3711=EDGE_CURVE('',#2979,#2958,#1675,.T.);
#3712=EDGE_CURVE('',#2980,#2979,#2522,.T.);
#3713=EDGE_CURVE('',#2980,#2977,#1676,.T.);
#3714=EDGE_CURVE('',#2980,#2981,#2523,.T.);
#3715=EDGE_CURVE('',#2981,#2982,#1677,.T.);
#3716=EDGE_CURVE('',#2977,#2982,#2524,.T.);
#3717=EDGE_CURVE('',#2983,#2981,#1678,.T.);
#3718=EDGE_CURVE('',#2983,#2984,#1679,.T.);
#3719=EDGE_CURVE('',#2984,#2982,#1680,.T.);
#3720=EDGE_CURVE('',#2985,#2983,#236,.T.);
#3721=EDGE_CURVE('',#2985,#2986,#1681,.T.);
#3722=EDGE_CURVE('',#2986,#2984,#237,.T.);
#3723=EDGE_CURVE('',#2987,#2985,#1682,.T.);
#3724=EDGE_CURVE('',#2987,#2988,#1683,.T.);
#3725=EDGE_CURVE('',#2988,#2986,#1684,.T.);
#3726=EDGE_CURVE('',#2989,#2987,#238,.T.);
#3727=EDGE_CURVE('',#2989,#2990,#1685,.T.);
#3728=EDGE_CURVE('',#2990,#2988,#239,.T.);
#3729=EDGE_CURVE('',#2991,#2992,#1686,.T.);
#3730=EDGE_CURVE('',#2992,#2993,#2525,.T.);
#3731=EDGE_CURVE('',#2993,#2994,#1687,.T.);
#3732=EDGE_CURVE('',#2994,#2995,#2526,.T.);
#3733=EDGE_CURVE('',#2995,#2990,#1688,.T.);
#3734=EDGE_CURVE('',#2996,#2989,#1689,.T.);
#3735=EDGE_CURVE('',#2997,#2996,#2527,.T.);
#3736=EDGE_CURVE('',#2998,#2997,#1690,.T.);
#3737=EDGE_CURVE('',#2999,#2998,#2528,.T.);
#3738=EDGE_CURVE('',#3000,#2999,#1691,.T.);
#3739=EDGE_CURVE('',#3000,#2991,#1692,.T.);
#3740=EDGE_CURVE('',#3001,#3000,#240,.T.);
#3741=EDGE_CURVE('',#3001,#3002,#1693,.T.);
#3742=EDGE_CURVE('',#3002,#2991,#241,.T.);
#3743=EDGE_CURVE('',#3003,#3001,#1694,.T.);
#3744=EDGE_CURVE('',#3003,#3004,#1695,.T.);
#3745=EDGE_CURVE('',#3004,#3002,#1696,.T.);
#3746=EDGE_CURVE('',#3005,#3003,#242,.T.);
#3747=EDGE_CURVE('',#3005,#3006,#1697,.T.);
#3748=EDGE_CURVE('',#3006,#3004,#243,.T.);
#3749=EDGE_CURVE('',#3007,#3005,#1698,.T.);
#3750=EDGE_CURVE('',#3007,#3008,#1699,.T.);
#3751=EDGE_CURVE('',#3008,#3006,#1700,.T.);
#3752=EDGE_CURVE('',#3007,#3009,#2529,.T.);
#3753=EDGE_CURVE('',#3009,#3010,#1701,.T.);
#3754=EDGE_CURVE('',#3008,#3010,#2530,.T.);
#3755=EDGE_CURVE('',#3011,#3012,#1702,.T.);
#3756=EDGE_CURVE('',#3012,#3010,#2531,.T.);
#3757=EDGE_CURVE('',#3013,#3009,#2532,.T.);
#3758=EDGE_CURVE('',#3014,#3013,#1703,.T.);
#3759=EDGE_CURVE('',#3014,#3011,#1704,.T.);
#3760=EDGE_CURVE('',#2968,#3014,#2533,.T.);
#3761=EDGE_CURVE('',#2967,#3011,#2534,.T.);
#3762=EDGE_CURVE('',#2966,#3012,#1705,.T.);
#3763=EDGE_CURVE('',#2965,#3010,#1706,.T.);
#3764=EDGE_CURVE('',#2964,#2992,#1707,.T.);
#3765=EDGE_CURVE('',#2963,#2993,#1708,.T.);
#3766=EDGE_CURVE('',#2962,#2994,#1709,.T.);
#3767=EDGE_CURVE('',#2961,#2995,#1710,.T.);
#3768=EDGE_CURVE('',#2960,#2977,#1711,.T.);
#3769=EDGE_CURVE('',#2959,#2978,#1712,.T.);
#3770=EDGE_CURVE('',#2969,#3013,#1713,.T.);
#3771=EDGE_CURVE('',#2970,#3009,#1714,.T.);
#3772=EDGE_CURVE('',#2971,#2999,#1715,.T.);
#3773=EDGE_CURVE('',#2972,#2998,#1716,.T.);
#3774=EDGE_CURVE('',#2973,#2997,#1717,.T.);
#3775=EDGE_CURVE('',#2974,#2996,#1718,.T.);
#3776=EDGE_CURVE('',#2975,#2980,#1719,.T.);
#3777=EDGE_CURVE('',#2976,#2979,#1720,.T.);
#3778=EDGE_CURVE('',#3015,#3016,#1721,.T.);
#3779=EDGE_CURVE('',#3015,#3017,#244,.T.);
#3780=EDGE_CURVE('',#3017,#3018,#1722,.T.);
#3781=EDGE_CURVE('',#3016,#3018,#245,.T.);
#3782=EDGE_CURVE('',#3017,#3019,#1723,.T.);
#3783=EDGE_CURVE('',#3019,#3020,#1724,.T.);
#3784=EDGE_CURVE('',#3018,#3020,#1725,.T.);
#3785=EDGE_CURVE('',#3019,#3021,#246,.T.);
#3786=EDGE_CURVE('',#3021,#3022,#1726,.T.);
#3787=EDGE_CURVE('',#3020,#3022,#247,.T.);
#3788=EDGE_CURVE('',#3023,#3024,#1727,.T.);
#3789=EDGE_CURVE('',#3025,#3023,#2535,.T.);
#3790=EDGE_CURVE('',#3026,#3025,#1728,.T.);
#3791=EDGE_CURVE('',#3027,#3026,#2536,.T.);
#3792=EDGE_CURVE('',#3022,#3027,#1729,.T.);
#3793=EDGE_CURVE('',#3021,#3028,#1730,.T.);
#3794=EDGE_CURVE('',#3028,#3029,#2537,.T.);
#3795=EDGE_CURVE('',#3029,#3030,#1731,.T.);
#3796=EDGE_CURVE('',#3030,#3031,#2538,.T.);
#3797=EDGE_CURVE('',#3031,#3032,#1732,.T.);
#3798=EDGE_CURVE('',#3032,#3024,#1733,.T.);
#3799=EDGE_CURVE('',#3032,#3033,#248,.T.);
#3800=EDGE_CURVE('',#3033,#3034,#1734,.T.);
#3801=EDGE_CURVE('',#3024,#3034,#249,.T.);
#3802=EDGE_CURVE('',#3033,#3035,#1735,.T.);
#3803=EDGE_CURVE('',#3035,#3036,#1736,.T.);
#3804=EDGE_CURVE('',#3034,#3036,#1737,.T.);
#3805=EDGE_CURVE('',#3035,#3037,#250,.T.);
#3806=EDGE_CURVE('',#3037,#3038,#1738,.T.);
#3807=EDGE_CURVE('',#3036,#3038,#251,.T.);
#3808=EDGE_CURVE('',#3037,#3039,#1739,.T.);
#3809=EDGE_CURVE('',#3039,#3040,#1740,.T.);
#3810=EDGE_CURVE('',#3038,#3040,#1741,.T.);
#3811=EDGE_CURVE('',#3039,#3041,#1742,.T.);
#3812=EDGE_CURVE('',#3041,#3042,#1743,.T.);
#3813=EDGE_CURVE('',#3040,#3042,#1744,.T.);
#3814=EDGE_CURVE('',#3043,#3041,#1745,.T.);
#3815=EDGE_CURVE('',#3043,#3044,#1746,.T.);
#3816=EDGE_CURVE('',#3044,#3042,#1747,.T.);
#3817=EDGE_CURVE('',#3045,#3043,#252,.T.);
#3818=EDGE_CURVE('',#3045,#3046,#1748,.T.);
#3819=EDGE_CURVE('',#3046,#3044,#253,.T.);
#3820=EDGE_CURVE('',#3047,#3045,#1749,.T.);
#3821=EDGE_CURVE('',#3047,#3048,#1750,.T.);
#3822=EDGE_CURVE('',#3048,#3046,#1751,.T.);
#3823=EDGE_CURVE('',#3049,#3047,#254,.T.);
#3824=EDGE_CURVE('',#3049,#3050,#1752,.T.);
#3825=EDGE_CURVE('',#3050,#3048,#255,.T.);
#3826=EDGE_CURVE('',#3051,#3052,#1753,.T.);
#3827=EDGE_CURVE('',#3053,#3052,#2539,.T.);
#3828=EDGE_CURVE('',#3053,#3054,#1754,.T.);
#3829=EDGE_CURVE('',#3055,#3054,#2540,.T.);
#3830=EDGE_CURVE('',#3055,#3050,#1755,.T.);
#3831=EDGE_CURVE('',#3056,#3049,#1756,.T.);
#3832=EDGE_CURVE('',#3056,#3057,#2541,.T.);
#3833=EDGE_CURVE('',#3058,#3057,#1757,.T.);
#3834=EDGE_CURVE('',#3058,#3059,#2542,.T.);
#3835=EDGE_CURVE('',#3060,#3059,#1758,.T.);
#3836=EDGE_CURVE('',#3060,#3051,#1759,.T.);
#3837=EDGE_CURVE('',#3061,#3060,#256,.T.);
#3838=EDGE_CURVE('',#3061,#3062,#1760,.T.);
#3839=EDGE_CURVE('',#3062,#3051,#257,.T.);
#3840=EDGE_CURVE('',#3063,#3061,#1761,.T.);
#3841=EDGE_CURVE('',#3063,#3064,#1762,.T.);
#3842=EDGE_CURVE('',#3064,#3062,#1763,.T.);
#3843=EDGE_CURVE('',#3065,#3063,#258,.T.);
#3844=EDGE_CURVE('',#3065,#3066,#1764,.T.);
#3845=EDGE_CURVE('',#3066,#3064,#259,.T.);
#3846=EDGE_CURVE('',#3067,#3065,#1765,.T.);
#3847=EDGE_CURVE('',#3067,#3068,#1766,.T.);
#3848=EDGE_CURVE('',#3068,#3066,#1767,.T.);
#3849=EDGE_CURVE('',#3067,#3069,#1768,.T.);
#3850=EDGE_CURVE('',#3069,#3070,#1769,.T.);
#3851=EDGE_CURVE('',#3068,#3070,#1770,.T.);
#3852=EDGE_CURVE('',#3069,#3015,#1771,.T.);
#3853=EDGE_CURVE('',#3070,#3016,#1772,.T.);
#3854=EDGE_CURVE('',#3027,#3052,#1773,.T.);
#3855=EDGE_CURVE('',#3026,#3053,#1774,.T.);
#3856=EDGE_CURVE('',#3025,#3054,#1775,.T.);
#3857=EDGE_CURVE('',#3023,#3055,#1776,.T.);
#3858=EDGE_CURVE('',#3028,#3059,#1777,.T.);
#3859=EDGE_CURVE('',#3029,#3058,#1778,.T.);
#3860=EDGE_CURVE('',#3030,#3057,#1779,.T.);
#3861=EDGE_CURVE('',#3031,#3056,#1780,.T.);
#3862=EDGE_CURVE('',#3071,#3072,#1781,.T.);
#3863=EDGE_CURVE('',#3071,#3073,#260,.T.);
#3864=EDGE_CURVE('',#3073,#3074,#1782,.T.);
#3865=EDGE_CURVE('',#3072,#3074,#261,.T.);
#3866=EDGE_CURVE('',#3073,#3075,#1783,.T.);
#3867=EDGE_CURVE('',#3075,#3076,#1784,.T.);
#3868=EDGE_CURVE('',#3074,#3076,#1785,.T.);
#3869=EDGE_CURVE('',#3075,#3077,#262,.T.);
#3870=EDGE_CURVE('',#3077,#3078,#1786,.T.);
#3871=EDGE_CURVE('',#3076,#3078,#263,.T.);
#3872=EDGE_CURVE('',#3077,#3079,#1787,.T.);
#3873=EDGE_CURVE('',#3079,#3080,#1788,.T.);
#3874=EDGE_CURVE('',#3078,#3080,#1789,.T.);
#3875=EDGE_CURVE('',#3079,#3081,#2543,.T.);
#3876=EDGE_CURVE('',#3081,#3082,#1790,.T.);
#3877=EDGE_CURVE('',#3080,#3082,#2544,.T.);
#3878=EDGE_CURVE('',#3083,#3081,#1791,.T.);
#3879=EDGE_CURVE('',#3083,#3084,#1792,.T.);
#3880=EDGE_CURVE('',#3084,#3082,#1793,.T.);
#3881=EDGE_CURVE('',#3085,#3083,#264,.T.);
#3882=EDGE_CURVE('',#3085,#3086,#1794,.T.);
#3883=EDGE_CURVE('',#3086,#3084,#265,.T.);
#3884=EDGE_CURVE('',#3087,#3085,#1795,.T.);
#3885=EDGE_CURVE('',#3087,#3088,#1796,.T.);
#3886=EDGE_CURVE('',#3088,#3086,#1797,.T.);
#3887=EDGE_CURVE('',#3089,#3087,#266,.T.);
#3888=EDGE_CURVE('',#3089,#3090,#1798,.T.);
#3889=EDGE_CURVE('',#3090,#3088,#267,.T.);
#3890=EDGE_CURVE('',#3091,#3092,#1799,.T.);
#3891=EDGE_CURVE('',#3093,#3092,#2545,.T.);
#3892=EDGE_CURVE('',#3093,#3094,#1800,.T.);
#3893=EDGE_CURVE('',#3095,#3094,#2546,.T.);
#3894=EDGE_CURVE('',#3095,#3090,#1801,.T.);
#3895=EDGE_CURVE('',#3096,#3089,#1802,.T.);
#3896=EDGE_CURVE('',#3096,#3097,#2547,.T.);
#3897=EDGE_CURVE('',#3098,#3097,#1803,.T.);
#3898=EDGE_CURVE('',#3098,#3099,#2548,.T.);
#3899=EDGE_CURVE('',#3100,#3099,#1804,.T.);
#3900=EDGE_CURVE('',#3100,#3091,#1805,.T.);
#3901=EDGE_CURVE('',#3101,#3100,#268,.T.);
#3902=EDGE_CURVE('',#3101,#3102,#1806,.T.);
#3903=EDGE_CURVE('',#3102,#3091,#269,.T.);
#3904=EDGE_CURVE('',#3103,#3101,#1807,.T.);
#3905=EDGE_CURVE('',#3103,#3104,#1808,.T.);
#3906=EDGE_CURVE('',#3104,#3102,#1809,.T.);
#3907=EDGE_CURVE('',#3105,#3103,#270,.T.);
#3908=EDGE_CURVE('',#3105,#3106,#1810,.T.);
#3909=EDGE_CURVE('',#3106,#3104,#271,.T.);
#3910=EDGE_CURVE('',#3107,#3105,#1811,.T.);
#3911=EDGE_CURVE('',#3107,#3108,#1812,.T.);
#3912=EDGE_CURVE('',#3108,#3106,#1813,.T.);
#3913=EDGE_CURVE('',#3107,#3109,#2549,.T.);
#3914=EDGE_CURVE('',#3109,#3110,#1814,.T.);
#3915=EDGE_CURVE('',#3108,#3110,#2550,.T.);
#3916=EDGE_CURVE('',#3109,#3111,#1815,.T.);
#3917=EDGE_CURVE('',#3111,#3112,#1816,.T.);
#3918=EDGE_CURVE('',#3110,#3112,#1817,.T.);
#3919=EDGE_CURVE('',#3111,#3113,#272,.T.);
#3920=EDGE_CURVE('',#3113,#3114,#1818,.T.);
#3921=EDGE_CURVE('',#3112,#3114,#273,.T.);
#3922=EDGE_CURVE('',#3113,#3115,#1819,.T.);
#3923=EDGE_CURVE('',#3115,#3116,#1820,.T.);
#3924=EDGE_CURVE('',#3114,#3116,#1821,.T.);
#3925=EDGE_CURVE('',#3115,#3117,#274,.T.);
#3926=EDGE_CURVE('',#3117,#3118,#1822,.T.);
#3927=EDGE_CURVE('',#3116,#3118,#275,.T.);
#3928=EDGE_CURVE('',#3117,#3119,#1823,.T.);
#3929=EDGE_CURVE('',#3119,#3120,#2551,.T.);
#3930=EDGE_CURVE('',#3120,#3121,#1824,.T.);
#3931=EDGE_CURVE('',#3121,#3122,#2552,.T.);
#3932=EDGE_CURVE('',#3122,#3071,#1825,.T.);
#3933=EDGE_CURVE('',#3123,#3072,#1826,.T.);
#3934=EDGE_CURVE('',#3124,#3123,#2553,.T.);
#3935=EDGE_CURVE('',#3125,#3124,#1827,.T.);
#3936=EDGE_CURVE('',#3126,#3125,#2554,.T.);
#3937=EDGE_CURVE('',#3118,#3126,#1828,.T.);
#3938=EDGE_CURVE('',#3126,#3092,#1829,.T.);
#3939=EDGE_CURVE('',#3125,#3093,#1830,.T.);
#3940=EDGE_CURVE('',#3124,#3094,#1831,.T.);
#3941=EDGE_CURVE('',#3123,#3095,#1832,.T.);
#3942=EDGE_CURVE('',#3119,#3099,#1833,.T.);
#3943=EDGE_CURVE('',#3120,#3098,#1834,.T.);
#3944=EDGE_CURVE('',#3121,#3097,#1835,.T.);
#3945=EDGE_CURVE('',#3122,#3096,#1836,.T.);
#3946=EDGE_CURVE('',#3127,#3127,#2555,.T.);
#3947=EDGE_CURVE('',#3127,#3128,#1837,.T.);
#3948=EDGE_CURVE('',#3128,#3128,#2556,.T.);
#3949=EDGE_CURVE('',#3129,#3130,#2557,.T.);
#3950=EDGE_CURVE('',#3130,#3129,#2558,.T.);
#3951=EDGE_CURVE('',#3130,#3131,#1838,.T.);
#3952=EDGE_CURVE('',#3131,#3131,#2559,.T.);
#3953=EDGE_CURVE('',#3132,#3132,#2560,.T.);
#3954=EDGE_CURVE('',#3132,#3133,#1839,.T.);
#3955=EDGE_CURVE('',#3133,#3134,#2561,.T.);
#3956=EDGE_CURVE('',#3134,#3133,#2562,.T.);
#3957=EDGE_CURVE('',#3135,#3134,#1840,.T.);
#3958=EDGE_CURVE('',#3136,#3136,#2563,.T.);
#3959=EDGE_CURVE('',#3136,#3137,#1841,.T.);
#3960=EDGE_CURVE('',#3137,#3137,#2564,.T.);
#3961=EDGE_CURVE('',#3138,#3136,#1842,.T.);
#3962=EDGE_CURVE('',#3129,#3127,#1843,.T.);
#3963=EDGE_CURVE('',#3139,#3139,#2565,.T.);
#3964=EDGE_CURVE('',#3139,#3140,#2566,.T.);
#3965=EDGE_CURVE('',#3140,#3140,#2567,.T.);
#3966=EDGE_CURVE('',#3141,#3142,#2568,.T.);
#3967=EDGE_CURVE('',#3142,#3141,#2569,.T.);
#3968=EDGE_CURVE('',#3142,#3143,#2570,.T.);
#3969=EDGE_CURVE('',#3143,#3143,#2571,.T.);
#3970=EDGE_CURVE('',#3144,#3144,#2572,.T.);
#3971=EDGE_CURVE('',#3144,#3145,#2573,.T.);
#3972=EDGE_CURVE('',#3145,#3145,#2574,.T.);
#3973=EDGE_CURVE('',#3146,#3146,#2575,.T.);
#3974=EDGE_CURVE('',#3146,#3147,#2576,.T.);
#3975=EDGE_CURVE('',#3147,#3147,#2577,.T.);
#3976=EDGE_CURVE('',#3148,#3149,#2578,.T.);
#3977=EDGE_CURVE('',#3149,#3148,#2579,.T.);
#3978=EDGE_CURVE('',#3149,#3150,#2580,.T.);
#3979=EDGE_CURVE('',#3151,#3150,#2581,.T.);
#3980=EDGE_CURVE('',#3150,#3151,#2582,.T.);
#3981=EDGE_CURVE('',#3152,#3153,#2583,.T.);
#3982=EDGE_CURVE('',#3152,#3154,#1844,.T.);
#3983=EDGE_CURVE('',#3154,#3155,#276,.T.);
#3984=EDGE_CURVE('',#3153,#3155,#1845,.T.);
#3985=EDGE_CURVE('',#3156,#3157,#2584,.T.);
#3986=EDGE_CURVE('',#3156,#3158,#1846,.T.);
#3987=EDGE_CURVE('',#3158,#3159,#277,.T.);
#3988=EDGE_CURVE('',#3159,#3160,#278,.T.);
#3989=EDGE_CURVE('',#3157,#3160,#1847,.T.);
#3990=EDGE_CURVE('',#3161,#3162,#2585,.T.);
#3991=EDGE_CURVE('',#3161,#3163,#1848,.T.);
#3992=EDGE_CURVE('',#3163,#3164,#279,.T.);
#3993=EDGE_CURVE('',#3164,#3165,#280,.T.);
#3994=EDGE_CURVE('',#3162,#3165,#1849,.T.);
#3995=EDGE_CURVE('',#3165,#3158,#281,.F.);
#3996=EDGE_CURVE('',#3164,#3159,#2586,.T.);
#3997=EDGE_CURVE('',#3148,#3146,#1850,.T.);
#3998=EDGE_CURVE('',#3166,#3166,#2587,.T.);
#3999=EDGE_CURVE('',#3166,#3151,#1851,.T.);
#4000=EDGE_CURVE('',#3141,#3144,#1852,.T.);
#4001=EDGE_CURVE('',#3167,#3168,#2588,.T.);
#4002=EDGE_CURVE('',#3169,#3167,#2589,.T.);
#4003=EDGE_CURVE('',#3159,#3169,#2590,.T.);
#4004=EDGE_CURVE('',#3170,#3164,#2591,.T.);
#4005=EDGE_CURVE('',#3168,#3170,#2592,.T.);
#4006=EDGE_CURVE('',#3171,#3170,#282,.T.);
#4007=EDGE_CURVE('',#3172,#3171,#283,.T.);
#4008=EDGE_CURVE('',#3168,#3172,#284,.T.);
#4009=EDGE_CURVE('',#3173,#3163,#285,.T.);
#4010=EDGE_CURVE('',#3170,#3173,#286,.T.);
#4011=EDGE_CURVE('',#3160,#3174,#287,.T.);
#4012=EDGE_CURVE('',#3174,#3169,#288,.T.);
#4013=EDGE_CURVE('',#3175,#3167,#289,.T.);
#4014=EDGE_CURVE('',#3176,#3175,#290,.T.);
#4015=EDGE_CURVE('',#3169,#3176,#291,.T.);
#4016=EDGE_CURVE('',#3155,#3168,#292,.T.);
#4017=EDGE_CURVE('',#3167,#3154,#293,.T.);
#4018=EDGE_CURVE('',#3177,#3178,#2593,.T.);
#4019=EDGE_CURVE('',#3178,#3152,#2594,.T.);
#4020=EDGE_CURVE('',#3153,#3179,#2595,.T.);
#4021=EDGE_CURVE('',#3179,#3180,#2596,.T.);
#4022=EDGE_CURVE('',#3180,#3181,#2597,.T.);
#4023=EDGE_CURVE('',#3181,#3161,#2598,.T.);
#4024=EDGE_CURVE('',#3162,#3156,#2599,.T.);
#4025=EDGE_CURVE('',#3157,#3182,#2600,.T.);
#4026=EDGE_CURVE('',#3182,#3177,#2601,.T.);
#4027=EDGE_CURVE('',#3179,#3172,#1853,.T.);
#4028=EDGE_CURVE('',#3180,#3171,#1854,.T.);
#4029=EDGE_CURVE('',#3181,#3173,#1855,.T.);
#4030=EDGE_CURVE('',#3182,#3174,#1856,.T.);
#4031=EDGE_CURVE('',#3177,#3176,#1857,.T.);
#4032=EDGE_CURVE('',#3178,#3175,#1858,.T.);
#4033=EDGE_CURVE('',#3183,#3183,#2602,.T.);
#4034=EDGE_CURVE('',#3183,#3184,#1859,.T.);
#4035=EDGE_CURVE('',#3184,#3184,#2603,.T.);
#4036=EDGE_CURVE('',#3185,#3185,#2604,.T.);
#4037=EDGE_CURVE('',#3185,#3186,#1860,.T.);
#4038=EDGE_CURVE('',#3186,#3186,#2605,.T.);
#4039=EDGE_CURVE('',#3187,#3188,#2606,.T.);
#4040=EDGE_CURVE('',#3187,#3189,#2607,.T.);
#4041=EDGE_CURVE('',#3189,#3188,#2608,.T.);
#4042=EDGE_CURVE('',#3190,#3191,#2609,.T.);
#4043=EDGE_CURVE('',#3191,#3192,#2610,.T.);
#4044=EDGE_CURVE('',#3190,#3192,#2611,.T.);
#4045=EDGE_CURVE('',#3193,#3194,#2612,.T.);
#4046=EDGE_CURVE('',#3195,#3194,#2613,.T.);
#4047=EDGE_CURVE('',#3195,#3193,#2614,.T.);
#4048=EDGE_CURVE('',#3196,#3197,#2615,.T.);
#4049=EDGE_CURVE('',#3197,#3198,#2616,.T.);
#4050=EDGE_CURVE('',#3196,#3198,#2617,.T.);
#4051=EDGE_CURVE('',#3199,#3200,#2618,.T.);
#4052=EDGE_CURVE('',#3201,#3200,#2619,.T.);
#4053=EDGE_CURVE('',#3201,#3199,#2620,.T.);
#4054=EDGE_CURVE('',#3202,#3203,#2621,.T.);
#4055=EDGE_CURVE('',#3204,#3203,#2622,.T.);
#4056=EDGE_CURVE('',#3202,#3204,#2623,.T.);
#4057=EDGE_CURVE('',#3205,#3206,#2624,.T.);
#4058=EDGE_CURVE('',#3206,#3205,#2625,.T.);
#4059=EDGE_CURVE('',#3206,#3207,#2626,.T.);
#4060=EDGE_CURVE('',#3207,#3207,#2627,.T.);
#4061=EDGE_CURVE('',#3208,#3208,#2628,.T.);
#4062=EDGE_CURVE('',#3208,#3209,#2629,.T.);
#4063=EDGE_CURVE('',#3210,#3209,#2630,.T.);
#4064=EDGE_CURVE('',#3209,#3210,#2631,.T.);
#4065=EDGE_CURVE('',#3211,#3211,#2632,.T.);
#4066=EDGE_CURVE('',#3211,#3212,#2633,.T.);
#4067=EDGE_CURVE('',#3213,#3212,#2634,.T.);
#4068=EDGE_CURVE('',#3212,#3213,#2635,.T.);
#4069=EDGE_CURVE('',#3214,#3215,#2636,.T.);
#4070=EDGE_CURVE('',#3214,#3216,#2637,.T.);
#4071=EDGE_CURVE('',#3216,#3216,#2638,.T.);
#4072=EDGE_CURVE('',#3215,#3214,#2639,.T.);
#4073=EDGE_CURVE('',#3217,#3217,#2640,.T.);
#4074=EDGE_CURVE('',#3217,#3211,#2641,.T.);
#4075=EDGE_CURVE('',#3218,#3219,#294,.T.);
#4076=EDGE_CURVE('',#3219,#3220,#295,.T.);
#4077=EDGE_CURVE('',#3220,#3198,#296,.T.);
#4078=EDGE_CURVE('',#3198,#3213,#1861,.T.);
#4079=EDGE_CURVE('',#3198,#3204,#297,.T.);
#4080=EDGE_CURVE('',#3204,#3201,#298,.T.);
#4081=EDGE_CURVE('',#3201,#3218,#299,.T.);
#4082=EDGE_CURVE('',#3221,#3195,#300,.T.);
#4083=EDGE_CURVE('',#3195,#3189,#301,.T.);
#4084=EDGE_CURVE('',#3189,#3192,#302,.T.);
#4085=EDGE_CURVE('',#3192,#3215,#1862,.T.);
#4086=EDGE_CURVE('',#3192,#3222,#303,.T.);
#4087=EDGE_CURVE('',#3222,#3223,#304,.T.);
#4088=EDGE_CURVE('',#3223,#3221,#305,.T.);
#4089=EDGE_CURVE('',#3205,#3210,#1863,.T.);
#4090=EDGE_CURVE('',#3200,#3224,#1864,.T.);
#4091=EDGE_CURVE('',#3224,#3191,#306,.T.);
#4092=EDGE_CURVE('',#3191,#3225,#1865,.T.);
#4093=EDGE_CURVE('',#3225,#3200,#307,.T.);
#4094=EDGE_CURVE('',#3203,#3226,#1866,.T.);
#4095=EDGE_CURVE('',#3226,#3227,#308,.T.);
#4096=EDGE_CURVE('',#3227,#3199,#1867,.T.);
#4097=EDGE_CURVE('',#3199,#3203,#309,.T.);
#4098=EDGE_CURVE('',#3197,#3228,#1868,.T.);
#4099=EDGE_CURVE('',#3228,#3229,#310,.T.);
#4100=EDGE_CURVE('',#3229,#3202,#1869,.T.);
#4101=EDGE_CURVE('',#3202,#3197,#311,.T.);
#4102=EDGE_CURVE('',#3230,#3193,#1870,.T.);
#4103=EDGE_CURVE('',#3193,#3231,#312,.T.);
#4104=EDGE_CURVE('',#3231,#3196,#1871,.T.);
#4105=EDGE_CURVE('',#3196,#3230,#313,.T.);
#4106=EDGE_CURVE('',#3232,#3188,#1872,.T.);
#4107=EDGE_CURVE('',#3188,#3194,#314,.T.);
#4108=EDGE_CURVE('',#3194,#3233,#1873,.T.);
#4109=EDGE_CURVE('',#3233,#3232,#315,.T.);
#4110=EDGE_CURVE('',#3234,#3190,#1874,.T.);
#4111=EDGE_CURVE('',#3190,#3187,#316,.T.);
#4112=EDGE_CURVE('',#3187,#3235,#1875,.T.);
#4113=EDGE_CURVE('',#3235,#3234,#317,.T.);
#4114=EDGE_CURVE('',#3226,#3229,#2642,.T.);
#4115=EDGE_CURVE('',#3226,#3223,#2643,.T.);
#4116=EDGE_CURVE('',#3223,#3229,#2644,.T.);
#4117=EDGE_CURVE('',#3228,#3231,#2645,.T.);
#4118=EDGE_CURVE('',#3221,#3228,#2646,.T.);
#4119=EDGE_CURVE('',#3227,#3222,#2647,.T.);
#4120=EDGE_CURVE('',#3224,#3227,#2648,.T.);
#4121=EDGE_CURVE('',#3221,#3231,#2649,.T.);
#4122=EDGE_CURVE('',#3224,#3222,#2650,.T.);
#4123=EDGE_CURVE('',#3218,#3225,#2651,.T.);
#4124=EDGE_CURVE('',#3230,#3220,#2652,.T.);
#4125=EDGE_CURVE('',#3233,#3230,#2653,.T.);
#4126=EDGE_CURVE('',#3225,#3234,#2654,.T.);
#4127=EDGE_CURVE('',#3218,#3234,#2655,.T.);
#4128=EDGE_CURVE('',#3233,#3220,#2656,.T.);
#4129=EDGE_CURVE('',#3219,#3235,#2657,.T.);
#4130=EDGE_CURVE('',#3232,#3219,#2658,.T.);
#4131=EDGE_CURVE('',#3232,#3235,#2659,.T.);
#4132=EDGE_CURVE('',#3236,#3236,#2660,.T.);
#4133=EDGE_CURVE('',#3236,#3237,#2661,.T.);
#4134=EDGE_CURVE('',#3237,#3237,#2662,.T.);
#4135=EDGE_CURVE('',#3238,#3239,#2663,.T.);
#4136=EDGE_CURVE('',#3239,#3238,#2664,.T.);
#4137=EDGE_CURVE('',#3239,#3240,#2665,.T.);
#4138=EDGE_CURVE('',#3240,#3240,#2666,.T.);
#4139=EDGE_CURVE('',#3241,#3241,#2667,.T.);
#4140=EDGE_CURVE('',#3241,#3242,#2668,.T.);
#4141=EDGE_CURVE('',#3242,#3242,#2669,.T.);
#4142=EDGE_CURVE('',#3243,#3243,#2670,.T.);
#4143=EDGE_CURVE('',#3243,#3244,#2671,.T.);
#4144=EDGE_CURVE('',#3244,#3244,#2672,.T.);
#4145=EDGE_CURVE('',#3245,#3246,#2673,.T.);
#4146=EDGE_CURVE('',#3246,#3245,#2674,.T.);
#4147=EDGE_CURVE('',#3246,#3247,#2675,.T.);
#4148=EDGE_CURVE('',#3248,#3247,#2676,.T.);
#4149=EDGE_CURVE('',#3247,#3248,#2677,.T.);
#4150=EDGE_CURVE('',#3249,#3250,#2678,.T.);
#4151=EDGE_CURVE('',#3249,#3251,#1876,.T.);
#4152=EDGE_CURVE('',#3251,#3252,#318,.T.);
#4153=EDGE_CURVE('',#3250,#3252,#1877,.T.);
#4154=EDGE_CURVE('',#3253,#3254,#2679,.T.);
#4155=EDGE_CURVE('',#3253,#3255,#1878,.T.);
#4156=EDGE_CURVE('',#3255,#3256,#319,.T.);
#4157=EDGE_CURVE('',#3256,#3257,#320,.T.);
#4158=EDGE_CURVE('',#3254,#3257,#1879,.T.);
#4159=EDGE_CURVE('',#3258,#3259,#2680,.T.);
#4160=EDGE_CURVE('',#3258,#3260,#1880,.T.);
#4161=EDGE_CURVE('',#3260,#3261,#321,.T.);
#4162=EDGE_CURVE('',#3261,#3262,#322,.T.);
#4163=EDGE_CURVE('',#3259,#3262,#1881,.T.);
#4164=EDGE_CURVE('',#3262,#3255,#323,.F.);
#4165=EDGE_CURVE('',#3261,#3256,#2681,.T.);
#4166=EDGE_CURVE('',#3245,#3243,#1882,.T.);
#4167=EDGE_CURVE('',#3263,#3263,#2682,.T.);
#4168=EDGE_CURVE('',#3263,#3248,#1883,.T.);
#4169=EDGE_CURVE('',#3238,#3241,#1884,.T.);
#4170=EDGE_CURVE('',#3264,#3265,#2683,.T.);
#4171=EDGE_CURVE('',#3266,#3264,#2684,.T.);
#4172=EDGE_CURVE('',#3256,#3266,#2685,.T.);
#4173=EDGE_CURVE('',#3267,#3261,#2686,.T.);
#4174=EDGE_CURVE('',#3265,#3267,#2687,.T.);
#4175=EDGE_CURVE('',#3268,#3267,#324,.T.);
#4176=EDGE_CURVE('',#3269,#3268,#325,.T.);
#4177=EDGE_CURVE('',#3265,#3269,#326,.T.);
#4178=EDGE_CURVE('',#3270,#3260,#327,.T.);
#4179=EDGE_CURVE('',#3267,#3270,#328,.T.);
#4180=EDGE_CURVE('',#3257,#3271,#329,.T.);
#4181=EDGE_CURVE('',#3271,#3266,#330,.T.);
#4182=EDGE_CURVE('',#3272,#3264,#331,.T.);
#4183=EDGE_CURVE('',#3273,#3272,#332,.T.);
#4184=EDGE_CURVE('',#3266,#3273,#333,.T.);
#4185=EDGE_CURVE('',#3252,#3265,#334,.T.);
#4186=EDGE_CURVE('',#3264,#3251,#335,.T.);
#4187=EDGE_CURVE('',#3274,#3275,#2688,.T.);
#4188=EDGE_CURVE('',#3275,#3249,#2689,.T.);
#4189=EDGE_CURVE('',#3250,#3276,#2690,.T.);
#4190=EDGE_CURVE('',#3276,#3277,#2691,.T.);
#4191=EDGE_CURVE('',#3277,#3278,#2692,.T.);
#4192=EDGE_CURVE('',#3278,#3258,#2693,.T.);
#4193=EDGE_CURVE('',#3259,#3253,#2694,.T.);
#4194=EDGE_CURVE('',#3254,#3279,#2695,.T.);
#4195=EDGE_CURVE('',#3279,#3274,#2696,.T.);
#4196=EDGE_CURVE('',#3276,#3269,#1885,.T.);
#4197=EDGE_CURVE('',#3277,#3268,#1886,.T.);
#4198=EDGE_CURVE('',#3278,#3270,#1887,.T.);
#4199=EDGE_CURVE('',#3279,#3271,#1888,.T.);
#4200=EDGE_CURVE('',#3274,#3273,#1889,.T.);
#4201=EDGE_CURVE('',#3275,#3272,#1890,.T.);
#4202=EDGE_CURVE('',#3280,#3280,#2697,.T.);
#4203=EDGE_CURVE('',#3280,#3281,#1891,.T.);
#4204=EDGE_CURVE('',#3281,#3281,#2698,.T.);
#4205=EDGE_CURVE('',#3282,#3282,#2699,.T.);
#4206=EDGE_CURVE('',#3282,#3283,#1892,.T.);
#4207=EDGE_CURVE('',#3283,#3283,#2700,.T.);
#4208=EDGE_CURVE('',#3284,#3284,#2701,.T.);
#4209=EDGE_CURVE('',#3284,#3285,#1893,.T.);
#4210=EDGE_CURVE('',#3285,#3285,#2702,.T.);
#4211=EDGE_CURVE('',#3286,#3286,#2703,.T.);
#4212=EDGE_CURVE('',#3286,#3287,#1894,.T.);
#4213=EDGE_CURVE('',#3287,#3287,#2704,.T.);
#4214=ORIENTED_EDGE('',*,*,#3288,.T.);
#4215=ORIENTED_EDGE('',*,*,#3289,.T.);
#4216=ORIENTED_EDGE('',*,*,#3290,.T.);
#4217=ORIENTED_EDGE('',*,*,#3289,.F.);
#4218=ORIENTED_EDGE('',*,*,#3291,.T.);
#4219=ORIENTED_EDGE('',*,*,#3292,.T.);
#4220=ORIENTED_EDGE('',*,*,#3293,.T.);
#4221=ORIENTED_EDGE('',*,*,#3292,.F.);
#4222=ORIENTED_EDGE('',*,*,#3294,.F.);
#4223=ORIENTED_EDGE('',*,*,#3295,.T.);
#4224=ORIENTED_EDGE('',*,*,#3296,.F.);
#4225=ORIENTED_EDGE('',*,*,#3297,.F.);
#4226=ORIENTED_EDGE('',*,*,#3298,.T.);
#4227=ORIENTED_EDGE('',*,*,#3294,.T.);
#4228=ORIENTED_EDGE('',*,*,#3299,.F.);
#4229=ORIENTED_EDGE('',*,*,#3300,.T.);
#4230=ORIENTED_EDGE('',*,*,#3301,.F.);
#4231=ORIENTED_EDGE('',*,*,#3302,.F.);
#4232=ORIENTED_EDGE('',*,*,#3303,.F.);
#4233=ORIENTED_EDGE('',*,*,#3304,.T.);
#4234=ORIENTED_EDGE('',*,*,#3305,.T.);
#4235=ORIENTED_EDGE('',*,*,#3306,.T.);
#4236=ORIENTED_EDGE('',*,*,#3307,.F.);
#4237=ORIENTED_EDGE('',*,*,#3301,.T.);
#4238=ORIENTED_EDGE('',*,*,#3308,.F.);
#4239=ORIENTED_EDGE('',*,*,#3309,.T.);
#4240=ORIENTED_EDGE('',*,*,#3300,.F.);
#4241=ORIENTED_EDGE('',*,*,#3310,.F.);
#4242=ORIENTED_EDGE('',*,*,#3311,.F.);
#4243=ORIENTED_EDGE('',*,*,#3312,.T.);
#4244=ORIENTED_EDGE('',*,*,#3313,.T.);
#4245=ORIENTED_EDGE('',*,*,#3308,.T.);
#4246=ORIENTED_EDGE('',*,*,#3314,.F.);
#4247=ORIENTED_EDGE('',*,*,#3315,.F.);
#4248=ORIENTED_EDGE('',*,*,#3316,.F.);
#4249=ORIENTED_EDGE('',*,*,#3317,.T.);
#4250=ORIENTED_EDGE('',*,*,#3318,.F.);
#4251=ORIENTED_EDGE('',*,*,#3314,.T.);
#4252=ORIENTED_EDGE('',*,*,#3319,.T.);
#4253=ORIENTED_EDGE('',*,*,#3303,.T.);
#4254=ORIENTED_EDGE('',*,*,#3307,.T.);
#4255=ORIENTED_EDGE('',*,*,#3320,.T.);
#4256=ORIENTED_EDGE('',*,*,#3321,.F.);
#4257=ORIENTED_EDGE('',*,*,#3322,.T.);
#4258=ORIENTED_EDGE('',*,*,#3323,.F.);
#4259=ORIENTED_EDGE('',*,*,#3324,.T.);
#4260=ORIENTED_EDGE('',*,*,#3325,.T.);
#4261=ORIENTED_EDGE('',*,*,#3326,.T.);
#4262=ORIENTED_EDGE('',*,*,#3327,.T.);
#4263=ORIENTED_EDGE('',*,*,#3328,.T.);
#4264=ORIENTED_EDGE('',*,*,#3321,.T.);
#4265=ORIENTED_EDGE('',*,*,#3329,.T.);
#4266=ORIENTED_EDGE('',*,*,#3330,.F.);
#4267=ORIENTED_EDGE('',*,*,#3331,.T.);
#4268=ORIENTED_EDGE('',*,*,#3330,.T.);
#4269=ORIENTED_EDGE('',*,*,#3332,.T.);
#4270=ORIENTED_EDGE('',*,*,#3305,.F.);
#4271=ORIENTED_EDGE('',*,*,#3333,.F.);
#4272=ORIENTED_EDGE('',*,*,#3334,.T.);
#4273=ORIENTED_EDGE('',*,*,#3335,.T.);
#4274=ORIENTED_EDGE('',*,*,#3336,.T.);
#4275=ORIENTED_EDGE('',*,*,#3337,.T.);
#4276=ORIENTED_EDGE('',*,*,#3338,.T.);
#4277=ORIENTED_EDGE('',*,*,#3339,.T.);
#4278=ORIENTED_EDGE('',*,*,#3304,.F.);
#4279=ORIENTED_EDGE('',*,*,#3340,.F.);
#4280=ORIENTED_EDGE('',*,*,#3297,.T.);
#4281=ORIENTED_EDGE('',*,*,#3333,.T.);
#4282=ORIENTED_EDGE('',*,*,#3319,.F.);
#4283=ORIENTED_EDGE('',*,*,#3341,.F.);
#4284=ORIENTED_EDGE('',*,*,#3299,.T.);
#4285=ORIENTED_EDGE('',*,*,#3340,.T.);
#4286=ORIENTED_EDGE('',*,*,#3290,.F.);
#4287=ORIENTED_EDGE('',*,*,#3342,.F.);
#4288=ORIENTED_EDGE('',*,*,#3343,.F.);
#4289=ORIENTED_EDGE('',*,*,#3344,.F.);
#4290=ORIENTED_EDGE('',*,*,#3345,.F.);
#4291=ORIENTED_EDGE('',*,*,#3346,.F.);
#4292=ORIENTED_EDGE('',*,*,#3347,.F.);
#4293=ORIENTED_EDGE('',*,*,#3348,.F.);
#4294=ORIENTED_EDGE('',*,*,#3349,.F.);
#4295=ORIENTED_EDGE('',*,*,#3293,.F.);
#4296=ORIENTED_EDGE('',*,*,#3317,.F.);
#4297=ORIENTED_EDGE('',*,*,#3350,.F.);
#4298=ORIENTED_EDGE('',*,*,#3310,.T.);
#4299=ORIENTED_EDGE('',*,*,#3341,.T.);
#4300=ORIENTED_EDGE('',*,*,#3351,.F.);
#4301=ORIENTED_EDGE('',*,*,#3352,.T.);
#4302=ORIENTED_EDGE('',*,*,#3311,.T.);
#4303=ORIENTED_EDGE('',*,*,#3350,.T.);
#4304=ORIENTED_EDGE('',*,*,#3353,.F.);
#4305=ORIENTED_EDGE('',*,*,#3354,.T.);
#4306=ORIENTED_EDGE('',*,*,#3355,.F.);
#4307=ORIENTED_EDGE('',*,*,#3356,.F.);
#4308=ORIENTED_EDGE('',*,*,#3357,.F.);
#4309=ORIENTED_EDGE('',*,*,#3358,.F.);
#4310=ORIENTED_EDGE('',*,*,#3359,.F.);
#4311=ORIENTED_EDGE('',*,*,#3360,.T.);
#4312=ORIENTED_EDGE('',*,*,#3351,.T.);
#4313=ORIENTED_EDGE('',*,*,#3361,.T.);
#4314=ORIENTED_EDGE('',*,*,#3313,.F.);
#4315=ORIENTED_EDGE('',*,*,#3362,.T.);
#4316=ORIENTED_EDGE('',*,*,#3359,.T.);
#4317=ORIENTED_EDGE('',*,*,#3363,.T.);
#4318=ORIENTED_EDGE('',*,*,#3364,.T.);
#4319=ORIENTED_EDGE('',*,*,#3365,.F.);
#4320=ORIENTED_EDGE('',*,*,#3366,.F.);
#4321=ORIENTED_EDGE('',*,*,#3367,.F.);
#4322=ORIENTED_EDGE('',*,*,#3368,.F.);
#4323=ORIENTED_EDGE('',*,*,#3369,.F.);
#4324=ORIENTED_EDGE('',*,*,#3315,.T.);
#4325=ORIENTED_EDGE('',*,*,#3370,.F.);
#4326=ORIENTED_EDGE('',*,*,#3309,.F.);
#4327=ORIENTED_EDGE('',*,*,#3365,.T.);
#4328=ORIENTED_EDGE('',*,*,#3318,.T.);
#4329=ORIENTED_EDGE('',*,*,#3371,.F.);
#4330=ORIENTED_EDGE('',*,*,#3298,.F.);
#4331=ORIENTED_EDGE('',*,*,#3370,.T.);
#4332=ORIENTED_EDGE('',*,*,#3288,.F.);
#4333=ORIENTED_EDGE('',*,*,#3372,.F.);
#4334=ORIENTED_EDGE('',*,*,#3373,.F.);
#4335=ORIENTED_EDGE('',*,*,#3374,.F.);
#4336=ORIENTED_EDGE('',*,*,#3375,.F.);
#4337=ORIENTED_EDGE('',*,*,#3376,.F.);
#4338=ORIENTED_EDGE('',*,*,#3377,.F.);
#4339=ORIENTED_EDGE('',*,*,#3378,.F.);
#4340=ORIENTED_EDGE('',*,*,#3379,.F.);
#4341=ORIENTED_EDGE('',*,*,#3291,.F.);
#4342=ORIENTED_EDGE('',*,*,#3302,.T.);
#4343=ORIENTED_EDGE('',*,*,#3324,.F.);
#4344=ORIENTED_EDGE('',*,*,#3295,.F.);
#4345=ORIENTED_EDGE('',*,*,#3371,.T.);
#4346=ORIENTED_EDGE('',*,*,#3323,.T.);
#4347=ORIENTED_EDGE('',*,*,#3380,.T.);
#4348=ORIENTED_EDGE('',*,*,#3334,.F.);
#4349=ORIENTED_EDGE('',*,*,#3296,.T.);
#4350=ORIENTED_EDGE('',*,*,#3364,.F.);
#4351=ORIENTED_EDGE('',*,*,#3381,.T.);
#4352=ORIENTED_EDGE('',*,*,#3353,.T.);
#4353=ORIENTED_EDGE('',*,*,#3316,.T.);
#4354=ORIENTED_EDGE('',*,*,#3377,.T.);
#4355=ORIENTED_EDGE('',*,*,#3382,.T.);
#4356=ORIENTED_EDGE('',*,*,#3346,.T.);
#4357=ORIENTED_EDGE('',*,*,#3383,.F.);
#4358=ORIENTED_EDGE('',*,*,#3376,.T.);
#4359=ORIENTED_EDGE('',*,*,#3384,.T.);
#4360=ORIENTED_EDGE('',*,*,#3347,.T.);
#4361=ORIENTED_EDGE('',*,*,#3382,.F.);
#4362=ORIENTED_EDGE('',*,*,#3379,.T.);
#4363=ORIENTED_EDGE('',*,*,#3385,.T.);
#4364=ORIENTED_EDGE('',*,*,#3348,.T.);
#4365=ORIENTED_EDGE('',*,*,#3384,.F.);
#4366=ORIENTED_EDGE('',*,*,#3378,.T.);
#4367=ORIENTED_EDGE('',*,*,#3383,.T.);
#4368=ORIENTED_EDGE('',*,*,#3349,.T.);
#4369=ORIENTED_EDGE('',*,*,#3385,.F.);
#4370=ORIENTED_EDGE('',*,*,#3373,.T.);
#4371=ORIENTED_EDGE('',*,*,#3386,.T.);
#4372=ORIENTED_EDGE('',*,*,#3342,.T.);
#4373=ORIENTED_EDGE('',*,*,#3387,.F.);
#4374=ORIENTED_EDGE('',*,*,#3372,.T.);
#4375=ORIENTED_EDGE('',*,*,#3388,.T.);
#4376=ORIENTED_EDGE('',*,*,#3343,.T.);
#4377=ORIENTED_EDGE('',*,*,#3386,.F.);
#4378=ORIENTED_EDGE('',*,*,#3375,.T.);
#4379=ORIENTED_EDGE('',*,*,#3389,.T.);
#4380=ORIENTED_EDGE('',*,*,#3344,.T.);
#4381=ORIENTED_EDGE('',*,*,#3388,.F.);
#4382=ORIENTED_EDGE('',*,*,#3374,.T.);
#4383=ORIENTED_EDGE('',*,*,#3387,.T.);
#4384=ORIENTED_EDGE('',*,*,#3345,.T.);
#4385=ORIENTED_EDGE('',*,*,#3389,.F.);
#4386=ORIENTED_EDGE('',*,*,#3362,.F.);
#4387=ORIENTED_EDGE('',*,*,#3312,.F.);
#4388=ORIENTED_EDGE('',*,*,#3352,.F.);
#4389=ORIENTED_EDGE('',*,*,#3360,.F.);
#4390=ORIENTED_EDGE('',*,*,#3363,.F.);
#4391=ORIENTED_EDGE('',*,*,#3361,.F.);
#4392=ORIENTED_EDGE('',*,*,#3354,.F.);
#4393=ORIENTED_EDGE('',*,*,#3381,.F.);
#4394=ORIENTED_EDGE('',*,*,#3332,.F.);
#4395=ORIENTED_EDGE('',*,*,#3329,.F.);
#4396=ORIENTED_EDGE('',*,*,#3320,.F.);
#4397=ORIENTED_EDGE('',*,*,#3306,.F.);
#4398=ORIENTED_EDGE('',*,*,#3335,.F.);
#4399=ORIENTED_EDGE('',*,*,#3380,.F.);
#4400=ORIENTED_EDGE('',*,*,#3322,.F.);
#4401=ORIENTED_EDGE('',*,*,#3331,.F.);
#4402=ORIENTED_EDGE('',*,*,#3367,.T.);
#4403=ORIENTED_EDGE('',*,*,#3390,.T.);
#4404=ORIENTED_EDGE('',*,*,#3355,.T.);
#4405=ORIENTED_EDGE('',*,*,#3391,.F.);
#4406=ORIENTED_EDGE('',*,*,#3366,.T.);
#4407=ORIENTED_EDGE('',*,*,#3392,.T.);
#4408=ORIENTED_EDGE('',*,*,#3356,.T.);
#4409=ORIENTED_EDGE('',*,*,#3390,.F.);
#4410=ORIENTED_EDGE('',*,*,#3369,.T.);
#4411=ORIENTED_EDGE('',*,*,#3393,.T.);
#4412=ORIENTED_EDGE('',*,*,#3357,.T.);
#4413=ORIENTED_EDGE('',*,*,#3392,.F.);
#4414=ORIENTED_EDGE('',*,*,#3368,.T.);
#4415=ORIENTED_EDGE('',*,*,#3391,.T.);
#4416=ORIENTED_EDGE('',*,*,#3358,.T.);
#4417=ORIENTED_EDGE('',*,*,#3393,.F.);
#4418=ORIENTED_EDGE('',*,*,#3326,.F.);
#4419=ORIENTED_EDGE('',*,*,#3394,.T.);
#4420=ORIENTED_EDGE('',*,*,#3336,.F.);
#4421=ORIENTED_EDGE('',*,*,#3395,.F.);
#4422=ORIENTED_EDGE('',*,*,#3327,.F.);
#4423=ORIENTED_EDGE('',*,*,#3395,.T.);
#4424=ORIENTED_EDGE('',*,*,#3339,.F.);
#4425=ORIENTED_EDGE('',*,*,#3396,.F.);
#4426=ORIENTED_EDGE('',*,*,#3328,.F.);
#4427=ORIENTED_EDGE('',*,*,#3396,.T.);
#4428=ORIENTED_EDGE('',*,*,#3338,.F.);
#4429=ORIENTED_EDGE('',*,*,#3397,.F.);
#4430=ORIENTED_EDGE('',*,*,#3325,.F.);
#4431=ORIENTED_EDGE('',*,*,#3397,.T.);
#4432=ORIENTED_EDGE('',*,*,#3337,.F.);
#4433=ORIENTED_EDGE('',*,*,#3394,.F.);
#4434=ORIENTED_EDGE('',*,*,#3398,.F.);
#4435=ORIENTED_EDGE('',*,*,#3399,.T.);
#4436=ORIENTED_EDGE('',*,*,#3400,.F.);
#4437=ORIENTED_EDGE('',*,*,#3399,.F.);
#4438=ORIENTED_EDGE('',*,*,#3401,.F.);
#4439=ORIENTED_EDGE('',*,*,#3402,.T.);
#4440=ORIENTED_EDGE('',*,*,#3403,.F.);
#4441=ORIENTED_EDGE('',*,*,#3402,.F.);
#4442=ORIENTED_EDGE('',*,*,#3404,.T.);
#4443=ORIENTED_EDGE('',*,*,#3405,.T.);
#4444=ORIENTED_EDGE('',*,*,#3406,.T.);
#4445=ORIENTED_EDGE('',*,*,#3405,.F.);
#4446=ORIENTED_EDGE('',*,*,#3407,.T.);
#4447=ORIENTED_EDGE('',*,*,#3408,.T.);
#4448=ORIENTED_EDGE('',*,*,#3409,.T.);
#4449=ORIENTED_EDGE('',*,*,#3408,.F.);
#4450=ORIENTED_EDGE('',*,*,#3410,.F.);
#4451=ORIENTED_EDGE('',*,*,#3411,.T.);
#4452=ORIENTED_EDGE('',*,*,#3412,.T.);
#4453=ORIENTED_EDGE('',*,*,#3411,.F.);
#4454=ORIENTED_EDGE('',*,*,#3413,.T.);
#4455=ORIENTED_EDGE('',*,*,#3414,.T.);
#4456=ORIENTED_EDGE('',*,*,#3415,.F.);
#4457=ORIENTED_EDGE('',*,*,#3414,.F.);
#4458=ORIENTED_EDGE('',*,*,#3416,.F.);
#4459=ORIENTED_EDGE('',*,*,#3417,.F.);
#4460=ORIENTED_EDGE('',*,*,#3418,.F.);
#4461=ORIENTED_EDGE('',*,*,#3419,.F.);
#4462=ORIENTED_EDGE('',*,*,#3420,.T.);
#4463=ORIENTED_EDGE('',*,*,#3421,.F.);
#4464=ORIENTED_EDGE('',*,*,#3422,.F.);
#4465=ORIENTED_EDGE('',*,*,#3423,.F.);
#4466=ORIENTED_EDGE('',*,*,#3424,.T.);
#4467=ORIENTED_EDGE('',*,*,#3425,.T.);
#4468=ORIENTED_EDGE('',*,*,#3426,.T.);
#4469=ORIENTED_EDGE('',*,*,#3427,.T.);
#4470=ORIENTED_EDGE('',*,*,#3428,.T.);
#4471=ORIENTED_EDGE('',*,*,#3429,.F.);
#4472=ORIENTED_EDGE('',*,*,#3430,.F.);
#4473=ORIENTED_EDGE('',*,*,#3431,.F.);
#4474=ORIENTED_EDGE('',*,*,#3432,.F.);
#4475=ORIENTED_EDGE('',*,*,#3433,.F.);
#4476=ORIENTED_EDGE('',*,*,#3434,.F.);
#4477=ORIENTED_EDGE('',*,*,#3435,.F.);
#4478=ORIENTED_EDGE('',*,*,#3436,.T.);
#4479=ORIENTED_EDGE('',*,*,#3437,.T.);
#4480=ORIENTED_EDGE('',*,*,#3438,.T.);
#4481=ORIENTED_EDGE('',*,*,#3439,.T.);
#4482=ORIENTED_EDGE('',*,*,#3440,.T.);
#4483=ORIENTED_EDGE('',*,*,#3441,.F.);
#4484=ORIENTED_EDGE('',*,*,#3442,.F.);
#4485=ORIENTED_EDGE('',*,*,#3443,.F.);
#4486=ORIENTED_EDGE('',*,*,#3444,.F.);
#4487=ORIENTED_EDGE('',*,*,#3445,.F.);
#4488=ORIENTED_EDGE('',*,*,#3446,.F.);
#4489=ORIENTED_EDGE('',*,*,#3426,.F.);
#4490=ORIENTED_EDGE('',*,*,#3447,.T.);
#4491=ORIENTED_EDGE('',*,*,#3444,.T.);
#4492=ORIENTED_EDGE('',*,*,#3448,.F.);
#4493=ORIENTED_EDGE('',*,*,#3424,.F.);
#4494=ORIENTED_EDGE('',*,*,#3449,.F.);
#4495=ORIENTED_EDGE('',*,*,#3434,.T.);
#4496=ORIENTED_EDGE('',*,*,#3425,.F.);
#4497=ORIENTED_EDGE('',*,*,#3448,.T.);
#4498=ORIENTED_EDGE('',*,*,#3445,.T.);
#4499=ORIENTED_EDGE('',*,*,#3447,.F.);
#4500=ORIENTED_EDGE('',*,*,#3427,.F.);
#4501=ORIENTED_EDGE('',*,*,#3446,.T.);
#4502=ORIENTED_EDGE('',*,*,#3443,.T.);
#4503=ORIENTED_EDGE('',*,*,#3450,.F.);
#4504=ORIENTED_EDGE('',*,*,#3449,.T.);
#4505=ORIENTED_EDGE('',*,*,#3451,.T.);
#4506=ORIENTED_EDGE('',*,*,#3452,.F.);
#4507=ORIENTED_EDGE('',*,*,#3453,.T.);
#4508=ORIENTED_EDGE('',*,*,#3454,.F.);
#4509=ORIENTED_EDGE('',*,*,#3455,.F.);
#4510=ORIENTED_EDGE('',*,*,#3452,.T.);
#4511=ORIENTED_EDGE('',*,*,#3456,.T.);
#4512=ORIENTED_EDGE('',*,*,#3428,.F.);
#4513=ORIENTED_EDGE('',*,*,#3450,.T.);
#4514=ORIENTED_EDGE('',*,*,#3442,.T.);
#4515=ORIENTED_EDGE('',*,*,#3457,.F.);
#4516=ORIENTED_EDGE('',*,*,#3458,.F.);
#4517=ORIENTED_EDGE('',*,*,#3454,.T.);
#4518=ORIENTED_EDGE('',*,*,#3459,.F.);
#4519=ORIENTED_EDGE('',*,*,#3457,.T.);
#4520=ORIENTED_EDGE('',*,*,#3460,.T.);
#4521=ORIENTED_EDGE('',*,*,#3429,.T.);
#4522=ORIENTED_EDGE('',*,*,#3459,.T.);
#4523=ORIENTED_EDGE('',*,*,#3461,.F.);
#4524=ORIENTED_EDGE('',*,*,#3451,.F.);
#4525=ORIENTED_EDGE('',*,*,#3423,.T.);
#4526=ORIENTED_EDGE('',*,*,#3462,.F.);
#4527=ORIENTED_EDGE('',*,*,#3463,.F.);
#4528=ORIENTED_EDGE('',*,*,#3463,.T.);
#4529=ORIENTED_EDGE('',*,*,#3464,.T.);
#4530=ORIENTED_EDGE('',*,*,#3461,.T.);
#4531=ORIENTED_EDGE('',*,*,#3456,.F.);
#4532=ORIENTED_EDGE('',*,*,#3465,.F.);
#4533=ORIENTED_EDGE('',*,*,#3466,.F.);
#4534=ORIENTED_EDGE('',*,*,#3467,.F.);
#4535=ORIENTED_EDGE('',*,*,#3468,.F.);
#4536=ORIENTED_EDGE('',*,*,#3469,.T.);
#4537=ORIENTED_EDGE('',*,*,#3468,.T.);
#4538=ORIENTED_EDGE('',*,*,#3470,.T.);
#4539=ORIENTED_EDGE('',*,*,#3471,.T.);
#4540=ORIENTED_EDGE('',*,*,#3472,.F.);
#4541=ORIENTED_EDGE('',*,*,#3471,.F.);
#4542=ORIENTED_EDGE('',*,*,#3473,.F.);
#4543=ORIENTED_EDGE('',*,*,#3474,.F.);
#4544=ORIENTED_EDGE('',*,*,#3475,.T.);
#4545=ORIENTED_EDGE('',*,*,#3476,.T.);
#4546=ORIENTED_EDGE('',*,*,#3477,.F.);
#4547=ORIENTED_EDGE('',*,*,#3474,.T.);
#4548=ORIENTED_EDGE('',*,*,#3478,.F.);
#4549=ORIENTED_EDGE('',*,*,#3476,.F.);
#4550=ORIENTED_EDGE('',*,*,#3479,.F.);
#4551=ORIENTED_EDGE('',*,*,#3480,.F.);
#4552=ORIENTED_EDGE('',*,*,#3481,.F.);
#4553=ORIENTED_EDGE('',*,*,#3482,.T.);
#4554=ORIENTED_EDGE('',*,*,#3483,.F.);
#4555=ORIENTED_EDGE('',*,*,#3484,.F.);
#4556=ORIENTED_EDGE('',*,*,#3485,.F.);
#4557=ORIENTED_EDGE('',*,*,#3480,.T.);
#4558=ORIENTED_EDGE('',*,*,#3486,.F.);
#4559=ORIENTED_EDGE('',*,*,#3482,.F.);
#4560=ORIENTED_EDGE('',*,*,#3487,.F.);
#4561=ORIENTED_EDGE('',*,*,#3488,.F.);
#4562=ORIENTED_EDGE('',*,*,#3489,.F.);
#4563=ORIENTED_EDGE('',*,*,#3488,.T.);
#4564=ORIENTED_EDGE('',*,*,#3490,.F.);
#4565=ORIENTED_EDGE('',*,*,#3419,.T.);
#4566=ORIENTED_EDGE('',*,*,#3490,.T.);
#4567=ORIENTED_EDGE('',*,*,#3487,.T.);
#4568=ORIENTED_EDGE('',*,*,#3481,.T.);
#4569=ORIENTED_EDGE('',*,*,#3479,.T.);
#4570=ORIENTED_EDGE('',*,*,#3475,.F.);
#4571=ORIENTED_EDGE('',*,*,#3473,.T.);
#4572=ORIENTED_EDGE('',*,*,#3470,.F.);
#4573=ORIENTED_EDGE('',*,*,#3467,.T.);
#4574=ORIENTED_EDGE('',*,*,#3491,.F.);
#4575=ORIENTED_EDGE('',*,*,#3464,.F.);
#4576=ORIENTED_EDGE('',*,*,#3492,.T.);
#4577=ORIENTED_EDGE('',*,*,#3493,.T.);
#4578=ORIENTED_EDGE('',*,*,#3420,.F.);
#4579=ORIENTED_EDGE('',*,*,#3406,.F.);
#4580=ORIENTED_EDGE('',*,*,#3409,.F.);
#4581=ORIENTED_EDGE('',*,*,#3494,.T.);
#4582=ORIENTED_EDGE('',*,*,#3495,.T.);
#4583=ORIENTED_EDGE('',*,*,#3492,.F.);
#4584=ORIENTED_EDGE('',*,*,#3462,.T.);
#4585=ORIENTED_EDGE('',*,*,#3496,.F.);
#4586=ORIENTED_EDGE('',*,*,#3416,.T.);
#4587=ORIENTED_EDGE('',*,*,#3497,.F.);
#4588=ORIENTED_EDGE('',*,*,#3494,.F.);
#4589=ORIENTED_EDGE('',*,*,#3422,.T.);
#4590=ORIENTED_EDGE('',*,*,#3496,.T.);
#4591=ORIENTED_EDGE('',*,*,#3433,.T.);
#4592=ORIENTED_EDGE('',*,*,#3498,.F.);
#4593=ORIENTED_EDGE('',*,*,#3417,.T.);
#4594=ORIENTED_EDGE('',*,*,#3499,.F.);
#4595=ORIENTED_EDGE('',*,*,#3483,.T.);
#4596=ORIENTED_EDGE('',*,*,#3486,.T.);
#4597=ORIENTED_EDGE('',*,*,#3489,.T.);
#4598=ORIENTED_EDGE('',*,*,#3418,.T.);
#4599=ORIENTED_EDGE('',*,*,#3498,.T.);
#4600=ORIENTED_EDGE('',*,*,#3432,.T.);
#4601=ORIENTED_EDGE('',*,*,#3404,.F.);
#4602=ORIENTED_EDGE('',*,*,#3484,.T.);
#4603=ORIENTED_EDGE('',*,*,#3499,.T.);
#4604=ORIENTED_EDGE('',*,*,#3431,.T.);
#4605=ORIENTED_EDGE('',*,*,#3500,.F.);
#4606=ORIENTED_EDGE('',*,*,#3500,.T.);
#4607=ORIENTED_EDGE('',*,*,#3430,.T.);
#4608=ORIENTED_EDGE('',*,*,#3501,.F.);
#4609=ORIENTED_EDGE('',*,*,#3465,.T.);
#4610=ORIENTED_EDGE('',*,*,#3469,.F.);
#4611=ORIENTED_EDGE('',*,*,#3472,.T.);
#4612=ORIENTED_EDGE('',*,*,#3477,.T.);
#4613=ORIENTED_EDGE('',*,*,#3478,.T.);
#4614=ORIENTED_EDGE('',*,*,#3485,.T.);
#4615=ORIENTED_EDGE('',*,*,#3407,.F.);
#4616=ORIENTED_EDGE('',*,*,#3460,.F.);
#4617=ORIENTED_EDGE('',*,*,#3491,.T.);
#4618=ORIENTED_EDGE('',*,*,#3466,.T.);
#4619=ORIENTED_EDGE('',*,*,#3501,.T.);
#4620=ORIENTED_EDGE('',*,*,#3458,.T.);
#4621=ORIENTED_EDGE('',*,*,#3441,.T.);
#4622=ORIENTED_EDGE('',*,*,#3502,.T.);
#4623=ORIENTED_EDGE('',*,*,#3503,.F.);
#4624=ORIENTED_EDGE('',*,*,#3504,.F.);
#4625=ORIENTED_EDGE('',*,*,#3435,.T.);
#4626=ORIENTED_EDGE('',*,*,#3453,.F.);
#4627=ORIENTED_EDGE('',*,*,#3505,.F.);
#4628=ORIENTED_EDGE('',*,*,#3505,.T.);
#4629=ORIENTED_EDGE('',*,*,#3455,.T.);
#4630=ORIENTED_EDGE('',*,*,#3503,.T.);
#4631=ORIENTED_EDGE('',*,*,#3506,.F.);
#4632=ORIENTED_EDGE('',*,*,#3507,.F.);
#4633=ORIENTED_EDGE('',*,*,#3508,.T.);
#4634=ORIENTED_EDGE('',*,*,#3509,.T.);
#4635=ORIENTED_EDGE('',*,*,#3510,.F.);
#4636=ORIENTED_EDGE('',*,*,#3511,.F.);
#4637=ORIENTED_EDGE('',*,*,#3512,.T.);
#4638=ORIENTED_EDGE('',*,*,#3508,.F.);
#4639=ORIENTED_EDGE('',*,*,#3513,.T.);
#4640=ORIENTED_EDGE('',*,*,#3514,.F.);
#4641=ORIENTED_EDGE('',*,*,#3510,.T.);
#4642=ORIENTED_EDGE('',*,*,#3515,.T.);
#4643=ORIENTED_EDGE('',*,*,#3516,.T.);
#4644=ORIENTED_EDGE('',*,*,#3509,.F.);
#4645=ORIENTED_EDGE('',*,*,#3512,.F.);
#4646=ORIENTED_EDGE('',*,*,#3517,.F.);
#4647=ORIENTED_EDGE('',*,*,#3515,.F.);
#4648=ORIENTED_EDGE('',*,*,#3415,.T.);
#4649=ORIENTED_EDGE('',*,*,#3513,.F.);
#4650=ORIENTED_EDGE('',*,*,#3507,.T.);
#4651=ORIENTED_EDGE('',*,*,#3514,.T.);
#4652=ORIENTED_EDGE('',*,*,#3518,.T.);
#4653=ORIENTED_EDGE('',*,*,#3413,.F.);
#4654=ORIENTED_EDGE('',*,*,#3519,.T.);
#4655=ORIENTED_EDGE('',*,*,#3520,.T.);
#4656=ORIENTED_EDGE('',*,*,#3511,.T.);
#4657=ORIENTED_EDGE('',*,*,#3521,.F.);
#4658=ORIENTED_EDGE('',*,*,#3516,.F.);
#4659=ORIENTED_EDGE('',*,*,#3522,.T.);
#4660=ORIENTED_EDGE('',*,*,#3523,.F.);
#4661=ORIENTED_EDGE('',*,*,#3524,.F.);
#4662=ORIENTED_EDGE('',*,*,#3520,.F.);
#4663=ORIENTED_EDGE('',*,*,#3525,.F.);
#4664=ORIENTED_EDGE('',*,*,#3522,.F.);
#4665=ORIENTED_EDGE('',*,*,#3517,.T.);
#4666=ORIENTED_EDGE('',*,*,#3526,.F.);
#4667=ORIENTED_EDGE('',*,*,#3527,.F.);
#4668=ORIENTED_EDGE('',*,*,#3528,.F.);
#4669=ORIENTED_EDGE('',*,*,#3529,.F.);
#4670=ORIENTED_EDGE('',*,*,#3530,.F.);
#4671=ORIENTED_EDGE('',*,*,#3529,.T.);
#4672=ORIENTED_EDGE('',*,*,#3531,.T.);
#4673=ORIENTED_EDGE('',*,*,#3532,.T.);
#4674=ORIENTED_EDGE('',*,*,#3533,.F.);
#4675=ORIENTED_EDGE('',*,*,#3532,.F.);
#4676=ORIENTED_EDGE('',*,*,#3534,.F.);
#4677=ORIENTED_EDGE('',*,*,#3535,.F.);
#4678=ORIENTED_EDGE('',*,*,#3536,.T.);
#4679=ORIENTED_EDGE('',*,*,#3537,.T.);
#4680=ORIENTED_EDGE('',*,*,#3538,.T.);
#4681=ORIENTED_EDGE('',*,*,#3535,.T.);
#4682=ORIENTED_EDGE('',*,*,#3539,.F.);
#4683=ORIENTED_EDGE('',*,*,#3537,.F.);
#4684=ORIENTED_EDGE('',*,*,#3540,.F.);
#4685=ORIENTED_EDGE('',*,*,#3541,.F.);
#4686=ORIENTED_EDGE('',*,*,#3521,.T.);
#4687=ORIENTED_EDGE('',*,*,#3518,.F.);
#4688=ORIENTED_EDGE('',*,*,#3524,.T.);
#4689=ORIENTED_EDGE('',*,*,#3542,.T.);
#4690=ORIENTED_EDGE('',*,*,#3543,.F.);
#4691=ORIENTED_EDGE('',*,*,#3519,.F.);
#4692=ORIENTED_EDGE('',*,*,#3544,.T.);
#4693=ORIENTED_EDGE('',*,*,#3545,.F.);
#4694=ORIENTED_EDGE('',*,*,#3546,.F.);
#4695=ORIENTED_EDGE('',*,*,#3547,.F.);
#4696=ORIENTED_EDGE('',*,*,#3548,.F.);
#4697=ORIENTED_EDGE('',*,*,#3549,.T.);
#4698=ORIENTED_EDGE('',*,*,#3550,.F.);
#4699=ORIENTED_EDGE('',*,*,#3545,.T.);
#4700=ORIENTED_EDGE('',*,*,#3551,.F.);
#4701=ORIENTED_EDGE('',*,*,#3549,.F.);
#4702=ORIENTED_EDGE('',*,*,#3552,.F.);
#4703=ORIENTED_EDGE('',*,*,#3553,.F.);
#4704=ORIENTED_EDGE('',*,*,#3554,.F.);
#4705=ORIENTED_EDGE('',*,*,#3553,.T.);
#4706=ORIENTED_EDGE('',*,*,#3555,.F.);
#4707=ORIENTED_EDGE('',*,*,#3527,.T.);
#4708=ORIENTED_EDGE('',*,*,#3556,.F.);
#4709=ORIENTED_EDGE('',*,*,#3557,.F.);
#4710=ORIENTED_EDGE('',*,*,#3555,.T.);
#4711=ORIENTED_EDGE('',*,*,#3552,.T.);
#4712=ORIENTED_EDGE('',*,*,#3548,.T.);
#4713=ORIENTED_EDGE('',*,*,#3544,.F.);
#4714=ORIENTED_EDGE('',*,*,#3542,.F.);
#4715=ORIENTED_EDGE('',*,*,#3558,.T.);
#4716=ORIENTED_EDGE('',*,*,#3506,.T.);
#4717=ORIENTED_EDGE('',*,*,#3559,.F.);
#4718=ORIENTED_EDGE('',*,*,#3540,.T.);
#4719=ORIENTED_EDGE('',*,*,#3536,.F.);
#4720=ORIENTED_EDGE('',*,*,#3534,.T.);
#4721=ORIENTED_EDGE('',*,*,#3531,.F.);
#4722=ORIENTED_EDGE('',*,*,#3528,.T.);
#4723=ORIENTED_EDGE('',*,*,#3400,.T.);
#4724=ORIENTED_EDGE('',*,*,#3403,.T.);
#4725=ORIENTED_EDGE('',*,*,#3502,.F.);
#4726=ORIENTED_EDGE('',*,*,#3560,.T.);
#4727=ORIENTED_EDGE('',*,*,#3541,.T.);
#4728=ORIENTED_EDGE('',*,*,#3559,.T.);
#4729=ORIENTED_EDGE('',*,*,#3561,.T.);
#4730=ORIENTED_EDGE('',*,*,#3556,.T.);
#4731=ORIENTED_EDGE('',*,*,#3526,.T.);
#4732=ORIENTED_EDGE('',*,*,#3530,.T.);
#4733=ORIENTED_EDGE('',*,*,#3533,.T.);
#4734=ORIENTED_EDGE('',*,*,#3538,.F.);
#4735=ORIENTED_EDGE('',*,*,#3539,.T.);
#4736=ORIENTED_EDGE('',*,*,#3560,.F.);
#4737=ORIENTED_EDGE('',*,*,#3440,.F.);
#4738=ORIENTED_EDGE('',*,*,#3398,.T.);
#4739=ORIENTED_EDGE('',*,*,#3439,.F.);
#4740=ORIENTED_EDGE('',*,*,#3562,.T.);
#4741=ORIENTED_EDGE('',*,*,#3557,.T.);
#4742=ORIENTED_EDGE('',*,*,#3561,.F.);
#4743=ORIENTED_EDGE('',*,*,#3562,.F.);
#4744=ORIENTED_EDGE('',*,*,#3438,.F.);
#4745=ORIENTED_EDGE('',*,*,#3563,.T.);
#4746=ORIENTED_EDGE('',*,*,#3564,.T.);
#4747=ORIENTED_EDGE('',*,*,#3546,.T.);
#4748=ORIENTED_EDGE('',*,*,#3550,.T.);
#4749=ORIENTED_EDGE('',*,*,#3551,.T.);
#4750=ORIENTED_EDGE('',*,*,#3554,.T.);
#4751=ORIENTED_EDGE('',*,*,#3401,.T.);
#4752=ORIENTED_EDGE('',*,*,#3565,.T.);
#4753=ORIENTED_EDGE('',*,*,#3566,.T.);
#4754=ORIENTED_EDGE('',*,*,#3547,.T.);
#4755=ORIENTED_EDGE('',*,*,#3564,.F.);
#4756=ORIENTED_EDGE('',*,*,#3563,.F.);
#4757=ORIENTED_EDGE('',*,*,#3437,.F.);
#4758=ORIENTED_EDGE('',*,*,#3566,.F.);
#4759=ORIENTED_EDGE('',*,*,#3565,.F.);
#4760=ORIENTED_EDGE('',*,*,#3436,.F.);
#4761=ORIENTED_EDGE('',*,*,#3567,.F.);
#4762=ORIENTED_EDGE('',*,*,#3525,.T.);
#4763=ORIENTED_EDGE('',*,*,#3543,.T.);
#4764=ORIENTED_EDGE('',*,*,#3567,.T.);
#4765=ORIENTED_EDGE('',*,*,#3504,.T.);
#4766=ORIENTED_EDGE('',*,*,#3558,.F.);
#4767=ORIENTED_EDGE('',*,*,#3523,.T.);
#4768=ORIENTED_EDGE('',*,*,#3495,.F.);
#4769=ORIENTED_EDGE('',*,*,#3568,.T.);
#4770=ORIENTED_EDGE('',*,*,#3569,.F.);
#4771=ORIENTED_EDGE('',*,*,#3570,.F.);
#4772=ORIENTED_EDGE('',*,*,#3571,.T.);
#4773=ORIENTED_EDGE('',*,*,#3572,.T.);
#4774=ORIENTED_EDGE('',*,*,#3421,.T.);
#4775=ORIENTED_EDGE('',*,*,#3573,.F.);
#4776=ORIENTED_EDGE('',*,*,#3573,.T.);
#4777=ORIENTED_EDGE('',*,*,#3493,.F.);
#4778=ORIENTED_EDGE('',*,*,#3570,.T.);
#4779=ORIENTED_EDGE('',*,*,#3574,.T.);
#4780=ORIENTED_EDGE('',*,*,#3572,.F.);
#4781=ORIENTED_EDGE('',*,*,#3575,.F.);
#4782=ORIENTED_EDGE('',*,*,#3568,.F.);
#4783=ORIENTED_EDGE('',*,*,#3497,.T.);
#4784=ORIENTED_EDGE('',*,*,#3576,.T.);
#4785=ORIENTED_EDGE('',*,*,#3577,.T.);
#4786=ORIENTED_EDGE('',*,*,#3578,.F.);
#4787=ORIENTED_EDGE('',*,*,#3579,.F.);
#4788=ORIENTED_EDGE('',*,*,#3578,.T.);
#4789=ORIENTED_EDGE('',*,*,#3580,.F.);
#4790=ORIENTED_EDGE('',*,*,#3574,.F.);
#4791=ORIENTED_EDGE('',*,*,#3581,.T.);
#4792=ORIENTED_EDGE('',*,*,#3412,.F.);
#4793=ORIENTED_EDGE('',*,*,#3582,.T.);
#4794=ORIENTED_EDGE('',*,*,#3579,.T.);
#4795=ORIENTED_EDGE('',*,*,#3581,.F.);
#4796=ORIENTED_EDGE('',*,*,#3569,.T.);
#4797=ORIENTED_EDGE('',*,*,#3583,.F.);
#4798=ORIENTED_EDGE('',*,*,#3576,.F.);
#4799=ORIENTED_EDGE('',*,*,#3582,.F.);
#4800=ORIENTED_EDGE('',*,*,#3575,.T.);
#4801=ORIENTED_EDGE('',*,*,#3410,.T.);
#4802=ORIENTED_EDGE('',*,*,#3571,.F.);
#4803=ORIENTED_EDGE('',*,*,#3580,.T.);
#4804=ORIENTED_EDGE('',*,*,#3577,.F.);
#4805=ORIENTED_EDGE('',*,*,#3583,.T.);
#4806=ORIENTED_EDGE('',*,*,#3584,.T.);
#4807=ORIENTED_EDGE('',*,*,#3585,.T.);
#4808=ORIENTED_EDGE('',*,*,#3586,.F.);
#4809=ORIENTED_EDGE('',*,*,#3585,.F.);
#4810=ORIENTED_EDGE('',*,*,#3587,.F.);
#4811=ORIENTED_EDGE('',*,*,#3588,.T.);
#4812=ORIENTED_EDGE('',*,*,#3589,.T.);
#4813=ORIENTED_EDGE('',*,*,#3588,.F.);
#4814=ORIENTED_EDGE('',*,*,#3590,.F.);
#4815=ORIENTED_EDGE('',*,*,#3591,.T.);
#4816=ORIENTED_EDGE('',*,*,#3592,.T.);
#4817=ORIENTED_EDGE('',*,*,#3593,.F.);
#4818=ORIENTED_EDGE('',*,*,#3592,.F.);
#4819=ORIENTED_EDGE('',*,*,#3594,.T.);
#4820=ORIENTED_EDGE('',*,*,#3595,.T.);
#4821=ORIENTED_EDGE('',*,*,#3596,.F.);
#4822=ORIENTED_EDGE('',*,*,#3595,.F.);
#4823=ORIENTED_EDGE('',*,*,#3597,.T.);
#4824=ORIENTED_EDGE('',*,*,#3598,.T.);
#4825=ORIENTED_EDGE('',*,*,#3599,.F.);
#4826=ORIENTED_EDGE('',*,*,#3598,.F.);
#4827=ORIENTED_EDGE('',*,*,#3600,.T.);
#4828=ORIENTED_EDGE('',*,*,#3601,.T.);
#4829=ORIENTED_EDGE('',*,*,#3602,.F.);
#4830=ORIENTED_EDGE('',*,*,#3601,.F.);
#4831=ORIENTED_EDGE('',*,*,#3603,.F.);
#4832=ORIENTED_EDGE('',*,*,#3604,.T.);
#4833=ORIENTED_EDGE('',*,*,#3605,.T.);
#4834=ORIENTED_EDGE('',*,*,#3604,.F.);
#4835=ORIENTED_EDGE('',*,*,#3606,.T.);
#4836=ORIENTED_EDGE('',*,*,#3607,.T.);
#4837=ORIENTED_EDGE('',*,*,#3608,.F.);
#4838=ORIENTED_EDGE('',*,*,#3609,.T.);
#4839=ORIENTED_EDGE('',*,*,#3610,.T.);
#4840=ORIENTED_EDGE('',*,*,#3611,.T.);
#4841=ORIENTED_EDGE('',*,*,#3612,.T.);
#4842=ORIENTED_EDGE('',*,*,#3613,.T.);
#4843=ORIENTED_EDGE('',*,*,#3607,.F.);
#4844=ORIENTED_EDGE('',*,*,#3614,.F.);
#4845=ORIENTED_EDGE('',*,*,#3615,.F.);
#4846=ORIENTED_EDGE('',*,*,#3616,.F.);
#4847=ORIENTED_EDGE('',*,*,#3617,.F.);
#4848=ORIENTED_EDGE('',*,*,#3618,.F.);
#4849=ORIENTED_EDGE('',*,*,#3619,.T.);
#4850=ORIENTED_EDGE('',*,*,#3619,.F.);
#4851=ORIENTED_EDGE('',*,*,#3620,.T.);
#4852=ORIENTED_EDGE('',*,*,#3621,.T.);
#4853=ORIENTED_EDGE('',*,*,#3622,.F.);
#4854=ORIENTED_EDGE('',*,*,#3621,.F.);
#4855=ORIENTED_EDGE('',*,*,#3623,.F.);
#4856=ORIENTED_EDGE('',*,*,#3624,.T.);
#4857=ORIENTED_EDGE('',*,*,#3625,.T.);
#4858=ORIENTED_EDGE('',*,*,#3624,.F.);
#4859=ORIENTED_EDGE('',*,*,#3626,.T.);
#4860=ORIENTED_EDGE('',*,*,#3627,.T.);
#4861=ORIENTED_EDGE('',*,*,#3628,.F.);
#4862=ORIENTED_EDGE('',*,*,#3627,.F.);
#4863=ORIENTED_EDGE('',*,*,#3629,.T.);
#4864=ORIENTED_EDGE('',*,*,#3630,.T.);
#4865=ORIENTED_EDGE('',*,*,#3631,.F.);
#4866=ORIENTED_EDGE('',*,*,#3630,.F.);
#4867=ORIENTED_EDGE('',*,*,#3632,.T.);
#4868=ORIENTED_EDGE('',*,*,#3633,.T.);
#4869=ORIENTED_EDGE('',*,*,#3634,.F.);
#4870=ORIENTED_EDGE('',*,*,#3633,.F.);
#4871=ORIENTED_EDGE('',*,*,#3635,.T.);
#4872=ORIENTED_EDGE('',*,*,#3636,.T.);
#4873=ORIENTED_EDGE('',*,*,#3637,.F.);
#4874=ORIENTED_EDGE('',*,*,#3636,.F.);
#4875=ORIENTED_EDGE('',*,*,#3638,.T.);
#4876=ORIENTED_EDGE('',*,*,#3639,.T.);
#4877=ORIENTED_EDGE('',*,*,#3640,.F.);
#4878=ORIENTED_EDGE('',*,*,#3639,.F.);
#4879=ORIENTED_EDGE('',*,*,#3641,.T.);
#4880=ORIENTED_EDGE('',*,*,#3642,.T.);
#4881=ORIENTED_EDGE('',*,*,#3643,.F.);
#4882=ORIENTED_EDGE('',*,*,#3642,.F.);
#4883=ORIENTED_EDGE('',*,*,#3644,.T.);
#4884=ORIENTED_EDGE('',*,*,#3645,.T.);
#4885=ORIENTED_EDGE('',*,*,#3646,.F.);
#4886=ORIENTED_EDGE('',*,*,#3645,.F.);
#4887=ORIENTED_EDGE('',*,*,#3647,.T.);
#4888=ORIENTED_EDGE('',*,*,#3648,.T.);
#4889=ORIENTED_EDGE('',*,*,#3649,.F.);
#4890=ORIENTED_EDGE('',*,*,#3650,.F.);
#4891=ORIENTED_EDGE('',*,*,#3651,.T.);
#4892=ORIENTED_EDGE('',*,*,#3652,.F.);
#4893=ORIENTED_EDGE('',*,*,#3653,.T.);
#4894=ORIENTED_EDGE('',*,*,#3654,.F.);
#4895=ORIENTED_EDGE('',*,*,#3648,.F.);
#4896=ORIENTED_EDGE('',*,*,#3655,.T.);
#4897=ORIENTED_EDGE('',*,*,#3656,.F.);
#4898=ORIENTED_EDGE('',*,*,#3657,.T.);
#4899=ORIENTED_EDGE('',*,*,#3658,.F.);
#4900=ORIENTED_EDGE('',*,*,#3659,.T.);
#4901=ORIENTED_EDGE('',*,*,#3660,.T.);
#4902=ORIENTED_EDGE('',*,*,#3660,.F.);
#4903=ORIENTED_EDGE('',*,*,#3661,.T.);
#4904=ORIENTED_EDGE('',*,*,#3662,.T.);
#4905=ORIENTED_EDGE('',*,*,#3663,.F.);
#4906=ORIENTED_EDGE('',*,*,#3662,.F.);
#4907=ORIENTED_EDGE('',*,*,#3664,.T.);
#4908=ORIENTED_EDGE('',*,*,#3665,.T.);
#4909=ORIENTED_EDGE('',*,*,#3666,.F.);
#4910=ORIENTED_EDGE('',*,*,#3665,.F.);
#4911=ORIENTED_EDGE('',*,*,#3667,.T.);
#4912=ORIENTED_EDGE('',*,*,#3668,.T.);
#4913=ORIENTED_EDGE('',*,*,#3669,.F.);
#4914=ORIENTED_EDGE('',*,*,#3670,.T.);
#4915=ORIENTED_EDGE('',*,*,#3590,.T.);
#4916=ORIENTED_EDGE('',*,*,#3671,.F.);
#4917=ORIENTED_EDGE('',*,*,#3668,.F.);
#4918=ORIENTED_EDGE('',*,*,#3669,.T.);
#4919=ORIENTED_EDGE('',*,*,#3671,.T.);
#4920=ORIENTED_EDGE('',*,*,#3593,.T.);
#4921=ORIENTED_EDGE('',*,*,#3596,.T.);
#4922=ORIENTED_EDGE('',*,*,#3599,.T.);
#4923=ORIENTED_EDGE('',*,*,#3602,.T.);
#4924=ORIENTED_EDGE('',*,*,#3605,.F.);
#4925=ORIENTED_EDGE('',*,*,#3608,.T.);
#4926=ORIENTED_EDGE('',*,*,#3613,.F.);
#4927=ORIENTED_EDGE('',*,*,#3672,.F.);
#4928=ORIENTED_EDGE('',*,*,#3650,.T.);
#4929=ORIENTED_EDGE('',*,*,#3663,.T.);
#4930=ORIENTED_EDGE('',*,*,#3666,.T.);
#4931=ORIENTED_EDGE('',*,*,#3587,.T.);
#4932=ORIENTED_EDGE('',*,*,#3651,.F.);
#4933=ORIENTED_EDGE('',*,*,#3672,.T.);
#4934=ORIENTED_EDGE('',*,*,#3612,.F.);
#4935=ORIENTED_EDGE('',*,*,#3673,.F.);
#4936=ORIENTED_EDGE('',*,*,#3674,.F.);
#4937=ORIENTED_EDGE('',*,*,#3652,.T.);
#4938=ORIENTED_EDGE('',*,*,#3673,.T.);
#4939=ORIENTED_EDGE('',*,*,#3611,.F.);
#4940=ORIENTED_EDGE('',*,*,#3653,.F.);
#4941=ORIENTED_EDGE('',*,*,#3674,.T.);
#4942=ORIENTED_EDGE('',*,*,#3610,.F.);
#4943=ORIENTED_EDGE('',*,*,#3675,.F.);
#4944=ORIENTED_EDGE('',*,*,#3649,.T.);
#4945=ORIENTED_EDGE('',*,*,#3654,.T.);
#4946=ORIENTED_EDGE('',*,*,#3675,.T.);
#4947=ORIENTED_EDGE('',*,*,#3609,.F.);
#4948=ORIENTED_EDGE('',*,*,#3622,.T.);
#4949=ORIENTED_EDGE('',*,*,#3625,.F.);
#4950=ORIENTED_EDGE('',*,*,#3628,.T.);
#4951=ORIENTED_EDGE('',*,*,#3631,.T.);
#4952=ORIENTED_EDGE('',*,*,#3634,.T.);
#4953=ORIENTED_EDGE('',*,*,#3637,.T.);
#4954=ORIENTED_EDGE('',*,*,#3640,.T.);
#4955=ORIENTED_EDGE('',*,*,#3643,.T.);
#4956=ORIENTED_EDGE('',*,*,#3646,.T.);
#4957=ORIENTED_EDGE('',*,*,#3584,.F.);
#4958=ORIENTED_EDGE('',*,*,#3667,.F.);
#4959=ORIENTED_EDGE('',*,*,#3664,.F.);
#4960=ORIENTED_EDGE('',*,*,#3661,.F.);
#4961=ORIENTED_EDGE('',*,*,#3659,.F.);
#4962=ORIENTED_EDGE('',*,*,#3676,.T.);
#4963=ORIENTED_EDGE('',*,*,#3614,.T.);
#4964=ORIENTED_EDGE('',*,*,#3606,.F.);
#4965=ORIENTED_EDGE('',*,*,#3603,.T.);
#4966=ORIENTED_EDGE('',*,*,#3600,.F.);
#4967=ORIENTED_EDGE('',*,*,#3597,.F.);
#4968=ORIENTED_EDGE('',*,*,#3594,.F.);
#4969=ORIENTED_EDGE('',*,*,#3591,.F.);
#4970=ORIENTED_EDGE('',*,*,#3670,.F.);
#4971=ORIENTED_EDGE('',*,*,#3589,.F.);
#4972=ORIENTED_EDGE('',*,*,#3658,.T.);
#4973=ORIENTED_EDGE('',*,*,#3677,.T.);
#4974=ORIENTED_EDGE('',*,*,#3615,.T.);
#4975=ORIENTED_EDGE('',*,*,#3676,.F.);
#4976=ORIENTED_EDGE('',*,*,#3678,.T.);
#4977=ORIENTED_EDGE('',*,*,#3616,.T.);
#4978=ORIENTED_EDGE('',*,*,#3677,.F.);
#4979=ORIENTED_EDGE('',*,*,#3657,.F.);
#4980=ORIENTED_EDGE('',*,*,#3656,.T.);
#4981=ORIENTED_EDGE('',*,*,#3679,.T.);
#4982=ORIENTED_EDGE('',*,*,#3617,.T.);
#4983=ORIENTED_EDGE('',*,*,#3678,.F.);
#4984=ORIENTED_EDGE('',*,*,#3647,.F.);
#4985=ORIENTED_EDGE('',*,*,#3644,.F.);
#4986=ORIENTED_EDGE('',*,*,#3641,.F.);
#4987=ORIENTED_EDGE('',*,*,#3638,.F.);
#4988=ORIENTED_EDGE('',*,*,#3635,.F.);
#4989=ORIENTED_EDGE('',*,*,#3632,.F.);
#4990=ORIENTED_EDGE('',*,*,#3629,.F.);
#4991=ORIENTED_EDGE('',*,*,#3626,.F.);
#4992=ORIENTED_EDGE('',*,*,#3623,.T.);
#4993=ORIENTED_EDGE('',*,*,#3620,.F.);
#4994=ORIENTED_EDGE('',*,*,#3618,.T.);
#4995=ORIENTED_EDGE('',*,*,#3679,.F.);
#4996=ORIENTED_EDGE('',*,*,#3655,.F.);
#4997=ORIENTED_EDGE('',*,*,#3586,.T.);
#4998=ORIENTED_EDGE('',*,*,#3680,.F.);
#4999=ORIENTED_EDGE('',*,*,#3681,.T.);
#5000=ORIENTED_EDGE('',*,*,#3682,.T.);
#5001=ORIENTED_EDGE('',*,*,#3681,.F.);
#5002=ORIENTED_EDGE('',*,*,#3683,.F.);
#5003=ORIENTED_EDGE('',*,*,#3684,.T.);
#5004=ORIENTED_EDGE('',*,*,#3685,.T.);
#5005=ORIENTED_EDGE('',*,*,#3684,.F.);
#5006=ORIENTED_EDGE('',*,*,#3686,.T.);
#5007=ORIENTED_EDGE('',*,*,#3687,.F.);
#5008=ORIENTED_EDGE('',*,*,#3688,.F.);
#5009=ORIENTED_EDGE('',*,*,#3689,.T.);
#5010=ORIENTED_EDGE('',*,*,#3690,.T.);
#5011=ORIENTED_EDGE('',*,*,#3691,.T.);
#5012=ORIENTED_EDGE('',*,*,#3692,.T.);
#5013=ORIENTED_EDGE('',*,*,#3693,.T.);
#5014=ORIENTED_EDGE('',*,*,#3694,.T.);
#5015=ORIENTED_EDGE('',*,*,#3695,.T.);
#5016=ORIENTED_EDGE('',*,*,#3696,.T.);
#5017=ORIENTED_EDGE('',*,*,#3697,.T.);
#5018=ORIENTED_EDGE('',*,*,#3698,.T.);
#5019=ORIENTED_EDGE('',*,*,#3699,.F.);
#5020=ORIENTED_EDGE('',*,*,#3700,.F.);
#5021=ORIENTED_EDGE('',*,*,#3701,.F.);
#5022=ORIENTED_EDGE('',*,*,#3702,.F.);
#5023=ORIENTED_EDGE('',*,*,#3703,.F.);
#5024=ORIENTED_EDGE('',*,*,#3704,.F.);
#5025=ORIENTED_EDGE('',*,*,#3705,.F.);
#5026=ORIENTED_EDGE('',*,*,#3706,.F.);
#5027=ORIENTED_EDGE('',*,*,#3707,.F.);
#5028=ORIENTED_EDGE('',*,*,#3708,.F.);
#5029=ORIENTED_EDGE('',*,*,#3687,.T.);
#5030=ORIENTED_EDGE('',*,*,#3709,.T.);
#5031=ORIENTED_EDGE('',*,*,#3710,.T.);
#5032=ORIENTED_EDGE('',*,*,#3689,.F.);
#5033=ORIENTED_EDGE('',*,*,#3711,.F.);
#5034=ORIENTED_EDGE('',*,*,#3712,.F.);
#5035=ORIENTED_EDGE('',*,*,#3713,.T.);
#5036=ORIENTED_EDGE('',*,*,#3713,.F.);
#5037=ORIENTED_EDGE('',*,*,#3714,.T.);
#5038=ORIENTED_EDGE('',*,*,#3715,.T.);
#5039=ORIENTED_EDGE('',*,*,#3716,.F.);
#5040=ORIENTED_EDGE('',*,*,#3715,.F.);
#5041=ORIENTED_EDGE('',*,*,#3717,.F.);
#5042=ORIENTED_EDGE('',*,*,#3718,.T.);
#5043=ORIENTED_EDGE('',*,*,#3719,.T.);
#5044=ORIENTED_EDGE('',*,*,#3718,.F.);
#5045=ORIENTED_EDGE('',*,*,#3720,.F.);
#5046=ORIENTED_EDGE('',*,*,#3721,.T.);
#5047=ORIENTED_EDGE('',*,*,#3722,.T.);
#5048=ORIENTED_EDGE('',*,*,#3721,.F.);
#5049=ORIENTED_EDGE('',*,*,#3723,.F.);
#5050=ORIENTED_EDGE('',*,*,#3724,.T.);
#5051=ORIENTED_EDGE('',*,*,#3725,.T.);
#5052=ORIENTED_EDGE('',*,*,#3724,.F.);
#5053=ORIENTED_EDGE('',*,*,#3726,.F.);
#5054=ORIENTED_EDGE('',*,*,#3727,.T.);
#5055=ORIENTED_EDGE('',*,*,#3728,.T.);
#5056=ORIENTED_EDGE('',*,*,#3729,.T.);
#5057=ORIENTED_EDGE('',*,*,#3730,.T.);
#5058=ORIENTED_EDGE('',*,*,#3731,.T.);
#5059=ORIENTED_EDGE('',*,*,#3732,.T.);
#5060=ORIENTED_EDGE('',*,*,#3733,.T.);
#5061=ORIENTED_EDGE('',*,*,#3727,.F.);
#5062=ORIENTED_EDGE('',*,*,#3734,.F.);
#5063=ORIENTED_EDGE('',*,*,#3735,.F.);
#5064=ORIENTED_EDGE('',*,*,#3736,.F.);
#5065=ORIENTED_EDGE('',*,*,#3737,.F.);
#5066=ORIENTED_EDGE('',*,*,#3738,.F.);
#5067=ORIENTED_EDGE('',*,*,#3739,.T.);
#5068=ORIENTED_EDGE('',*,*,#3739,.F.);
#5069=ORIENTED_EDGE('',*,*,#3740,.F.);
#5070=ORIENTED_EDGE('',*,*,#3741,.T.);
#5071=ORIENTED_EDGE('',*,*,#3742,.T.);
#5072=ORIENTED_EDGE('',*,*,#3741,.F.);
#5073=ORIENTED_EDGE('',*,*,#3743,.F.);
#5074=ORIENTED_EDGE('',*,*,#3744,.T.);
#5075=ORIENTED_EDGE('',*,*,#3745,.T.);
#5076=ORIENTED_EDGE('',*,*,#3744,.F.);
#5077=ORIENTED_EDGE('',*,*,#3746,.F.);
#5078=ORIENTED_EDGE('',*,*,#3747,.T.);
#5079=ORIENTED_EDGE('',*,*,#3748,.T.);
#5080=ORIENTED_EDGE('',*,*,#3747,.F.);
#5081=ORIENTED_EDGE('',*,*,#3749,.F.);
#5082=ORIENTED_EDGE('',*,*,#3750,.T.);
#5083=ORIENTED_EDGE('',*,*,#3751,.T.);
#5084=ORIENTED_EDGE('',*,*,#3750,.F.);
#5085=ORIENTED_EDGE('',*,*,#3752,.T.);
#5086=ORIENTED_EDGE('',*,*,#3753,.T.);
#5087=ORIENTED_EDGE('',*,*,#3754,.F.);
#5088=ORIENTED_EDGE('',*,*,#3755,.T.);
#5089=ORIENTED_EDGE('',*,*,#3756,.T.);
#5090=ORIENTED_EDGE('',*,*,#3753,.F.);
#5091=ORIENTED_EDGE('',*,*,#3757,.F.);
#5092=ORIENTED_EDGE('',*,*,#3758,.F.);
#5093=ORIENTED_EDGE('',*,*,#3759,.T.);
#5094=ORIENTED_EDGE('',*,*,#3760,.F.);
#5095=ORIENTED_EDGE('',*,*,#3699,.T.);
#5096=ORIENTED_EDGE('',*,*,#3761,.T.);
#5097=ORIENTED_EDGE('',*,*,#3759,.F.);
#5098=ORIENTED_EDGE('',*,*,#3755,.F.);
#5099=ORIENTED_EDGE('',*,*,#3761,.F.);
#5100=ORIENTED_EDGE('',*,*,#3698,.F.);
#5101=ORIENTED_EDGE('',*,*,#3762,.T.);
#5102=ORIENTED_EDGE('',*,*,#3683,.T.);
#5103=ORIENTED_EDGE('',*,*,#3756,.F.);
#5104=ORIENTED_EDGE('',*,*,#3762,.F.);
#5105=ORIENTED_EDGE('',*,*,#3697,.F.);
#5106=ORIENTED_EDGE('',*,*,#3763,.T.);
#5107=ORIENTED_EDGE('',*,*,#3729,.F.);
#5108=ORIENTED_EDGE('',*,*,#3742,.F.);
#5109=ORIENTED_EDGE('',*,*,#3745,.F.);
#5110=ORIENTED_EDGE('',*,*,#3748,.F.);
#5111=ORIENTED_EDGE('',*,*,#3751,.F.);
#5112=ORIENTED_EDGE('',*,*,#3754,.T.);
#5113=ORIENTED_EDGE('',*,*,#3763,.F.);
#5114=ORIENTED_EDGE('',*,*,#3696,.F.);
#5115=ORIENTED_EDGE('',*,*,#3764,.T.);
#5116=ORIENTED_EDGE('',*,*,#3730,.F.);
#5117=ORIENTED_EDGE('',*,*,#3764,.F.);
#5118=ORIENTED_EDGE('',*,*,#3695,.F.);
#5119=ORIENTED_EDGE('',*,*,#3765,.T.);
#5120=ORIENTED_EDGE('',*,*,#3731,.F.);
#5121=ORIENTED_EDGE('',*,*,#3765,.F.);
#5122=ORIENTED_EDGE('',*,*,#3694,.F.);
#5123=ORIENTED_EDGE('',*,*,#3766,.T.);
#5124=ORIENTED_EDGE('',*,*,#3732,.F.);
#5125=ORIENTED_EDGE('',*,*,#3766,.F.);
#5126=ORIENTED_EDGE('',*,*,#3693,.F.);
#5127=ORIENTED_EDGE('',*,*,#3767,.T.);
#5128=ORIENTED_EDGE('',*,*,#3719,.F.);
#5129=ORIENTED_EDGE('',*,*,#3722,.F.);
#5130=ORIENTED_EDGE('',*,*,#3725,.F.);
#5131=ORIENTED_EDGE('',*,*,#3728,.F.);
#5132=ORIENTED_EDGE('',*,*,#3733,.F.);
#5133=ORIENTED_EDGE('',*,*,#3767,.F.);
#5134=ORIENTED_EDGE('',*,*,#3692,.F.);
#5135=ORIENTED_EDGE('',*,*,#3768,.T.);
#5136=ORIENTED_EDGE('',*,*,#3716,.T.);
#5137=ORIENTED_EDGE('',*,*,#3709,.F.);
#5138=ORIENTED_EDGE('',*,*,#3768,.F.);
#5139=ORIENTED_EDGE('',*,*,#3691,.F.);
#5140=ORIENTED_EDGE('',*,*,#3769,.T.);
#5141=ORIENTED_EDGE('',*,*,#3686,.F.);
#5142=ORIENTED_EDGE('',*,*,#3710,.F.);
#5143=ORIENTED_EDGE('',*,*,#3769,.F.);
#5144=ORIENTED_EDGE('',*,*,#3690,.F.);
#5145=ORIENTED_EDGE('',*,*,#3680,.T.);
#5146=ORIENTED_EDGE('',*,*,#3758,.T.);
#5147=ORIENTED_EDGE('',*,*,#3770,.F.);
#5148=ORIENTED_EDGE('',*,*,#3700,.T.);
#5149=ORIENTED_EDGE('',*,*,#3760,.T.);
#5150=ORIENTED_EDGE('',*,*,#3685,.F.);
#5151=ORIENTED_EDGE('',*,*,#3757,.T.);
#5152=ORIENTED_EDGE('',*,*,#3771,.F.);
#5153=ORIENTED_EDGE('',*,*,#3701,.T.);
#5154=ORIENTED_EDGE('',*,*,#3770,.T.);
#5155=ORIENTED_EDGE('',*,*,#3738,.T.);
#5156=ORIENTED_EDGE('',*,*,#3772,.F.);
#5157=ORIENTED_EDGE('',*,*,#3702,.T.);
#5158=ORIENTED_EDGE('',*,*,#3771,.T.);
#5159=ORIENTED_EDGE('',*,*,#3752,.F.);
#5160=ORIENTED_EDGE('',*,*,#3749,.T.);
#5161=ORIENTED_EDGE('',*,*,#3746,.T.);
#5162=ORIENTED_EDGE('',*,*,#3743,.T.);
#5163=ORIENTED_EDGE('',*,*,#3740,.T.);
#5164=ORIENTED_EDGE('',*,*,#3737,.T.);
#5165=ORIENTED_EDGE('',*,*,#3773,.F.);
#5166=ORIENTED_EDGE('',*,*,#3703,.T.);
#5167=ORIENTED_EDGE('',*,*,#3772,.T.);
#5168=ORIENTED_EDGE('',*,*,#3736,.T.);
#5169=ORIENTED_EDGE('',*,*,#3774,.F.);
#5170=ORIENTED_EDGE('',*,*,#3704,.T.);
#5171=ORIENTED_EDGE('',*,*,#3773,.T.);
#5172=ORIENTED_EDGE('',*,*,#3735,.T.);
#5173=ORIENTED_EDGE('',*,*,#3775,.F.);
#5174=ORIENTED_EDGE('',*,*,#3705,.T.);
#5175=ORIENTED_EDGE('',*,*,#3774,.T.);
#5176=ORIENTED_EDGE('',*,*,#3717,.T.);
#5177=ORIENTED_EDGE('',*,*,#3714,.F.);
#5178=ORIENTED_EDGE('',*,*,#3776,.F.);
#5179=ORIENTED_EDGE('',*,*,#3706,.T.);
#5180=ORIENTED_EDGE('',*,*,#3775,.T.);
#5181=ORIENTED_EDGE('',*,*,#3734,.T.);
#5182=ORIENTED_EDGE('',*,*,#3726,.T.);
#5183=ORIENTED_EDGE('',*,*,#3723,.T.);
#5184=ORIENTED_EDGE('',*,*,#3720,.T.);
#5185=ORIENTED_EDGE('',*,*,#3712,.T.);
#5186=ORIENTED_EDGE('',*,*,#3777,.F.);
#5187=ORIENTED_EDGE('',*,*,#3707,.T.);
#5188=ORIENTED_EDGE('',*,*,#3776,.T.);
#5189=ORIENTED_EDGE('',*,*,#3688,.T.);
#5190=ORIENTED_EDGE('',*,*,#3708,.T.);
#5191=ORIENTED_EDGE('',*,*,#3777,.T.);
#5192=ORIENTED_EDGE('',*,*,#3711,.T.);
#5193=ORIENTED_EDGE('',*,*,#3682,.F.);
#5194=ORIENTED_EDGE('',*,*,#3778,.F.);
#5195=ORIENTED_EDGE('',*,*,#3779,.T.);
#5196=ORIENTED_EDGE('',*,*,#3780,.T.);
#5197=ORIENTED_EDGE('',*,*,#3781,.F.);
#5198=ORIENTED_EDGE('',*,*,#3780,.F.);
#5199=ORIENTED_EDGE('',*,*,#3782,.T.);
#5200=ORIENTED_EDGE('',*,*,#3783,.T.);
#5201=ORIENTED_EDGE('',*,*,#3784,.F.);
#5202=ORIENTED_EDGE('',*,*,#3783,.F.);
#5203=ORIENTED_EDGE('',*,*,#3785,.T.);
#5204=ORIENTED_EDGE('',*,*,#3786,.T.);
#5205=ORIENTED_EDGE('',*,*,#3787,.F.);
#5206=ORIENTED_EDGE('',*,*,#3788,.F.);
#5207=ORIENTED_EDGE('',*,*,#3789,.F.);
#5208=ORIENTED_EDGE('',*,*,#3790,.F.);
#5209=ORIENTED_EDGE('',*,*,#3791,.F.);
#5210=ORIENTED_EDGE('',*,*,#3792,.F.);
#5211=ORIENTED_EDGE('',*,*,#3786,.F.);
#5212=ORIENTED_EDGE('',*,*,#3793,.T.);
#5213=ORIENTED_EDGE('',*,*,#3794,.T.);
#5214=ORIENTED_EDGE('',*,*,#3795,.T.);
#5215=ORIENTED_EDGE('',*,*,#3796,.T.);
#5216=ORIENTED_EDGE('',*,*,#3797,.T.);
#5217=ORIENTED_EDGE('',*,*,#3798,.T.);
#5218=ORIENTED_EDGE('',*,*,#3798,.F.);
#5219=ORIENTED_EDGE('',*,*,#3799,.T.);
#5220=ORIENTED_EDGE('',*,*,#3800,.T.);
#5221=ORIENTED_EDGE('',*,*,#3801,.F.);
#5222=ORIENTED_EDGE('',*,*,#3800,.F.);
#5223=ORIENTED_EDGE('',*,*,#3802,.T.);
#5224=ORIENTED_EDGE('',*,*,#3803,.T.);
#5225=ORIENTED_EDGE('',*,*,#3804,.F.);
#5226=ORIENTED_EDGE('',*,*,#3803,.F.);
#5227=ORIENTED_EDGE('',*,*,#3805,.T.);
#5228=ORIENTED_EDGE('',*,*,#3806,.T.);
#5229=ORIENTED_EDGE('',*,*,#3807,.F.);
#5230=ORIENTED_EDGE('',*,*,#3806,.F.);
#5231=ORIENTED_EDGE('',*,*,#3808,.T.);
#5232=ORIENTED_EDGE('',*,*,#3809,.T.);
#5233=ORIENTED_EDGE('',*,*,#3810,.F.);
#5234=ORIENTED_EDGE('',*,*,#3809,.F.);
#5235=ORIENTED_EDGE('',*,*,#3811,.T.);
#5236=ORIENTED_EDGE('',*,*,#3812,.T.);
#5237=ORIENTED_EDGE('',*,*,#3813,.F.);
#5238=ORIENTED_EDGE('',*,*,#3812,.F.);
#5239=ORIENTED_EDGE('',*,*,#3814,.F.);
#5240=ORIENTED_EDGE('',*,*,#3815,.T.);
#5241=ORIENTED_EDGE('',*,*,#3816,.T.);
#5242=ORIENTED_EDGE('',*,*,#3815,.F.);
#5243=ORIENTED_EDGE('',*,*,#3817,.F.);
#5244=ORIENTED_EDGE('',*,*,#3818,.T.);
#5245=ORIENTED_EDGE('',*,*,#3819,.T.);
#5246=ORIENTED_EDGE('',*,*,#3818,.F.);
#5247=ORIENTED_EDGE('',*,*,#3820,.F.);
#5248=ORIENTED_EDGE('',*,*,#3821,.T.);
#5249=ORIENTED_EDGE('',*,*,#3822,.T.);
#5250=ORIENTED_EDGE('',*,*,#3821,.F.);
#5251=ORIENTED_EDGE('',*,*,#3823,.F.);
#5252=ORIENTED_EDGE('',*,*,#3824,.T.);
#5253=ORIENTED_EDGE('',*,*,#3825,.T.);
#5254=ORIENTED_EDGE('',*,*,#3826,.T.);
#5255=ORIENTED_EDGE('',*,*,#3827,.F.);
#5256=ORIENTED_EDGE('',*,*,#3828,.T.);
#5257=ORIENTED_EDGE('',*,*,#3829,.F.);
#5258=ORIENTED_EDGE('',*,*,#3830,.T.);
#5259=ORIENTED_EDGE('',*,*,#3824,.F.);
#5260=ORIENTED_EDGE('',*,*,#3831,.F.);
#5261=ORIENTED_EDGE('',*,*,#3832,.T.);
#5262=ORIENTED_EDGE('',*,*,#3833,.F.);
#5263=ORIENTED_EDGE('',*,*,#3834,.T.);
#5264=ORIENTED_EDGE('',*,*,#3835,.F.);
#5265=ORIENTED_EDGE('',*,*,#3836,.T.);
#5266=ORIENTED_EDGE('',*,*,#3836,.F.);
#5267=ORIENTED_EDGE('',*,*,#3837,.F.);
#5268=ORIENTED_EDGE('',*,*,#3838,.T.);
#5269=ORIENTED_EDGE('',*,*,#3839,.T.);
#5270=ORIENTED_EDGE('',*,*,#3838,.F.);
#5271=ORIENTED_EDGE('',*,*,#3840,.F.);
#5272=ORIENTED_EDGE('',*,*,#3841,.T.);
#5273=ORIENTED_EDGE('',*,*,#3842,.T.);
#5274=ORIENTED_EDGE('',*,*,#3841,.F.);
#5275=ORIENTED_EDGE('',*,*,#3843,.F.);
#5276=ORIENTED_EDGE('',*,*,#3844,.T.);
#5277=ORIENTED_EDGE('',*,*,#3845,.T.);
#5278=ORIENTED_EDGE('',*,*,#3844,.F.);
#5279=ORIENTED_EDGE('',*,*,#3846,.F.);
#5280=ORIENTED_EDGE('',*,*,#3847,.T.);
#5281=ORIENTED_EDGE('',*,*,#3848,.T.);
#5282=ORIENTED_EDGE('',*,*,#3847,.F.);
#5283=ORIENTED_EDGE('',*,*,#3849,.T.);
#5284=ORIENTED_EDGE('',*,*,#3850,.T.);
#5285=ORIENTED_EDGE('',*,*,#3851,.F.);
#5286=ORIENTED_EDGE('',*,*,#3852,.T.);
#5287=ORIENTED_EDGE('',*,*,#3778,.T.);
#5288=ORIENTED_EDGE('',*,*,#3853,.F.);
#5289=ORIENTED_EDGE('',*,*,#3850,.F.);
#5290=ORIENTED_EDGE('',*,*,#3851,.T.);
#5291=ORIENTED_EDGE('',*,*,#3853,.T.);
#5292=ORIENTED_EDGE('',*,*,#3781,.T.);
#5293=ORIENTED_EDGE('',*,*,#3784,.T.);
#5294=ORIENTED_EDGE('',*,*,#3787,.T.);
#5295=ORIENTED_EDGE('',*,*,#3792,.T.);
#5296=ORIENTED_EDGE('',*,*,#3854,.T.);
#5297=ORIENTED_EDGE('',*,*,#3826,.F.);
#5298=ORIENTED_EDGE('',*,*,#3839,.F.);
#5299=ORIENTED_EDGE('',*,*,#3842,.F.);
#5300=ORIENTED_EDGE('',*,*,#3845,.F.);
#5301=ORIENTED_EDGE('',*,*,#3848,.F.);
#5302=ORIENTED_EDGE('',*,*,#3854,.F.);
#5303=ORIENTED_EDGE('',*,*,#3791,.T.);
#5304=ORIENTED_EDGE('',*,*,#3855,.T.);
#5305=ORIENTED_EDGE('',*,*,#3827,.T.);
#5306=ORIENTED_EDGE('',*,*,#3855,.F.);
#5307=ORIENTED_EDGE('',*,*,#3790,.T.);
#5308=ORIENTED_EDGE('',*,*,#3856,.T.);
#5309=ORIENTED_EDGE('',*,*,#3828,.F.);
#5310=ORIENTED_EDGE('',*,*,#3856,.F.);
#5311=ORIENTED_EDGE('',*,*,#3789,.T.);
#5312=ORIENTED_EDGE('',*,*,#3857,.T.);
#5313=ORIENTED_EDGE('',*,*,#3829,.T.);
#5314=ORIENTED_EDGE('',*,*,#3857,.F.);
#5315=ORIENTED_EDGE('',*,*,#3788,.T.);
#5316=ORIENTED_EDGE('',*,*,#3801,.T.);
#5317=ORIENTED_EDGE('',*,*,#3804,.T.);
#5318=ORIENTED_EDGE('',*,*,#3807,.T.);
#5319=ORIENTED_EDGE('',*,*,#3810,.T.);
#5320=ORIENTED_EDGE('',*,*,#3813,.T.);
#5321=ORIENTED_EDGE('',*,*,#3816,.F.);
#5322=ORIENTED_EDGE('',*,*,#3819,.F.);
#5323=ORIENTED_EDGE('',*,*,#3822,.F.);
#5324=ORIENTED_EDGE('',*,*,#3825,.F.);
#5325=ORIENTED_EDGE('',*,*,#3830,.F.);
#5326=ORIENTED_EDGE('',*,*,#3849,.F.);
#5327=ORIENTED_EDGE('',*,*,#3846,.T.);
#5328=ORIENTED_EDGE('',*,*,#3843,.T.);
#5329=ORIENTED_EDGE('',*,*,#3840,.T.);
#5330=ORIENTED_EDGE('',*,*,#3837,.T.);
#5331=ORIENTED_EDGE('',*,*,#3835,.T.);
#5332=ORIENTED_EDGE('',*,*,#3858,.F.);
#5333=ORIENTED_EDGE('',*,*,#3793,.F.);
#5334=ORIENTED_EDGE('',*,*,#3785,.F.);
#5335=ORIENTED_EDGE('',*,*,#3782,.F.);
#5336=ORIENTED_EDGE('',*,*,#3779,.F.);
#5337=ORIENTED_EDGE('',*,*,#3852,.F.);
#5338=ORIENTED_EDGE('',*,*,#3858,.T.);
#5339=ORIENTED_EDGE('',*,*,#3834,.F.);
#5340=ORIENTED_EDGE('',*,*,#3859,.F.);
#5341=ORIENTED_EDGE('',*,*,#3794,.F.);
#5342=ORIENTED_EDGE('',*,*,#3859,.T.);
#5343=ORIENTED_EDGE('',*,*,#3833,.T.);
#5344=ORIENTED_EDGE('',*,*,#3860,.F.);
#5345=ORIENTED_EDGE('',*,*,#3795,.F.);
#5346=ORIENTED_EDGE('',*,*,#3860,.T.);
#5347=ORIENTED_EDGE('',*,*,#3832,.F.);
#5348=ORIENTED_EDGE('',*,*,#3861,.F.);
#5349=ORIENTED_EDGE('',*,*,#3796,.F.);
#5350=ORIENTED_EDGE('',*,*,#3861,.T.);
#5351=ORIENTED_EDGE('',*,*,#3831,.T.);
#5352=ORIENTED_EDGE('',*,*,#3823,.T.);
#5353=ORIENTED_EDGE('',*,*,#3820,.T.);
#5354=ORIENTED_EDGE('',*,*,#3817,.T.);
#5355=ORIENTED_EDGE('',*,*,#3814,.T.);
#5356=ORIENTED_EDGE('',*,*,#3811,.F.);
#5357=ORIENTED_EDGE('',*,*,#3808,.F.);
#5358=ORIENTED_EDGE('',*,*,#3805,.F.);
#5359=ORIENTED_EDGE('',*,*,#3802,.F.);
#5360=ORIENTED_EDGE('',*,*,#3799,.F.);
#5361=ORIENTED_EDGE('',*,*,#3797,.F.);
#5362=ORIENTED_EDGE('',*,*,#3862,.F.);
#5363=ORIENTED_EDGE('',*,*,#3863,.T.);
#5364=ORIENTED_EDGE('',*,*,#3864,.T.);
#5365=ORIENTED_EDGE('',*,*,#3865,.F.);
#5366=ORIENTED_EDGE('',*,*,#3864,.F.);
#5367=ORIENTED_EDGE('',*,*,#3866,.T.);
#5368=ORIENTED_EDGE('',*,*,#3867,.T.);
#5369=ORIENTED_EDGE('',*,*,#3868,.F.);
#5370=ORIENTED_EDGE('',*,*,#3867,.F.);
#5371=ORIENTED_EDGE('',*,*,#3869,.T.);
#5372=ORIENTED_EDGE('',*,*,#3870,.T.);
#5373=ORIENTED_EDGE('',*,*,#3871,.F.);
#5374=ORIENTED_EDGE('',*,*,#3870,.F.);
#5375=ORIENTED_EDGE('',*,*,#3872,.T.);
#5376=ORIENTED_EDGE('',*,*,#3873,.T.);
#5377=ORIENTED_EDGE('',*,*,#3874,.F.);
#5378=ORIENTED_EDGE('',*,*,#3873,.F.);
#5379=ORIENTED_EDGE('',*,*,#3875,.T.);
#5380=ORIENTED_EDGE('',*,*,#3876,.T.);
#5381=ORIENTED_EDGE('',*,*,#3877,.F.);
#5382=ORIENTED_EDGE('',*,*,#3876,.F.);
#5383=ORIENTED_EDGE('',*,*,#3878,.F.);
#5384=ORIENTED_EDGE('',*,*,#3879,.T.);
#5385=ORIENTED_EDGE('',*,*,#3880,.T.);
#5386=ORIENTED_EDGE('',*,*,#3879,.F.);
#5387=ORIENTED_EDGE('',*,*,#3881,.F.);
#5388=ORIENTED_EDGE('',*,*,#3882,.T.);
#5389=ORIENTED_EDGE('',*,*,#3883,.T.);
#5390=ORIENTED_EDGE('',*,*,#3882,.F.);
#5391=ORIENTED_EDGE('',*,*,#3884,.F.);
#5392=ORIENTED_EDGE('',*,*,#3885,.T.);
#5393=ORIENTED_EDGE('',*,*,#3886,.T.);
#5394=ORIENTED_EDGE('',*,*,#3885,.F.);
#5395=ORIENTED_EDGE('',*,*,#3887,.F.);
#5396=ORIENTED_EDGE('',*,*,#3888,.T.);
#5397=ORIENTED_EDGE('',*,*,#3889,.T.);
#5398=ORIENTED_EDGE('',*,*,#3890,.T.);
#5399=ORIENTED_EDGE('',*,*,#3891,.F.);
#5400=ORIENTED_EDGE('',*,*,#3892,.T.);
#5401=ORIENTED_EDGE('',*,*,#3893,.F.);
#5402=ORIENTED_EDGE('',*,*,#3894,.T.);
#5403=ORIENTED_EDGE('',*,*,#3888,.F.);
#5404=ORIENTED_EDGE('',*,*,#3895,.F.);
#5405=ORIENTED_EDGE('',*,*,#3896,.T.);
#5406=ORIENTED_EDGE('',*,*,#3897,.F.);
#5407=ORIENTED_EDGE('',*,*,#3898,.T.);
#5408=ORIENTED_EDGE('',*,*,#3899,.F.);
#5409=ORIENTED_EDGE('',*,*,#3900,.T.);
#5410=ORIENTED_EDGE('',*,*,#3900,.F.);
#5411=ORIENTED_EDGE('',*,*,#3901,.F.);
#5412=ORIENTED_EDGE('',*,*,#3902,.T.);
#5413=ORIENTED_EDGE('',*,*,#3903,.T.);
#5414=ORIENTED_EDGE('',*,*,#3902,.F.);
#5415=ORIENTED_EDGE('',*,*,#3904,.F.);
#5416=ORIENTED_EDGE('',*,*,#3905,.T.);
#5417=ORIENTED_EDGE('',*,*,#3906,.T.);
#5418=ORIENTED_EDGE('',*,*,#3905,.F.);
#5419=ORIENTED_EDGE('',*,*,#3907,.F.);
#5420=ORIENTED_EDGE('',*,*,#3908,.T.);
#5421=ORIENTED_EDGE('',*,*,#3909,.T.);
#5422=ORIENTED_EDGE('',*,*,#3908,.F.);
#5423=ORIENTED_EDGE('',*,*,#3910,.F.);
#5424=ORIENTED_EDGE('',*,*,#3911,.T.);
#5425=ORIENTED_EDGE('',*,*,#3912,.T.);
#5426=ORIENTED_EDGE('',*,*,#3911,.F.);
#5427=ORIENTED_EDGE('',*,*,#3913,.T.);
#5428=ORIENTED_EDGE('',*,*,#3914,.T.);
#5429=ORIENTED_EDGE('',*,*,#3915,.F.);
#5430=ORIENTED_EDGE('',*,*,#3914,.F.);
#5431=ORIENTED_EDGE('',*,*,#3916,.T.);
#5432=ORIENTED_EDGE('',*,*,#3917,.T.);
#5433=ORIENTED_EDGE('',*,*,#3918,.F.);
#5434=ORIENTED_EDGE('',*,*,#3917,.F.);
#5435=ORIENTED_EDGE('',*,*,#3919,.T.);
#5436=ORIENTED_EDGE('',*,*,#3920,.T.);
#5437=ORIENTED_EDGE('',*,*,#3921,.F.);
#5438=ORIENTED_EDGE('',*,*,#3920,.F.);
#5439=ORIENTED_EDGE('',*,*,#3922,.T.);
#5440=ORIENTED_EDGE('',*,*,#3923,.T.);
#5441=ORIENTED_EDGE('',*,*,#3924,.F.);
#5442=ORIENTED_EDGE('',*,*,#3923,.F.);
#5443=ORIENTED_EDGE('',*,*,#3925,.T.);
#5444=ORIENTED_EDGE('',*,*,#3926,.T.);
#5445=ORIENTED_EDGE('',*,*,#3927,.F.);
#5446=ORIENTED_EDGE('',*,*,#3928,.T.);
#5447=ORIENTED_EDGE('',*,*,#3929,.T.);
#5448=ORIENTED_EDGE('',*,*,#3930,.T.);
#5449=ORIENTED_EDGE('',*,*,#3931,.T.);
#5450=ORIENTED_EDGE('',*,*,#3932,.T.);
#5451=ORIENTED_EDGE('',*,*,#3862,.T.);
#5452=ORIENTED_EDGE('',*,*,#3933,.F.);
#5453=ORIENTED_EDGE('',*,*,#3934,.F.);
#5454=ORIENTED_EDGE('',*,*,#3935,.F.);
#5455=ORIENTED_EDGE('',*,*,#3936,.F.);
#5456=ORIENTED_EDGE('',*,*,#3937,.F.);
#5457=ORIENTED_EDGE('',*,*,#3926,.F.);
#5458=ORIENTED_EDGE('',*,*,#3927,.T.);
#5459=ORIENTED_EDGE('',*,*,#3937,.T.);
#5460=ORIENTED_EDGE('',*,*,#3938,.T.);
#5461=ORIENTED_EDGE('',*,*,#3890,.F.);
#5462=ORIENTED_EDGE('',*,*,#3903,.F.);
#5463=ORIENTED_EDGE('',*,*,#3906,.F.);
#5464=ORIENTED_EDGE('',*,*,#3909,.F.);
#5465=ORIENTED_EDGE('',*,*,#3912,.F.);
#5466=ORIENTED_EDGE('',*,*,#3915,.T.);
#5467=ORIENTED_EDGE('',*,*,#3918,.T.);
#5468=ORIENTED_EDGE('',*,*,#3921,.T.);
#5469=ORIENTED_EDGE('',*,*,#3924,.T.);
#5470=ORIENTED_EDGE('',*,*,#3939,.T.);
#5471=ORIENTED_EDGE('',*,*,#3891,.T.);
#5472=ORIENTED_EDGE('',*,*,#3938,.F.);
#5473=ORIENTED_EDGE('',*,*,#3936,.T.);
#5474=ORIENTED_EDGE('',*,*,#3939,.F.);
#5475=ORIENTED_EDGE('',*,*,#3935,.T.);
#5476=ORIENTED_EDGE('',*,*,#3940,.T.);
#5477=ORIENTED_EDGE('',*,*,#3892,.F.);
#5478=ORIENTED_EDGE('',*,*,#3940,.F.);
#5479=ORIENTED_EDGE('',*,*,#3934,.T.);
#5480=ORIENTED_EDGE('',*,*,#3941,.T.);
#5481=ORIENTED_EDGE('',*,*,#3893,.T.);
#5482=ORIENTED_EDGE('',*,*,#3871,.T.);
#5483=ORIENTED_EDGE('',*,*,#3874,.T.);
#5484=ORIENTED_EDGE('',*,*,#3877,.T.);
#5485=ORIENTED_EDGE('',*,*,#3880,.F.);
#5486=ORIENTED_EDGE('',*,*,#3883,.F.);
#5487=ORIENTED_EDGE('',*,*,#3886,.F.);
#5488=ORIENTED_EDGE('',*,*,#3889,.F.);
#5489=ORIENTED_EDGE('',*,*,#3894,.F.);
#5490=ORIENTED_EDGE('',*,*,#3941,.F.);
#5491=ORIENTED_EDGE('',*,*,#3933,.T.);
#5492=ORIENTED_EDGE('',*,*,#3865,.T.);
#5493=ORIENTED_EDGE('',*,*,#3868,.T.);
#5494=ORIENTED_EDGE('',*,*,#3925,.F.);
#5495=ORIENTED_EDGE('',*,*,#3922,.F.);
#5496=ORIENTED_EDGE('',*,*,#3919,.F.);
#5497=ORIENTED_EDGE('',*,*,#3916,.F.);
#5498=ORIENTED_EDGE('',*,*,#3913,.F.);
#5499=ORIENTED_EDGE('',*,*,#3910,.T.);
#5500=ORIENTED_EDGE('',*,*,#3907,.T.);
#5501=ORIENTED_EDGE('',*,*,#3904,.T.);
#5502=ORIENTED_EDGE('',*,*,#3901,.T.);
#5503=ORIENTED_EDGE('',*,*,#3899,.T.);
#5504=ORIENTED_EDGE('',*,*,#3942,.F.);
#5505=ORIENTED_EDGE('',*,*,#3928,.F.);
#5506=ORIENTED_EDGE('',*,*,#3943,.F.);
#5507=ORIENTED_EDGE('',*,*,#3929,.F.);
#5508=ORIENTED_EDGE('',*,*,#3942,.T.);
#5509=ORIENTED_EDGE('',*,*,#3898,.F.);
#5510=ORIENTED_EDGE('',*,*,#3943,.T.);
#5511=ORIENTED_EDGE('',*,*,#3897,.T.);
#5512=ORIENTED_EDGE('',*,*,#3944,.F.);
#5513=ORIENTED_EDGE('',*,*,#3930,.F.);
#5514=ORIENTED_EDGE('',*,*,#3944,.T.);
#5515=ORIENTED_EDGE('',*,*,#3896,.F.);
#5516=ORIENTED_EDGE('',*,*,#3945,.F.);
#5517=ORIENTED_EDGE('',*,*,#3931,.F.);
#5518=ORIENTED_EDGE('',*,*,#3869,.F.);
#5519=ORIENTED_EDGE('',*,*,#3866,.F.);
#5520=ORIENTED_EDGE('',*,*,#3863,.F.);
#5521=ORIENTED_EDGE('',*,*,#3932,.F.);
#5522=ORIENTED_EDGE('',*,*,#3945,.T.);
#5523=ORIENTED_EDGE('',*,*,#3895,.T.);
#5524=ORIENTED_EDGE('',*,*,#3887,.T.);
#5525=ORIENTED_EDGE('',*,*,#3884,.T.);
#5526=ORIENTED_EDGE('',*,*,#3881,.T.);
#5527=ORIENTED_EDGE('',*,*,#3878,.T.);
#5528=ORIENTED_EDGE('',*,*,#3875,.F.);
#5529=ORIENTED_EDGE('',*,*,#3872,.F.);
#5530=ORIENTED_EDGE('',*,*,#3946,.F.);
#5531=ORIENTED_EDGE('',*,*,#3947,.T.);
#5532=ORIENTED_EDGE('',*,*,#3948,.F.);
#5533=ORIENTED_EDGE('',*,*,#3947,.F.);
#5534=ORIENTED_EDGE('',*,*,#3949,.F.);
#5535=ORIENTED_EDGE('',*,*,#3950,.F.);
#5536=ORIENTED_EDGE('',*,*,#3951,.T.);
#5537=ORIENTED_EDGE('',*,*,#3952,.F.);
#5538=ORIENTED_EDGE('',*,*,#3951,.F.);
#5539=ORIENTED_EDGE('',*,*,#3953,.F.);
#5540=ORIENTED_EDGE('',*,*,#3954,.T.);
#5541=ORIENTED_EDGE('',*,*,#3955,.T.);
#5542=ORIENTED_EDGE('',*,*,#3956,.T.);
#5543=ORIENTED_EDGE('',*,*,#3954,.F.);
#5544=ORIENTED_EDGE('',*,*,#3957,.T.);
#5545=ORIENTED_EDGE('',*,*,#3955,.F.);
#5546=ORIENTED_EDGE('',*,*,#3956,.F.);
#5547=ORIENTED_EDGE('',*,*,#3957,.F.);
#5548=ORIENTED_EDGE('',*,*,#3958,.F.);
#5549=ORIENTED_EDGE('',*,*,#3959,.T.);
#5550=ORIENTED_EDGE('',*,*,#3960,.T.);
#5551=ORIENTED_EDGE('',*,*,#3959,.F.);
#5552=ORIENTED_EDGE('',*,*,#3961,.T.);
#5553=ORIENTED_EDGE('',*,*,#3958,.T.);
#5554=ORIENTED_EDGE('',*,*,#3961,.F.);
#5555=ORIENTED_EDGE('',*,*,#3949,.T.);
#5556=ORIENTED_EDGE('',*,*,#3950,.T.);
#5557=ORIENTED_EDGE('',*,*,#3962,.T.);
#5558=ORIENTED_EDGE('',*,*,#3946,.T.);
#5559=ORIENTED_EDGE('',*,*,#3962,.F.);
#5560=ORIENTED_EDGE('',*,*,#3948,.T.);
#5561=ORIENTED_EDGE('',*,*,#3953,.T.);
#5562=ORIENTED_EDGE('',*,*,#3952,.T.);
#5563=ORIENTED_EDGE('',*,*,#3960,.F.);
#5564=ORIENTED_EDGE('',*,*,#3963,.F.);
#5565=ORIENTED_EDGE('',*,*,#3964,.T.);
#5566=ORIENTED_EDGE('',*,*,#3965,.F.);
#5567=ORIENTED_EDGE('',*,*,#3964,.F.);
#5568=ORIENTED_EDGE('',*,*,#3966,.F.);
#5569=ORIENTED_EDGE('',*,*,#3967,.F.);
#5570=ORIENTED_EDGE('',*,*,#3968,.T.);
#5571=ORIENTED_EDGE('',*,*,#3969,.F.);
#5572=ORIENTED_EDGE('',*,*,#3968,.F.);
#5573=ORIENTED_EDGE('',*,*,#3970,.F.);
#5574=ORIENTED_EDGE('',*,*,#3971,.T.);
#5575=ORIENTED_EDGE('',*,*,#3972,.F.);
#5576=ORIENTED_EDGE('',*,*,#3971,.F.);
#5577=ORIENTED_EDGE('',*,*,#3973,.F.);
#5578=ORIENTED_EDGE('',*,*,#3974,.T.);
#5579=ORIENTED_EDGE('',*,*,#3975,.F.);
#5580=ORIENTED_EDGE('',*,*,#3974,.F.);
#5581=ORIENTED_EDGE('',*,*,#3976,.F.);
#5582=ORIENTED_EDGE('',*,*,#3977,.F.);
#5583=ORIENTED_EDGE('',*,*,#3978,.T.);
#5584=ORIENTED_EDGE('',*,*,#3979,.F.);
#5585=ORIENTED_EDGE('',*,*,#3980,.F.);
#5586=ORIENTED_EDGE('',*,*,#3978,.F.);
#5587=ORIENTED_EDGE('',*,*,#3981,.F.);
#5588=ORIENTED_EDGE('',*,*,#3982,.T.);
#5589=ORIENTED_EDGE('',*,*,#3983,.T.);
#5590=ORIENTED_EDGE('',*,*,#3984,.F.);
#5591=ORIENTED_EDGE('',*,*,#3985,.F.);
#5592=ORIENTED_EDGE('',*,*,#3986,.T.);
#5593=ORIENTED_EDGE('',*,*,#3987,.T.);
#5594=ORIENTED_EDGE('',*,*,#3988,.T.);
#5595=ORIENTED_EDGE('',*,*,#3989,.F.);
#5596=ORIENTED_EDGE('',*,*,#3990,.F.);
#5597=ORIENTED_EDGE('',*,*,#3991,.T.);
#5598=ORIENTED_EDGE('',*,*,#3992,.T.);
#5599=ORIENTED_EDGE('',*,*,#3993,.T.);
#5600=ORIENTED_EDGE('',*,*,#3994,.F.);
#5601=ORIENTED_EDGE('',*,*,#3995,.F.);
#5602=ORIENTED_EDGE('',*,*,#3993,.F.);
#5603=ORIENTED_EDGE('',*,*,#3996,.T.);
#5604=ORIENTED_EDGE('',*,*,#3987,.F.);
#5605=ORIENTED_EDGE('',*,*,#3976,.T.);
#5606=ORIENTED_EDGE('',*,*,#3977,.T.);
#5607=ORIENTED_EDGE('',*,*,#3997,.T.);
#5608=ORIENTED_EDGE('',*,*,#3973,.T.);
#5609=ORIENTED_EDGE('',*,*,#3997,.F.);
#5610=ORIENTED_EDGE('',*,*,#3998,.F.);
#5611=ORIENTED_EDGE('',*,*,#3999,.T.);
#5612=ORIENTED_EDGE('',*,*,#3979,.T.);
#5613=ORIENTED_EDGE('',*,*,#3980,.T.);
#5614=ORIENTED_EDGE('',*,*,#3999,.F.);
#5615=ORIENTED_EDGE('',*,*,#3966,.T.);
#5616=ORIENTED_EDGE('',*,*,#3967,.T.);
#5617=ORIENTED_EDGE('',*,*,#4000,.T.);
#5618=ORIENTED_EDGE('',*,*,#3970,.T.);
#5619=ORIENTED_EDGE('',*,*,#4000,.F.);
#5620=ORIENTED_EDGE('',*,*,#3969,.T.);
#5621=ORIENTED_EDGE('',*,*,#3963,.T.);
#5622=ORIENTED_EDGE('',*,*,#3965,.T.);
#5623=ORIENTED_EDGE('',*,*,#4001,.F.);
#5624=ORIENTED_EDGE('',*,*,#4002,.F.);
#5625=ORIENTED_EDGE('',*,*,#4003,.F.);
#5626=ORIENTED_EDGE('',*,*,#3996,.F.);
#5627=ORIENTED_EDGE('',*,*,#4004,.F.);
#5628=ORIENTED_EDGE('',*,*,#4005,.F.);
#5629=ORIENTED_EDGE('',*,*,#3972,.T.);
#5630=ORIENTED_EDGE('',*,*,#3998,.T.);
#5631=ORIENTED_EDGE('',*,*,#3975,.T.);
#5632=ORIENTED_EDGE('',*,*,#4005,.T.);
#5633=ORIENTED_EDGE('',*,*,#4006,.F.);
#5634=ORIENTED_EDGE('',*,*,#4007,.F.);
#5635=ORIENTED_EDGE('',*,*,#4008,.F.);
#5636=ORIENTED_EDGE('',*,*,#4009,.F.);
#5637=ORIENTED_EDGE('',*,*,#4010,.F.);
#5638=ORIENTED_EDGE('',*,*,#4004,.T.);
#5639=ORIENTED_EDGE('',*,*,#3992,.F.);
#5640=ORIENTED_EDGE('',*,*,#4011,.F.);
#5641=ORIENTED_EDGE('',*,*,#3988,.F.);
#5642=ORIENTED_EDGE('',*,*,#4003,.T.);
#5643=ORIENTED_EDGE('',*,*,#4012,.F.);
#5644=ORIENTED_EDGE('',*,*,#4002,.T.);
#5645=ORIENTED_EDGE('',*,*,#4013,.F.);
#5646=ORIENTED_EDGE('',*,*,#4014,.F.);
#5647=ORIENTED_EDGE('',*,*,#4015,.F.);
#5648=ORIENTED_EDGE('',*,*,#4001,.T.);
#5649=ORIENTED_EDGE('',*,*,#4016,.F.);
#5650=ORIENTED_EDGE('',*,*,#3983,.F.);
#5651=ORIENTED_EDGE('',*,*,#4017,.F.);
#5652=ORIENTED_EDGE('',*,*,#4018,.T.);
#5653=ORIENTED_EDGE('',*,*,#4019,.T.);
#5654=ORIENTED_EDGE('',*,*,#3981,.T.);
#5655=ORIENTED_EDGE('',*,*,#4020,.T.);
#5656=ORIENTED_EDGE('',*,*,#4021,.T.);
#5657=ORIENTED_EDGE('',*,*,#4022,.T.);
#5658=ORIENTED_EDGE('',*,*,#4023,.T.);
#5659=ORIENTED_EDGE('',*,*,#3990,.T.);
#5660=ORIENTED_EDGE('',*,*,#4024,.T.);
#5661=ORIENTED_EDGE('',*,*,#3985,.T.);
#5662=ORIENTED_EDGE('',*,*,#4025,.T.);
#5663=ORIENTED_EDGE('',*,*,#4026,.T.);
#5664=ORIENTED_EDGE('',*,*,#4027,.T.);
#5665=ORIENTED_EDGE('',*,*,#4007,.T.);
#5666=ORIENTED_EDGE('',*,*,#4028,.F.);
#5667=ORIENTED_EDGE('',*,*,#4021,.F.);
#5668=ORIENTED_EDGE('',*,*,#4028,.T.);
#5669=ORIENTED_EDGE('',*,*,#4006,.T.);
#5670=ORIENTED_EDGE('',*,*,#4010,.T.);
#5671=ORIENTED_EDGE('',*,*,#4029,.F.);
#5672=ORIENTED_EDGE('',*,*,#4022,.F.);
#5673=ORIENTED_EDGE('',*,*,#4029,.T.);
#5674=ORIENTED_EDGE('',*,*,#4009,.T.);
#5675=ORIENTED_EDGE('',*,*,#3991,.F.);
#5676=ORIENTED_EDGE('',*,*,#4023,.F.);
#5677=ORIENTED_EDGE('',*,*,#3994,.T.);
#5678=ORIENTED_EDGE('',*,*,#3995,.T.);
#5679=ORIENTED_EDGE('',*,*,#3986,.F.);
#5680=ORIENTED_EDGE('',*,*,#4024,.F.);
#5681=ORIENTED_EDGE('',*,*,#3989,.T.);
#5682=ORIENTED_EDGE('',*,*,#4011,.T.);
#5683=ORIENTED_EDGE('',*,*,#4030,.F.);
#5684=ORIENTED_EDGE('',*,*,#4025,.F.);
#5685=ORIENTED_EDGE('',*,*,#4030,.T.);
#5686=ORIENTED_EDGE('',*,*,#4012,.T.);
#5687=ORIENTED_EDGE('',*,*,#4015,.T.);
#5688=ORIENTED_EDGE('',*,*,#4031,.F.);
#5689=ORIENTED_EDGE('',*,*,#4026,.F.);
#5690=ORIENTED_EDGE('',*,*,#4031,.T.);
#5691=ORIENTED_EDGE('',*,*,#4014,.T.);
#5692=ORIENTED_EDGE('',*,*,#4032,.F.);
#5693=ORIENTED_EDGE('',*,*,#4018,.F.);
#5694=ORIENTED_EDGE('',*,*,#4032,.T.);
#5695=ORIENTED_EDGE('',*,*,#4013,.T.);
#5696=ORIENTED_EDGE('',*,*,#4017,.T.);
#5697=ORIENTED_EDGE('',*,*,#3982,.F.);
#5698=ORIENTED_EDGE('',*,*,#4019,.F.);
#5699=ORIENTED_EDGE('',*,*,#3984,.T.);
#5700=ORIENTED_EDGE('',*,*,#4016,.T.);
#5701=ORIENTED_EDGE('',*,*,#4008,.T.);
#5702=ORIENTED_EDGE('',*,*,#4027,.F.);
#5703=ORIENTED_EDGE('',*,*,#4020,.F.);
#5704=ORIENTED_EDGE('',*,*,#4033,.T.);
#5705=ORIENTED_EDGE('',*,*,#4034,.T.);
#5706=ORIENTED_EDGE('',*,*,#4035,.F.);
#5707=ORIENTED_EDGE('',*,*,#4034,.F.);
#5708=ORIENTED_EDGE('',*,*,#4036,.T.);
#5709=ORIENTED_EDGE('',*,*,#4037,.T.);
#5710=ORIENTED_EDGE('',*,*,#4038,.F.);
#5711=ORIENTED_EDGE('',*,*,#4037,.F.);
#5712=ORIENTED_EDGE('',*,*,#4038,.T.);
#5713=ORIENTED_EDGE('',*,*,#4033,.F.);
#5714=ORIENTED_EDGE('',*,*,#4036,.F.);
#5715=ORIENTED_EDGE('',*,*,#4035,.T.);
#5716=ORIENTED_EDGE('',*,*,#4039,.F.);
#5717=ORIENTED_EDGE('',*,*,#4040,.T.);
#5718=ORIENTED_EDGE('',*,*,#4041,.T.);
#5719=ORIENTED_EDGE('',*,*,#4042,.T.);
#5720=ORIENTED_EDGE('',*,*,#4043,.T.);
#5721=ORIENTED_EDGE('',*,*,#4044,.F.);
#5722=ORIENTED_EDGE('',*,*,#4045,.T.);
#5723=ORIENTED_EDGE('',*,*,#4046,.F.);
#5724=ORIENTED_EDGE('',*,*,#4047,.T.);
#5725=ORIENTED_EDGE('',*,*,#4048,.T.);
#5726=ORIENTED_EDGE('',*,*,#4049,.T.);
#5727=ORIENTED_EDGE('',*,*,#4050,.F.);
#5728=ORIENTED_EDGE('',*,*,#4051,.T.);
#5729=ORIENTED_EDGE('',*,*,#4052,.F.);
#5730=ORIENTED_EDGE('',*,*,#4053,.T.);
#5731=ORIENTED_EDGE('',*,*,#4054,.T.);
#5732=ORIENTED_EDGE('',*,*,#4055,.F.);
#5733=ORIENTED_EDGE('',*,*,#4056,.F.);
#5734=ORIENTED_EDGE('',*,*,#4057,.F.);
#5735=ORIENTED_EDGE('',*,*,#4058,.F.);
#5736=ORIENTED_EDGE('',*,*,#4059,.T.);
#5737=ORIENTED_EDGE('',*,*,#4060,.F.);
#5738=ORIENTED_EDGE('',*,*,#4059,.F.);
#5739=ORIENTED_EDGE('',*,*,#4061,.F.);
#5740=ORIENTED_EDGE('',*,*,#4062,.T.);
#5741=ORIENTED_EDGE('',*,*,#4063,.F.);
#5742=ORIENTED_EDGE('',*,*,#4064,.F.);
#5743=ORIENTED_EDGE('',*,*,#4062,.F.);
#5744=ORIENTED_EDGE('',*,*,#4065,.F.);
#5745=ORIENTED_EDGE('',*,*,#4066,.T.);
#5746=ORIENTED_EDGE('',*,*,#4067,.F.);
#5747=ORIENTED_EDGE('',*,*,#4068,.F.);
#5748=ORIENTED_EDGE('',*,*,#4066,.F.);
#5749=ORIENTED_EDGE('',*,*,#4069,.F.);
#5750=ORIENTED_EDGE('',*,*,#4070,.T.);
#5751=ORIENTED_EDGE('',*,*,#4071,.F.);
#5752=ORIENTED_EDGE('',*,*,#4070,.F.);
#5753=ORIENTED_EDGE('',*,*,#4072,.F.);
#5754=ORIENTED_EDGE('',*,*,#4073,.F.);
#5755=ORIENTED_EDGE('',*,*,#4074,.T.);
#5756=ORIENTED_EDGE('',*,*,#4065,.T.);
#5757=ORIENTED_EDGE('',*,*,#4074,.F.);
#5758=ORIENTED_EDGE('',*,*,#4075,.T.);
#5759=ORIENTED_EDGE('',*,*,#4076,.T.);
#5760=ORIENTED_EDGE('',*,*,#4077,.T.);
#5761=ORIENTED_EDGE('',*,*,#4078,.T.);
#5762=ORIENTED_EDGE('',*,*,#4067,.T.);
#5763=ORIENTED_EDGE('',*,*,#4068,.T.);
#5764=ORIENTED_EDGE('',*,*,#4078,.F.);
#5765=ORIENTED_EDGE('',*,*,#4079,.T.);
#5766=ORIENTED_EDGE('',*,*,#4080,.T.);
#5767=ORIENTED_EDGE('',*,*,#4081,.T.);
#5768=ORIENTED_EDGE('',*,*,#4082,.T.);
#5769=ORIENTED_EDGE('',*,*,#4083,.T.);
#5770=ORIENTED_EDGE('',*,*,#4084,.T.);
#5771=ORIENTED_EDGE('',*,*,#4085,.T.);
#5772=ORIENTED_EDGE('',*,*,#4072,.T.);
#5773=ORIENTED_EDGE('',*,*,#4069,.T.);
#5774=ORIENTED_EDGE('',*,*,#4085,.F.);
#5775=ORIENTED_EDGE('',*,*,#4086,.T.);
#5776=ORIENTED_EDGE('',*,*,#4087,.T.);
#5777=ORIENTED_EDGE('',*,*,#4088,.T.);
#5778=ORIENTED_EDGE('',*,*,#4057,.T.);
#5779=ORIENTED_EDGE('',*,*,#4058,.T.);
#5780=ORIENTED_EDGE('',*,*,#4089,.T.);
#5781=ORIENTED_EDGE('',*,*,#4063,.T.);
#5782=ORIENTED_EDGE('',*,*,#4064,.T.);
#5783=ORIENTED_EDGE('',*,*,#4089,.F.);
#5784=ORIENTED_EDGE('',*,*,#4073,.T.);
#5785=ORIENTED_EDGE('',*,*,#4060,.T.);
#5786=ORIENTED_EDGE('',*,*,#4071,.T.);
#5787=ORIENTED_EDGE('',*,*,#4061,.T.);
#5788=ORIENTED_EDGE('',*,*,#4090,.T.);
#5789=ORIENTED_EDGE('',*,*,#4091,.T.);
#5790=ORIENTED_EDGE('',*,*,#4092,.T.);
#5791=ORIENTED_EDGE('',*,*,#4093,.T.);
#5792=ORIENTED_EDGE('',*,*,#4094,.T.);
#5793=ORIENTED_EDGE('',*,*,#4095,.T.);
#5794=ORIENTED_EDGE('',*,*,#4096,.T.);
#5795=ORIENTED_EDGE('',*,*,#4097,.T.);
#5796=ORIENTED_EDGE('',*,*,#4098,.T.);
#5797=ORIENTED_EDGE('',*,*,#4099,.T.);
#5798=ORIENTED_EDGE('',*,*,#4100,.T.);
#5799=ORIENTED_EDGE('',*,*,#4101,.T.);
#5800=ORIENTED_EDGE('',*,*,#4102,.T.);
#5801=ORIENTED_EDGE('',*,*,#4103,.T.);
#5802=ORIENTED_EDGE('',*,*,#4104,.T.);
#5803=ORIENTED_EDGE('',*,*,#4105,.T.);
#5804=ORIENTED_EDGE('',*,*,#4106,.T.);
#5805=ORIENTED_EDGE('',*,*,#4107,.T.);
#5806=ORIENTED_EDGE('',*,*,#4108,.T.);
#5807=ORIENTED_EDGE('',*,*,#4109,.T.);
#5808=ORIENTED_EDGE('',*,*,#4110,.T.);
#5809=ORIENTED_EDGE('',*,*,#4111,.T.);
#5810=ORIENTED_EDGE('',*,*,#4112,.T.);
#5811=ORIENTED_EDGE('',*,*,#4113,.T.);
#5812=ORIENTED_EDGE('',*,*,#4054,.F.);
#5813=ORIENTED_EDGE('',*,*,#4100,.F.);
#5814=ORIENTED_EDGE('',*,*,#4114,.F.);
#5815=ORIENTED_EDGE('',*,*,#4094,.F.);
#5816=ORIENTED_EDGE('',*,*,#4115,.F.);
#5817=ORIENTED_EDGE('',*,*,#4114,.T.);
#5818=ORIENTED_EDGE('',*,*,#4116,.F.);
#5819=ORIENTED_EDGE('',*,*,#4055,.T.);
#5820=ORIENTED_EDGE('',*,*,#4097,.F.);
#5821=ORIENTED_EDGE('',*,*,#4053,.F.);
#5822=ORIENTED_EDGE('',*,*,#4080,.F.);
#5823=ORIENTED_EDGE('',*,*,#4056,.T.);
#5824=ORIENTED_EDGE('',*,*,#4079,.F.);
#5825=ORIENTED_EDGE('',*,*,#4049,.F.);
#5826=ORIENTED_EDGE('',*,*,#4101,.F.);
#5827=ORIENTED_EDGE('',*,*,#4117,.F.);
#5828=ORIENTED_EDGE('',*,*,#4098,.F.);
#5829=ORIENTED_EDGE('',*,*,#4048,.F.);
#5830=ORIENTED_EDGE('',*,*,#4104,.F.);
#5831=ORIENTED_EDGE('',*,*,#4116,.T.);
#5832=ORIENTED_EDGE('',*,*,#4099,.F.);
#5833=ORIENTED_EDGE('',*,*,#4118,.F.);
#5834=ORIENTED_EDGE('',*,*,#4088,.F.);
#5835=ORIENTED_EDGE('',*,*,#4115,.T.);
#5836=ORIENTED_EDGE('',*,*,#4087,.F.);
#5837=ORIENTED_EDGE('',*,*,#4119,.F.);
#5838=ORIENTED_EDGE('',*,*,#4095,.F.);
#5839=ORIENTED_EDGE('',*,*,#4051,.F.);
#5840=ORIENTED_EDGE('',*,*,#4096,.F.);
#5841=ORIENTED_EDGE('',*,*,#4120,.F.);
#5842=ORIENTED_EDGE('',*,*,#4090,.F.);
#5843=ORIENTED_EDGE('',*,*,#4118,.T.);
#5844=ORIENTED_EDGE('',*,*,#4117,.T.);
#5845=ORIENTED_EDGE('',*,*,#4121,.F.);
#5846=ORIENTED_EDGE('',*,*,#4120,.T.);
#5847=ORIENTED_EDGE('',*,*,#4119,.T.);
#5848=ORIENTED_EDGE('',*,*,#4122,.F.);
#5849=ORIENTED_EDGE('',*,*,#4052,.T.);
#5850=ORIENTED_EDGE('',*,*,#4093,.F.);
#5851=ORIENTED_EDGE('',*,*,#4123,.F.);
#5852=ORIENTED_EDGE('',*,*,#4081,.F.);
#5853=ORIENTED_EDGE('',*,*,#4050,.T.);
#5854=ORIENTED_EDGE('',*,*,#4077,.F.);
#5855=ORIENTED_EDGE('',*,*,#4124,.F.);
#5856=ORIENTED_EDGE('',*,*,#4105,.F.);
#5857=ORIENTED_EDGE('',*,*,#4045,.F.);
#5858=ORIENTED_EDGE('',*,*,#4102,.F.);
#5859=ORIENTED_EDGE('',*,*,#4125,.F.);
#5860=ORIENTED_EDGE('',*,*,#4108,.F.);
#5861=ORIENTED_EDGE('',*,*,#4121,.T.);
#5862=ORIENTED_EDGE('',*,*,#4103,.F.);
#5863=ORIENTED_EDGE('',*,*,#4047,.F.);
#5864=ORIENTED_EDGE('',*,*,#4082,.F.);
#5865=ORIENTED_EDGE('',*,*,#4122,.T.);
#5866=ORIENTED_EDGE('',*,*,#4086,.F.);
#5867=ORIENTED_EDGE('',*,*,#4043,.F.);
#5868=ORIENTED_EDGE('',*,*,#4091,.F.);
#5869=ORIENTED_EDGE('',*,*,#4126,.F.);
#5870=ORIENTED_EDGE('',*,*,#4092,.F.);
#5871=ORIENTED_EDGE('',*,*,#4042,.F.);
#5872=ORIENTED_EDGE('',*,*,#4110,.F.);
#5873=ORIENTED_EDGE('',*,*,#4123,.T.);
#5874=ORIENTED_EDGE('',*,*,#4126,.T.);
#5875=ORIENTED_EDGE('',*,*,#4127,.F.);
#5876=ORIENTED_EDGE('',*,*,#4125,.T.);
#5877=ORIENTED_EDGE('',*,*,#4124,.T.);
#5878=ORIENTED_EDGE('',*,*,#4128,.F.);
#5879=ORIENTED_EDGE('',*,*,#4127,.T.);
#5880=ORIENTED_EDGE('',*,*,#4113,.F.);
#5881=ORIENTED_EDGE('',*,*,#4129,.F.);
#5882=ORIENTED_EDGE('',*,*,#4075,.F.);
#5883=ORIENTED_EDGE('',*,*,#4128,.T.);
#5884=ORIENTED_EDGE('',*,*,#4076,.F.);
#5885=ORIENTED_EDGE('',*,*,#4130,.F.);
#5886=ORIENTED_EDGE('',*,*,#4109,.F.);
#5887=ORIENTED_EDGE('',*,*,#4046,.T.);
#5888=ORIENTED_EDGE('',*,*,#4107,.F.);
#5889=ORIENTED_EDGE('',*,*,#4041,.F.);
#5890=ORIENTED_EDGE('',*,*,#4083,.F.);
#5891=ORIENTED_EDGE('',*,*,#4044,.T.);
#5892=ORIENTED_EDGE('',*,*,#4084,.F.);
#5893=ORIENTED_EDGE('',*,*,#4040,.F.);
#5894=ORIENTED_EDGE('',*,*,#4111,.F.);
#5895=ORIENTED_EDGE('',*,*,#4130,.T.);
#5896=ORIENTED_EDGE('',*,*,#4129,.T.);
#5897=ORIENTED_EDGE('',*,*,#4131,.F.);
#5898=ORIENTED_EDGE('',*,*,#4131,.T.);
#5899=ORIENTED_EDGE('',*,*,#4112,.F.);
#5900=ORIENTED_EDGE('',*,*,#4039,.T.);
#5901=ORIENTED_EDGE('',*,*,#4106,.F.);
#5902=ORIENTED_EDGE('',*,*,#4132,.F.);
#5903=ORIENTED_EDGE('',*,*,#4133,.T.);
#5904=ORIENTED_EDGE('',*,*,#4134,.F.);
#5905=ORIENTED_EDGE('',*,*,#4133,.F.);
#5906=ORIENTED_EDGE('',*,*,#4135,.F.);
#5907=ORIENTED_EDGE('',*,*,#4136,.F.);
#5908=ORIENTED_EDGE('',*,*,#4137,.T.);
#5909=ORIENTED_EDGE('',*,*,#4138,.F.);
#5910=ORIENTED_EDGE('',*,*,#4137,.F.);
#5911=ORIENTED_EDGE('',*,*,#4139,.F.);
#5912=ORIENTED_EDGE('',*,*,#4140,.T.);
#5913=ORIENTED_EDGE('',*,*,#4141,.F.);
#5914=ORIENTED_EDGE('',*,*,#4140,.F.);
#5915=ORIENTED_EDGE('',*,*,#4142,.F.);
#5916=ORIENTED_EDGE('',*,*,#4143,.T.);
#5917=ORIENTED_EDGE('',*,*,#4144,.F.);
#5918=ORIENTED_EDGE('',*,*,#4143,.F.);
#5919=ORIENTED_EDGE('',*,*,#4145,.F.);
#5920=ORIENTED_EDGE('',*,*,#4146,.F.);
#5921=ORIENTED_EDGE('',*,*,#4147,.T.);
#5922=ORIENTED_EDGE('',*,*,#4148,.F.);
#5923=ORIENTED_EDGE('',*,*,#4149,.F.);
#5924=ORIENTED_EDGE('',*,*,#4147,.F.);
#5925=ORIENTED_EDGE('',*,*,#4150,.F.);
#5926=ORIENTED_EDGE('',*,*,#4151,.T.);
#5927=ORIENTED_EDGE('',*,*,#4152,.T.);
#5928=ORIENTED_EDGE('',*,*,#4153,.F.);
#5929=ORIENTED_EDGE('',*,*,#4154,.F.);
#5930=ORIENTED_EDGE('',*,*,#4155,.T.);
#5931=ORIENTED_EDGE('',*,*,#4156,.T.);
#5932=ORIENTED_EDGE('',*,*,#4157,.T.);
#5933=ORIENTED_EDGE('',*,*,#4158,.F.);
#5934=ORIENTED_EDGE('',*,*,#4159,.F.);
#5935=ORIENTED_EDGE('',*,*,#4160,.T.);
#5936=ORIENTED_EDGE('',*,*,#4161,.T.);
#5937=ORIENTED_EDGE('',*,*,#4162,.T.);
#5938=ORIENTED_EDGE('',*,*,#4163,.F.);
#5939=ORIENTED_EDGE('',*,*,#4164,.F.);
#5940=ORIENTED_EDGE('',*,*,#4162,.F.);
#5941=ORIENTED_EDGE('',*,*,#4165,.T.);
#5942=ORIENTED_EDGE('',*,*,#4156,.F.);
#5943=ORIENTED_EDGE('',*,*,#4145,.T.);
#5944=ORIENTED_EDGE('',*,*,#4146,.T.);
#5945=ORIENTED_EDGE('',*,*,#4166,.T.);
#5946=ORIENTED_EDGE('',*,*,#4142,.T.);
#5947=ORIENTED_EDGE('',*,*,#4166,.F.);
#5948=ORIENTED_EDGE('',*,*,#4167,.F.);
#5949=ORIENTED_EDGE('',*,*,#4168,.T.);
#5950=ORIENTED_EDGE('',*,*,#4148,.T.);
#5951=ORIENTED_EDGE('',*,*,#4149,.T.);
#5952=ORIENTED_EDGE('',*,*,#4168,.F.);
#5953=ORIENTED_EDGE('',*,*,#4135,.T.);
#5954=ORIENTED_EDGE('',*,*,#4136,.T.);
#5955=ORIENTED_EDGE('',*,*,#4169,.T.);
#5956=ORIENTED_EDGE('',*,*,#4139,.T.);
#5957=ORIENTED_EDGE('',*,*,#4169,.F.);
#5958=ORIENTED_EDGE('',*,*,#4138,.T.);
#5959=ORIENTED_EDGE('',*,*,#4132,.T.);
#5960=ORIENTED_EDGE('',*,*,#4134,.T.);
#5961=ORIENTED_EDGE('',*,*,#4170,.F.);
#5962=ORIENTED_EDGE('',*,*,#4171,.F.);
#5963=ORIENTED_EDGE('',*,*,#4172,.F.);
#5964=ORIENTED_EDGE('',*,*,#4165,.F.);
#5965=ORIENTED_EDGE('',*,*,#4173,.F.);
#5966=ORIENTED_EDGE('',*,*,#4174,.F.);
#5967=ORIENTED_EDGE('',*,*,#4141,.T.);
#5968=ORIENTED_EDGE('',*,*,#4167,.T.);
#5969=ORIENTED_EDGE('',*,*,#4144,.T.);
#5970=ORIENTED_EDGE('',*,*,#4174,.T.);
#5971=ORIENTED_EDGE('',*,*,#4175,.F.);
#5972=ORIENTED_EDGE('',*,*,#4176,.F.);
#5973=ORIENTED_EDGE('',*,*,#4177,.F.);
#5974=ORIENTED_EDGE('',*,*,#4178,.F.);
#5975=ORIENTED_EDGE('',*,*,#4179,.F.);
#5976=ORIENTED_EDGE('',*,*,#4173,.T.);
#5977=ORIENTED_EDGE('',*,*,#4161,.F.);
#5978=ORIENTED_EDGE('',*,*,#4180,.F.);
#5979=ORIENTED_EDGE('',*,*,#4157,.F.);
#5980=ORIENTED_EDGE('',*,*,#4172,.T.);
#5981=ORIENTED_EDGE('',*,*,#4181,.F.);
#5982=ORIENTED_EDGE('',*,*,#4171,.T.);
#5983=ORIENTED_EDGE('',*,*,#4182,.F.);
#5984=ORIENTED_EDGE('',*,*,#4183,.F.);
#5985=ORIENTED_EDGE('',*,*,#4184,.F.);
#5986=ORIENTED_EDGE('',*,*,#4170,.T.);
#5987=ORIENTED_EDGE('',*,*,#4185,.F.);
#5988=ORIENTED_EDGE('',*,*,#4152,.F.);
#5989=ORIENTED_EDGE('',*,*,#4186,.F.);
#5990=ORIENTED_EDGE('',*,*,#4187,.T.);
#5991=ORIENTED_EDGE('',*,*,#4188,.T.);
#5992=ORIENTED_EDGE('',*,*,#4150,.T.);
#5993=ORIENTED_EDGE('',*,*,#4189,.T.);
#5994=ORIENTED_EDGE('',*,*,#4190,.T.);
#5995=ORIENTED_EDGE('',*,*,#4191,.T.);
#5996=ORIENTED_EDGE('',*,*,#4192,.T.);
#5997=ORIENTED_EDGE('',*,*,#4159,.T.);
#5998=ORIENTED_EDGE('',*,*,#4193,.T.);
#5999=ORIENTED_EDGE('',*,*,#4154,.T.);
#6000=ORIENTED_EDGE('',*,*,#4194,.T.);
#6001=ORIENTED_EDGE('',*,*,#4195,.T.);
#6002=ORIENTED_EDGE('',*,*,#4196,.T.);
#6003=ORIENTED_EDGE('',*,*,#4176,.T.);
#6004=ORIENTED_EDGE('',*,*,#4197,.F.);
#6005=ORIENTED_EDGE('',*,*,#4190,.F.);
#6006=ORIENTED_EDGE('',*,*,#4197,.T.);
#6007=ORIENTED_EDGE('',*,*,#4175,.T.);
#6008=ORIENTED_EDGE('',*,*,#4179,.T.);
#6009=ORIENTED_EDGE('',*,*,#4198,.F.);
#6010=ORIENTED_EDGE('',*,*,#4191,.F.);
#6011=ORIENTED_EDGE('',*,*,#4198,.T.);
#6012=ORIENTED_EDGE('',*,*,#4178,.T.);
#6013=ORIENTED_EDGE('',*,*,#4160,.F.);
#6014=ORIENTED_EDGE('',*,*,#4192,.F.);
#6015=ORIENTED_EDGE('',*,*,#4163,.T.);
#6016=ORIENTED_EDGE('',*,*,#4164,.T.);
#6017=ORIENTED_EDGE('',*,*,#4155,.F.);
#6018=ORIENTED_EDGE('',*,*,#4193,.F.);
#6019=ORIENTED_EDGE('',*,*,#4158,.T.);
#6020=ORIENTED_EDGE('',*,*,#4180,.T.);
#6021=ORIENTED_EDGE('',*,*,#4199,.F.);
#6022=ORIENTED_EDGE('',*,*,#4194,.F.);
#6023=ORIENTED_EDGE('',*,*,#4199,.T.);
#6024=ORIENTED_EDGE('',*,*,#4181,.T.);
#6025=ORIENTED_EDGE('',*,*,#4184,.T.);
#6026=ORIENTED_EDGE('',*,*,#4200,.F.);
#6027=ORIENTED_EDGE('',*,*,#4195,.F.);
#6028=ORIENTED_EDGE('',*,*,#4200,.T.);
#6029=ORIENTED_EDGE('',*,*,#4183,.T.);
#6030=ORIENTED_EDGE('',*,*,#4201,.F.);
#6031=ORIENTED_EDGE('',*,*,#4187,.F.);
#6032=ORIENTED_EDGE('',*,*,#4201,.T.);
#6033=ORIENTED_EDGE('',*,*,#4182,.T.);
#6034=ORIENTED_EDGE('',*,*,#4186,.T.);
#6035=ORIENTED_EDGE('',*,*,#4151,.F.);
#6036=ORIENTED_EDGE('',*,*,#4188,.F.);
#6037=ORIENTED_EDGE('',*,*,#4153,.T.);
#6038=ORIENTED_EDGE('',*,*,#4185,.T.);
#6039=ORIENTED_EDGE('',*,*,#4177,.T.);
#6040=ORIENTED_EDGE('',*,*,#4196,.F.);
#6041=ORIENTED_EDGE('',*,*,#4189,.F.);
#6042=ORIENTED_EDGE('',*,*,#4202,.T.);
#6043=ORIENTED_EDGE('',*,*,#4203,.T.);
#6044=ORIENTED_EDGE('',*,*,#4204,.F.);
#6045=ORIENTED_EDGE('',*,*,#4203,.F.);
#6046=ORIENTED_EDGE('',*,*,#4205,.T.);
#6047=ORIENTED_EDGE('',*,*,#4206,.T.);
#6048=ORIENTED_EDGE('',*,*,#4207,.F.);
#6049=ORIENTED_EDGE('',*,*,#4206,.F.);
#6050=ORIENTED_EDGE('',*,*,#4207,.T.);
#6051=ORIENTED_EDGE('',*,*,#4202,.F.);
#6052=ORIENTED_EDGE('',*,*,#4205,.F.);
#6053=ORIENTED_EDGE('',*,*,#4204,.T.);
#6054=ORIENTED_EDGE('',*,*,#4208,.T.);
#6055=ORIENTED_EDGE('',*,*,#4209,.T.);
#6056=ORIENTED_EDGE('',*,*,#4210,.F.);
#6057=ORIENTED_EDGE('',*,*,#4209,.F.);
#6058=ORIENTED_EDGE('',*,*,#4211,.T.);
#6059=ORIENTED_EDGE('',*,*,#4212,.T.);
#6060=ORIENTED_EDGE('',*,*,#4213,.F.);
#6061=ORIENTED_EDGE('',*,*,#4212,.F.);
#6062=ORIENTED_EDGE('',*,*,#4213,.T.);
#6063=ORIENTED_EDGE('',*,*,#4208,.F.);
#6064=ORIENTED_EDGE('',*,*,#4211,.F.);
#6065=ORIENTED_EDGE('',*,*,#4210,.T.);
#6066=CYLINDRICAL_SURFACE('',#6682,2.75);
#6067=CYLINDRICAL_SURFACE('',#6685,2.75);
#6068=CYLINDRICAL_SURFACE('',#6715,5.50000000000001);
#6069=CYLINDRICAL_SURFACE('',#6721,5.49999999999998);
#6070=CYLINDRICAL_SURFACE('',#6733,2.99999999999998);
#6071=CYLINDRICAL_SURFACE('',#6739,3.);
#6072=CYLINDRICAL_SURFACE('',#6742,2.75);
#6073=CYLINDRICAL_SURFACE('',#6744,2.75);
#6074=CYLINDRICAL_SURFACE('',#6746,2.75);
#6075=CYLINDRICAL_SURFACE('',#6748,2.75);
#6076=CYLINDRICAL_SURFACE('',#6750,10.);
#6077=CYLINDRICAL_SURFACE('',#6751,10.);
#6078=CYLINDRICAL_SURFACE('',#6752,10.);
#6079=CYLINDRICAL_SURFACE('',#6753,10.);
#6080=CYLINDRICAL_SURFACE('',#6754,4.75);
#6081=CYLINDRICAL_SURFACE('',#6756,4.75000000000003);
#6082=CYLINDRICAL_SURFACE('',#6758,4.75);
#6083=CYLINDRICAL_SURFACE('',#6760,4.75000000000003);
#6084=CYLINDRICAL_SURFACE('',#6763,2.75000000000001);
#6085=CYLINDRICAL_SURFACE('',#6766,2.75);
#6086=CYLINDRICAL_SURFACE('',#6769,2.75);
#6087=CYLINDRICAL_SURFACE('',#6772,2.75000000000001);
#6088=CYLINDRICAL_SURFACE('',#6775,2.75);
#6089=CYLINDRICAL_SURFACE('',#6778,2.75);
#6090=CYLINDRICAL_SURFACE('',#6781,3.00000000000001);
#6091=CYLINDRICAL_SURFACE('',#6786,0.812800000000002);
#6092=CYLINDRICAL_SURFACE('',#6789,0.812800000000002);
#6093=CYLINDRICAL_SURFACE('',#6804,3.8128);
#6094=CYLINDRICAL_SURFACE('',#6805,10.);
#6095=CYLINDRICAL_SURFACE('',#6809,10.);
#6096=CYLINDRICAL_SURFACE('',#6813,10.);
#6097=CYLINDRICAL_SURFACE('',#6817,3.00000000000001);
#6098=CYLINDRICAL_SURFACE('',#6833,3.8128);
#6099=CYLINDRICAL_SURFACE('',#6834,20.);
#6100=CYLINDRICAL_SURFACE('',#6847,0.812799999999997);
#6101=CYLINDRICAL_SURFACE('',#6848,10.);
#6102=CYLINDRICAL_SURFACE('',#6852,10.);
#6103=CYLINDRICAL_SURFACE('',#6856,10.);
#6104=CYLINDRICAL_SURFACE('',#6859,3.8128);
#6105=CYLINDRICAL_SURFACE('',#6860,3.00000000000001);
#6106=CYLINDRICAL_SURFACE('',#6866,3.);
#6107=CYLINDRICAL_SURFACE('',#6884,3.8128);
#6108=CYLINDRICAL_SURFACE('',#6885,0.812800000000002);
#6109=CYLINDRICAL_SURFACE('',#6886,20.);
#6110=CYLINDRICAL_SURFACE('',#6893,2.75000000000001);
#6111=CYLINDRICAL_SURFACE('',#6896,2.75);
#6112=CYLINDRICAL_SURFACE('',#6900,10.);
#6113=CYLINDRICAL_SURFACE('',#6904,10.);
#6114=CYLINDRICAL_SURFACE('',#6908,10.);
#6115=CYLINDRICAL_SURFACE('',#6916,10.);
#6116=CYLINDRICAL_SURFACE('',#6920,10.);
#6117=CYLINDRICAL_SURFACE('',#6924,10.);
#6118=CYLINDRICAL_SURFACE('',#6938,0.702799999999997);
#6119=CYLINDRICAL_SURFACE('',#6940,0.702799999999997);
#6120=CYLINDRICAL_SURFACE('',#6943,0.7128);
#6121=CYLINDRICAL_SURFACE('',#6945,0.7128);
#6122=CYLINDRICAL_SURFACE('',#6947,2.75);
#6123=CYLINDRICAL_SURFACE('',#6950,2.75);
#6124=CYLINDRICAL_SURFACE('',#6953,20.);
#6125=CYLINDRICAL_SURFACE('',#6968,3.00000000000001);
#6126=CYLINDRICAL_SURFACE('',#6980,3.00000000000001);
#6127=CYLINDRICAL_SURFACE('',#6986,20.);
#6128=CYLINDRICAL_SURFACE('',#6990,0.702799999999997);
#6129=CYLINDRICAL_SURFACE('',#6992,0.702799999999997);
#6130=CYLINDRICAL_SURFACE('',#6994,0.702799999999997);
#6131=CYLINDRICAL_SURFACE('',#6996,0.702799999999997);
#6132=CYLINDRICAL_SURFACE('',#6999,0.7128);
#6133=CYLINDRICAL_SURFACE('',#7001,0.7128);
#6134=CYLINDRICAL_SURFACE('',#7003,0.7128);
#6135=CYLINDRICAL_SURFACE('',#7005,0.712799999999998);
#6136=CYLINDRICAL_SURFACE('',#7028,0.702799999999997);
#6137=CYLINDRICAL_SURFACE('',#7030,0.702799999999997);
#6138=CYLINDRICAL_SURFACE('',#7033,0.7128);
#6139=CYLINDRICAL_SURFACE('',#7035,0.7128);
#6140=CYLINDRICAL_SURFACE('',#7039,3.00000000000001);
#6141=CYLINDRICAL_SURFACE('',#7051,3.00000000000001);
#6142=CYLINDRICAL_SURFACE('',#7062,0.702799999999997);
#6143=CYLINDRICAL_SURFACE('',#7064,0.702799999999997);
#6144=CYLINDRICAL_SURFACE('',#7067,0.7128);
#6145=CYLINDRICAL_SURFACE('',#7069,0.7128);
#6146=CYLINDRICAL_SURFACE('',#7079,1.7272);
#6147=CYLINDRICAL_SURFACE('',#7084,1.7272);
#6148=CYLINDRICAL_SURFACE('',#7088,6.35);
#6149=CYLINDRICAL_SURFACE('',#7115,0.818331278261952);
#6150=CYLINDRICAL_SURFACE('',#7117,0.2375);
#6151=CYLINDRICAL_SURFACE('',#7119,0.2375);
#6152=CYLINDRICAL_SURFACE('',#7124,2.0828);
#6153=CYLINDRICAL_SURFACE('',#7126,3.96);
#6154=CYLINDRICAL_SURFACE('',#7151,0.818331278261952);
#6155=CYLINDRICAL_SURFACE('',#7152,0.2375);
#6156=CYLINDRICAL_SURFACE('',#7153,0.818331278261952);
#6157=CYLINDRICAL_SURFACE('',#7154,0.818331278261952);
#6158=CYLINDRICAL_SURFACE('',#7155,0.818331278261952);
#6159=CYLINDRICAL_SURFACE('',#7156,0.2375);
#6160=CYLINDRICAL_SURFACE('',#7157,0.818331278261952);
#6161=CYLINDRICAL_SURFACE('',#7158,0.2375);
#6162=CYLINDRICAL_SURFACE('',#7159,0.2375);
#6163=CYLINDRICAL_SURFACE('',#7161,2.15);
#6164=CYLINDRICAL_SURFACE('',#7164,4.5);
#6165=CYLINDRICAL_SURFACE('',#7219,2.0828);
#6166=CYLINDRICAL_SURFACE('',#7228,0.1);
#6167=CYLINDRICAL_SURFACE('',#7233,0.1);
#6168=CYLINDRICAL_SURFACE('',#7237,0.1);
#6169=CYLINDRICAL_SURFACE('',#7245,0.1);
#6170=CYLINDRICAL_SURFACE('',#7247,0.1);
#6171=CYLINDRICAL_SURFACE('',#7257,0.1);
#6172=CYLINDRICAL_SURFACE('',#7282,0.818331278261952);
#6173=CYLINDRICAL_SURFACE('',#7284,0.2375);
#6174=CYLINDRICAL_SURFACE('',#7286,0.2375);
#6175=CYLINDRICAL_SURFACE('',#7291,2.0828);
#6176=CYLINDRICAL_SURFACE('',#7293,3.96);
#6177=CYLINDRICAL_SURFACE('',#7318,0.818331278261952);
#6178=CYLINDRICAL_SURFACE('',#7319,0.2375);
#6179=CYLINDRICAL_SURFACE('',#7320,0.818331278261952);
#6180=CYLINDRICAL_SURFACE('',#7321,0.818331278261952);
#6181=CYLINDRICAL_SURFACE('',#7322,0.818331278261952);
#6182=CYLINDRICAL_SURFACE('',#7323,0.2375);
#6183=CYLINDRICAL_SURFACE('',#7324,0.818331278261952);
#6184=CYLINDRICAL_SURFACE('',#7325,0.2375);
#6185=CYLINDRICAL_SURFACE('',#7326,0.2375);
#6186=CYLINDRICAL_SURFACE('',#7328,2.7);
#6187=CYLINDRICAL_SURFACE('',#7331,7.375);
#6188=CYLINDRICAL_SURFACE('',#7337,2.5);
#6189=CYLINDRICAL_SURFACE('',#7340,12.5);
#6190=ADVANCED_FACE('',(#597),#6066,.F.);
#6191=ADVANCED_FACE('',(#598),#6067,.F.);
#6192=ADVANCED_FACE('',(#599),#429,.T.);
#6193=ADVANCED_FACE('',(#600),#430,.T.);
#6194=ADVANCED_FACE('',(#601),#431,.T.);
#6195=ADVANCED_FACE('',(#602),#432,.T.);
#6196=ADVANCED_FACE('',(#603),#433,.T.);
#6197=ADVANCED_FACE('',(#604),#434,.T.);
#6198=ADVANCED_FACE('',(#605),#435,.T.);
#6199=ADVANCED_FACE('',(#606),#436,.T.);
#6200=ADVANCED_FACE('',(#607,#381),#437,.F.);
#6201=ADVANCED_FACE('',(#608),#438,.T.);
#6202=ADVANCED_FACE('',(#609,#382),#439,.T.);
#6203=ADVANCED_FACE('',(#610),#6068,.T.);
#6204=ADVANCED_FACE('',(#611,#383,#384,#385,#386),#440,.T.);
#6205=ADVANCED_FACE('',(#612),#6069,.T.);
#6206=ADVANCED_FACE('',(#613,#387),#441,.T.);
#6207=ADVANCED_FACE('',(#614),#442,.T.);
#6208=ADVANCED_FACE('',(#615,#388),#443,.F.);
#6209=ADVANCED_FACE('',(#616),#6070,.F.);
#6210=ADVANCED_FACE('',(#617,#389,#390,#391,#392),#444,.F.);
#6211=ADVANCED_FACE('',(#618),#6071,.F.);
#6212=ADVANCED_FACE('',(#619),#445,.T.);
#6213=ADVANCED_FACE('',(#620),#446,.F.);
#6214=ADVANCED_FACE('',(#621),#6072,.F.);
#6215=ADVANCED_FACE('',(#622),#447,.F.);
#6216=ADVANCED_FACE('',(#623),#6073,.F.);
#6217=ADVANCED_FACE('',(#624),#448,.F.);
#6218=ADVANCED_FACE('',(#625),#6074,.F.);
#6219=ADVANCED_FACE('',(#626),#449,.F.);
#6220=ADVANCED_FACE('',(#627),#6075,.F.);
#6221=ADVANCED_FACE('',(#628),#450,.F.);
#6222=ADVANCED_FACE('',(#629),#6076,.T.);
#6223=ADVANCED_FACE('',(#630),#6077,.T.);
#6224=ADVANCED_FACE('',(#631),#6078,.T.);
#6225=ADVANCED_FACE('',(#632),#6079,.T.);
#6226=ADVANCED_FACE('',(#633),#6080,.F.);
#6227=ADVANCED_FACE('',(#634),#451,.F.);
#6228=ADVANCED_FACE('',(#635),#6081,.F.);
#6229=ADVANCED_FACE('',(#636),#452,.F.);
#6230=ADVANCED_FACE('',(#637),#6082,.F.);
#6231=ADVANCED_FACE('',(#638),#453,.F.);
#6232=ADVANCED_FACE('',(#639),#6083,.F.);
#6233=ADVANCED_FACE('',(#640),#454,.F.);
#6234=ADVANCED_FACE('',(#641),#6084,.F.);
#6235=ADVANCED_FACE('',(#642),#6085,.F.);
#6236=ADVANCED_FACE('',(#643),#6086,.F.);
#6237=ADVANCED_FACE('',(#644),#6087,.F.);
#6238=ADVANCED_FACE('',(#645),#6088,.F.);
#6239=ADVANCED_FACE('',(#646),#6089,.F.);
#6240=ADVANCED_FACE('',(#647),#6090,.F.);
#6241=ADVANCED_FACE('',(#648),#6091,.F.);
#6242=ADVANCED_FACE('',(#649),#6092,.F.);
#6243=ADVANCED_FACE('',(#650),#455,.F.);
#6244=ADVANCED_FACE('',(#651),#456,.F.);
#6245=ADVANCED_FACE('',(#652),#457,.F.);
#6246=ADVANCED_FACE('',(#653),#458,.F.);
#6247=ADVANCED_FACE('',(#654),#459,.T.);
#6248=ADVANCED_FACE('',(#655),#460,.T.);
#6249=ADVANCED_FACE('',(#656),#461,.F.);
#6250=ADVANCED_FACE('',(#657),#462,.F.);
#6251=ADVANCED_FACE('',(#658),#463,.T.);
#6252=ADVANCED_FACE('',(#659),#464,.T.);
#6253=ADVANCED_FACE('',(#660),#6093,.T.);
#6254=ADVANCED_FACE('',(#661),#6094,.F.);
#6255=ADVANCED_FACE('',(#662),#465,.F.);
#6256=ADVANCED_FACE('',(#663),#6095,.T.);
#6257=ADVANCED_FACE('',(#664),#466,.T.);
#6258=ADVANCED_FACE('',(#665),#6096,.T.);
#6259=ADVANCED_FACE('',(#666),#467,.T.);
#6260=ADVANCED_FACE('',(#667),#6097,.T.);
#6261=ADVANCED_FACE('',(#668),#468,.T.);
#6262=ADVANCED_FACE('',(#669,#393,#394),#469,.T.);
#6263=ADVANCED_FACE('',(#670),#470,.T.);
#6264=ADVANCED_FACE('',(#671),#471,.F.);
#6265=ADVANCED_FACE('',(#672),#472,.F.);
#6266=ADVANCED_FACE('',(#673,#395),#473,.F.);
#6267=ADVANCED_FACE('',(#674),#474,.F.);
#6268=ADVANCED_FACE('',(#675,#396),#475,.F.);
#6269=ADVANCED_FACE('',(#676),#476,.F.);
#6270=ADVANCED_FACE('',(#677),#477,.T.);
#6271=ADVANCED_FACE('',(#678),#478,.T.);
#6272=ADVANCED_FACE('',(#679),#6098,.T.);
#6273=ADVANCED_FACE('',(#680),#6099,.T.);
#6274=ADVANCED_FACE('',(#681),#479,.F.);
#6275=ADVANCED_FACE('',(#682),#480,.T.);
#6276=ADVANCED_FACE('',(#683,#397),#481,.F.);
#6277=ADVANCED_FACE('',(#684,#398),#482,.T.);
#6278=ADVANCED_FACE('',(#685),#483,.T.);
#6279=ADVANCED_FACE('',(#686),#484,.T.);
#6280=ADVANCED_FACE('',(#687),#6100,.F.);
#6281=ADVANCED_FACE('',(#688),#6101,.T.);
#6282=ADVANCED_FACE('',(#689),#485,.T.);
#6283=ADVANCED_FACE('',(#690),#6102,.T.);
#6284=ADVANCED_FACE('',(#691),#486,.F.);
#6285=ADVANCED_FACE('',(#692),#6103,.F.);
#6286=ADVANCED_FACE('',(#693),#6104,.T.);
#6287=ADVANCED_FACE('',(#694),#6105,.F.);
#6288=ADVANCED_FACE('',(#695),#487,.T.);
#6289=ADVANCED_FACE('',(#696),#6106,.T.);
#6290=ADVANCED_FACE('',(#697),#488,.T.);
#6291=ADVANCED_FACE('',(#698,#399,#400),#489,.T.);
#6292=ADVANCED_FACE('',(#699),#490,.F.);
#6293=ADVANCED_FACE('',(#700,#401),#491,.F.);
#6294=ADVANCED_FACE('',(#701),#492,.F.);
#6295=ADVANCED_FACE('',(#702,#402),#493,.F.);
#6296=ADVANCED_FACE('',(#703),#494,.F.);
#6297=ADVANCED_FACE('',(#704),#495,.F.);
#6298=ADVANCED_FACE('',(#705),#496,.T.);
#6299=ADVANCED_FACE('',(#706),#497,.T.);
#6300=ADVANCED_FACE('',(#707),#498,.T.);
#6301=ADVANCED_FACE('',(#708),#6107,.T.);
#6302=ADVANCED_FACE('',(#709),#6108,.F.);
#6303=ADVANCED_FACE('',(#710),#6109,.T.);
#6304=ADVANCED_FACE('',(#711,#403),#499,.T.);
#6305=ADVANCED_FACE('',(#712),#500,.T.);
#6306=ADVANCED_FACE('',(#713,#404),#501,.F.);
#6307=ADVANCED_FACE('',(#714),#502,.F.);
#6308=ADVANCED_FACE('',(#715),#6110,.F.);
#6309=ADVANCED_FACE('',(#716),#6111,.F.);
#6310=ADVANCED_FACE('',(#717),#503,.T.);
#6311=ADVANCED_FACE('',(#718),#6112,.T.);
#6312=ADVANCED_FACE('',(#719),#504,.T.);
#6313=ADVANCED_FACE('',(#720),#6113,.T.);
#6314=ADVANCED_FACE('',(#721),#505,.T.);
#6315=ADVANCED_FACE('',(#722),#6114,.F.);
#6316=ADVANCED_FACE('',(#723),#506,.T.);
#6317=ADVANCED_FACE('',(#724),#6115,.F.);
#6318=ADVANCED_FACE('',(#725),#507,.T.);
#6319=ADVANCED_FACE('',(#726),#6116,.T.);
#6320=ADVANCED_FACE('',(#727),#508,.T.);
#6321=ADVANCED_FACE('',(#728),#6117,.T.);
#6322=ADVANCED_FACE('',(#729),#509,.F.);
#6323=ADVANCED_FACE('',(#730),#510,.F.);
#6324=ADVANCED_FACE('',(#731),#196,.T.);
#6325=ADVANCED_FACE('',(#732),#511,.F.);
#6326=ADVANCED_FACE('',(#733),#197,.T.);
#6327=ADVANCED_FACE('',(#734),#512,.F.);
#6328=ADVANCED_FACE('',(#735),#198,.T.);
#6329=ADVANCED_FACE('',(#736),#513,.F.);
#6330=ADVANCED_FACE('',(#737),#199,.T.);
#6331=ADVANCED_FACE('',(#738),#514,.F.);
#6332=ADVANCED_FACE('',(#739,#405),#515,.F.);
#6333=ADVANCED_FACE('',(#740),#6118,.F.);
#6334=ADVANCED_FACE('',(#741),#516,.F.);
#6335=ADVANCED_FACE('',(#742),#6119,.F.);
#6336=ADVANCED_FACE('',(#743,#406),#517,.F.);
#6337=ADVANCED_FACE('',(#744,#407),#518,.T.);
#6338=ADVANCED_FACE('',(#745),#6120,.T.);
#6339=ADVANCED_FACE('',(#746),#519,.T.);
#6340=ADVANCED_FACE('',(#747),#6121,.T.);
#6341=ADVANCED_FACE('',(#748,#408),#520,.T.);
#6342=ADVANCED_FACE('',(#749),#6122,.F.);
#6343=ADVANCED_FACE('',(#750),#6123,.F.);
#6344=ADVANCED_FACE('',(#751),#6124,.T.);
#6345=ADVANCED_FACE('',(#752),#521,.F.);
#6346=ADVANCED_FACE('',(#753),#522,.T.);
#6347=ADVANCED_FACE('',(#754),#6125,.F.);
#6348=ADVANCED_FACE('',(#755),#523,.T.);
#6349=ADVANCED_FACE('',(#756),#200,.T.);
#6350=ADVANCED_FACE('',(#757),#524,.T.);
#6351=ADVANCED_FACE('',(#758),#201,.T.);
#6352=ADVANCED_FACE('',(#759),#525,.T.);
#6353=ADVANCED_FACE('',(#760),#202,.T.);
#6354=ADVANCED_FACE('',(#761),#526,.T.);
#6355=ADVANCED_FACE('',(#762),#203,.T.);
#6356=ADVANCED_FACE('',(#763),#527,.T.);
#6357=ADVANCED_FACE('',(#764),#6126,.F.);
#6358=ADVANCED_FACE('',(#765),#528,.T.);
#6359=ADVANCED_FACE('',(#766),#6127,.T.);
#6360=ADVANCED_FACE('',(#767,#409),#529,.F.);
#6361=ADVANCED_FACE('',(#768),#6128,.F.);
#6362=ADVANCED_FACE('',(#769),#530,.F.);
#6363=ADVANCED_FACE('',(#770),#6129,.F.);
#6364=ADVANCED_FACE('',(#771),#531,.F.);
#6365=ADVANCED_FACE('',(#772),#6130,.F.);
#6366=ADVANCED_FACE('',(#773),#532,.F.);
#6367=ADVANCED_FACE('',(#774),#6131,.F.);
#6368=ADVANCED_FACE('',(#775,#410),#533,.F.);
#6369=ADVANCED_FACE('',(#776,#411),#534,.T.);
#6370=ADVANCED_FACE('',(#777),#6132,.T.);
#6371=ADVANCED_FACE('',(#778),#535,.T.);
#6372=ADVANCED_FACE('',(#779),#6133,.T.);
#6373=ADVANCED_FACE('',(#780),#536,.T.);
#6374=ADVANCED_FACE('',(#781),#6134,.T.);
#6375=ADVANCED_FACE('',(#782),#537,.T.);
#6376=ADVANCED_FACE('',(#783),#6135,.T.);
#6377=ADVANCED_FACE('',(#784,#412),#538,.T.);
#6378=ADVANCED_FACE('',(#785),#204,.T.);
#6379=ADVANCED_FACE('',(#786),#539,.F.);
#6380=ADVANCED_FACE('',(#787),#205,.T.);
#6381=ADVANCED_FACE('',(#788),#540,.F.);
#6382=ADVANCED_FACE('',(#789),#206,.T.);
#6383=ADVANCED_FACE('',(#790),#541,.F.);
#6384=ADVANCED_FACE('',(#791),#207,.T.);
#6385=ADVANCED_FACE('',(#792),#542,.F.);
#6386=ADVANCED_FACE('',(#793),#543,.T.);
#6387=ADVANCED_FACE('',(#794),#544,.T.);
#6388=ADVANCED_FACE('',(#795),#208,.T.);
#6389=ADVANCED_FACE('',(#796),#545,.T.);
#6390=ADVANCED_FACE('',(#797),#209,.T.);
#6391=ADVANCED_FACE('',(#798),#546,.T.);
#6392=ADVANCED_FACE('',(#799),#210,.T.);
#6393=ADVANCED_FACE('',(#800),#547,.T.);
#6394=ADVANCED_FACE('',(#801),#211,.T.);
#6395=ADVANCED_FACE('',(#802),#548,.T.);
#6396=ADVANCED_FACE('',(#803),#549,.F.);
#6397=ADVANCED_FACE('',(#804),#550,.F.);
#6398=ADVANCED_FACE('',(#805),#551,.F.);
#6399=ADVANCED_FACE('',(#806),#6136,.F.);
#6400=ADVANCED_FACE('',(#807),#552,.F.);
#6401=ADVANCED_FACE('',(#808),#6137,.F.);
#6402=ADVANCED_FACE('',(#809),#553,.F.);
#6403=ADVANCED_FACE('',(#810),#554,.T.);
#6404=ADVANCED_FACE('',(#811),#6138,.T.);
#6405=ADVANCED_FACE('',(#812),#555,.T.);
#6406=ADVANCED_FACE('',(#813),#6139,.T.);
#6407=ADVANCED_FACE('',(#814),#556,.T.);
#6408=ADVANCED_FACE('',(#815),#212,.T.);
#6409=ADVANCED_FACE('',(#816),#557,.F.);
#6410=ADVANCED_FACE('',(#817),#213,.T.);
#6411=ADVANCED_FACE('',(#818),#558,.F.);
#6412=ADVANCED_FACE('',(#819),#6140,.F.);
#6413=ADVANCED_FACE('',(#820),#559,.T.);
#6414=ADVANCED_FACE('',(#821),#214,.T.);
#6415=ADVANCED_FACE('',(#822),#560,.T.);
#6416=ADVANCED_FACE('',(#823),#215,.T.);
#6417=ADVANCED_FACE('',(#824),#561,.T.);
#6418=ADVANCED_FACE('',(#825),#216,.T.);
#6419=ADVANCED_FACE('',(#826),#562,.T.);
#6420=ADVANCED_FACE('',(#827),#217,.T.);
#6421=ADVANCED_FACE('',(#828),#563,.T.);
#6422=ADVANCED_FACE('',(#829),#6141,.F.);
#6423=ADVANCED_FACE('',(#830),#564,.F.);
#6424=ADVANCED_FACE('',(#831),#218,.T.);
#6425=ADVANCED_FACE('',(#832),#565,.F.);
#6426=ADVANCED_FACE('',(#833),#219,.T.);
#6427=ADVANCED_FACE('',(#834),#566,.F.);
#6428=ADVANCED_FACE('',(#835),#567,.F.);
#6429=ADVANCED_FACE('',(#836),#6142,.F.);
#6430=ADVANCED_FACE('',(#837),#568,.F.);
#6431=ADVANCED_FACE('',(#838),#6143,.F.);
#6432=ADVANCED_FACE('',(#839),#569,.F.);
#6433=ADVANCED_FACE('',(#840),#570,.T.);
#6434=ADVANCED_FACE('',(#841),#6144,.T.);
#6435=ADVANCED_FACE('',(#842),#571,.T.);
#6436=ADVANCED_FACE('',(#843),#6145,.T.);
#6437=ADVANCED_FACE('',(#844),#572,.T.);
#6438=ADVANCED_FACE('',(#845),#176,.T.);
#6439=ADVANCED_FACE('',(#846),#177,.T.);
#6440=ADVANCED_FACE('',(#847),#6146,.F.);
#6441=ADVANCED_FACE('',(#848),#178,.F.);
#6442=ADVANCED_FACE('',(#849),#6147,.F.);
#6443=ADVANCED_FACE('',(#850),#179,.F.);
#6444=ADVANCED_FACE('',(#851),#6148,.T.);
#6445=ADVANCED_FACE('',(#852,#413),#573,.T.);
#6446=ADVANCED_FACE('',(#853,#414),#574,.F.);
#6447=ADVANCED_FACE('',(#854),#161,.T.);
#6448=ADVANCED_FACE('',(#855),#162,.T.);
#6449=ADVANCED_FACE('',(#856),#163,.T.);
#6450=ADVANCED_FACE('',(#857),#164,.T.);
#6451=ADVANCED_FACE('',(#858),#165,.T.);
#6452=ADVANCED_FACE('',(#859),#6149,.T.);
#6453=ADVANCED_FACE('',(#860),#6150,.F.);
#6454=ADVANCED_FACE('',(#861),#6151,.F.);
#6455=ADVANCED_FACE('',(#862),#180,.F.);
#6456=ADVANCED_FACE('',(#863),#181,.T.);
#6457=ADVANCED_FACE('',(#864),#6152,.T.);
#6458=ADVANCED_FACE('',(#865),#6153,.T.);
#6459=ADVANCED_FACE('',(#866,#415),#147,.T.);
#6460=ADVANCED_FACE('',(#867,#416),#575,.F.);
#6461=ADVANCED_FACE('',(#868,#417),#576,.F.);
#6462=ADVANCED_FACE('',(#869),#577,.F.);
#6463=ADVANCED_FACE('',(#870),#182,.F.);
#6464=ADVANCED_FACE('',(#871),#183,.F.);
#6465=ADVANCED_FACE('',(#872),#184,.F.);
#6466=ADVANCED_FACE('',(#873),#185,.F.);
#6467=ADVANCED_FACE('',(#874),#186,.F.);
#6468=ADVANCED_FACE('',(#875),#578,.T.);
#6469=ADVANCED_FACE('',(#876),#6154,.T.);
#6470=ADVANCED_FACE('',(#877),#6155,.F.);
#6471=ADVANCED_FACE('',(#878),#6156,.T.);
#6472=ADVANCED_FACE('',(#879),#6157,.T.);
#6473=ADVANCED_FACE('',(#880),#6158,.T.);
#6474=ADVANCED_FACE('',(#881),#6159,.F.);
#6475=ADVANCED_FACE('',(#882),#6160,.T.);
#6476=ADVANCED_FACE('',(#883),#6161,.F.);
#6477=ADVANCED_FACE('',(#884),#6162,.F.);
#6478=ADVANCED_FACE('',(#885),#6163,.F.);
#6479=ADVANCED_FACE('',(#886),#6164,.T.);
#6480=ADVANCED_FACE('',(#887,#418),#579,.T.);
#6481=ADVANCED_FACE('',(#888,#419),#580,.F.);
#6482=ADVANCED_FACE('',(#889),#148,.T.);
#6483=ADVANCED_FACE('',(#890),#149,.T.);
#6484=ADVANCED_FACE('',(#891),#150,.T.);
#6485=ADVANCED_FACE('',(#892),#151,.T.);
#6486=ADVANCED_FACE('',(#893),#152,.T.);
#6487=ADVANCED_FACE('',(#894),#153,.T.);
#6488=ADVANCED_FACE('',(#895),#166,.T.);
#6489=ADVANCED_FACE('',(#896),#167,.T.);
#6490=ADVANCED_FACE('',(#897),#168,.F.);
#6491=ADVANCED_FACE('',(#898),#169,.T.);
#6492=ADVANCED_FACE('',(#899),#170,.T.);
#6493=ADVANCED_FACE('',(#900),#187,.T.);
#6494=ADVANCED_FACE('',(#901),#188,.T.);
#6495=ADVANCED_FACE('',(#902),#6165,.F.);
#6496=ADVANCED_FACE('',(#903,#420),#581,.T.);
#6497=ADVANCED_FACE('',(#904,#421),#582,.F.);
#6498=ADVANCED_FACE('',(#905),#583,.F.);
#6499=ADVANCED_FACE('',(#906),#584,.F.);
#6500=ADVANCED_FACE('',(#907),#585,.F.);
#6501=ADVANCED_FACE('',(#908),#586,.F.);
#6502=ADVANCED_FACE('',(#909),#587,.F.);
#6503=ADVANCED_FACE('',(#910),#588,.F.);
#6504=ADVANCED_FACE('',(#911),#6166,.T.);
#6505=ADVANCED_FACE('',(#912),#154,.T.);
#6506=ADVANCED_FACE('',(#913),#135,.T.);
#6507=ADVANCED_FACE('',(#914),#136,.T.);
#6508=ADVANCED_FACE('',(#915),#6167,.T.);
#6509=ADVANCED_FACE('',(#916),#137,.T.);
#6510=ADVANCED_FACE('',(#917),#138,.T.);
#6511=ADVANCED_FACE('',(#918),#6168,.T.);
#6512=ADVANCED_FACE('',(#919),#155,.T.);
#6513=ADVANCED_FACE('',(#920),#156,.T.);
#6514=ADVANCED_FACE('',(#921),#139,.T.);
#6515=ADVANCED_FACE('',(#922),#140,.T.);
#6516=ADVANCED_FACE('',(#923),#6169,.T.);
#6517=ADVANCED_FACE('',(#924),#141,.T.);
#6518=ADVANCED_FACE('',(#925),#142,.T.);
#6519=ADVANCED_FACE('',(#926),#6170,.T.);
#6520=ADVANCED_FACE('',(#927),#157,.T.);
#6521=ADVANCED_FACE('',(#928),#158,.T.);
#6522=ADVANCED_FACE('',(#929),#143,.T.);
#6523=ADVANCED_FACE('',(#930),#144,.T.);
#6524=ADVANCED_FACE('',(#931),#145,.T.);
#6525=ADVANCED_FACE('',(#932),#146,.T.);
#6526=ADVANCED_FACE('',(#933),#159,.T.);
#6527=ADVANCED_FACE('',(#934),#6171,.T.);
#6528=ADVANCED_FACE('',(#935),#171,.T.);
#6529=ADVANCED_FACE('',(#936),#172,.T.);
#6530=ADVANCED_FACE('',(#937),#173,.T.);
#6531=ADVANCED_FACE('',(#938),#174,.T.);
#6532=ADVANCED_FACE('',(#939),#175,.T.);
#6533=ADVANCED_FACE('',(#940),#6172,.T.);
#6534=ADVANCED_FACE('',(#941),#6173,.F.);
#6535=ADVANCED_FACE('',(#942),#6174,.F.);
#6536=ADVANCED_FACE('',(#943),#189,.F.);
#6537=ADVANCED_FACE('',(#944),#190,.T.);
#6538=ADVANCED_FACE('',(#945),#6175,.T.);
#6539=ADVANCED_FACE('',(#946),#6176,.T.);
#6540=ADVANCED_FACE('',(#947,#422),#160,.T.);
#6541=ADVANCED_FACE('',(#948,#423),#589,.F.);
#6542=ADVANCED_FACE('',(#949,#424),#590,.F.);
#6543=ADVANCED_FACE('',(#950),#591,.F.);
#6544=ADVANCED_FACE('',(#951),#191,.F.);
#6545=ADVANCED_FACE('',(#952),#192,.F.);
#6546=ADVANCED_FACE('',(#953),#193,.F.);
#6547=ADVANCED_FACE('',(#954),#194,.F.);
#6548=ADVANCED_FACE('',(#955),#195,.F.);
#6549=ADVANCED_FACE('',(#956),#592,.T.);
#6550=ADVANCED_FACE('',(#957),#6177,.T.);
#6551=ADVANCED_FACE('',(#958),#6178,.F.);
#6552=ADVANCED_FACE('',(#959),#6179,.T.);
#6553=ADVANCED_FACE('',(#960),#6180,.T.);
#6554=ADVANCED_FACE('',(#961),#6181,.T.);
#6555=ADVANCED_FACE('',(#962),#6182,.F.);
#6556=ADVANCED_FACE('',(#963),#6183,.T.);
#6557=ADVANCED_FACE('',(#964),#6184,.F.);
#6558=ADVANCED_FACE('',(#965),#6185,.F.);
#6559=ADVANCED_FACE('',(#966),#6186,.F.);
#6560=ADVANCED_FACE('',(#967),#6187,.T.);
#6561=ADVANCED_FACE('',(#968,#425),#593,.T.);
#6562=ADVANCED_FACE('',(#969,#426),#594,.F.);
#6563=ADVANCED_FACE('',(#970),#6188,.F.);
#6564=ADVANCED_FACE('',(#971),#6189,.T.);
#6565=ADVANCED_FACE('',(#972,#427),#595,.T.);
#6566=ADVANCED_FACE('',(#973,#428),#596,.F.);
#6567=CLOSED_SHELL('',(#6190,#6191,#6192,#6193,#6194,#6195,#6196,#6197,
#6198,#6199,#6200,#6201,#6202,#6203,#6204,#6205,#6206,#6207,#6208,#6209,
#6210,#6211,#6212,#6213,#6214,#6215,#6216,#6217,#6218,#6219,#6220,#6221,
#6222,#6223,#6224,#6225,#6226,#6227,#6228,#6229,#6230,#6231,#6232,#6233));
#6568=CLOSED_SHELL('',(#6234,#6235,#6236,#6237,#6238,#6239,#6240,#6241,
#6242,#6243,#6244,#6245,#6246,#6247,#6248,#6249,#6250,#6251,#6252,#6253,
#6254,#6255,#6256,#6257,#6258,#6259,#6260,#6261,#6262,#6263,#6264,#6265,
#6266,#6267,#6268,#6269,#6270,#6271,#6272,#6273,#6274,#6275,#6276,#6277,
#6278,#6279,#6280,#6281,#6282,#6283,#6284,#6285,#6286,#6287,#6288,#6289,
#6290,#6291,#6292,#6293,#6294,#6295,#6296,#6297,#6298,#6299,#6300,#6301,
#6302,#6303,#6304,#6305,#6306,#6307));
#6569=CLOSED_SHELL('',(#6308,#6309,#6310,#6311,#6312,#6313,#6314,#6315,
#6316,#6317,#6318,#6319,#6320,#6321,#6322,#6323,#6324,#6325,#6326,#6327,
#6328,#6329,#6330,#6331,#6332,#6333,#6334,#6335,#6336,#6337,#6338,#6339,
#6340,#6341));
#6570=CLOSED_SHELL('',(#6342,#6343,#6344,#6345,#6346,#6347,#6348,#6349,
#6350,#6351,#6352,#6353,#6354,#6355,#6356,#6357,#6358,#6359,#6360,#6361,
#6362,#6363,#6364,#6365,#6366,#6367,#6368,#6369,#6370,#6371,#6372,#6373,
#6374,#6375,#6376,#6377));
#6571=CLOSED_SHELL('',(#6378,#6379,#6380,#6381,#6382,#6383,#6384,#6385,
#6386,#6387,#6388,#6389,#6390,#6391,#6392,#6393,#6394,#6395,#6396,#6397,
#6398,#6399,#6400,#6401,#6402,#6403,#6404,#6405,#6406,#6407));
#6572=CLOSED_SHELL('',(#6408,#6409,#6410,#6411,#6412,#6413,#6414,#6415,
#6416,#6417,#6418,#6419,#6420,#6421,#6422,#6423,#6424,#6425,#6426,#6427,
#6428,#6429,#6430,#6431,#6432,#6433,#6434,#6435,#6436,#6437));
#6573=CLOSED_SHELL('',(#6438,#6439,#6440,#6441,#6442,#6443,#6444,#6445,
#6446));
#6574=CLOSED_SHELL('',(#6447,#6448,#6449,#6450,#6451,#6452,#6453,#6454,
#6455,#6456,#6457,#6458,#6459,#6460,#6461,#6462,#6463,#6464,#6465,#6466,
#6467,#6468,#6469,#6470,#6471,#6472,#6473,#6474,#6475,#6476,#6477));
#6575=CLOSED_SHELL('',(#6478,#6479,#6480,#6481));
#6576=CLOSED_SHELL('',(#6482,#6483,#6484,#6485,#6486,#6487,#6488,#6489,
#6490,#6491,#6492,#6493,#6494,#6495,#6496,#6497,#6498,#6499,#6500,#6501,
#6502,#6503,#6504,#6505,#6506,#6507,#6508,#6509,#6510,#6511,#6512,#6513,
#6514,#6515,#6516,#6517,#6518,#6519,#6520,#6521,#6522,#6523,#6524,#6525,
#6526,#6527));
#6577=CLOSED_SHELL('',(#6528,#6529,#6530,#6531,#6532,#6533,#6534,#6535,
#6536,#6537,#6538,#6539,#6540,#6541,#6542,#6543,#6544,#6545,#6546,#6547,
#6548,#6549,#6550,#6551,#6552,#6553,#6554,#6555,#6556,#6557,#6558));
#6578=CLOSED_SHELL('',(#6559,#6560,#6561,#6562));
#6579=CLOSED_SHELL('',(#6563,#6564,#6565,#6566));
#6580=DERIVED_UNIT_ELEMENT(#6598,1.);
#6581=DERIVED_UNIT_ELEMENT(#12962,-3.);
#6582=DERIVED_UNIT_ELEMENT(#6598,1.);
#6583=DERIVED_UNIT_ELEMENT(#12962,-3.);
#6584=DERIVED_UNIT_ELEMENT(#6598,1.);
#6585=DERIVED_UNIT_ELEMENT(#12962,-3.);
#6586=DERIVED_UNIT_ELEMENT(#6598,1.);
#6587=DERIVED_UNIT_ELEMENT(#12962,-3.);
#6588=DERIVED_UNIT_ELEMENT(#6598,1.);
#6589=DERIVED_UNIT_ELEMENT(#12962,-3.);
#6590=DERIVED_UNIT_ELEMENT(#6598,1.);
#6591=DERIVED_UNIT_ELEMENT(#12962,-3.);
#6592=DERIVED_UNIT_ELEMENT(#6598,1.);
#6593=DERIVED_UNIT_ELEMENT(#12962,-3.);
#6594=DERIVED_UNIT_ELEMENT(#6598,1.);
#6595=DERIVED_UNIT_ELEMENT(#12962,-3.);
#6596=DERIVED_UNIT_ELEMENT(#6598,1.);
#6597=DERIVED_UNIT_ELEMENT(#12962,-3.);
#6598=(
MASS_UNIT()
NAMED_UNIT(*)
SI_UNIT(.KILO.,.GRAM.)
);
#6599=DERIVED_UNIT((#6580,#6581));
#6600=DERIVED_UNIT((#6582,#6583));
#6601=DERIVED_UNIT((#6584,#6585));
#6602=DERIVED_UNIT((#6586,#6587));
#6603=DERIVED_UNIT((#6588,#6589));
#6604=DERIVED_UNIT((#6590,#6591));
#6605=DERIVED_UNIT((#6592,#6593));
#6606=DERIVED_UNIT((#6594,#6595));
#6607=DERIVED_UNIT((#6596,#6597));
#6608=MEASURE_REPRESENTATION_ITEM('density measure',
POSITIVE_RATIO_MEASURE(7850.),#6599);
#6609=MEASURE_REPRESENTATION_ITEM('density measure',
POSITIVE_RATIO_MEASURE(7850.),#6600);
#6610=MEASURE_REPRESENTATION_ITEM('density measure',
POSITIVE_RATIO_MEASURE(7850.),#6601);
#6611=MEASURE_REPRESENTATION_ITEM('density measure',
POSITIVE_RATIO_MEASURE(7850.),#6602);
#6612=MEASURE_REPRESENTATION_ITEM('density measure',
POSITIVE_RATIO_MEASURE(7850.),#6603);
#6613=MEASURE_REPRESENTATION_ITEM('density measure',
POSITIVE_RATIO_MEASURE(7850.),#6604);
#6614=MEASURE_REPRESENTATION_ITEM('density measure',
POSITIVE_RATIO_MEASURE(7850.),#6605);
#6615=MEASURE_REPRESENTATION_ITEM('density measure',
POSITIVE_RATIO_MEASURE(7850.),#6606);
#6616=MEASURE_REPRESENTATION_ITEM('density measure',
POSITIVE_RATIO_MEASURE(7850.),#6607);
#6617=PROPERTY_DEFINITION_REPRESENTATION(#6662,#6635);
#6618=PROPERTY_DEFINITION_REPRESENTATION(#6663,#6636);
#6619=PROPERTY_DEFINITION_REPRESENTATION(#6664,#6637);
#6620=PROPERTY_DEFINITION_REPRESENTATION(#6665,#6638);
#6621=PROPERTY_DEFINITION_REPRESENTATION(#6666,#6639);
#6622=PROPERTY_DEFINITION_REPRESENTATION(#6667,#6640);
#6623=PROPERTY_DEFINITION_REPRESENTATION(#6668,#6641);
#6624=PROPERTY_DEFINITION_REPRESENTATION(#6669,#6642);
#6625=PROPERTY_DEFINITION_REPRESENTATION(#6670,#6643);
#6626=PROPERTY_DEFINITION_REPRESENTATION(#6671,#6644);
#6627=PROPERTY_DEFINITION_REPRESENTATION(#6672,#6645);
#6628=PROPERTY_DEFINITION_REPRESENTATION(#6673,#6646);
#6629=PROPERTY_DEFINITION_REPRESENTATION(#6674,#6647);
#6630=PROPERTY_DEFINITION_REPRESENTATION(#6675,#6648);
#6631=PROPERTY_DEFINITION_REPRESENTATION(#6676,#6649);
#6632=PROPERTY_DEFINITION_REPRESENTATION(#6677,#6650);
#6633=PROPERTY_DEFINITION_REPRESENTATION(#6678,#6651);
#6634=PROPERTY_DEFINITION_REPRESENTATION(#6679,#6652);
#6635=REPRESENTATION('material name',(#6653),#12951);
#6636=REPRESENTATION('density',(#6608),#12951);
#6637=REPRESENTATION('material name',(#6654),#12952);
#6638=REPRESENTATION('density',(#6609),#12952);
#6639=REPRESENTATION('material name',(#6655),#12953);
#6640=REPRESENTATION('density',(#6610),#12953);
#6641=REPRESENTATION('material name',(#6656),#12954);
#6642=REPRESENTATION('density',(#6611),#12954);
#6643=REPRESENTATION('material name',(#6657),#12955);
#6644=REPRESENTATION('density',(#6612),#12955);
#6645=REPRESENTATION('material name',(#6658),#12956);
#6646=REPRESENTATION('density',(#6613),#12956);
#6647=REPRESENTATION('material name',(#6659),#12957);
#6648=REPRESENTATION('density',(#6614),#12957);
#6649=REPRESENTATION('material name',(#6660),#12958);
#6650=REPRESENTATION('density',(#6615),#12958);
#6651=REPRESENTATION('material name',(#6661),#12959);
#6652=REPRESENTATION('density',(#6616),#12959);
#6653=DESCRIPTIVE_REPRESENTATION_ITEM('Steel','Steel');
#6654=DESCRIPTIVE_REPRESENTATION_ITEM('Steel','Steel');
#6655=DESCRIPTIVE_REPRESENTATION_ITEM('Steel','Steel');
#6656=DESCRIPTIVE_REPRESENTATION_ITEM('Steel','Steel');
#6657=DESCRIPTIVE_REPRESENTATION_ITEM('Steel','Steel');
#6658=DESCRIPTIVE_REPRESENTATION_ITEM('Steel','Steel');
#6659=DESCRIPTIVE_REPRESENTATION_ITEM('Steel','Steel');
#6660=DESCRIPTIVE_REPRESENTATION_ITEM('Steel','Steel');
#6661=DESCRIPTIVE_REPRESENTATION_ITEM('Steel','Steel');
#6662=PROPERTY_DEFINITION('material property','material name',#13022);
#6663=PROPERTY_DEFINITION('material property','density of part',#13022);
#6664=PROPERTY_DEFINITION('material property','material name',#13023);
#6665=PROPERTY_DEFINITION('material property','density of part',#13023);
#6666=PROPERTY_DEFINITION('material property','material name',#13024);
#6667=PROPERTY_DEFINITION('material property','density of part',#13024);
#6668=PROPERTY_DEFINITION('material property','material name',#13025);
#6669=PROPERTY_DEFINITION('material property','density of part',#13025);
#6670=PROPERTY_DEFINITION('material property','material name',#13026);
#6671=PROPERTY_DEFINITION('material property','density of part',#13026);
#6672=PROPERTY_DEFINITION('material property','material name',#13027);
#6673=PROPERTY_DEFINITION('material property','density of part',#13027);
#6674=PROPERTY_DEFINITION('material property','material name',#13028);
#6675=PROPERTY_DEFINITION('material property','density of part',#13028);
#6676=PROPERTY_DEFINITION('material property','material name',#13029);
#6677=PROPERTY_DEFINITION('material property','density of part',#13029);
#6678=PROPERTY_DEFINITION('material property','material name',#13030);
#6679=PROPERTY_DEFINITION('material property','density of part',#13030);
#6680=AXIS2_PLACEMENT_3D('',#9249,#7371,#7372);
#6681=AXIS2_PLACEMENT_3D('',#9250,#7373,#7374);
#6682=AXIS2_PLACEMENT_3D('',#9251,#7375,#7376);
#6683=AXIS2_PLACEMENT_3D('',#9253,#7377,#7378);
#6684=AXIS2_PLACEMENT_3D('',#9256,#7380,#7381);
#6685=AXIS2_PLACEMENT_3D('',#9257,#7382,#7383);
#6686=AXIS2_PLACEMENT_3D('',#9259,#7384,#7385);
#6687=AXIS2_PLACEMENT_3D('',#9262,#7387,#7388);
#6688=AXIS2_PLACEMENT_3D('',#9263,#7389,#7390);
#6689=AXIS2_PLACEMENT_3D('',#9268,#7392,#7393);
#6690=AXIS2_PLACEMENT_3D('',#9271,#7395,#7396);
#6691=AXIS2_PLACEMENT_3D('',#9272,#7397,#7398);
#6692=AXIS2_PLACEMENT_3D('',#9278,#7402,#7403);
#6693=AXIS2_PLACEMENT_3D('',#9283,#7405,#7406);
#6694=AXIS2_PLACEMENT_3D('',#9286,#7408,#7409);
#6695=AXIS2_PLACEMENT_3D('',#9287,#7410,#7411);
#6696=AXIS2_PLACEMENT_3D('',#9293,#7415,#7416);
#6697=AXIS2_PLACEMENT_3D('',#9297,#7418,#7419);
#6698=AXIS2_PLACEMENT_3D('',#9298,#7420,#7421);
#6699=AXIS2_PLACEMENT_3D('',#9299,#7422,#7423);
#6700=AXIS2_PLACEMENT_3D('',#9305,#7427,#7428);
#6701=AXIS2_PLACEMENT_3D('',#9310,#7430,#7431);
#6702=AXIS2_PLACEMENT_3D('',#9313,#7433,#7434);
#6703=AXIS2_PLACEMENT_3D('',#9314,#7435,#7436);
#6704=AXIS2_PLACEMENT_3D('',#9317,#7439,#7440);
#6705=AXIS2_PLACEMENT_3D('',#9319,#7441,#7442);
#6706=AXIS2_PLACEMENT_3D('',#9323,#7444,#7445);
#6707=AXIS2_PLACEMENT_3D('',#9330,#7449,#7450);
#6708=AXIS2_PLACEMENT_3D('',#9333,#7452,#7453);
#6709=AXIS2_PLACEMENT_3D('',#9334,#7454,#7455);
#6710=AXIS2_PLACEMENT_3D('',#9340,#7459,#7460);
#6711=AXIS2_PLACEMENT_3D('',#9341,#7461,#7462);
#6712=AXIS2_PLACEMENT_3D('',#9345,#7465,#7466);
#6713=AXIS2_PLACEMENT_3D('',#9348,#7467,#7468);
#6714=AXIS2_PLACEMENT_3D('',#9352,#7470,#7471);
#6715=AXIS2_PLACEMENT_3D('',#9354,#7473,#7474);
#6716=AXIS2_PLACEMENT_3D('',#9356,#7476,#7477);
#6717=AXIS2_PLACEMENT_3D('',#9360,#7479,#7480);
#6718=AXIS2_PLACEMENT_3D('',#9364,#7482,#7483);
#6719=AXIS2_PLACEMENT_3D('',#9368,#7485,#7486);
#6720=AXIS2_PLACEMENT_3D('',#9372,#7488,#7489);
#6721=AXIS2_PLACEMENT_3D('',#9374,#7491,#7492);
#6722=AXIS2_PLACEMENT_3D('',#9376,#7494,#7495);
#6723=AXIS2_PLACEMENT_3D('',#9380,#7497,#7498);
#6724=AXIS2_PLACEMENT_3D('',#9383,#7500,#7501);
#6725=AXIS2_PLACEMENT_3D('',#9386,#7502,#7503);
#6726=AXIS2_PLACEMENT_3D('',#9390,#7505,#7506);
#6727=AXIS2_PLACEMENT_3D('',#9392,#7508,#7509);
#6728=AXIS2_PLACEMENT_3D('',#9398,#7513,#7514);
#6729=AXIS2_PLACEMENT_3D('',#9399,#7515,#7516);
#6730=AXIS2_PLACEMENT_3D('',#9401,#7517,#7518);
#6731=AXIS2_PLACEMENT_3D('',#9408,#7522,#7523);
#6732=AXIS2_PLACEMENT_3D('',#9411,#7525,#7526);
#6733=AXIS2_PLACEMENT_3D('',#9412,#7527,#7528);
#6734=AXIS2_PLACEMENT_3D('',#9414,#7530,#7531);
#6735=AXIS2_PLACEMENT_3D('',#9420,#7534,#7535);
#6736=AXIS2_PLACEMENT_3D('',#9423,#7537,#7538);
#6737=AXIS2_PLACEMENT_3D('',#9428,#7540,#7541);
#6738=AXIS2_PLACEMENT_3D('',#9431,#7543,#7544);
#6739=AXIS2_PLACEMENT_3D('',#9432,#7545,#7546);
#6740=AXIS2_PLACEMENT_3D('',#9433,#7547,#7548);
#6741=AXIS2_PLACEMENT_3D('',#9435,#7550,#7551);
#6742=AXIS2_PLACEMENT_3D('',#9437,#7553,#7554);
#6743=AXIS2_PLACEMENT_3D('',#9440,#7557,#7558);
#6744=AXIS2_PLACEMENT_3D('',#9442,#7560,#7561);
#6745=AXIS2_PLACEMENT_3D('',#9444,#7563,#7564);
#6746=AXIS2_PLACEMENT_3D('',#9445,#7565,#7566);
#6747=AXIS2_PLACEMENT_3D('',#9448,#7569,#7570);
#6748=AXIS2_PLACEMENT_3D('',#9450,#7572,#7573);
#6749=AXIS2_PLACEMENT_3D('',#9452,#7575,#7576);
#6750=AXIS2_PLACEMENT_3D('',#9453,#7577,#7578);
#6751=AXIS2_PLACEMENT_3D('',#9454,#7579,#7580);
#6752=AXIS2_PLACEMENT_3D('',#9455,#7581,#7582);
#6753=AXIS2_PLACEMENT_3D('',#9456,#7583,#7584);
#6754=AXIS2_PLACEMENT_3D('',#9457,#7585,#7586);
#6755=AXIS2_PLACEMENT_3D('',#9460,#7589,#7590);
#6756=AXIS2_PLACEMENT_3D('',#9462,#7592,#7593);
#6757=AXIS2_PLACEMENT_3D('',#9464,#7595,#7596);
#6758=AXIS2_PLACEMENT_3D('',#9465,#7597,#7598);
#6759=AXIS2_PLACEMENT_3D('',#9468,#7601,#7602);
#6760=AXIS2_PLACEMENT_3D('',#9470,#7604,#7605);
#6761=AXIS2_PLACEMENT_3D('',#9472,#7607,#7608);
#6762=AXIS2_PLACEMENT_3D('',#9473,#7609,#7610);
#6763=AXIS2_PLACEMENT_3D('',#9474,#7611,#7612);
#6764=AXIS2_PLACEMENT_3D('',#9476,#7613,#7614);
#6765=AXIS2_PLACEMENT_3D('',#9479,#7616,#7617);
#6766=AXIS2_PLACEMENT_3D('',#9480,#7618,#7619);
#6767=AXIS2_PLACEMENT_3D('',#9482,#7620,#7621);
#6768=AXIS2_PLACEMENT_3D('',#9485,#7623,#7624);
#6769=AXIS2_PLACEMENT_3D('',#9486,#7625,#7626);
#6770=AXIS2_PLACEMENT_3D('',#9488,#7627,#7628);
#6771=AXIS2_PLACEMENT_3D('',#9491,#7630,#7631);
#6772=AXIS2_PLACEMENT_3D('',#9492,#7632,#7633);
#6773=AXIS2_PLACEMENT_3D('',#9494,#7634,#7635);
#6774=AXIS2_PLACEMENT_3D('',#9497,#7637,#7638);
#6775=AXIS2_PLACEMENT_3D('',#9498,#7639,#7640);
#6776=AXIS2_PLACEMENT_3D('',#9500,#7641,#7642);
#6777=AXIS2_PLACEMENT_3D('',#9503,#7644,#7645);
#6778=AXIS2_PLACEMENT_3D('',#9504,#7646,#7647);
#6779=AXIS2_PLACEMENT_3D('',#9506,#7648,#7649);
#6780=AXIS2_PLACEMENT_3D('',#9509,#7651,#7652);
#6781=AXIS2_PLACEMENT_3D('',#9510,#7653,#7654);
#6782=AXIS2_PLACEMENT_3D('',#9513,#7655,#7656);
#6783=AXIS2_PLACEMENT_3D('',#9515,#7657,#7658);
#6784=AXIS2_PLACEMENT_3D('',#9517,#7659,#7660);
#6785=AXIS2_PLACEMENT_3D('',#9521,#7662,#7663);
#6786=AXIS2_PLACEMENT_3D('',#9523,#7665,#7666);
#6787=AXIS2_PLACEMENT_3D('',#9528,#7668,#7669);
#6788=AXIS2_PLACEMENT_3D('',#9540,#7675,#7676);
#6789=AXIS2_PLACEMENT_3D('',#9548,#7681,#7682);
#6790=AXIS2_PLACEMENT_3D('',#9553,#7684,#7685);
#6791=AXIS2_PLACEMENT_3D('',#9565,#7691,#7692);
#6792=AXIS2_PLACEMENT_3D('',#9573,#7697,#7698);
#6793=AXIS2_PLACEMENT_3D('',#9576,#7701,#7702);
#6794=AXIS2_PLACEMENT_3D('',#9579,#7705,#7706);
#6795=AXIS2_PLACEMENT_3D('',#9580,#7707,#7708);
#6796=AXIS2_PLACEMENT_3D('',#9582,#7710,#7711);
#6797=AXIS2_PLACEMENT_3D('',#9588,#7715,#7716);
#6798=AXIS2_PLACEMENT_3D('',#9594,#7720,#7721);
#6799=AXIS2_PLACEMENT_3D('',#9596,#7723,#7724);
#6800=AXIS2_PLACEMENT_3D('',#9599,#7727,#7728);
#6801=AXIS2_PLACEMENT_3D('',#9602,#7730,#7731);
#6802=AXIS2_PLACEMENT_3D('',#9603,#7732,#7733);
#6803=AXIS2_PLACEMENT_3D('',#9606,#7735,#7736);
#6804=AXIS2_PLACEMENT_3D('',#9607,#7737,#7738);
#6805=AXIS2_PLACEMENT_3D('',#9609,#7740,#7741);
#6806=AXIS2_PLACEMENT_3D('',#9612,#7742,#7743);
#6807=AXIS2_PLACEMENT_3D('',#9616,#7745,#7746);
#6808=AXIS2_PLACEMENT_3D('',#9618,#7748,#7749);
#6809=AXIS2_PLACEMENT_3D('',#9624,#7753,#7754);
#6810=AXIS2_PLACEMENT_3D('',#9626,#7755,#7756);
#6811=AXIS2_PLACEMENT_3D('',#9628,#7757,#7758);
#6812=AXIS2_PLACEMENT_3D('',#9630,#7760,#7761);
#6813=AXIS2_PLACEMENT_3D('',#9636,#7765,#7766);
#6814=AXIS2_PLACEMENT_3D('',#9638,#7767,#7768);
#6815=AXIS2_PLACEMENT_3D('',#9640,#7769,#7770);
#6816=AXIS2_PLACEMENT_3D('',#9642,#7772,#7773);
#6817=AXIS2_PLACEMENT_3D('',#9652,#7779,#7780);
#6818=AXIS2_PLACEMENT_3D('',#9654,#7781,#7782);
#6819=AXIS2_PLACEMENT_3D('',#9656,#7783,#7784);
#6820=AXIS2_PLACEMENT_3D('',#9658,#7786,#7787);
#6821=AXIS2_PLACEMENT_3D('',#9661,#7790,#7791);
#6822=AXIS2_PLACEMENT_3D('',#9666,#7795,#7796);
#6823=AXIS2_PLACEMENT_3D('',#9670,#7799,#7800);
#6824=AXIS2_PLACEMENT_3D('',#9688,#7802,#7803);
#6825=AXIS2_PLACEMENT_3D('',#9735,#7804,#7805);
#6826=AXIS2_PLACEMENT_3D('',#9782,#7806,#7807);
#6827=AXIS2_PLACEMENT_3D('',#9799,#7808,#7809);
#6828=AXIS2_PLACEMENT_3D('',#9801,#7811,#7812);
#6829=AXIS2_PLACEMENT_3D('',#9802,#7813,#7814);
#6830=AXIS2_PLACEMENT_3D('',#9805,#7816,#7817);
#6831=AXIS2_PLACEMENT_3D('',#9806,#7818,#7819);
#6832=AXIS2_PLACEMENT_3D('',#9809,#7821,#7822);
#6833=AXIS2_PLACEMENT_3D('',#9810,#7823,#7824);
#6834=AXIS2_PLACEMENT_3D('',#9812,#7826,#7827);
#6835=AXIS2_PLACEMENT_3D('',#9815,#7828,#7829);
#6836=AXIS2_PLACEMENT_3D('',#9819,#7831,#7832);
#6837=AXIS2_PLACEMENT_3D('',#9821,#7834,#7835);
#6838=AXIS2_PLACEMENT_3D('',#9827,#7839,#7840);
#6839=AXIS2_PLACEMENT_3D('',#9833,#7844,#7845);
#6840=AXIS2_PLACEMENT_3D('',#9835,#7847,#7848);
#6841=AXIS2_PLACEMENT_3D('',#9837,#7850,#7851);
#6842=AXIS2_PLACEMENT_3D('',#9841,#7853,#7854);
#6843=AXIS2_PLACEMENT_3D('',#9842,#7855,#7856);
#6844=AXIS2_PLACEMENT_3D('',#9843,#7857,#7858);
#6845=AXIS2_PLACEMENT_3D('',#9845,#7859,#7860);
#6846=AXIS2_PLACEMENT_3D('',#9848,#7862,#7863);
#6847=AXIS2_PLACEMENT_3D('',#9849,#7864,#7865);
#6848=AXIS2_PLACEMENT_3D('',#9851,#7867,#7868);
#6849=AXIS2_PLACEMENT_3D('',#9854,#7869,#7870);
#6850=AXIS2_PLACEMENT_3D('',#9858,#7872,#7873);
#6851=AXIS2_PLACEMENT_3D('',#9860,#7875,#7876);
#6852=AXIS2_PLACEMENT_3D('',#9866,#7880,#7881);
#6853=AXIS2_PLACEMENT_3D('',#9868,#7882,#7883);
#6854=AXIS2_PLACEMENT_3D('',#9870,#7884,#7885);
#6855=AXIS2_PLACEMENT_3D('',#9872,#7887,#7888);
#6856=AXIS2_PLACEMENT_3D('',#9878,#7892,#7893);
#6857=AXIS2_PLACEMENT_3D('',#9880,#7894,#7895);
#6858=AXIS2_PLACEMENT_3D('',#9882,#7896,#7897);
#6859=AXIS2_PLACEMENT_3D('',#9884,#7899,#7900);
#6860=AXIS2_PLACEMENT_3D('',#9886,#7902,#7903);
#6861=AXIS2_PLACEMENT_3D('',#9888,#7904,#7905);
#6862=AXIS2_PLACEMENT_3D('',#9890,#7906,#7907);
#6863=AXIS2_PLACEMENT_3D('',#9894,#7909,#7910);
#6864=AXIS2_PLACEMENT_3D('',#9895,#7911,#7912);
#6865=AXIS2_PLACEMENT_3D('',#9896,#7913,#7914);
#6866=AXIS2_PLACEMENT_3D('',#9902,#7918,#7919);
#6867=AXIS2_PLACEMENT_3D('',#9904,#7920,#7921);
#6868=AXIS2_PLACEMENT_3D('',#9906,#7922,#7923);
#6869=AXIS2_PLACEMENT_3D('',#9908,#7925,#7926);
#6870=AXIS2_PLACEMENT_3D('',#9915,#7931,#7932);
#6871=AXIS2_PLACEMENT_3D('',#9918,#7935,#7936);
#6872=AXIS2_PLACEMENT_3D('',#9920,#7938,#7939);
#6873=AXIS2_PLACEMENT_3D('',#9937,#7940,#7941);
#6874=AXIS2_PLACEMENT_3D('',#9984,#7942,#7943);
#6875=AXIS2_PLACEMENT_3D('',#10030,#7945,#7946);
#6876=AXIS2_PLACEMENT_3D('',#10046,#7948,#7949);
#6877=AXIS2_PLACEMENT_3D('',#10048,#7951,#7952);
#6878=AXIS2_PLACEMENT_3D('',#10049,#7953,#7954);
#6879=AXIS2_PLACEMENT_3D('',#10051,#7955,#7956);
#6880=AXIS2_PLACEMENT_3D('',#10054,#7958,#7959);
#6881=AXIS2_PLACEMENT_3D('',#10055,#7960,#7961);
#6882=AXIS2_PLACEMENT_3D('',#10059,#7963,#7964);
#6883=AXIS2_PLACEMENT_3D('',#10060,#7965,#7966);
#6884=AXIS2_PLACEMENT_3D('',#10061,#7967,#7968);
#6885=AXIS2_PLACEMENT_3D('',#10063,#7970,#7971);
#6886=AXIS2_PLACEMENT_3D('',#10065,#7973,#7974);
#6887=AXIS2_PLACEMENT_3D('',#10068,#7975,#7976);
#6888=AXIS2_PLACEMENT_3D('',#10072,#7978,#7979);
#6889=AXIS2_PLACEMENT_3D('',#10074,#7981,#7982);
#6890=AXIS2_PLACEMENT_3D('',#10077,#7985,#7986);
#6891=AXIS2_PLACEMENT_3D('',#10079,#7988,#7989);
#6892=AXIS2_PLACEMENT_3D('',#10081,#7991,#7992);
#6893=AXIS2_PLACEMENT_3D('',#10082,#7993,#7994);
#6894=AXIS2_PLACEMENT_3D('',#10084,#7995,#7996);
#6895=AXIS2_PLACEMENT_3D('',#10087,#7998,#7999);
#6896=AXIS2_PLACEMENT_3D('',#10088,#8000,#8001);
#6897=AXIS2_PLACEMENT_3D('',#10090,#8002,#8003);
#6898=AXIS2_PLACEMENT_3D('',#10093,#8005,#8006);
#6899=AXIS2_PLACEMENT_3D('',#10094,#8007,#8008);
#6900=AXIS2_PLACEMENT_3D('',#10103,#8013,#8014);
#6901=AXIS2_PLACEMENT_3D('',#10105,#8015,#8016);
#6902=AXIS2_PLACEMENT_3D('',#10108,#8018,#8019);
#6903=AXIS2_PLACEMENT_3D('',#10109,#8020,#8021);
#6904=AXIS2_PLACEMENT_3D('',#10115,#8025,#8026);
#6905=AXIS2_PLACEMENT_3D('',#10117,#8027,#8028);
#6906=AXIS2_PLACEMENT_3D('',#10120,#8030,#8031);
#6907=AXIS2_PLACEMENT_3D('',#10121,#8032,#8033);
#6908=AXIS2_PLACEMENT_3D('',#10127,#8037,#8038);
#6909=AXIS2_PLACEMENT_3D('',#10129,#8039,#8040);
#6910=AXIS2_PLACEMENT_3D('',#10132,#8042,#8043);
#6911=AXIS2_PLACEMENT_3D('',#10133,#8044,#8045);
#6912=AXIS2_PLACEMENT_3D('',#10138,#8047,#8048);
#6913=AXIS2_PLACEMENT_3D('',#10142,#8050,#8051);
#6914=AXIS2_PLACEMENT_3D('',#10147,#8054,#8055);
#6915=AXIS2_PLACEMENT_3D('',#10151,#8057,#8058);
#6916=AXIS2_PLACEMENT_3D('',#10155,#8061,#8062);
#6917=AXIS2_PLACEMENT_3D('',#10157,#8063,#8064);
#6918=AXIS2_PLACEMENT_3D('',#10160,#8066,#8067);
#6919=AXIS2_PLACEMENT_3D('',#10161,#8068,#8069);
#6920=AXIS2_PLACEMENT_3D('',#10167,#8073,#8074);
#6921=AXIS2_PLACEMENT_3D('',#10169,#8075,#8076);
#6922=AXIS2_PLACEMENT_3D('',#10172,#8078,#8079);
#6923=AXIS2_PLACEMENT_3D('',#10173,#8080,#8081);
#6924=AXIS2_PLACEMENT_3D('',#10179,#8085,#8086);
#6925=AXIS2_PLACEMENT_3D('',#10181,#8087,#8088);
#6926=AXIS2_PLACEMENT_3D('',#10184,#8090,#8091);
#6927=AXIS2_PLACEMENT_3D('',#10185,#8092,#8093);
#6928=AXIS2_PLACEMENT_3D('',#10191,#8097,#8098);
#6929=AXIS2_PLACEMENT_3D('',#10216,#8103,#8104);
#6930=AXIS2_PLACEMENT_3D('',#10241,#8109,#8110);
#6931=AXIS2_PLACEMENT_3D('',#10246,#8112,#8113);
#6932=AXIS2_PLACEMENT_3D('',#10250,#8115,#8116);
#6933=AXIS2_PLACEMENT_3D('',#10255,#8119,#8120);
#6934=AXIS2_PLACEMENT_3D('',#10259,#8122,#8123);
#6935=AXIS2_PLACEMENT_3D('',#10282,#8127,#8128);
#6936=AXIS2_PLACEMENT_3D('',#10307,#8133,#8134);
#6937=AXIS2_PLACEMENT_3D('',#10310,#8137,#8138);
#6938=AXIS2_PLACEMENT_3D('',#10312,#8140,#8141);
#6939=AXIS2_PLACEMENT_3D('',#10314,#8143,#8144);
#6940=AXIS2_PLACEMENT_3D('',#10316,#8146,#8147);
#6941=AXIS2_PLACEMENT_3D('',#10318,#8149,#8150);
#6942=AXIS2_PLACEMENT_3D('',#10319,#8151,#8152);
#6943=AXIS2_PLACEMENT_3D('',#10321,#8154,#8155);
#6944=AXIS2_PLACEMENT_3D('',#10323,#8157,#8158);
#6945=AXIS2_PLACEMENT_3D('',#10325,#8160,#8161);
#6946=AXIS2_PLACEMENT_3D('',#10327,#8163,#8164);
#6947=AXIS2_PLACEMENT_3D('',#10328,#8165,#8166);
#6948=AXIS2_PLACEMENT_3D('',#10330,#8167,#8168);
#6949=AXIS2_PLACEMENT_3D('',#10333,#8170,#8171);
#6950=AXIS2_PLACEMENT_3D('',#10334,#8172,#8173);
#6951=AXIS2_PLACEMENT_3D('',#10336,#8174,#8175);
#6952=AXIS2_PLACEMENT_3D('',#10339,#8177,#8178);
#6953=AXIS2_PLACEMENT_3D('',#10340,#8179,#8180);
#6954=AXIS2_PLACEMENT_3D('',#10343,#8181,#8182);
#6955=AXIS2_PLACEMENT_3D('',#10347,#8184,#8185);
#6956=AXIS2_PLACEMENT_3D('',#10349,#8187,#8188);
#6957=AXIS2_PLACEMENT_3D('',#10353,#8190,#8191);
#6958=AXIS2_PLACEMENT_3D('',#10357,#8193,#8194);
#6959=AXIS2_PLACEMENT_3D('',#10361,#8196,#8197);
#6960=AXIS2_PLACEMENT_3D('',#10365,#8199,#8200);
#6961=AXIS2_PLACEMENT_3D('',#10373,#8204,#8205);
#6962=AXIS2_PLACEMENT_3D('',#10377,#8207,#8208);
#6963=AXIS2_PLACEMENT_3D('',#10381,#8210,#8211);
#6964=AXIS2_PLACEMENT_3D('',#10385,#8213,#8214);
#6965=AXIS2_PLACEMENT_3D('',#10387,#8216,#8217);
#6966=AXIS2_PLACEMENT_3D('',#10390,#8218,#8219);
#6967=AXIS2_PLACEMENT_3D('',#10395,#8222,#8223);
#6968=AXIS2_PLACEMENT_3D('',#10397,#8225,#8226);
#6969=AXIS2_PLACEMENT_3D('',#10399,#8227,#8228);
#6970=AXIS2_PLACEMENT_3D('',#10402,#8230,#8231);
#6971=AXIS2_PLACEMENT_3D('',#10403,#8232,#8233);
#6972=AXIS2_PLACEMENT_3D('',#10428,#8238,#8239);
#6973=AXIS2_PLACEMENT_3D('',#10453,#8244,#8245);
#6974=AXIS2_PLACEMENT_3D('',#10458,#8247,#8248);
#6975=AXIS2_PLACEMENT_3D('',#10462,#8250,#8251);
#6976=AXIS2_PLACEMENT_3D('',#10467,#8254,#8255);
#6977=AXIS2_PLACEMENT_3D('',#10471,#8257,#8258);
#6978=AXIS2_PLACEMENT_3D('',#10494,#8262,#8263);
#6979=AXIS2_PLACEMENT_3D('',#10519,#8268,#8269);
#6980=AXIS2_PLACEMENT_3D('',#10525,#8273,#8274);
#6981=AXIS2_PLACEMENT_3D('',#10527,#8275,#8276);
#6982=AXIS2_PLACEMENT_3D('',#10530,#8278,#8279);
#6983=AXIS2_PLACEMENT_3D('',#10531,#8280,#8281);
#6984=AXIS2_PLACEMENT_3D('',#10535,#8283,#8284);
#6985=AXIS2_PLACEMENT_3D('',#10537,#8285,#8286);
#6986=AXIS2_PLACEMENT_3D('',#10541,#8289,#8290);
#6987=AXIS2_PLACEMENT_3D('',#10542,#8291,#8292);
#6988=AXIS2_PLACEMENT_3D('',#10543,#8293,#8294);
#6989=AXIS2_PLACEMENT_3D('',#10544,#8295,#8296);
#6990=AXIS2_PLACEMENT_3D('',#10546,#8298,#8299);
#6991=AXIS2_PLACEMENT_3D('',#10548,#8301,#8302);
#6992=AXIS2_PLACEMENT_3D('',#10550,#8304,#8305);
#6993=AXIS2_PLACEMENT_3D('',#10552,#8307,#8308);
#6994=AXIS2_PLACEMENT_3D('',#10554,#8310,#8311);
#6995=AXIS2_PLACEMENT_3D('',#10556,#8313,#8314);
#6996=AXIS2_PLACEMENT_3D('',#10558,#8316,#8317);
#6997=AXIS2_PLACEMENT_3D('',#10560,#8319,#8320);
#6998=AXIS2_PLACEMENT_3D('',#10561,#8321,#8322);
#6999=AXIS2_PLACEMENT_3D('',#10563,#8324,#8325);
#7000=AXIS2_PLACEMENT_3D('',#10565,#8327,#8328);
#7001=AXIS2_PLACEMENT_3D('',#10567,#8330,#8331);
#7002=AXIS2_PLACEMENT_3D('',#10569,#8333,#8334);
#7003=AXIS2_PLACEMENT_3D('',#10571,#8336,#8337);
#7004=AXIS2_PLACEMENT_3D('',#10573,#8339,#8340);
#7005=AXIS2_PLACEMENT_3D('',#10575,#8342,#8343);
#7006=AXIS2_PLACEMENT_3D('',#10577,#8345,#8346);
#7007=AXIS2_PLACEMENT_3D('',#10620,#8349,#8350);
#7008=AXIS2_PLACEMENT_3D('',#10665,#8355,#8356);
#7009=AXIS2_PLACEMENT_3D('',#10670,#8358,#8359);
#7010=AXIS2_PLACEMENT_3D('',#10674,#8361,#8362);
#7011=AXIS2_PLACEMENT_3D('',#10679,#8365,#8366);
#7012=AXIS2_PLACEMENT_3D('',#10683,#8368,#8369);
#7013=AXIS2_PLACEMENT_3D('',#10726,#8373,#8374);
#7014=AXIS2_PLACEMENT_3D('',#10771,#8379,#8380);
#7015=AXIS2_PLACEMENT_3D('',#10777,#8384,#8385);
#7016=AXIS2_PLACEMENT_3D('',#10783,#8389,#8390);
#7017=AXIS2_PLACEMENT_3D('',#10808,#8395,#8396);
#7018=AXIS2_PLACEMENT_3D('',#10833,#8401,#8402);
#7019=AXIS2_PLACEMENT_3D('',#10838,#8404,#8405);
#7020=AXIS2_PLACEMENT_3D('',#10842,#8407,#8408);
#7021=AXIS2_PLACEMENT_3D('',#10847,#8411,#8412);
#7022=AXIS2_PLACEMENT_3D('',#10851,#8414,#8415);
#7023=AXIS2_PLACEMENT_3D('',#10874,#8419,#8420);
#7024=AXIS2_PLACEMENT_3D('',#10899,#8425,#8426);
#7025=AXIS2_PLACEMENT_3D('',#10905,#8430,#8431);
#7026=AXIS2_PLACEMENT_3D('',#10911,#8435,#8436);
#7027=AXIS2_PLACEMENT_3D('',#10914,#8439,#8440);
#7028=AXIS2_PLACEMENT_3D('',#10916,#8442,#8443);
#7029=AXIS2_PLACEMENT_3D('',#10918,#8445,#8446);
#7030=AXIS2_PLACEMENT_3D('',#10920,#8448,#8449);
#7031=AXIS2_PLACEMENT_3D('',#10922,#8451,#8452);
#7032=AXIS2_PLACEMENT_3D('',#10923,#8453,#8454);
#7033=AXIS2_PLACEMENT_3D('',#10925,#8456,#8457);
#7034=AXIS2_PLACEMENT_3D('',#10927,#8459,#8460);
#7035=AXIS2_PLACEMENT_3D('',#10929,#8462,#8463);
#7036=AXIS2_PLACEMENT_3D('',#10931,#8465,#8466);
#7037=AXIS2_PLACEMENT_3D('',#10954,#8469,#8470);
#7038=AXIS2_PLACEMENT_3D('',#10979,#8475,#8476);
#7039=AXIS2_PLACEMENT_3D('',#10985,#8480,#8481);
#7040=AXIS2_PLACEMENT_3D('',#10987,#8482,#8483);
#7041=AXIS2_PLACEMENT_3D('',#10990,#8485,#8486);
#7042=AXIS2_PLACEMENT_3D('',#10991,#8487,#8488);
#7043=AXIS2_PLACEMENT_3D('',#11036,#8493,#8494);
#7044=AXIS2_PLACEMENT_3D('',#11081,#8499,#8500);
#7045=AXIS2_PLACEMENT_3D('',#11086,#8502,#8503);
#7046=AXIS2_PLACEMENT_3D('',#11090,#8505,#8506);
#7047=AXIS2_PLACEMENT_3D('',#11095,#8509,#8510);
#7048=AXIS2_PLACEMENT_3D('',#11099,#8512,#8513);
#7049=AXIS2_PLACEMENT_3D('',#11142,#8517,#8518);
#7050=AXIS2_PLACEMENT_3D('',#11187,#8523,#8524);
#7051=AXIS2_PLACEMENT_3D('',#11193,#8528,#8529);
#7052=AXIS2_PLACEMENT_3D('',#11195,#8530,#8531);
#7053=AXIS2_PLACEMENT_3D('',#11198,#8533,#8534);
#7054=AXIS2_PLACEMENT_3D('',#11199,#8535,#8536);
#7055=AXIS2_PLACEMENT_3D('',#11224,#8541,#8542);
#7056=AXIS2_PLACEMENT_3D('',#11249,#8547,#8548);
#7057=AXIS2_PLACEMENT_3D('',#11253,#8550,#8551);
#7058=AXIS2_PLACEMENT_3D('',#11257,#8553,#8554);
#7059=AXIS2_PLACEMENT_3D('',#11262,#8557,#8558);
#7060=AXIS2_PLACEMENT_3D('',#11266,#8560,#8561);
#7061=AXIS2_PLACEMENT_3D('',#11268,#8563,#8564);
#7062=AXIS2_PLACEMENT_3D('',#11270,#8566,#8567);
#7063=AXIS2_PLACEMENT_3D('',#11272,#8569,#8570);
#7064=AXIS2_PLACEMENT_3D('',#11274,#8572,#8573);
#7065=AXIS2_PLACEMENT_3D('',#11276,#8575,#8576);
#7066=AXIS2_PLACEMENT_3D('',#11277,#8577,#8578);
#7067=AXIS2_PLACEMENT_3D('',#11279,#8580,#8581);
#7068=AXIS2_PLACEMENT_3D('',#11281,#8583,#8584);
#7069=AXIS2_PLACEMENT_3D('',#11283,#8586,#8587);
#7070=AXIS2_PLACEMENT_3D('',#11285,#8589,#8590);
#7071=AXIS2_PLACEMENT_3D('',#11286,#8591,#8592);
#7072=AXIS2_PLACEMENT_3D('',#11287,#8593,#8594);
#7073=AXIS2_PLACEMENT_3D('',#11289,#8595,#8596);
#7074=AXIS2_PLACEMENT_3D('',#11292,#8598,#8599);
#7075=AXIS2_PLACEMENT_3D('',#11293,#8600,#8601);
#7076=AXIS2_PLACEMENT_3D('',#11296,#8602,#8603);
#7077=AXIS2_PLACEMENT_3D('',#11297,#8604,#8605);
#7078=AXIS2_PLACEMENT_3D('',#11300,#8607,#8608);
#7079=AXIS2_PLACEMENT_3D('',#11301,#8609,#8610);
#7080=AXIS2_PLACEMENT_3D('',#11303,#8611,#8612);
#7081=AXIS2_PLACEMENT_3D('',#11307,#8614,#8615);
#7082=AXIS2_PLACEMENT_3D('',#11308,#8616,#8617);
#7083=AXIS2_PLACEMENT_3D('',#11309,#8618,#8619);
#7084=AXIS2_PLACEMENT_3D('',#11312,#8621,#8622);
#7085=AXIS2_PLACEMENT_3D('',#11314,#8623,#8624);
#7086=AXIS2_PLACEMENT_3D('',#11317,#8626,#8627);
#7087=AXIS2_PLACEMENT_3D('',#11318,#8628,#8629);
#7088=AXIS2_PLACEMENT_3D('',#11321,#8631,#8632);
#7089=AXIS2_PLACEMENT_3D('',#11323,#8634,#8635);
#7090=AXIS2_PLACEMENT_3D('',#11324,#8636,#8637);
#7091=AXIS2_PLACEMENT_3D('',#11325,#8638,#8639);
#7092=AXIS2_PLACEMENT_3D('',#11326,#8640,#8641);
#7093=AXIS2_PLACEMENT_3D('',#11328,#8642,#8643);
#7094=AXIS2_PLACEMENT_3D('',#11330,#8644,#8645);
#7095=AXIS2_PLACEMENT_3D('',#11331,#8646,#8647);
#7096=AXIS2_PLACEMENT_3D('',#11332,#8648,#8649);
#7097=AXIS2_PLACEMENT_3D('',#11335,#8650,#8651);
#7098=AXIS2_PLACEMENT_3D('',#11336,#8652,#8653);
#7099=AXIS2_PLACEMENT_3D('',#11338,#8654,#8655);
#7100=AXIS2_PLACEMENT_3D('',#11339,#8656,#8657);
#7101=AXIS2_PLACEMENT_3D('',#11340,#8658,#8659);
#7102=AXIS2_PLACEMENT_3D('',#11342,#8660,#8661);
#7103=AXIS2_PLACEMENT_3D('',#11344,#8662,#8663);
#7104=AXIS2_PLACEMENT_3D('',#11345,#8664,#8665);
#7105=AXIS2_PLACEMENT_3D('',#11346,#8666,#8667);
#7106=AXIS2_PLACEMENT_3D('',#11348,#8668,#8669);
#7107=AXIS2_PLACEMENT_3D('',#11350,#8670,#8671);
#7108=AXIS2_PLACEMENT_3D('',#11351,#8672,#8673);
#7109=AXIS2_PLACEMENT_3D('',#11352,#8674,#8675);
#7110=AXIS2_PLACEMENT_3D('',#11355,#8676,#8677);
#7111=AXIS2_PLACEMENT_3D('',#11356,#8678,#8679);
#7112=AXIS2_PLACEMENT_3D('',#11358,#8680,#8681);
#7113=AXIS2_PLACEMENT_3D('',#11360,#8682,#8683);
#7114=AXIS2_PLACEMENT_3D('',#11361,#8684,#8685);
#7115=AXIS2_PLACEMENT_3D('',#11362,#8686,#8687);
#7116=AXIS2_PLACEMENT_3D('',#11365,#8688,#8689);
#7117=AXIS2_PLACEMENT_3D('',#11384,#8692,#8693);
#7118=AXIS2_PLACEMENT_3D('',#11387,#8694,#8695);
#7119=AXIS2_PLACEMENT_3D('',#11409,#8698,#8699);
#7120=AXIS2_PLACEMENT_3D('',#11412,#8700,#8701);
#7121=AXIS2_PLACEMENT_3D('',#11434,#8704,#8705);
#7122=AXIS2_PLACEMENT_3D('',#11449,#8706,#8707);
#7123=AXIS2_PLACEMENT_3D('',#11450,#8708,#8709);
#7124=AXIS2_PLACEMENT_3D('',#11452,#8711,#8712);
#7125=AXIS2_PLACEMENT_3D('',#11454,#8713,#8714);
#7126=AXIS2_PLACEMENT_3D('',#11456,#8716,#8717);
#7127=AXIS2_PLACEMENT_3D('',#11458,#8719,#8720);
#7128=AXIS2_PLACEMENT_3D('',#11459,#8721,#8722);
#7129=AXIS2_PLACEMENT_3D('',#11462,#8723,#8724);
#7130=AXIS2_PLACEMENT_3D('',#11464,#8725,#8726);
#7131=AXIS2_PLACEMENT_3D('',#11465,#8727,#8728);
#7132=AXIS2_PLACEMENT_3D('',#11467,#8729,#8730);
#7133=AXIS2_PLACEMENT_3D('',#11468,#8731,#8732);
#7134=AXIS2_PLACEMENT_3D('',#11469,#8733,#8734);
#7135=AXIS2_PLACEMENT_3D('',#11470,#8735,#8736);
#7136=AXIS2_PLACEMENT_3D('',#11471,#8737,#8738);
#7137=AXIS2_PLACEMENT_3D('',#11504,#8739,#8740);
#7138=AXIS2_PLACEMENT_3D('',#11528,#8741,#8742);
#7139=AXIS2_PLACEMENT_3D('',#11552,#8743,#8744);
#7140=AXIS2_PLACEMENT_3D('',#11585,#8745,#8746);
#7141=AXIS2_PLACEMENT_3D('',#11602,#8747,#8748);
#7142=AXIS2_PLACEMENT_3D('',#11605,#8749,#8750);
#7143=AXIS2_PLACEMENT_3D('',#11606,#8751,#8752);
#7144=AXIS2_PLACEMENT_3D('',#11608,#8753,#8754);
#7145=AXIS2_PLACEMENT_3D('',#11610,#8755,#8756);
#7146=AXIS2_PLACEMENT_3D('',#11612,#8757,#8758);
#7147=AXIS2_PLACEMENT_3D('',#11613,#8759,#8760);
#7148=AXIS2_PLACEMENT_3D('',#11614,#8761,#8762);
#7149=AXIS2_PLACEMENT_3D('',#11616,#8763,#8764);
#7150=AXIS2_PLACEMENT_3D('',#11617,#8765,#8766);
#7151=AXIS2_PLACEMENT_3D('',#11618,#8767,#8768);
#7152=AXIS2_PLACEMENT_3D('',#11621,#8771,#8772);
#7153=AXIS2_PLACEMENT_3D('',#11623,#8774,#8775);
#7154=AXIS2_PLACEMENT_3D('',#11624,#8776,#8777);
#7155=AXIS2_PLACEMENT_3D('',#11625,#8778,#8779);
#7156=AXIS2_PLACEMENT_3D('',#11627,#8781,#8782);
#7157=AXIS2_PLACEMENT_3D('',#11629,#8784,#8785);
#7158=AXIS2_PLACEMENT_3D('',#11631,#8787,#8788);
#7159=AXIS2_PLACEMENT_3D('',#11632,#8789,#8790);
#7160=AXIS2_PLACEMENT_3D('',#11633,#8791,#8792);
#7161=AXIS2_PLACEMENT_3D('',#11634,#8793,#8794);
#7162=AXIS2_PLACEMENT_3D('',#11636,#8795,#8796);
#7163=AXIS2_PLACEMENT_3D('',#11639,#8798,#8799);
#7164=AXIS2_PLACEMENT_3D('',#11640,#8800,#8801);
#7165=AXIS2_PLACEMENT_3D('',#11642,#8802,#8803);
#7166=AXIS2_PLACEMENT_3D('',#11645,#8805,#8806);
#7167=AXIS2_PLACEMENT_3D('',#11646,#8807,#8808);
#7168=AXIS2_PLACEMENT_3D('',#11647,#8809,#8810);
#7169=AXIS2_PLACEMENT_3D('',#11648,#8811,#8812);
#7170=AXIS2_PLACEMENT_3D('',#11649,#8813,#8814);
#7171=AXIS2_PLACEMENT_3D('',#11652,#8815,#8816);
#7172=AXIS2_PLACEMENT_3D('',#11654,#8817,#8818);
#7173=AXIS2_PLACEMENT_3D('',#11655,#8819,#8820);
#7174=AXIS2_PLACEMENT_3D('',#11656,#8821,#8822);
#7175=AXIS2_PLACEMENT_3D('',#11659,#8823,#8824);
#7176=AXIS2_PLACEMENT_3D('',#11661,#8825,#8826);
#7177=AXIS2_PLACEMENT_3D('',#11662,#8827,#8828);
#7178=AXIS2_PLACEMENT_3D('',#11663,#8829,#8830);
#7179=AXIS2_PLACEMENT_3D('',#11666,#8831,#8832);
#7180=AXIS2_PLACEMENT_3D('',#11668,#8833,#8834);
#7181=AXIS2_PLACEMENT_3D('',#11669,#8835,#8836);
#7182=AXIS2_PLACEMENT_3D('',#11670,#8837,#8838);
#7183=AXIS2_PLACEMENT_3D('',#11673,#8839,#8840);
#7184=AXIS2_PLACEMENT_3D('',#11675,#8841,#8842);
#7185=AXIS2_PLACEMENT_3D('',#11676,#8843,#8844);
#7186=AXIS2_PLACEMENT_3D('',#11677,#8845,#8846);
#7187=AXIS2_PLACEMENT_3D('',#11680,#8847,#8848);
#7188=AXIS2_PLACEMENT_3D('',#11682,#8849,#8850);
#7189=AXIS2_PLACEMENT_3D('',#11683,#8851,#8852);
#7190=AXIS2_PLACEMENT_3D('',#11684,#8853,#8854);
#7191=AXIS2_PLACEMENT_3D('',#11687,#8855,#8856);
#7192=AXIS2_PLACEMENT_3D('',#11689,#8857,#8858);
#7193=AXIS2_PLACEMENT_3D('',#11690,#8859,#8860);
#7194=AXIS2_PLACEMENT_3D('',#11691,#8861,#8862);
#7195=AXIS2_PLACEMENT_3D('',#11694,#8863,#8864);
#7196=AXIS2_PLACEMENT_3D('',#11695,#8865,#8866);
#7197=AXIS2_PLACEMENT_3D('',#11697,#8867,#8868);
#7198=AXIS2_PLACEMENT_3D('',#11698,#8869,#8870);
#7199=AXIS2_PLACEMENT_3D('',#11699,#8871,#8872);
#7200=AXIS2_PLACEMENT_3D('',#11701,#8873,#8874);
#7201=AXIS2_PLACEMENT_3D('',#11703,#8875,#8876);
#7202=AXIS2_PLACEMENT_3D('',#11705,#8877,#8878);
#7203=AXIS2_PLACEMENT_3D('',#11706,#8879,#8880);
#7204=AXIS2_PLACEMENT_3D('',#11707,#8881,#8882);
#7205=AXIS2_PLACEMENT_3D('',#11709,#8883,#8884);
#7206=AXIS2_PLACEMENT_3D('',#11711,#8885,#8886);
#7207=AXIS2_PLACEMENT_3D('',#11713,#8887,#8888);
#7208=AXIS2_PLACEMENT_3D('',#11714,#8889,#8890);
#7209=AXIS2_PLACEMENT_3D('',#11715,#8891,#8892);
#7210=AXIS2_PLACEMENT_3D('',#11718,#8893,#8894);
#7211=AXIS2_PLACEMENT_3D('',#11720,#8895,#8896);
#7212=AXIS2_PLACEMENT_3D('',#11721,#8897,#8898);
#7213=AXIS2_PLACEMENT_3D('',#11722,#8899,#8900);
#7214=AXIS2_PLACEMENT_3D('',#11723,#8901,#8902);
#7215=AXIS2_PLACEMENT_3D('',#11725,#8903,#8904);
#7216=AXIS2_PLACEMENT_3D('',#11726,#8905,#8906);
#7217=AXIS2_PLACEMENT_3D('',#11727,#8907,#8908);
#7218=AXIS2_PLACEMENT_3D('',#11885,#8910,#8911);
#7219=AXIS2_PLACEMENT_3D('',#12043,#8913,#8914);
#7220=AXIS2_PLACEMENT_3D('',#12045,#8916,#8917);
#7221=AXIS2_PLACEMENT_3D('',#12046,#8918,#8919);
#7222=AXIS2_PLACEMENT_3D('',#12047,#8920,#8921);
#7223=AXIS2_PLACEMENT_3D('',#12090,#8924,#8925);
#7224=AXIS2_PLACEMENT_3D('',#12145,#8928,#8929);
#7225=AXIS2_PLACEMENT_3D('',#12188,#8932,#8933);
#7226=AXIS2_PLACEMENT_3D('',#12231,#8936,#8937);
#7227=AXIS2_PLACEMENT_3D('',#12286,#8940,#8941);
#7228=AXIS2_PLACEMENT_3D('',#12329,#8944,#8945);
#7229=AXIS2_PLACEMENT_3D('',#12330,#8946,#8947);
#7230=AXIS2_PLACEMENT_3D('',#12331,#8948,#8949);
#7231=AXIS2_PLACEMENT_3D('',#12332,#8950,#8951);
#7232=AXIS2_PLACEMENT_3D('',#12333,#8952,#8953);
#7233=AXIS2_PLACEMENT_3D('',#12370,#8954,#8955);
#7234=AXIS2_PLACEMENT_3D('',#12371,#8956,#8957);
#7235=AXIS2_PLACEMENT_3D('',#12390,#8958,#8959);
#7236=AXIS2_PLACEMENT_3D('',#12409,#8960,#8961);
#7237=AXIS2_PLACEMENT_3D('',#12410,#8962,#8963);
#7238=AXIS2_PLACEMENT_3D('',#12411,#8964,#8965);
#7239=AXIS2_PLACEMENT_3D('',#12412,#8966,#8967);
#7240=AXIS2_PLACEMENT_3D('',#12413,#8968,#8969);
#7241=AXIS2_PLACEMENT_3D('',#12414,#8970,#8971);
#7242=AXIS2_PLACEMENT_3D('',#12415,#8972,#8973);
#7243=AXIS2_PLACEMENT_3D('',#12434,#8974,#8975);
#7244=AXIS2_PLACEMENT_3D('',#12453,#8976,#8977);
#7245=AXIS2_PLACEMENT_3D('',#12454,#8978,#8979);
#7246=AXIS2_PLACEMENT_3D('',#12455,#8980,#8981);
#7247=AXIS2_PLACEMENT_3D('',#12492,#8982,#8983);
#7248=AXIS2_PLACEMENT_3D('',#12493,#8984,#8985);
#7249=AXIS2_PLACEMENT_3D('',#12494,#8986,#8987);
#7250=AXIS2_PLACEMENT_3D('',#12495,#8988,#8989);
#7251=AXIS2_PLACEMENT_3D('',#12496,#8990,#8991);
#7252=AXIS2_PLACEMENT_3D('',#12497,#8992,#8993);
#7253=AXIS2_PLACEMENT_3D('',#12516,#8994,#8995);
#7254=AXIS2_PLACEMENT_3D('',#12535,#8996,#8997);
#7255=AXIS2_PLACEMENT_3D('',#12572,#8998,#8999);
#7256=AXIS2_PLACEMENT_3D('',#12573,#9000,#9001);
#7257=AXIS2_PLACEMENT_3D('',#12574,#9002,#9003);
#7258=AXIS2_PLACEMENT_3D('',#12575,#9004,#9005);
#7259=AXIS2_PLACEMENT_3D('',#12576,#9006,#9007);
#7260=AXIS2_PLACEMENT_3D('',#12578,#9008,#9009);
#7261=AXIS2_PLACEMENT_3D('',#12580,#9010,#9011);
#7262=AXIS2_PLACEMENT_3D('',#12581,#9012,#9013);
#7263=AXIS2_PLACEMENT_3D('',#12582,#9014,#9015);
#7264=AXIS2_PLACEMENT_3D('',#12585,#9016,#9017);
#7265=AXIS2_PLACEMENT_3D('',#12586,#9018,#9019);
#7266=AXIS2_PLACEMENT_3D('',#12588,#9020,#9021);
#7267=AXIS2_PLACEMENT_3D('',#12589,#9022,#9023);
#7268=AXIS2_PLACEMENT_3D('',#12590,#9024,#9025);
#7269=AXIS2_PLACEMENT_3D('',#12592,#9026,#9027);
#7270=AXIS2_PLACEMENT_3D('',#12594,#9028,#9029);
#7271=AXIS2_PLACEMENT_3D('',#12595,#9030,#9031);
#7272=AXIS2_PLACEMENT_3D('',#12596,#9032,#9033);
#7273=AXIS2_PLACEMENT_3D('',#12598,#9034,#9035);
#7274=AXIS2_PLACEMENT_3D('',#12600,#9036,#9037);
#7275=AXIS2_PLACEMENT_3D('',#12601,#9038,#9039);
#7276=AXIS2_PLACEMENT_3D('',#12602,#9040,#9041);
#7277=AXIS2_PLACEMENT_3D('',#12605,#9042,#9043);
#7278=AXIS2_PLACEMENT_3D('',#12606,#9044,#9045);
#7279=AXIS2_PLACEMENT_3D('',#12608,#9046,#9047);
#7280=AXIS2_PLACEMENT_3D('',#12610,#9048,#9049);
#7281=AXIS2_PLACEMENT_3D('',#12611,#9050,#9051);
#7282=AXIS2_PLACEMENT_3D('',#12612,#9052,#9053);
#7283=AXIS2_PLACEMENT_3D('',#12615,#9054,#9055);
#7284=AXIS2_PLACEMENT_3D('',#12634,#9058,#9059);
#7285=AXIS2_PLACEMENT_3D('',#12637,#9060,#9061);
#7286=AXIS2_PLACEMENT_3D('',#12659,#9064,#9065);
#7287=AXIS2_PLACEMENT_3D('',#12662,#9066,#9067);
#7288=AXIS2_PLACEMENT_3D('',#12684,#9070,#9071);
#7289=AXIS2_PLACEMENT_3D('',#12699,#9072,#9073);
#7290=AXIS2_PLACEMENT_3D('',#12700,#9074,#9075);
#7291=AXIS2_PLACEMENT_3D('',#12702,#9077,#9078);
#7292=AXIS2_PLACEMENT_3D('',#12704,#9079,#9080);
#7293=AXIS2_PLACEMENT_3D('',#12706,#9082,#9083);
#7294=AXIS2_PLACEMENT_3D('',#12708,#9085,#9086);
#7295=AXIS2_PLACEMENT_3D('',#12709,#9087,#9088);
#7296=AXIS2_PLACEMENT_3D('',#12712,#9089,#9090);
#7297=AXIS2_PLACEMENT_3D('',#12714,#9091,#9092);
#7298=AXIS2_PLACEMENT_3D('',#12715,#9093,#9094);
#7299=AXIS2_PLACEMENT_3D('',#12717,#9095,#9096);
#7300=AXIS2_PLACEMENT_3D('',#12718,#9097,#9098);
#7301=AXIS2_PLACEMENT_3D('',#12719,#9099,#9100);
#7302=AXIS2_PLACEMENT_3D('',#12720,#9101,#9102);
#7303=AXIS2_PLACEMENT_3D('',#12721,#9103,#9104);
#7304=AXIS2_PLACEMENT_3D('',#12754,#9105,#9106);
#7305=AXIS2_PLACEMENT_3D('',#12778,#9107,#9108);
#7306=AXIS2_PLACEMENT_3D('',#12802,#9109,#9110);
#7307=AXIS2_PLACEMENT_3D('',#12835,#9111,#9112);
#7308=AXIS2_PLACEMENT_3D('',#12852,#9113,#9114);
#7309=AXIS2_PLACEMENT_3D('',#12855,#9115,#9116);
#7310=AXIS2_PLACEMENT_3D('',#12856,#9117,#9118);
#7311=AXIS2_PLACEMENT_3D('',#12858,#9119,#9120);
#7312=AXIS2_PLACEMENT_3D('',#12860,#9121,#9122);
#7313=AXIS2_PLACEMENT_3D('',#12862,#9123,#9124);
#7314=AXIS2_PLACEMENT_3D('',#12863,#9125,#9126);
#7315=AXIS2_PLACEMENT_3D('',#12864,#9127,#9128);
#7316=AXIS2_PLACEMENT_3D('',#12866,#9129,#9130);
#7317=AXIS2_PLACEMENT_3D('',#12867,#9131,#9132);
#7318=AXIS2_PLACEMENT_3D('',#12868,#9133,#9134);
#7319=AXIS2_PLACEMENT_3D('',#12871,#9137,#9138);
#7320=AXIS2_PLACEMENT_3D('',#12873,#9140,#9141);
#7321=AXIS2_PLACEMENT_3D('',#12874,#9142,#9143);
#7322=AXIS2_PLACEMENT_3D('',#12875,#9144,#9145);
#7323=AXIS2_PLACEMENT_3D('',#12877,#9147,#9148);
#7324=AXIS2_PLACEMENT_3D('',#12879,#9150,#9151);
#7325=AXIS2_PLACEMENT_3D('',#12881,#9153,#9154);
#7326=AXIS2_PLACEMENT_3D('',#12882,#9155,#9156);
#7327=AXIS2_PLACEMENT_3D('',#12883,#9157,#9158);
#7328=AXIS2_PLACEMENT_3D('',#12884,#9159,#9160);
#7329=AXIS2_PLACEMENT_3D('',#12886,#9161,#9162);
#7330=AXIS2_PLACEMENT_3D('',#12889,#9164,#9165);
#7331=AXIS2_PLACEMENT_3D('',#12890,#9166,#9167);
#7332=AXIS2_PLACEMENT_3D('',#12892,#9168,#9169);
#7333=AXIS2_PLACEMENT_3D('',#12895,#9171,#9172);
#7334=AXIS2_PLACEMENT_3D('',#12896,#9173,#9174);
#7335=AXIS2_PLACEMENT_3D('',#12897,#9175,#9176);
#7336=AXIS2_PLACEMENT_3D('',#12898,#9177,#9178);
#7337=AXIS2_PLACEMENT_3D('',#12899,#9179,#9180);
#7338=AXIS2_PLACEMENT_3D('',#12901,#9181,#9182);
#7339=AXIS2_PLACEMENT_3D('',#12904,#9184,#9185);
#7340=AXIS2_PLACEMENT_3D('',#12905,#9186,#9187);
#7341=AXIS2_PLACEMENT_3D('',#12907,#9188,#9189);
#7342=AXIS2_PLACEMENT_3D('',#12910,#9191,#9192);
#7343=AXIS2_PLACEMENT_3D('',#12911,#9193,#9194);
#7344=AXIS2_PLACEMENT_3D('',#12912,#9195,#9196);
#7345=AXIS2_PLACEMENT_3D('',#12913,#9197,#9198);
#7346=AXIS2_PLACEMENT_3D('',#12914,#9199,#9200);
#7347=AXIS2_PLACEMENT_3D('',#12915,#9201,#9202);
#7348=AXIS2_PLACEMENT_3D('',#12916,#9203,#9204);
#7349=AXIS2_PLACEMENT_3D('',#12917,#9205,#9206);
#7350=AXIS2_PLACEMENT_3D('',#12918,#9207,#9208);
#7351=AXIS2_PLACEMENT_3D('',#12919,#9209,#9210);
#7352=AXIS2_PLACEMENT_3D('',#12920,#9211,#9212);
#7353=AXIS2_PLACEMENT_3D('',#12921,#9213,#9214);
#7354=AXIS2_PLACEMENT_3D('',#12922,#9215,#9216);
#7355=AXIS2_PLACEMENT_3D('',#12923,#9217,#9218);
#7356=AXIS2_PLACEMENT_3D('',#12924,#9219,#9220);
#7357=AXIS2_PLACEMENT_3D('',#12925,#9221,#9222);
#7358=AXIS2_PLACEMENT_3D('',#12926,#9223,#9224);
#7359=AXIS2_PLACEMENT_3D('',#12927,#9225,#9226);
#7360=AXIS2_PLACEMENT_3D('',#12928,#9227,#9228);
#7361=AXIS2_PLACEMENT_3D('',#12929,#9229,#9230);
#7362=AXIS2_PLACEMENT_3D('',#12930,#9231,#9232);
#7363=AXIS2_PLACEMENT_3D('',#12931,#9233,#9234);
#7364=AXIS2_PLACEMENT_3D('',#12932,#9235,#9236);
#7365=AXIS2_PLACEMENT_3D('',#12933,#9237,#9238);
#7366=AXIS2_PLACEMENT_3D('',#12934,#9239,#9240);
#7367=AXIS2_PLACEMENT_3D('',#12935,#9241,#9242);
#7368=AXIS2_PLACEMENT_3D('',#12936,#9243,#9244);
#7369=AXIS2_PLACEMENT_3D('',#12937,#9245,#9246);
#7370=AXIS2_PLACEMENT_3D('',#12938,#9247,#9248);
#7371=DIRECTION('axis',(0.,0.,1.));
#7372=DIRECTION('refdir',(1.,0.,0.));
#7373=DIRECTION('axis',(0.,0.,1.));
#7374=DIRECTION('refdir',(1.,0.,0.));
#7375=DIRECTION('center_axis',(0.,0.,1.));
#7376=DIRECTION('ref_axis',(1.,0.,0.));
#7377=DIRECTION('center_axis',(-1.93758810048906E-16,0.,-1.));
#7378=DIRECTION('ref_axis',(1.,0.,-1.93758810048906E-16));
#7379=DIRECTION('',(0.,0.,1.));
#7380=DIRECTION('center_axis',(0.,0.,1.));
#7381=DIRECTION('ref_axis',(1.,0.,0.));
#7382=DIRECTION('center_axis',(0.,0.,1.));
#7383=DIRECTION('ref_axis',(1.,0.,0.));
#7384=DIRECTION('center_axis',(-1.93758810048906E-16,0.,-1.));
#7385=DIRECTION('ref_axis',(1.,0.,-1.93758810048906E-16));
#7386=DIRECTION('',(0.,0.,1.));
#7387=DIRECTION('center_axis',(0.,0.,1.));
#7388=DIRECTION('ref_axis',(1.,0.,0.));
#7389=DIRECTION('center_axis',(0.,1.,0.));
#7390=DIRECTION('ref_axis',(0.,0.,1.));
#7391=DIRECTION('',(0.,0.,1.));
#7392=DIRECTION('center_axis',(0.,-1.,0.));
#7393=DIRECTION('ref_axis',(0.,0.,-1.));
#7394=DIRECTION('',(0.978147600733805,0.,0.207911690817761));
#7395=DIRECTION('center_axis',(0.,-1.,0.));
#7396=DIRECTION('ref_axis',(1.,0.,0.));
#7397=DIRECTION('center_axis',(0.,1.,0.));
#7398=DIRECTION('ref_axis',(0.,0.,1.));
#7399=DIRECTION('',(-1.,0.,1.93758810048906E-16));
#7400=DIRECTION('',(-1.,0.,1.93758810048906E-16));
#7401=DIRECTION('',(0.,0.,-1.));
#7402=DIRECTION('center_axis',(0.,-1.,0.));
#7403=DIRECTION('ref_axis',(0.,0.,-1.));
#7404=DIRECTION('',(-0.978147600733805,0.,-0.207911690817761));
#7405=DIRECTION('center_axis',(0.,-1.,0.));
#7406=DIRECTION('ref_axis',(0.,0.,-1.));
#7407=DIRECTION('',(0.,0.,-1.));
#7408=DIRECTION('center_axis',(0.,-1.,0.));
#7409=DIRECTION('ref_axis',(1.,0.,0.));
#7410=DIRECTION('center_axis',(0.,-1.,0.));
#7411=DIRECTION('ref_axis',(0.,0.,-1.));
#7412=DIRECTION('',(0.207911690817761,0.,-0.978147600733805));
#7413=DIRECTION('',(0.978147600733805,0.,0.207911690817761));
#7414=DIRECTION('',(0.207911690817761,0.,-0.978147600733805));
#7415=DIRECTION('center_axis',(0.,1.,0.));
#7416=DIRECTION('ref_axis',(0.,0.,1.));
#7417=DIRECTION('',(0.978147600733806,0.,-0.207911690817755));
#7418=DIRECTION('center_axis',(0.,-1.,0.));
#7419=DIRECTION('ref_axis',(0.,0.,-1.));
#7420=DIRECTION('center_axis',(0.,-1.,0.));
#7421=DIRECTION('ref_axis',(1.,0.,0.));
#7422=DIRECTION('center_axis',(0.,1.,0.));
#7423=DIRECTION('ref_axis',(0.,0.,1.));
#7424=DIRECTION('',(0.207911690817752,0.,0.978147600733807));
#7425=DIRECTION('',(-0.978147600733807,0.,0.207911690817753));
#7426=DIRECTION('',(0.207911690817752,0.,0.978147600733807));
#7427=DIRECTION('center_axis',(0.,-1.,0.));
#7428=DIRECTION('ref_axis',(0.,0.,-1.));
#7429=DIRECTION('',(0.,0.,1.));
#7430=DIRECTION('center_axis',(0.,-1.,0.));
#7431=DIRECTION('ref_axis',(0.,0.,-1.));
#7432=DIRECTION('',(-0.978147600733806,0.,0.207911690817755));
#7433=DIRECTION('center_axis',(0.,-1.,0.));
#7434=DIRECTION('ref_axis',(1.,0.,0.));
#7435=DIRECTION('center_axis',(0.,-1.,0.));
#7436=DIRECTION('ref_axis',(0.,0.,-1.));
#7437=DIRECTION('',(-1.,0.,1.93758810048906E-16));
#7438=DIRECTION('',(-1.,0.,1.93758810048906E-16));
#7439=DIRECTION('center_axis',(-0.978147600733805,0.,-0.207911690817761));
#7440=DIRECTION('ref_axis',(-0.207911690817761,0.,0.978147600733805));
#7441=DIRECTION('center_axis',(0.978147600733805,0.,0.207911690817761));
#7442=DIRECTION('ref_axis',(-0.207911690817761,0.,0.978147600733805));
#7443=DIRECTION('',(0.,-1.,0.));
#7444=DIRECTION('center_axis',(0.978147600733805,0.,0.207911690817761));
#7445=DIRECTION('ref_axis',(-0.207911690817761,0.,0.978147600733805));
#7446=DIRECTION('',(0.207911690817761,0.,-0.978147600733805));
#7447=DIRECTION('',(0.,-1.,0.));
#7448=DIRECTION('',(2.06050408136324E-17,1.,-9.69390954188508E-17));
#7449=DIRECTION('center_axis',(-0.978147600733807,0.,-0.207911690817753));
#7450=DIRECTION('ref_axis',(0.207911690817753,0.,-0.978147600733807));
#7451=DIRECTION('',(2.06050408136324E-17,-1.,-9.69390954188508E-17));
#7452=DIRECTION('center_axis',(-0.978147600733807,0.,-0.207911690817753));
#7453=DIRECTION('ref_axis',(0.207911690817753,0.,-0.978147600733807));
#7454=DIRECTION('center_axis',(0.207911690817761,0.,-0.978147600733805));
#7455=DIRECTION('ref_axis',(-0.978147600733805,0.,-0.207911690817761));
#7456=DIRECTION('',(-0.978147600733805,0.,-0.207911690817761));
#7457=DIRECTION('',(0.,-1.,0.));
#7458=DIRECTION('',(0.978147600733805,0.,0.207911690817761));
#7459=DIRECTION('center_axis',(-0.978147600733805,0.,-0.207911690817761));
#7460=DIRECTION('ref_axis',(-0.207911690817761,0.,0.978147600733805));
#7461=DIRECTION('center_axis',(-0.978147600733805,0.,-0.207911690817761));
#7462=DIRECTION('ref_axis',(-0.207911690817761,0.,0.978147600733805));
#7463=DIRECTION('',(0.,-1.,0.));
#7464=DIRECTION('',(0.207911690817761,0.,-0.978147600733805));
#7465=DIRECTION('center_axis',(-0.978147600733805,0.,-0.207911690817761));
#7466=DIRECTION('ref_axis',(-0.207911690817761,0.,0.978147600733805));
#7467=DIRECTION('center_axis',(0.978147600733807,0.,0.207911690817753));
#7468=DIRECTION('ref_axis',(0.207911690817753,0.,-0.978147600733807));
#7469=DIRECTION('',(-2.40516253168362E-17,-1.,9.62065012673446E-17));
#7470=DIRECTION('center_axis',(0.978147600733807,0.,0.207911690817753));
#7471=DIRECTION('ref_axis',(0.207911690817753,0.,-0.978147600733807));
#7472=DIRECTION('',(-2.40516253168362E-17,1.,9.62065012673446E-17));
#7473=DIRECTION('center_axis',(0.,-1.,0.));
#7474=DIRECTION('ref_axis',(0.,0.,-1.));
#7475=DIRECTION('',(0.,-1.,0.));
#7476=DIRECTION('center_axis',(1.93758810048906E-16,0.,1.));
#7477=DIRECTION('ref_axis',(1.,0.,-1.93758810048906E-16));
#7478=DIRECTION('',(0.,-1.,0.));
#7479=DIRECTION('center_axis',(0.,0.,1.));
#7480=DIRECTION('ref_axis',(1.,0.,0.));
#7481=DIRECTION('',(0.,-1.,0.));
#7482=DIRECTION('center_axis',(0.,0.,1.));
#7483=DIRECTION('ref_axis',(1.,0.,0.));
#7484=DIRECTION('',(0.,1.,0.));
#7485=DIRECTION('center_axis',(0.,0.,1.));
#7486=DIRECTION('ref_axis',(1.,0.,0.));
#7487=DIRECTION('',(0.,-1.,0.));
#7488=DIRECTION('center_axis',(0.,0.,1.));
#7489=DIRECTION('ref_axis',(1.,0.,0.));
#7490=DIRECTION('',(0.,1.,0.));
#7491=DIRECTION('center_axis',(0.,-1.,0.));
#7492=DIRECTION('ref_axis',(0.,0.,-1.));
#7493=DIRECTION('',(0.,-1.,0.));
#7494=DIRECTION('center_axis',(0.978147600733807,0.,-0.207911690817753));
#7495=DIRECTION('ref_axis',(-0.207911690817753,0.,-0.978147600733807));
#7496=DIRECTION('',(0.,-1.,0.));
#7497=DIRECTION('center_axis',(0.978147600733807,0.,-0.207911690817753));
#7498=DIRECTION('ref_axis',(-0.207911690817753,0.,-0.978147600733807));
#7499=DIRECTION('',(0.207911690817752,0.,0.978147600733807));
#7500=DIRECTION('center_axis',(0.978147600733807,0.,-0.207911690817753));
#7501=DIRECTION('ref_axis',(-0.207911690817753,0.,-0.978147600733807));
#7502=DIRECTION('center_axis',(0.978147600733807,0.,-0.207911690817753));
#7503=DIRECTION('ref_axis',(-0.207911690817753,0.,-0.978147600733807));
#7504=DIRECTION('',(2.40516253168362E-17,1.,9.62065012673446E-17));
#7505=DIRECTION('center_axis',(0.978147600733807,0.,-0.207911690817753));
#7506=DIRECTION('ref_axis',(-0.207911690817753,0.,-0.978147600733807));
#7507=DIRECTION('',(2.40516253168362E-17,-1.,9.62065012673446E-17));
#7508=DIRECTION('center_axis',(-0.207911690817753,0.,-0.978147600733807));
#7509=DIRECTION('ref_axis',(-0.978147600733807,0.,0.207911690817753));
#7510=DIRECTION('',(0.,-1.,0.));
#7511=DIRECTION('',(0.978147600733807,0.,-0.207911690817753));
#7512=DIRECTION('',(-0.978147600733807,0.,0.207911690817753));
#7513=DIRECTION('center_axis',(0.978147600733807,0.,-0.207911690817752));
#7514=DIRECTION('ref_axis',(-0.207911690817753,0.,-0.978147600733807));
#7515=DIRECTION('center_axis',(-0.978147600733807,0.,0.207911690817753));
#7516=DIRECTION('ref_axis',(-0.207911690817752,0.,-0.978147600733807));
#7517=DIRECTION('center_axis',(-0.978147600733807,0.,0.207911690817753));
#7518=DIRECTION('ref_axis',(-0.207911690817752,0.,-0.978147600733807));
#7519=DIRECTION('',(0.207911690817752,0.,0.978147600733807));
#7520=DIRECTION('',(0.,-1.,0.));
#7521=DIRECTION('',(-2.06050408136324E-17,-1.,-9.69390954188508E-17));
#7522=DIRECTION('center_axis',(-0.978147600733807,0.,0.207911690817753));
#7523=DIRECTION('ref_axis',(-0.207911690817753,0.,-0.978147600733807));
#7524=DIRECTION('',(-2.06050408136324E-17,1.,-9.69390954188508E-17));
#7525=DIRECTION('center_axis',(-0.978147600733807,0.,0.207911690817753));
#7526=DIRECTION('ref_axis',(-0.207911690817753,0.,-0.978147600733807));
#7527=DIRECTION('center_axis',(0.,-1.,0.));
#7528=DIRECTION('ref_axis',(0.,0.,-1.));
#7529=DIRECTION('',(0.,-1.,0.));
#7530=DIRECTION('center_axis',(1.93758810048906E-16,0.,1.));
#7531=DIRECTION('ref_axis',(1.,0.,-1.93758810048906E-16));
#7532=DIRECTION('',(0.,-1.,0.));
#7533=DIRECTION('',(0.,1.,0.));
#7534=DIRECTION('center_axis',(-1.93758810048906E-16,0.,-1.));
#7535=DIRECTION('ref_axis',(1.,0.,-1.93758810048906E-16));
#7536=DIRECTION('',(0.,-1.,0.));
#7537=DIRECTION('center_axis',(-1.93758810048906E-16,0.,-1.));
#7538=DIRECTION('ref_axis',(1.,2.01858731750029E-14,-1.93758810048906E-16));
#7539=DIRECTION('',(0.,1.,0.));
#7540=DIRECTION('center_axis',(-1.93758810048906E-16,0.,-1.));
#7541=DIRECTION('ref_axis',(1.,0.,-1.93758810048906E-16));
#7542=DIRECTION('',(0.,-1.,0.));
#7543=DIRECTION('center_axis',(-1.93758810048906E-16,0.,-1.));
#7544=DIRECTION('ref_axis',(1.,2.01858731750029E-14,-1.93758810048906E-16));
#7545=DIRECTION('center_axis',(0.,-1.,0.));
#7546=DIRECTION('ref_axis',(0.,0.,-1.));
#7547=DIRECTION('center_axis',(0.,1.,0.));
#7548=DIRECTION('ref_axis',(1.,0.,0.));
#7549=DIRECTION('',(-0.978147600733805,0.,-0.207911690817761));
#7550=DIRECTION('center_axis',(0.,1.,0.));
#7551=DIRECTION('ref_axis',(1.,0.,0.));
#7552=DIRECTION('',(0.978147600733807,0.,-0.207911690817753));
#7553=DIRECTION('center_axis',(0.,0.,1.));
#7554=DIRECTION('ref_axis',(1.,0.,0.));
#7555=DIRECTION('',(0.,0.,1.));
#7556=DIRECTION('',(0.,0.,1.));
#7557=DIRECTION('center_axis',(-1.,0.,0.));
#7558=DIRECTION('ref_axis',(0.,0.,1.));
#7559=DIRECTION('',(0.,0.,1.));
#7560=DIRECTION('center_axis',(0.,0.,1.));
#7561=DIRECTION('ref_axis',(1.,0.,0.));
#7562=DIRECTION('',(0.,0.,1.));
#7563=DIRECTION('center_axis',(1.,0.,0.));
#7564=DIRECTION('ref_axis',(0.,0.,-1.));
#7565=DIRECTION('center_axis',(0.,0.,1.));
#7566=DIRECTION('ref_axis',(1.,0.,0.));
#7567=DIRECTION('',(0.,0.,1.));
#7568=DIRECTION('',(0.,0.,1.));
#7569=DIRECTION('center_axis',(-1.,0.,0.));
#7570=DIRECTION('ref_axis',(0.,0.,1.));
#7571=DIRECTION('',(0.,0.,1.));
#7572=DIRECTION('center_axis',(0.,0.,1.));
#7573=DIRECTION('ref_axis',(1.,0.,0.));
#7574=DIRECTION('',(0.,0.,1.));
#7575=DIRECTION('center_axis',(1.,0.,0.));
#7576=DIRECTION('ref_axis',(0.,0.,-1.));
#7577=DIRECTION('center_axis',(0.978147600733807,0.,-0.207911690817753));
#7578=DIRECTION('ref_axis',(-0.207911690817753,0.,-0.978147600733807));
#7579=DIRECTION('center_axis',(-0.978147600733807,0.,0.207911690817753));
#7580=DIRECTION('ref_axis',(0.207911690817753,0.,0.978147600733807));
#7581=DIRECTION('center_axis',(0.978147600733805,0.,0.207911690817761));
#7582=DIRECTION('ref_axis',(0.207911690817761,0.,-0.978147600733805));
#7583=DIRECTION('center_axis',(0.978147600733805,0.,0.207911690817761));
#7584=DIRECTION('ref_axis',(0.207911690817761,0.,-0.978147600733805));
#7585=DIRECTION('center_axis',(0.978147600733807,0.,-0.207911690817753));
#7586=DIRECTION('ref_axis',(-0.207911690817753,0.,-0.978147600733807));
#7587=DIRECTION('',(0.978147600733807,0.,-0.207911690817753));
#7588=DIRECTION('',(0.978147600733807,0.,-0.207911690817753));
#7589=DIRECTION('center_axis',(-0.207911690817753,9.91047724761856E-17,
-0.978147600733807));
#7590=DIRECTION('ref_axis',(-0.978147600733807,-3.08148791101958E-33,0.207911690817753));
#7591=DIRECTION('',(0.978147600733807,0.,-0.207911690817753));
#7592=DIRECTION('center_axis',(0.978147600733807,0.,-0.207911690817753));
#7593=DIRECTION('ref_axis',(-0.207911690817753,0.,-0.978147600733807));
#7594=DIRECTION('',(0.978147600733807,0.,-0.207911690817753));
#7595=DIRECTION('center_axis',(0.207911690817753,9.91047724761856E-17,0.978147600733807));
#7596=DIRECTION('ref_axis',(0.978147600733807,-3.08148791101958E-33,-0.207911690817753));
#7597=DIRECTION('center_axis',(-0.978147600733807,0.,-0.207911690817753));
#7598=DIRECTION('ref_axis',(0.207911690817753,0.,-0.978147600733807));
#7599=DIRECTION('',(-0.978147600733807,0.,-0.207911690817753));
#7600=DIRECTION('',(-0.978147600733807,0.,-0.207911690817753));
#7601=DIRECTION('center_axis',(0.207911690817753,9.91047724761856E-17,-0.978147600733807));
#7602=DIRECTION('ref_axis',(0.978147600733807,-3.08148791101958E-33,0.207911690817753));
#7603=DIRECTION('',(-0.978147600733807,0.,-0.207911690817753));
#7604=DIRECTION('center_axis',(-0.978147600733807,0.,-0.207911690817753));
#7605=DIRECTION('ref_axis',(0.207911690817753,0.,-0.978147600733807));
#7606=DIRECTION('',(-0.978147600733807,0.,-0.207911690817753));
#7607=DIRECTION('center_axis',(-0.207911690817753,9.91047724761856E-17,
0.978147600733807));
#7608=DIRECTION('ref_axis',(-0.978147600733807,-3.08148791101958E-33,-0.207911690817753));
#7609=DIRECTION('axis',(0.,0.,1.));
#7610=DIRECTION('refdir',(1.,0.,0.));
#7611=DIRECTION('center_axis',(-0.978147600733807,0.,-0.207911690817753));
#7612=DIRECTION('ref_axis',(0.207911690817753,0.,-0.978147600733807));
#7613=DIRECTION('center_axis',(-0.978147600733807,0.,-0.207911690817753));
#7614=DIRECTION('ref_axis',(0.207911690817753,0.,-0.978147600733807));
#7615=DIRECTION('',(-0.978147600733807,0.,-0.207911690817753));
#7616=DIRECTION('center_axis',(0.978147600733807,0.,0.207911690817753));
#7617=DIRECTION('ref_axis',(0.207911690817753,0.,-0.978147600733807));
#7618=DIRECTION('center_axis',(-0.978147600733807,0.,-0.207911690817753));
#7619=DIRECTION('ref_axis',(0.207911690817753,0.,-0.978147600733807));
#7620=DIRECTION('center_axis',(-0.978147600733807,0.,-0.207911690817753));
#7621=DIRECTION('ref_axis',(0.207911690817753,0.,-0.978147600733807));
#7622=DIRECTION('',(-0.978147600733807,0.,-0.207911690817753));
#7623=DIRECTION('center_axis',(0.978147600733807,0.,0.207911690817753));
#7624=DIRECTION('ref_axis',(0.207911690817753,0.,-0.978147600733807));
#7625=DIRECTION('center_axis',(0.978147600733807,0.,-0.207911690817753));
#7626=DIRECTION('ref_axis',(-0.207911690817753,0.,-0.978147600733807));
#7627=DIRECTION('center_axis',(-0.978147600733807,0.,0.207911690817753));
#7628=DIRECTION('ref_axis',(-0.207911690817753,0.,-0.978147600733807));
#7629=DIRECTION('',(0.978147600733807,0.,-0.207911690817753));
#7630=DIRECTION('center_axis',(0.978147600733807,0.,-0.207911690817753));
#7631=DIRECTION('ref_axis',(-0.207911690817753,0.,-0.978147600733807));
#7632=DIRECTION('center_axis',(0.978147600733807,0.,-0.207911690817753));
#7633=DIRECTION('ref_axis',(-0.207911690817753,0.,-0.978147600733807));
#7634=DIRECTION('center_axis',(-0.978147600733807,0.,0.207911690817753));
#7635=DIRECTION('ref_axis',(-0.207911690817753,0.,-0.978147600733807));
#7636=DIRECTION('',(0.978147600733807,0.,-0.207911690817753));
#7637=DIRECTION('center_axis',(0.978147600733807,0.,-0.207911690817753));
#7638=DIRECTION('ref_axis',(-0.207911690817753,0.,-0.978147600733807));
#7639=DIRECTION('center_axis',(1.,0.,-1.38777878078145E-16));
#7640=DIRECTION('ref_axis',(-1.38777878078145E-16,0.,-1.));
#7641=DIRECTION('center_axis',(1.,0.,-3.60822483003176E-16));
#7642=DIRECTION('ref_axis',(-3.60822483003176E-16,0.,-1.));
#7643=DIRECTION('',(1.,0.,-1.38777878078145E-16));
#7644=DIRECTION('center_axis',(1.,0.,-1.38777878078145E-16));
#7645=DIRECTION('ref_axis',(-1.38777878078145E-16,0.,-1.));
#7646=DIRECTION('center_axis',(1.,0.,-1.38777878078145E-16));
#7647=DIRECTION('ref_axis',(-1.38777878078145E-16,0.,-1.));
#7648=DIRECTION('center_axis',(-1.,0.,2.77555756156289E-17));
#7649=DIRECTION('ref_axis',(2.77555756156289E-17,0.,1.));
#7650=DIRECTION('',(1.,0.,-1.38777878078145E-16));
#7651=DIRECTION('center_axis',(-1.,0.,2.77555756156289E-17));
#7652=DIRECTION('ref_axis',(2.77555756156289E-17,0.,1.));
#7653=DIRECTION('center_axis',(0.978147600733808,0.,-0.207911690817748));
#7654=DIRECTION('ref_axis',(-0.207911690817749,0.,-0.978147600733808));
#7655=DIRECTION('center_axis',(0.978147600733808,0.,-0.207911690817748));
#7656=DIRECTION('ref_axis',(-0.207911690817749,0.,-0.978147600733808));
#7657=DIRECTION('center_axis',(0.978147600733808,0.,-0.207911690817748));
#7658=DIRECTION('ref_axis',(-0.207911690817749,0.,-0.978147600733808));
#7659=DIRECTION('center_axis',(0.978147600733808,0.,-0.207911690817748));
#7660=DIRECTION('ref_axis',(-0.207911690817749,0.,-0.978147600733808));
#7661=DIRECTION('',(-0.978147600733808,0.,0.207911690817748));
#7662=DIRECTION('center_axis',(0.978147600733808,0.,-0.207911690817748));
#7663=DIRECTION('ref_axis',(-0.207911690817749,0.,-0.978147600733808));
#7664=DIRECTION('',(0.978147600733801,0.,-0.207911690817781));
#7665=DIRECTION('center_axis',(0.,-1.,0.));
#7666=DIRECTION('ref_axis',(0.,0.,-1.));
#7667=DIRECTION('',(0.,-1.,0.));
#7668=DIRECTION('center_axis',(0.,-1.,0.));
#7669=DIRECTION('ref_axis',(0.,0.,-1.));
#7670=DIRECTION('',(0.,-1.,0.));
#7671=DIRECTION('',(0.,-1.,0.));
#7672=DIRECTION('',(0.,-1.,0.));
#7673=DIRECTION('',(0.,-1.,0.));
#7674=DIRECTION('',(0.,-1.,0.));
#7675=DIRECTION('center_axis',(0.,1.,0.));
#7676=DIRECTION('ref_axis',(8.5370249802008E-15,0.,-1.));
#7677=DIRECTION('',(0.,-1.,0.));
#7678=DIRECTION('',(0.,-1.,0.));
#7679=DIRECTION('',(0.,-1.,0.));
#7680=DIRECTION('',(0.,-1.,0.));
#7681=DIRECTION('center_axis',(0.,1.,0.));
#7682=DIRECTION('ref_axis',(0.,0.,1.));
#7683=DIRECTION('',(0.,-1.,0.));
#7684=DIRECTION('center_axis',(0.,-1.,0.));
#7685=DIRECTION('ref_axis',(0.,0.,1.));
#7686=DIRECTION('',(0.,-1.,0.));
#7687=DIRECTION('',(0.,-1.,0.));
#7688=DIRECTION('',(0.,-1.,0.));
#7689=DIRECTION('',(0.,-1.,0.));
#7690=DIRECTION('',(0.,-1.,0.));
#7691=DIRECTION('center_axis',(0.,1.,0.));
#7692=DIRECTION('ref_axis',(0.,0.,1.));
#7693=DIRECTION('',(0.,-1.,0.));
#7694=DIRECTION('',(0.,-1.,0.));
#7695=DIRECTION('',(0.,-1.,0.));
#7696=DIRECTION('',(0.,-1.,0.));
#7697=DIRECTION('center_axis',(-9.96374459468998E-17,0.,-1.));
#7698=DIRECTION('ref_axis',(-1.,0.,9.96374459468998E-17));
#7699=DIRECTION('',(-1.,0.,9.96374459468998E-17));
#7700=DIRECTION('',(-1.,0.,9.96374459468998E-17));
#7701=DIRECTION('center_axis',(-9.96374459468998E-17,0.,-1.));
#7702=DIRECTION('ref_axis',(-1.,0.,9.96374459468998E-17));
#7703=DIRECTION('',(-1.,0.,9.96374459468998E-17));
#7704=DIRECTION('',(1.,0.,-9.96374459468998E-17));
#7705=DIRECTION('center_axis',(-9.96374459468998E-17,0.,-1.));
#7706=DIRECTION('ref_axis',(-1.,0.,9.96374459468998E-17));
#7707=DIRECTION('center_axis',(-9.96374459468998E-17,0.,-1.));
#7708=DIRECTION('ref_axis',(-1.,0.,9.96374459468998E-17));
#7709=DIRECTION('',(-1.,0.,9.96374459468998E-17));
#7710=DIRECTION('center_axis',(0.,1.,0.));
#7711=DIRECTION('ref_axis',(0.,0.,1.));
#7712=DIRECTION('',(0.,0.,-1.));
#7713=DIRECTION('',(1.,0.,-9.96374459468998E-17));
#7714=DIRECTION('',(0.,0.,1.));
#7715=DIRECTION('center_axis',(-9.96374459468998E-17,0.,-1.));
#7716=DIRECTION('ref_axis',(-1.,0.,9.96374459468998E-17));
#7717=DIRECTION('',(1.,0.,-1.06752213906265E-16));
#7718=DIRECTION('',(0.,-1.,0.));
#7719=DIRECTION('',(0.,-1.,0.));
#7720=DIRECTION('center_axis',(-9.96374459468998E-17,0.,-1.));
#7721=DIRECTION('ref_axis',(-1.,0.,9.96374459468998E-17));
#7722=DIRECTION('',(-1.,0.,9.96374459468998E-17));
#7723=DIRECTION('center_axis',(0.,1.,0.));
#7724=DIRECTION('ref_axis',(0.,0.,1.));
#7725=DIRECTION('',(0.,0.,1.));
#7726=DIRECTION('',(0.,0.,-1.));
#7727=DIRECTION('center_axis',(0.,-1.,0.));
#7728=DIRECTION('ref_axis',(0.,0.,-1.));
#7729=DIRECTION('',(-0.978147600733808,0.,0.207911690817748));
#7730=DIRECTION('center_axis',(0.,1.,0.));
#7731=DIRECTION('ref_axis',(0.,0.,-1.));
#7732=DIRECTION('center_axis',(0.,1.,0.));
#7733=DIRECTION('ref_axis',(0.,0.,1.));
#7734=DIRECTION('',(-0.978147600733807,0.,0.207911690817753));
#7735=DIRECTION('center_axis',(0.,-1.,0.));
#7736=DIRECTION('ref_axis',(0.,0.,-1.));
#7737=DIRECTION('center_axis',(0.,-1.,0.));
#7738=DIRECTION('ref_axis',(0.,0.,-1.));
#7739=DIRECTION('',(0.,-1.,0.));
#7740=DIRECTION('center_axis',(-0.978147600733808,0.,0.207911690817748));
#7741=DIRECTION('ref_axis',(0.207911690817748,0.,0.978147600733808));
#7742=DIRECTION('center_axis',(0.978147600733807,0.,-0.207911690817753));
#7743=DIRECTION('ref_axis',(-0.207911690817753,0.,-0.978147600733807));
#7744=DIRECTION('',(-0.978147600733808,0.,0.207911690817748));
#7745=DIRECTION('center_axis',(-0.978147600733807,0.,0.207911690817753));
#7746=DIRECTION('ref_axis',(-0.207911690817753,1.38777878078145E-15,-0.978147600733807));
#7747=DIRECTION('',(0.978147600733808,4.21407174581992E-33,-0.207911690817748));
#7748=DIRECTION('center_axis',(0.19724234854824,0.316227766016838,0.927952291844346));
#7749=DIRECTION('ref_axis',(-0.0657474495160801,0.948683298050514,-0.309317430614782));
#7750=DIRECTION('',(-0.0657474495160815,0.948683298050514,-0.309317430614782));
#7751=DIRECTION('',(0.0657474495160801,-0.948683298050514,0.309317430614782));
#7752=DIRECTION('',(-0.978147600733808,-4.21407174581992E-33,0.207911690817748));
#7753=DIRECTION('center_axis',(-0.978147600733808,0.,0.207911690817748));
#7754=DIRECTION('ref_axis',(0.207911690817749,0.,0.978147600733808));
#7755=DIRECTION('center_axis',(-0.978147600733807,0.,0.207911690817753));
#7756=DIRECTION('ref_axis',(-0.207911690817753,0.,-0.978147600733807));
#7757=DIRECTION('center_axis',(0.978147600733807,0.,-0.207911690817753));
#7758=DIRECTION('ref_axis',(-0.207911690817753,0.,-0.978147600733807));
#7759=DIRECTION('',(0.978147600733808,0.,-0.207911690817748));
#7760=DIRECTION('center_axis',(0.,-1.,0.));
#7761=DIRECTION('ref_axis',(0.,0.,-1.));
#7762=DIRECTION('',(0.207911690817753,0.,0.978147600733807));
#7763=DIRECTION('',(-0.978147600733807,0.,0.207911690817753));
#7764=DIRECTION('',(0.207911690817753,0.,0.978147600733807));
#7765=DIRECTION('center_axis',(0.978147600733807,0.,-0.207911690817753));
#7766=DIRECTION('ref_axis',(-0.207911690817753,0.,-0.978147600733807));
#7767=DIRECTION('center_axis',(-0.978147600733807,0.,0.207911690817753));
#7768=DIRECTION('ref_axis',(-0.207911690817753,0.,-0.978147600733807));
#7769=DIRECTION('center_axis',(0.978147600733807,0.,-0.207911690817753));
#7770=DIRECTION('ref_axis',(-0.207911690817753,0.,-0.978147600733807));
#7771=DIRECTION('',(0.978147600733807,0.,-0.207911690817753));
#7772=DIRECTION('center_axis',(0.207911690817753,0.,0.978147600733807));
#7773=DIRECTION('ref_axis',(0.978147600733807,0.,-0.207911690817753));
#7774=DIRECTION('',(0.,-1.,0.));
#7775=DIRECTION('',(-0.978147600733807,0.,0.207911690817753));
#7776=DIRECTION('',(0.,1.,0.));
#7777=DIRECTION('',(0.,1.,0.));
#7778=DIRECTION('',(0.,1.,0.));
#7779=DIRECTION('center_axis',(0.978147600733807,0.,-0.207911690817753));
#7780=DIRECTION('ref_axis',(-0.207911690817753,0.,-0.978147600733807));
#7781=DIRECTION('center_axis',(-0.978147600733807,0.,0.207911690817753));
#7782=DIRECTION('ref_axis',(-0.207911690817753,0.,-0.978147600733807));
#7783=DIRECTION('center_axis',(0.978147600733807,0.,-0.207911690817753));
#7784=DIRECTION('ref_axis',(-0.207911690817753,0.,-0.978147600733807));
#7785=DIRECTION('',(0.978147600733807,0.,-0.207911690817753));
#7786=DIRECTION('center_axis',(0.,1.,0.));
#7787=DIRECTION('ref_axis',(-0.978147600733808,0.,0.207911690817748));
#7788=DIRECTION('',(-0.207911690817753,0.,-0.978147600733807));
#7789=DIRECTION('',(0.207911690817752,0.,0.978147600733807));
#7790=DIRECTION('center_axis',(0.978147600733807,0.,-0.207911690817753));
#7791=DIRECTION('ref_axis',(-0.207911690817753,0.,-0.978147600733807));
#7792=DIRECTION('',(0.207911690817748,0.,0.978147600733808));
#7793=DIRECTION('',(0.207911690817753,0.,0.978147600733807));
#7794=DIRECTION('',(0.,-1.,0.));
#7795=DIRECTION('center_axis',(0.,1.,0.));
#7796=DIRECTION('ref_axis',(0.,0.,1.));
#7797=DIRECTION('',(0.207911690817753,0.,0.978147600733807));
#7798=DIRECTION('',(0.978147600733801,0.,-0.207911690817781));
#7799=DIRECTION('center_axis',(0.978147600733807,0.,-0.207911690817753));
#7800=DIRECTION('ref_axis',(-0.207911690817753,0.,-0.978147600733807));
#7801=DIRECTION('',(0.,-1.,0.));
#7802=DIRECTION('center_axis',(0.978147600733807,0.,-0.207911690817753));
#7803=DIRECTION('ref_axis',(-0.207911690817753,0.,-0.978147600733807));
#7804=DIRECTION('center_axis',(0.978147600733807,0.,-0.207911690817753));
#7805=DIRECTION('ref_axis',(-0.207911690817753,0.,-0.978147600733807));
#7806=DIRECTION('center_axis',(0.978147600733807,0.,-0.207911690817753));
#7807=DIRECTION('ref_axis',(-0.207911690817753,0.,-0.978147600733807));
#7808=DIRECTION('center_axis',(0.978147600733807,0.,-0.207911690817753));
#7809=DIRECTION('ref_axis',(-0.207911690817753,0.,-0.978147600733807));
#7810=DIRECTION('',(-0.207911690817753,0.,-0.978147600733807));
#7811=DIRECTION('center_axis',(0.,1.,0.));
#7812=DIRECTION('ref_axis',(-0.978147600733808,0.,0.207911690817748));
#7813=DIRECTION('center_axis',(0.,-1.,0.));
#7814=DIRECTION('ref_axis',(0.,0.,-1.));
#7815=DIRECTION('',(-0.978147600733802,0.,-0.207911690817774));
#7816=DIRECTION('center_axis',(0.,1.,0.));
#7817=DIRECTION('ref_axis',(0.,0.,-1.));
#7818=DIRECTION('center_axis',(0.,1.,0.));
#7819=DIRECTION('ref_axis',(0.,0.,1.));
#7820=DIRECTION('',(-0.978147600733803,0.,-0.207911690817772));
#7821=DIRECTION('center_axis',(0.,-1.,0.));
#7822=DIRECTION('ref_axis',(0.,0.,-1.));
#7823=DIRECTION('center_axis',(0.,1.,0.));
#7824=DIRECTION('ref_axis',(0.,0.,1.));
#7825=DIRECTION('',(0.,-1.,0.));
#7826=DIRECTION('center_axis',(1.,0.,-1.38777878078145E-16));
#7827=DIRECTION('ref_axis',(1.38777878078145E-16,1.22464679914735E-16,1.));
#7828=DIRECTION('center_axis',(-1.,0.,2.77555756156289E-17));
#7829=DIRECTION('ref_axis',(2.77555756156289E-17,0.,1.));
#7830=DIRECTION('',(1.,0.,-1.38777878078145E-16));
#7831=DIRECTION('center_axis',(-1.,0.,2.77555756156289E-17));
#7832=DIRECTION('ref_axis',(2.77555756156289E-17,0.,1.));
#7833=DIRECTION('',(1.,0.,-1.38777878078145E-16));
#7834=DIRECTION('center_axis',(0.,1.,0.));
#7835=DIRECTION('ref_axis',(1.,0.,-2.77555756156289E-17));
#7836=DIRECTION('',(-1.,0.,2.77555756156289E-17));
#7837=DIRECTION('',(2.77555756156289E-17,0.,1.));
#7838=DIRECTION('',(1.38777878078145E-16,0.,-1.));
#7839=DIRECTION('center_axis',(0.,1.,0.));
#7840=DIRECTION('ref_axis',(2.77555756156289E-17,0.,1.));
#7841=DIRECTION('',(-2.77555756156289E-17,0.,-1.));
#7842=DIRECTION('',(-2.77555756156289E-17,0.,-1.));
#7843=DIRECTION('',(-1.,0.,2.77555756156289E-17));
#7844=DIRECTION('center_axis',(-1.,0.,2.77555756156289E-17));
#7845=DIRECTION('ref_axis',(2.77555756156289E-17,0.,1.));
#7846=DIRECTION('',(0.,-1.,0.));
#7847=DIRECTION('center_axis',(-1.,0.,2.77555756156289E-17));
#7848=DIRECTION('ref_axis',(2.77555756156289E-17,0.,1.));
#7849=DIRECTION('',(0.,-1.,0.));
#7850=DIRECTION('center_axis',(0.,-1.,0.));
#7851=DIRECTION('ref_axis',(-0.978147600733813,0.,-0.207911690817724));
#7852=DIRECTION('',(0.978147600733807,0.,0.207911690817753));
#7853=DIRECTION('center_axis',(0.,1.,0.));
#7854=DIRECTION('ref_axis',(0.978147600733813,0.,0.207911690817724));
#7855=DIRECTION('center_axis',(0.,1.,0.));
#7856=DIRECTION('ref_axis',(0.978147600733813,0.,0.207911690817725));
#7857=DIRECTION('center_axis',(0.,1.,0.));
#7858=DIRECTION('ref_axis',(0.978147600733813,0.,0.207911690817724));
#7859=DIRECTION('center_axis',(0.,-1.,0.));
#7860=DIRECTION('ref_axis',(0.978147600733813,0.,0.207911690817724));
#7861=DIRECTION('',(0.978147600733807,0.,0.207911690817753));
#7862=DIRECTION('center_axis',(0.,-1.,0.));
#7863=DIRECTION('ref_axis',(-0.978147600733813,0.,-0.207911690817725));
#7864=DIRECTION('center_axis',(0.,1.,0.));
#7865=DIRECTION('ref_axis',(0.978147600733813,0.,0.207911690817724));
#7866=DIRECTION('',(0.,-1.,0.));
#7867=DIRECTION('center_axis',(-0.978147600733814,0.,-0.20791169081772));
#7868=DIRECTION('ref_axis',(-0.20791169081772,0.,0.978147600733814));
#7869=DIRECTION('center_axis',(0.978147600733807,0.,0.207911690817752));
#7870=DIRECTION('ref_axis',(-0.207911690817752,0.,0.978147600733807));
#7871=DIRECTION('',(0.978147600733814,0.,0.20791169081772));
#7872=DIRECTION('center_axis',(-0.978147600733807,0.,-0.207911690817752));
#7873=DIRECTION('ref_axis',(-0.207911690817752,0.,0.978147600733807));
#7874=DIRECTION('',(-0.978147600733814,0.,-0.20791169081772));
#7875=DIRECTION('center_axis',(0.,-1.,0.));
#7876=DIRECTION('ref_axis',(0.,0.,-1.));
#7877=DIRECTION('',(0.207911690817752,0.,-0.978147600733807));
#7878=DIRECTION('',(0.207911690817752,0.,-0.978147600733807));
#7879=DIRECTION('',(0.978147600733813,0.,0.207911690817724));
#7880=DIRECTION('center_axis',(0.978147600733813,0.,0.207911690817724));
#7881=DIRECTION('ref_axis',(0.207911690817724,0.,-0.978147600733813));
#7882=DIRECTION('center_axis',(0.978147600733807,0.,0.207911690817752));
#7883=DIRECTION('ref_axis',(-0.207911690817752,8.67361737988404E-16,0.978147600733807));
#7884=DIRECTION('center_axis',(-0.978147600733807,0.,-0.207911690817752));
#7885=DIRECTION('ref_axis',(-0.207911690817752,0.,0.978147600733807));
#7886=DIRECTION('',(-0.978147600733813,-4.21407174581993E-33,-0.207911690817724));
#7887=DIRECTION('center_axis',(-0.197242348548217,0.316227766016838,0.927952291844351));
#7888=DIRECTION('ref_axis',(-0.0657474495160724,-0.948683298050514,0.309317430614784));
#7889=DIRECTION('',(0.0657474495160724,0.948683298050514,-0.309317430614784));
#7890=DIRECTION('',(0.978147600733813,4.21407174581993E-33,0.207911690817724));
#7891=DIRECTION('',(-0.0657474495160814,-0.948683298050514,0.309317430614782));
#7892=DIRECTION('center_axis',(0.978147600733813,0.,0.207911690817724));
#7893=DIRECTION('ref_axis',(0.207911690817724,0.,-0.978147600733813));
#7894=DIRECTION('center_axis',(-0.978147600733807,0.,-0.207911690817752));
#7895=DIRECTION('ref_axis',(-0.207911690817752,0.,0.978147600733807));
#7896=DIRECTION('center_axis',(0.978147600733807,0.,0.207911690817752));
#7897=DIRECTION('ref_axis',(-0.207911690817752,0.,0.978147600733807));
#7898=DIRECTION('',(-0.978147600733813,0.,-0.207911690817724));
#7899=DIRECTION('center_axis',(0.,1.,0.));
#7900=DIRECTION('ref_axis',(0.978147600733813,0.,0.207911690817725));
#7901=DIRECTION('',(0.,-1.,0.));
#7902=DIRECTION('center_axis',(-0.978147600733813,0.,-0.207911690817724));
#7903=DIRECTION('ref_axis',(0.207911690817724,1.22464679914735E-16,-0.978147600733813));
#7904=DIRECTION('center_axis',(-0.978147600733813,0.,-0.207911690817724));
#7905=DIRECTION('ref_axis',(-0.207911690817724,0.,0.978147600733813));
#7906=DIRECTION('center_axis',(-0.978147600733813,0.,-0.207911690817724));
#7907=DIRECTION('ref_axis',(-0.207911690817724,0.,0.978147600733813));
#7908=DIRECTION('',(-0.978147600733813,0.,-0.207911690817724));
#7909=DIRECTION('center_axis',(-0.978147600733813,0.,-0.207911690817724));
#7910=DIRECTION('ref_axis',(-0.207911690817724,0.,0.978147600733813));
#7911=DIRECTION('center_axis',(-0.978147600733813,0.,-0.207911690817724));
#7912=DIRECTION('ref_axis',(-0.207911690817724,0.,0.978147600733813));
#7913=DIRECTION('center_axis',(3.29754780335107E-15,1.,-1.55137426830931E-14));
#7914=DIRECTION('ref_axis',(-0.207911690817724,1.58603289232163E-14,0.978147600733813));
#7915=DIRECTION('',(0.20791169081772,-1.58603289232163E-14,-0.978147600733814));
#7916=DIRECTION('',(0.978147600733814,1.12103877145985E-44,0.20791169081772));
#7917=DIRECTION('',(-0.20791169081772,1.58603289232163E-14,0.978147600733814));
#7918=DIRECTION('center_axis',(-0.978147600733814,-1.12103877145985E-44,
-0.20791169081772));
#7919=DIRECTION('ref_axis',(-0.20791169081772,3.85826947227391E-59,0.978147600733814));
#7920=DIRECTION('center_axis',(0.978147600733807,0.,0.207911690817752));
#7921=DIRECTION('ref_axis',(-0.207911690817752,0.,0.978147600733807));
#7922=DIRECTION('center_axis',(-0.978147600733807,0.,-0.207911690817752));
#7923=DIRECTION('ref_axis',(-0.207911690817752,0.,0.978147600733807));
#7924=DIRECTION('',(-0.978147600733814,-1.12103877145985E-44,-0.20791169081772));
#7925=DIRECTION('center_axis',(-0.20791169081772,0.,0.978147600733814));
#7926=DIRECTION('ref_axis',(0.978147600733814,0.,0.20791169081772));
#7927=DIRECTION('',(0.,-1.,0.));
#7928=DIRECTION('',(0.,1.,0.));
#7929=DIRECTION('',(0.,-1.,0.));
#7930=DIRECTION('',(0.,-1.,0.));
#7931=DIRECTION('center_axis',(-0.978147600733807,0.,-0.207911690817752));
#7932=DIRECTION('ref_axis',(-0.207911690817752,0.,0.978147600733807));
#7933=DIRECTION('',(0.207911690817752,0.,-0.978147600733807));
#7934=DIRECTION('',(0.207911690817724,0.,-0.978147600733813));
#7935=DIRECTION('center_axis',(0.,1.,0.));
#7936=DIRECTION('ref_axis',(0.978147600733813,0.,0.207911690817724));
#7937=DIRECTION('',(-0.207911690817752,0.,0.978147600733807));
#7938=DIRECTION('center_axis',(-0.978147600733807,0.,-0.207911690817752));
#7939=DIRECTION('ref_axis',(-0.207911690817752,0.,0.978147600733807));
#7940=DIRECTION('center_axis',(-0.978147600733807,0.,-0.207911690817752));
#7941=DIRECTION('ref_axis',(-0.207911690817752,0.,0.978147600733807));
#7942=DIRECTION('center_axis',(-0.978147600733807,0.,-0.207911690817752));
#7943=DIRECTION('ref_axis',(-0.207911690817752,0.,0.978147600733807));
#7944=DIRECTION('',(-0.207911690817752,0.,0.978147600733807));
#7945=DIRECTION('center_axis',(-0.978147600733807,0.,-0.207911690817752));
#7946=DIRECTION('ref_axis',(-0.207911690817752,0.,0.978147600733807));
#7947=DIRECTION('',(-0.207911690817752,0.,0.978147600733807));
#7948=DIRECTION('center_axis',(-0.978147600733807,0.,-0.207911690817752));
#7949=DIRECTION('ref_axis',(-0.207911690817752,0.,0.978147600733807));
#7950=DIRECTION('',(0.207911690817752,0.,-0.978147600733807));
#7951=DIRECTION('center_axis',(0.,1.,0.));
#7952=DIRECTION('ref_axis',(0.,0.,1.));
#7953=DIRECTION('center_axis',(0.,1.,0.));
#7954=DIRECTION('ref_axis',(0.,0.,1.));
#7955=DIRECTION('center_axis',(0.,-1.,0.));
#7956=DIRECTION('ref_axis',(0.,0.,-1.));
#7957=DIRECTION('',(-1.,0.,0.));
#7958=DIRECTION('center_axis',(0.,-1.,0.));
#7959=DIRECTION('ref_axis',(0.,0.,-1.));
#7960=DIRECTION('center_axis',(0.,-1.,0.));
#7961=DIRECTION('ref_axis',(0.,0.,-1.));
#7962=DIRECTION('',(-1.,0.,2.41473507855972E-15));
#7963=DIRECTION('center_axis',(0.,1.,0.));
#7964=DIRECTION('ref_axis',(-5.12221498812048E-14,0.,-1.));
#7965=DIRECTION('center_axis',(0.,1.,0.));
#7966=DIRECTION('ref_axis',(0.,0.,1.));
#7967=DIRECTION('center_axis',(0.,-1.,0.));
#7968=DIRECTION('ref_axis',(0.,0.,-1.));
#7969=DIRECTION('',(0.,-1.,0.));
#7970=DIRECTION('center_axis',(0.,-1.,0.));
#7971=DIRECTION('ref_axis',(0.,0.,-1.));
#7972=DIRECTION('',(0.,-1.,0.));
#7973=DIRECTION('center_axis',(1.,0.,-1.38777878078145E-16));
#7974=DIRECTION('ref_axis',(1.38777878078145E-16,1.22464679914735E-16,1.));
#7975=DIRECTION('center_axis',(1.,0.,-3.60822483003176E-16));
#7976=DIRECTION('ref_axis',(-3.60822483003176E-16,0.,-1.));
#7977=DIRECTION('',(1.,0.,-1.38777878078145E-16));
#7978=DIRECTION('center_axis',(1.,0.,-1.38777878078145E-16));
#7979=DIRECTION('ref_axis',(-1.38777878078145E-16,0.,-1.));
#7980=DIRECTION('',(1.,0.,-1.38777878078145E-16));
#7981=DIRECTION('center_axis',(1.,0.,-3.88578058618805E-16));
#7982=DIRECTION('ref_axis',(-3.88578058618805E-16,0.,-1.));
#7983=DIRECTION('',(3.88578058618805E-16,0.,1.));
#7984=DIRECTION('',(3.88578058618805E-16,0.,1.));
#7985=DIRECTION('center_axis',(0.,1.,0.));
#7986=DIRECTION('ref_axis',(1.,0.,0.));
#7987=DIRECTION('',(3.88578058618805E-16,0.,1.));
#7988=DIRECTION('center_axis',(1.,0.,-3.88578058618805E-16));
#7989=DIRECTION('ref_axis',(-3.88578058618805E-16,0.,-1.));
#7990=DIRECTION('',(-3.88578058618805E-16,0.,-1.));
#7991=DIRECTION('center_axis',(0.,1.,0.));
#7992=DIRECTION('ref_axis',(1.,0.,0.));
#7993=DIRECTION('center_axis',(0.978147600733807,0.,-0.207911690817753));
#7994=DIRECTION('ref_axis',(-0.207911690817753,0.,-0.978147600733807));
#7995=DIRECTION('center_axis',(-0.978147600733807,0.,0.207911690817753));
#7996=DIRECTION('ref_axis',(-0.207911690817753,0.,-0.978147600733807));
#7997=DIRECTION('',(0.978147600733807,0.,-0.207911690817753));
#7998=DIRECTION('center_axis',(-0.978147600733807,0.,0.207911690817753));
#7999=DIRECTION('ref_axis',(-0.207911690817753,0.,-0.978147600733807));
#8000=DIRECTION('center_axis',(-0.978147600733807,0.,-0.207911690817752));
#8001=DIRECTION('ref_axis',(-0.207911690817752,0.,0.978147600733807));
#8002=DIRECTION('center_axis',(-0.978147600733807,0.,-0.207911690817753));
#8003=DIRECTION('ref_axis',(0.207911690817753,0.,-0.978147600733807));
#8004=DIRECTION('',(-0.978147600733807,0.,-0.207911690817752));
#8005=DIRECTION('center_axis',(-0.978147600733807,0.,-0.207911690817753));
#8006=DIRECTION('ref_axis',(0.207911690817753,0.,-0.978147600733807));
#8007=DIRECTION('center_axis',(-0.207911690817752,0.,0.978147600733807));
#8008=DIRECTION('ref_axis',(0.,1.,0.));
#8009=DIRECTION('',(0.978147600733807,0.,0.207911690817752));
#8010=DIRECTION('',(0.,-1.,0.));
#8011=DIRECTION('',(0.978147600733807,0.,0.207911690817752));
#8012=DIRECTION('',(0.,-1.,0.));
#8013=DIRECTION('center_axis',(-0.978147600733807,0.,-0.207911690817752));
#8014=DIRECTION('ref_axis',(-0.207911690817752,0.,0.978147600733807));
#8015=DIRECTION('center_axis',(0.978147600733807,0.,0.207911690817752));
#8016=DIRECTION('ref_axis',(-0.207911690817752,-1.06685493772574E-14,0.978147600733807));
#8017=DIRECTION('',(0.978147600733807,0.,0.207911690817752));
#8018=DIRECTION('center_axis',(0.978147600733807,0.,0.207911690817752));
#8019=DIRECTION('ref_axis',(-0.207911690817752,-2.22044604925031E-14,0.978147600733807));
#8020=DIRECTION('center_axis',(0.,-1.,0.));
#8021=DIRECTION('ref_axis',(-0.207911690817752,0.,0.978147600733807));
#8022=DIRECTION('',(0.207911690817752,0.,-0.978147600733807));
#8023=DIRECTION('',(0.978147600733807,0.,0.207911690817752));
#8024=DIRECTION('',(0.207911690817752,0.,-0.978147600733807));
#8025=DIRECTION('center_axis',(-0.978147600733807,0.,-0.207911690817752));
#8026=DIRECTION('ref_axis',(-0.207911690817752,0.,0.978147600733807));
#8027=DIRECTION('center_axis',(0.978147600733807,0.,0.207911690817752));
#8028=DIRECTION('ref_axis',(-0.207911690817752,0.,0.978147600733807));
#8029=DIRECTION('',(0.978147600733807,0.,0.207911690817752));
#8030=DIRECTION('center_axis',(0.978147600733807,0.,0.207911690817752));
#8031=DIRECTION('ref_axis',(-0.207911690817752,8.67361737988404E-16,0.978147600733807));
#8032=DIRECTION('center_axis',(0.197242348548244,-0.316227766016838,-0.927952291844345));
#8033=DIRECTION('ref_axis',(-0.0657474495160814,-0.948683298050514,0.309317430614782));
#8034=DIRECTION('',(-0.0657474495160814,-0.948683298050514,0.309317430614782));
#8035=DIRECTION('',(0.978147600733807,0.,0.207911690817752));
#8036=DIRECTION('',(-0.0657474495160814,-0.948683298050514,0.309317430614782));
#8037=DIRECTION('center_axis',(-0.978147600733807,0.,-0.207911690817752));
#8038=DIRECTION('ref_axis',(-0.207911690817752,0.,0.978147600733807));
#8039=DIRECTION('center_axis',(-0.978147600733807,0.,-0.207911690817752));
#8040=DIRECTION('ref_axis',(-0.207911690817752,0.,0.978147600733807));
#8041=DIRECTION('',(0.978147600733807,0.,0.207911690817752));
#8042=DIRECTION('center_axis',(-0.978147600733807,0.,-0.207911690817752));
#8043=DIRECTION('ref_axis',(-0.207911690817752,0.,0.978147600733807));
#8044=DIRECTION('center_axis',(0.,-1.,0.));
#8045=DIRECTION('ref_axis',(-0.207911690817753,0.,-0.978147600733807));
#8046=DIRECTION('',(-0.207911690817753,0.,-0.978147600733807));
#8047=DIRECTION('center_axis',(0.,1.,0.));
#8048=DIRECTION('ref_axis',(0.,0.,-1.));
#8049=DIRECTION('',(-1.,0.,9.96374459468998E-17));
#8050=DIRECTION('center_axis',(0.,1.,0.));
#8051=DIRECTION('ref_axis',(0.,0.,1.));
#8052=DIRECTION('',(-0.207911690817752,0.,0.978147600733807));
#8053=DIRECTION('',(-0.207911690817752,0.,0.978147600733807));
#8054=DIRECTION('center_axis',(0.,1.,0.));
#8055=DIRECTION('ref_axis',(0.,0.,1.));
#8056=DIRECTION('',(-1.,0.,9.96374459468998E-17));
#8057=DIRECTION('center_axis',(0.,1.,0.));
#8058=DIRECTION('ref_axis',(0.,0.,-1.));
#8059=DIRECTION('',(-0.207911690817753,0.,-0.978147600733807));
#8060=DIRECTION('',(-0.978147600733807,0.,0.207911690817753));
#8061=DIRECTION('center_axis',(0.978147600733807,0.,-0.207911690817753));
#8062=DIRECTION('ref_axis',(-0.207911690817753,0.,-0.978147600733807));
#8063=DIRECTION('center_axis',(0.978147600733807,0.,-0.207911690817753));
#8064=DIRECTION('ref_axis',(-0.207911690817753,0.,-0.978147600733807));
#8065=DIRECTION('',(-0.978147600733807,0.,0.207911690817753));
#8066=DIRECTION('center_axis',(0.978147600733807,0.,-0.207911690817753));
#8067=DIRECTION('ref_axis',(-0.207911690817753,0.,-0.978147600733807));
#8068=DIRECTION('center_axis',(-0.197242348548245,-0.316227766016838,-0.927952291844345));
#8069=DIRECTION('ref_axis',(-0.0657474495160815,0.948683298050514,-0.309317430614782));
#8070=DIRECTION('',(-0.0657474495160815,0.948683298050514,-0.309317430614782));
#8071=DIRECTION('',(-0.978147600733807,0.,0.207911690817753));
#8072=DIRECTION('',(-0.0657474495160815,0.948683298050514,-0.309317430614782));
#8073=DIRECTION('center_axis',(0.978147600733807,0.,-0.207911690817753));
#8074=DIRECTION('ref_axis',(-0.207911690817753,0.,-0.978147600733807));
#8075=DIRECTION('center_axis',(-0.978147600733807,0.,0.207911690817753));
#8076=DIRECTION('ref_axis',(-0.207911690817753,0.,-0.978147600733807));
#8077=DIRECTION('',(-0.978147600733807,0.,0.207911690817753));
#8078=DIRECTION('center_axis',(-0.978147600733807,0.,0.207911690817753));
#8079=DIRECTION('ref_axis',(-0.207911690817753,0.,-0.978147600733807));
#8080=DIRECTION('center_axis',(0.,-1.,0.));
#8081=DIRECTION('ref_axis',(-0.207911690817753,0.,-0.978147600733807));
#8082=DIRECTION('',(0.207911690817753,0.,0.978147600733807));
#8083=DIRECTION('',(-0.978147600733807,0.,0.207911690817753));
#8084=DIRECTION('',(0.207911690817753,0.,0.978147600733807));
#8085=DIRECTION('center_axis',(0.978147600733807,0.,-0.207911690817753));
#8086=DIRECTION('ref_axis',(-0.207911690817753,0.,-0.978147600733807));
#8087=DIRECTION('center_axis',(-0.978147600733807,0.,0.207911690817753));
#8088=DIRECTION('ref_axis',(-0.207911690817753,0.,-0.978147600733807));
#8089=DIRECTION('',(-0.978147600733807,0.,0.207911690817753));
#8090=DIRECTION('center_axis',(-0.978147600733807,0.,0.207911690817753));
#8091=DIRECTION('ref_axis',(-0.207911690817753,0.,-0.978147600733807));
#8092=DIRECTION('center_axis',(-0.207911690817753,0.,-0.978147600733807));
#8093=DIRECTION('ref_axis',(0.,1.,0.));
#8094=DIRECTION('',(0.,1.,0.));
#8095=DIRECTION('',(-0.978147600733807,0.,0.207911690817753));
#8096=DIRECTION('',(0.,1.,0.));
#8097=DIRECTION('center_axis',(0.,-1.,0.));
#8098=DIRECTION('ref_axis',(-0.207911690817753,0.,-0.978147600733807));
#8099=DIRECTION('',(-0.207911690817753,0.,-0.978147600733807));
#8100=DIRECTION('',(-0.978147600733807,0.,0.207911690817753));
#8101=DIRECTION('',(-0.207911690817753,0.,-0.978147600733807));
#8102=DIRECTION('',(-0.978147600733807,0.,0.207911690817753));
#8103=DIRECTION('center_axis',(-0.197242066482657,-0.316231835969366,-0.92795096483009));
#8104=DIRECTION('ref_axis',(-0.0657482957067931,0.948681941389971,-0.309321411629082));
#8105=DIRECTION('',(-0.0657482957067931,0.948681941389971,-0.309321411629082));
#8106=DIRECTION('',(-0.978147600733807,0.,0.207911690817753));
#8107=DIRECTION('',(-0.0657482957067931,0.948681941389971,-0.309321411629082));
#8108=DIRECTION('',(-0.978147600733807,0.,0.207911690817753));
#8109=DIRECTION('center_axis',(0.,-1.,0.));
#8110=DIRECTION('ref_axis',(-0.207911690817752,0.,0.978147600733807));
#8111=DIRECTION('',(-0.207911690817752,0.,0.978147600733807));
#8112=DIRECTION('center_axis',(0.,-1.,0.));
#8113=DIRECTION('ref_axis',(0.,0.,1.));
#8114=DIRECTION('',(-1.,0.,9.96374459468998E-17));
#8115=DIRECTION('center_axis',(0.,-1.,0.));
#8116=DIRECTION('ref_axis',(0.,0.,-1.));
#8117=DIRECTION('',(-0.207911690817753,0.,-0.978147600733807));
#8118=DIRECTION('',(-0.207911690817753,0.,-0.978147600733807));
#8119=DIRECTION('center_axis',(0.,-1.,0.));
#8120=DIRECTION('ref_axis',(0.,0.,-1.));
#8121=DIRECTION('',(-1.,0.,9.96374459468998E-17));
#8122=DIRECTION('center_axis',(0.,-1.,0.));
#8123=DIRECTION('ref_axis',(9.73469964072283E-15,0.,1.));
#8124=DIRECTION('',(-0.207911690817752,0.,0.978147600733807));
#8125=DIRECTION('',(0.978147600733807,0.,0.207911690817752));
#8126=DIRECTION('',(0.978147600733807,0.,0.207911690817752));
#8127=DIRECTION('center_axis',(0.197242108184192,-0.316231234257413,-0.927951161020389));
#8128=DIRECTION('ref_axis',(-0.0657481706038435,-0.948682141963278,0.309320823065979));
#8129=DIRECTION('',(-0.0657481706038435,-0.948682141963278,0.309320823065979));
#8130=DIRECTION('',(0.978147600733807,0.,0.207911690817752));
#8131=DIRECTION('',(-0.0657481706038435,-0.948682141963278,0.309320823065979));
#8132=DIRECTION('',(0.978147600733807,0.,0.207911690817752));
#8133=DIRECTION('center_axis',(0.,-1.,0.));
#8134=DIRECTION('ref_axis',(-0.207911690817752,0.,0.978147600733807));
#8135=DIRECTION('',(-0.207911690817752,0.,0.978147600733807));
#8136=DIRECTION('',(-0.207911690817752,0.,0.978147600733807));
#8137=DIRECTION('center_axis',(-0.978147600733807,0.,-0.207911690817752));
#8138=DIRECTION('ref_axis',(-0.207911690817752,0.,0.978147600733807));
#8139=DIRECTION('',(0.,-1.,0.));
#8140=DIRECTION('center_axis',(0.,1.,0.));
#8141=DIRECTION('ref_axis',(0.,0.,1.));
#8142=DIRECTION('',(0.,-1.,0.));
#8143=DIRECTION('center_axis',(-9.96374459468998E-17,0.,-1.));
#8144=DIRECTION('ref_axis',(-1.,0.,9.96374459468998E-17));
#8145=DIRECTION('',(0.,-1.,0.));
#8146=DIRECTION('center_axis',(0.,-1.,0.));
#8147=DIRECTION('ref_axis',(0.,0.,-1.));
#8148=DIRECTION('',(0.,-1.,0.));
#8149=DIRECTION('center_axis',(0.978147600733807,0.,-0.207911690817753));
#8150=DIRECTION('ref_axis',(-0.207911690817753,0.,-0.978147600733807));
#8151=DIRECTION('center_axis',(-0.978147600733807,0.,-0.207911690817752));
#8152=DIRECTION('ref_axis',(-0.207911690817752,0.,0.978147600733807));
#8153=DIRECTION('',(0.,-1.,0.));
#8154=DIRECTION('center_axis',(0.,1.,0.));
#8155=DIRECTION('ref_axis',(0.,0.,1.));
#8156=DIRECTION('',(0.,-1.,0.));
#8157=DIRECTION('center_axis',(-9.96374459468998E-17,0.,-1.));
#8158=DIRECTION('ref_axis',(-1.,0.,9.96374459468998E-17));
#8159=DIRECTION('',(0.,-1.,0.));
#8160=DIRECTION('center_axis',(0.,-1.,0.));
#8161=DIRECTION('ref_axis',(0.,0.,-1.));
#8162=DIRECTION('',(0.,-1.,0.));
#8163=DIRECTION('center_axis',(0.978147600733807,0.,-0.207911690817753));
#8164=DIRECTION('ref_axis',(-0.207911690817753,0.,-0.978147600733807));
#8165=DIRECTION('center_axis',(-1.,0.,2.77555756156289E-17));
#8166=DIRECTION('ref_axis',(2.77555756156289E-17,0.,1.));
#8167=DIRECTION('center_axis',(-1.,0.,2.77555756156289E-17));
#8168=DIRECTION('ref_axis',(2.77555756156289E-17,0.,1.));
#8169=DIRECTION('',(-1.,0.,2.77555756156289E-17));
#8170=DIRECTION('center_axis',(-1.,0.,2.77555756156289E-17));
#8171=DIRECTION('ref_axis',(2.77555756156289E-17,0.,1.));
#8172=DIRECTION('center_axis',(1.,0.,-3.60822483003176E-16));
#8173=DIRECTION('ref_axis',(-3.60822483003176E-16,0.,-1.));
#8174=DIRECTION('center_axis',(1.,0.,-3.60822483003176E-16));
#8175=DIRECTION('ref_axis',(-3.60822483003176E-16,0.,-1.));
#8176=DIRECTION('',(1.,0.,-3.60822483003176E-16));
#8177=DIRECTION('center_axis',(1.,0.,-3.60822483003176E-16));
#8178=DIRECTION('ref_axis',(-3.60822483003176E-16,0.,-1.));
#8179=DIRECTION('center_axis',(-1.,0.,2.77555756156289E-17));
#8180=DIRECTION('ref_axis',(2.77555756156289E-17,0.,1.));
#8181=DIRECTION('center_axis',(-1.,0.,2.77555756156289E-17));
#8182=DIRECTION('ref_axis',(2.77555756156289E-17,0.,1.));
#8183=DIRECTION('',(1.,0.,-2.77555756156289E-17));
#8184=DIRECTION('center_axis',(-1.,0.,2.77555756156289E-17));
#8185=DIRECTION('ref_axis',(2.77555756156289E-17,0.,1.));
#8186=DIRECTION('',(1.,0.,-2.77555756156289E-17));
#8187=DIRECTION('center_axis',(0.,-1.,0.));
#8188=DIRECTION('ref_axis',(2.77555756156289E-17,0.,1.));
#8189=DIRECTION('',(-2.77555756156289E-17,0.,-1.));
#8190=DIRECTION('center_axis',(0.,-1.,0.));
#8191=DIRECTION('ref_axis',(9.87321272610595E-15,0.,1.));
#8192=DIRECTION('',(0.207911690817752,0.,-0.978147600733807));
#8193=DIRECTION('center_axis',(0.,-1.,0.));
#8194=DIRECTION('ref_axis',(0.,0.,1.));
#8195=DIRECTION('',(1.,0.,-9.96374459468998E-17));
#8196=DIRECTION('center_axis',(0.,-1.,0.));
#8197=DIRECTION('ref_axis',(0.,0.,-1.));
#8198=DIRECTION('',(0.207911690817753,0.,0.978147600733807));
#8199=DIRECTION('center_axis',(0.,-1.,0.));
#8200=DIRECTION('ref_axis',(0.,0.,-1.));
#8201=DIRECTION('',(3.88578058618805E-16,0.,1.));
#8202=DIRECTION('',(-1.,0.,3.60822483003176E-16));
#8203=DIRECTION('',(3.88578058618805E-16,0.,1.));
#8204=DIRECTION('center_axis',(0.,-1.,0.));
#8205=DIRECTION('ref_axis',(0.,0.,-1.));
#8206=DIRECTION('',(0.207911690817753,0.,0.978147600733807));
#8207=DIRECTION('center_axis',(0.,-1.,0.));
#8208=DIRECTION('ref_axis',(0.,0.,-1.));
#8209=DIRECTION('',(1.,0.,-9.96374459468998E-17));
#8210=DIRECTION('center_axis',(0.,-1.,0.));
#8211=DIRECTION('ref_axis',(9.73469964072283E-15,0.,1.));
#8212=DIRECTION('',(0.207911690817752,0.,-0.978147600733807));
#8213=DIRECTION('center_axis',(0.,-1.,0.));
#8214=DIRECTION('ref_axis',(0.,0.,1.));
#8215=DIRECTION('',(-2.77555756156289E-17,0.,-1.));
#8216=DIRECTION('center_axis',(0.,-1.,0.));
#8217=DIRECTION('ref_axis',(0.,0.,-1.));
#8218=DIRECTION('center_axis',(0.,1.,0.));
#8219=DIRECTION('ref_axis',(0.,0.,1.));
#8220=DIRECTION('',(2.77555756156289E-17,0.,1.));
#8221=DIRECTION('',(2.77555756156289E-17,0.,1.));
#8222=DIRECTION('center_axis',(0.,1.,0.));
#8223=DIRECTION('ref_axis',(0.,0.,1.));
#8224=DIRECTION('',(0.978147600733807,0.,0.207911690817752));
#8225=DIRECTION('center_axis',(-0.978147600733807,0.,-0.207911690817752));
#8226=DIRECTION('ref_axis',(-0.207911690817752,0.,0.978147600733807));
#8227=DIRECTION('center_axis',(-0.978147600733813,0.,-0.207911690817724));
#8228=DIRECTION('ref_axis',(-0.207911690817724,0.,0.978147600733813));
#8229=DIRECTION('',(0.978147600733807,0.,0.207911690817752));
#8230=DIRECTION('center_axis',(-0.978147600733813,0.,-0.207911690817724));
#8231=DIRECTION('ref_axis',(-0.207911690817724,0.,0.978147600733813));
#8232=DIRECTION('center_axis',(0.,-1.,0.));
#8233=DIRECTION('ref_axis',(-0.207911690817752,0.,0.978147600733807));
#8234=DIRECTION('',(-0.207911690817752,0.,0.978147600733807));
#8235=DIRECTION('',(0.978147600733807,0.,0.207911690817752));
#8236=DIRECTION('',(-0.207911690817752,0.,0.978147600733807));
#8237=DIRECTION('',(0.978147600733807,0.,0.207911690817752));
#8238=DIRECTION('center_axis',(0.197243728371319,-0.316207855573103,-0.927958783401527));
#8239=DIRECTION('ref_axis',(-0.0657433099020595,-0.948689934632944,0.309297955262013));
#8240=DIRECTION('',(-0.0657433099020594,-0.948689934632944,0.309297955262013));
#8241=DIRECTION('',(0.978147600733807,0.,0.207911690817752));
#8242=DIRECTION('',(-0.0657433099020594,-0.948689934632944,0.309297955262013));
#8243=DIRECTION('',(0.978147600733807,0.,0.207911690817752));
#8244=DIRECTION('center_axis',(0.,-1.,0.));
#8245=DIRECTION('ref_axis',(-0.207911690817753,0.,-0.978147600733807));
#8246=DIRECTION('',(-0.207911690817753,0.,-0.978147600733807));
#8247=DIRECTION('center_axis',(0.,1.,0.));
#8248=DIRECTION('ref_axis',(0.,0.,-1.));
#8249=DIRECTION('',(-1.,0.,9.96374459468998E-17));
#8250=DIRECTION('center_axis',(0.,1.,0.));
#8251=DIRECTION('ref_axis',(0.,0.,1.));
#8252=DIRECTION('',(-0.207911690817752,0.,0.978147600733807));
#8253=DIRECTION('',(-0.207911690817752,0.,0.978147600733807));
#8254=DIRECTION('center_axis',(0.,1.,0.));
#8255=DIRECTION('ref_axis',(0.,0.,1.));
#8256=DIRECTION('',(-1.,0.,9.96374459468998E-17));
#8257=DIRECTION('center_axis',(0.,1.,0.));
#8258=DIRECTION('ref_axis',(0.,0.,-1.));
#8259=DIRECTION('',(-0.207911690817753,0.,-0.978147600733807));
#8260=DIRECTION('',(-0.978147600733807,0.,0.207911690817753));
#8261=DIRECTION('',(-0.978147600733807,0.,0.207911690817753));
#8262=DIRECTION('center_axis',(-0.197240454030855,-0.316255101080188,-0.92794337884079));
#8263=DIRECTION('ref_axis',(-0.0657531327953213,0.948674185925157,-0.309344168341414));
#8264=DIRECTION('',(-0.0657531327953213,0.948674185925157,-0.309344168341414));
#8265=DIRECTION('',(-0.978147600733807,0.,0.207911690817753));
#8266=DIRECTION('',(-0.0657531327953213,0.948674185925157,-0.309344168341414));
#8267=DIRECTION('',(-0.978147600733807,0.,0.207911690817753));
#8268=DIRECTION('center_axis',(0.,-1.,0.));
#8269=DIRECTION('ref_axis',(-0.207911690817753,0.,-0.978147600733807));
#8270=DIRECTION('',(-0.207911690817753,0.,-0.978147600733807));
#8271=DIRECTION('',(-0.978147600733807,0.,0.207911690817753));
#8272=DIRECTION('',(-0.207911690817753,0.,-0.978147600733807));
#8273=DIRECTION('center_axis',(0.978147600733807,0.,-0.207911690817753));
#8274=DIRECTION('ref_axis',(-0.207911690817753,0.,-0.978147600733807));
#8275=DIRECTION('center_axis',(0.978147600733808,0.,-0.207911690817748));
#8276=DIRECTION('ref_axis',(-0.207911690817749,0.,-0.978147600733808));
#8277=DIRECTION('',(-0.978147600733814,0.,0.207911690817718));
#8278=DIRECTION('center_axis',(0.978147600733808,0.,-0.207911690817748));
#8279=DIRECTION('ref_axis',(-0.207911690817749,0.,-0.978147600733808));
#8280=DIRECTION('center_axis',(0.,-1.,0.));
#8281=DIRECTION('ref_axis',(-3.88578058618805E-16,0.,-1.));
#8282=DIRECTION('',(-3.88578058618805E-16,0.,-1.));
#8283=DIRECTION('center_axis',(0.,1.,0.));
#8284=DIRECTION('ref_axis',(-3.94928509044238E-14,0.,-1.));
#8285=DIRECTION('center_axis',(0.,1.,0.));
#8286=DIRECTION('ref_axis',(0.,0.,-1.));
#8287=DIRECTION('',(-3.88578058618805E-16,0.,-1.));
#8288=DIRECTION('',(-1.,0.,3.60822483003176E-16));
#8289=DIRECTION('center_axis',(1.,0.,-3.60822483003176E-16));
#8290=DIRECTION('ref_axis',(3.60822483003176E-16,1.22464679914735E-16,1.));
#8291=DIRECTION('center_axis',(1.,0.,-3.60822483003176E-16));
#8292=DIRECTION('ref_axis',(-3.60822483003176E-16,0.,-1.));
#8293=DIRECTION('center_axis',(1.,0.,-3.60822483003176E-16));
#8294=DIRECTION('ref_axis',(-3.60822483003176E-16,0.,-1.));
#8295=DIRECTION('center_axis',(1.,0.,-3.88578058618805E-16));
#8296=DIRECTION('ref_axis',(-3.88578058618805E-16,0.,-1.));
#8297=DIRECTION('',(0.,-1.,0.));
#8298=DIRECTION('center_axis',(0.,-1.,0.));
#8299=DIRECTION('ref_axis',(0.,0.,-1.));
#8300=DIRECTION('',(0.,-1.,0.));
#8301=DIRECTION('center_axis',(0.978147600733807,0.,-0.207911690817753));
#8302=DIRECTION('ref_axis',(-0.207911690817753,0.,-0.978147600733807));
#8303=DIRECTION('',(0.,-1.,0.));
#8304=DIRECTION('center_axis',(0.,-1.,0.));
#8305=DIRECTION('ref_axis',(0.,0.,-1.));
#8306=DIRECTION('',(0.,-1.,0.));
#8307=DIRECTION('center_axis',(-9.96374459468998E-17,0.,-1.));
#8308=DIRECTION('ref_axis',(-1.,0.,9.96374459468998E-17));
#8309=DIRECTION('',(0.,-1.,0.));
#8310=DIRECTION('center_axis',(0.,1.,0.));
#8311=DIRECTION('ref_axis',(0.,0.,1.));
#8312=DIRECTION('',(0.,-1.,0.));
#8313=DIRECTION('center_axis',(-0.978147600733807,0.,-0.207911690817752));
#8314=DIRECTION('ref_axis',(-0.207911690817752,0.,0.978147600733807));
#8315=DIRECTION('',(0.,-1.,0.));
#8316=DIRECTION('center_axis',(0.,1.,0.));
#8317=DIRECTION('ref_axis',(0.978147600733813,0.,0.207911690817726));
#8318=DIRECTION('',(0.,-1.,0.));
#8319=DIRECTION('center_axis',(-1.,0.,2.77555756156289E-17));
#8320=DIRECTION('ref_axis',(2.77555756156289E-17,0.,1.));
#8321=DIRECTION('center_axis',(1.,0.,-3.88578058618805E-16));
#8322=DIRECTION('ref_axis',(-3.88578058618805E-16,0.,-1.));
#8323=DIRECTION('',(0.,-1.,0.));
#8324=DIRECTION('center_axis',(0.,-1.,0.));
#8325=DIRECTION('ref_axis',(0.,0.,-1.));
#8326=DIRECTION('',(0.,-1.,0.));
#8327=DIRECTION('center_axis',(0.978147600733807,0.,-0.207911690817753));
#8328=DIRECTION('ref_axis',(-0.207911690817753,0.,-0.978147600733807));
#8329=DIRECTION('',(0.,-1.,0.));
#8330=DIRECTION('center_axis',(0.,-1.,0.));
#8331=DIRECTION('ref_axis',(0.,0.,-1.));
#8332=DIRECTION('',(0.,-1.,0.));
#8333=DIRECTION('center_axis',(-9.96374459468998E-17,0.,-1.));
#8334=DIRECTION('ref_axis',(-1.,0.,9.96374459468998E-17));
#8335=DIRECTION('',(0.,-1.,0.));
#8336=DIRECTION('center_axis',(0.,1.,0.));
#8337=DIRECTION('ref_axis',(0.,0.,1.));
#8338=DIRECTION('',(0.,-1.,0.));
#8339=DIRECTION('center_axis',(-0.978147600733807,0.,-0.207911690817752));
#8340=DIRECTION('ref_axis',(-0.207911690817752,0.,0.978147600733807));
#8341=DIRECTION('',(0.,-1.,0.));
#8342=DIRECTION('center_axis',(0.,1.,0.));
#8343=DIRECTION('ref_axis',(0.978147600733812,0.,0.207911690817729));
#8344=DIRECTION('',(0.,-1.,0.));
#8345=DIRECTION('center_axis',(-1.,0.,2.77555756156289E-17));
#8346=DIRECTION('ref_axis',(2.77555756156289E-17,0.,1.));
#8347=DIRECTION('',(-0.978147600733807,0.,0.207911690817753));
#8348=DIRECTION('',(-0.978147600733807,0.,0.207911690817753));
#8349=DIRECTION('center_axis',(-0.197242066482657,-0.316231835969366,-0.92795096483009));
#8350=DIRECTION('ref_axis',(-0.0657482957067932,0.948681941389971,-0.309321411629082));
#8351=DIRECTION('',(-0.0657482957067932,0.948681941389971,-0.309321411629082));
#8352=DIRECTION('',(-0.978147600733807,0.,0.207911690817753));
#8353=DIRECTION('',(-0.0657482957067932,0.948681941389971,-0.309321411629082));
#8354=DIRECTION('',(-0.978147600733807,0.,0.207911690817753));
#8355=DIRECTION('center_axis',(0.,-1.,0.));
#8356=DIRECTION('ref_axis',(-0.207911690817752,0.,0.978147600733807));
#8357=DIRECTION('',(-0.207911690817752,0.,0.978147600733807));
#8358=DIRECTION('center_axis',(0.,1.,0.));
#8359=DIRECTION('ref_axis',(0.,0.,1.));
#8360=DIRECTION('',(-1.,0.,9.96374459468998E-17));
#8361=DIRECTION('center_axis',(0.,1.,0.));
#8362=DIRECTION('ref_axis',(1.97464254522119E-14,0.,-1.));
#8363=DIRECTION('',(-0.207911690817753,0.,-0.978147600733807));
#8364=DIRECTION('',(-0.207911690817753,0.,-0.978147600733807));
#8365=DIRECTION('center_axis',(0.,1.,0.));
#8366=DIRECTION('ref_axis',(1.94693992814457E-14,0.,-1.));
#8367=DIRECTION('',(-1.,0.,9.96374459468998E-17));
#8368=DIRECTION('center_axis',(0.,1.,0.));
#8369=DIRECTION('ref_axis',(0.,0.,1.));
#8370=DIRECTION('',(-0.207911690817752,0.,0.978147600733807));
#8371=DIRECTION('',(0.978147600733807,0.,0.207911690817752));
#8372=DIRECTION('',(0.978147600733807,0.,0.207911690817752));
#8373=DIRECTION('center_axis',(0.197242108184192,-0.316231234257413,-0.927951161020389));
#8374=DIRECTION('ref_axis',(-0.0657481706038436,-0.948682141963278,0.309320823065979));
#8375=DIRECTION('',(-0.0657481706038436,-0.948682141963278,0.309320823065979));
#8376=DIRECTION('',(0.978147600733807,0.,0.207911690817752));
#8377=DIRECTION('',(-0.0657481706038436,-0.948682141963278,0.309320823065979));
#8378=DIRECTION('',(0.978147600733807,0.,0.207911690817752));
#8379=DIRECTION('center_axis',(0.,-1.,0.));
#8380=DIRECTION('ref_axis',(-0.207911690817752,0.,0.978147600733807));
#8381=DIRECTION('',(-0.207911690817752,0.,0.978147600733807));
#8382=DIRECTION('',(0.978147600733807,0.,0.207911690817752));
#8383=DIRECTION('',(-0.207911690817752,0.,0.978147600733807));
#8384=DIRECTION('center_axis',(-0.207911690817752,0.,0.978147600733807));
#8385=DIRECTION('ref_axis',(0.,1.,0.));
#8386=DIRECTION('',(0.,-1.,0.));
#8387=DIRECTION('',(0.978147600733807,0.,0.207911690817752));
#8388=DIRECTION('',(0.,-1.,0.));
#8389=DIRECTION('center_axis',(0.,-1.,0.));
#8390=DIRECTION('ref_axis',(-0.207911690817752,0.,0.978147600733807));
#8391=DIRECTION('',(-0.207911690817752,0.,0.978147600733807));
#8392=DIRECTION('',(0.978147600733807,0.,0.207911690817752));
#8393=DIRECTION('',(-0.207911690817752,0.,0.978147600733807));
#8394=DIRECTION('',(0.978147600733807,0.,0.207911690817752));
#8395=DIRECTION('center_axis',(0.197242108184192,-0.316231234257413,-0.927951161020389));
#8396=DIRECTION('ref_axis',(-0.0657481706038435,-0.948682141963278,0.309320823065979));
#8397=DIRECTION('',(-0.0657481706038435,-0.948682141963278,0.309320823065979));
#8398=DIRECTION('',(0.978147600733807,0.,0.207911690817752));
#8399=DIRECTION('',(-0.0657481706038435,-0.948682141963278,0.309320823065979));
#8400=DIRECTION('',(0.978147600733807,0.,0.207911690817752));
#8401=DIRECTION('center_axis',(0.,-1.,0.));
#8402=DIRECTION('ref_axis',(-0.207911690817753,0.,-0.978147600733807));
#8403=DIRECTION('',(-0.207911690817753,0.,-0.978147600733807));
#8404=DIRECTION('center_axis',(0.,-1.,0.));
#8405=DIRECTION('ref_axis',(0.,0.,-1.));
#8406=DIRECTION('',(-1.,0.,9.96374459468998E-17));
#8407=DIRECTION('center_axis',(0.,-1.,0.));
#8408=DIRECTION('ref_axis',(-9.87321272610595E-15,0.,1.));
#8409=DIRECTION('',(-0.207911690817752,0.,0.978147600733807));
#8410=DIRECTION('',(-0.207911690817752,0.,0.978147600733807));
#8411=DIRECTION('center_axis',(0.,-1.,0.));
#8412=DIRECTION('ref_axis',(0.,0.,1.));
#8413=DIRECTION('',(-1.,0.,9.96374459468998E-17));
#8414=DIRECTION('center_axis',(0.,-1.,0.));
#8415=DIRECTION('ref_axis',(0.,0.,-1.));
#8416=DIRECTION('',(-0.207911690817753,0.,-0.978147600733807));
#8417=DIRECTION('',(-0.978147600733807,0.,0.207911690817753));
#8418=DIRECTION('',(-0.978147600733807,0.,0.207911690817753));
#8419=DIRECTION('center_axis',(-0.197242066482657,-0.316231835969366,-0.92795096483009));
#8420=DIRECTION('ref_axis',(-0.0657482957067931,0.948681941389971,-0.309321411629082));
#8421=DIRECTION('',(-0.0657482957067931,0.948681941389971,-0.309321411629082));
#8422=DIRECTION('',(-0.978147600733807,0.,0.207911690817753));
#8423=DIRECTION('',(-0.0657482957067931,0.948681941389971,-0.309321411629082));
#8424=DIRECTION('',(-0.978147600733807,0.,0.207911690817753));
#8425=DIRECTION('center_axis',(0.,-1.,0.));
#8426=DIRECTION('ref_axis',(-0.207911690817753,0.,-0.978147600733807));
#8427=DIRECTION('',(-0.207911690817753,0.,-0.978147600733807));
#8428=DIRECTION('',(-0.978147600733807,0.,0.207911690817753));
#8429=DIRECTION('',(-0.207911690817753,0.,-0.978147600733807));
#8430=DIRECTION('center_axis',(-0.207911690817753,0.,-0.978147600733807));
#8431=DIRECTION('ref_axis',(0.,1.,0.));
#8432=DIRECTION('',(0.,1.,0.));
#8433=DIRECTION('',(-0.978147600733807,0.,0.207911690817753));
#8434=DIRECTION('',(0.,1.,0.));
#8435=DIRECTION('center_axis',(0.,-1.,0.));
#8436=DIRECTION('ref_axis',(-0.207911690817753,0.,-0.978147600733807));
#8437=DIRECTION('',(-0.207911690817753,0.,-0.978147600733807));
#8438=DIRECTION('',(-0.207911690817753,0.,-0.978147600733807));
#8439=DIRECTION('center_axis',(0.978147600733807,0.,-0.207911690817753));
#8440=DIRECTION('ref_axis',(-0.207911690817753,0.,-0.978147600733807));
#8441=DIRECTION('',(0.,-1.,0.));
#8442=DIRECTION('center_axis',(0.,-1.,0.));
#8443=DIRECTION('ref_axis',(0.,0.,-1.));
#8444=DIRECTION('',(0.,-1.,0.));
#8445=DIRECTION('center_axis',(-9.96374459468998E-17,0.,-1.));
#8446=DIRECTION('ref_axis',(-1.,0.,9.96374459468998E-17));
#8447=DIRECTION('',(0.,-1.,0.));
#8448=DIRECTION('center_axis',(0.,1.,0.));
#8449=DIRECTION('ref_axis',(0.,0.,1.));
#8450=DIRECTION('',(0.,-1.,0.));
#8451=DIRECTION('center_axis',(-0.978147600733807,0.,-0.207911690817752));
#8452=DIRECTION('ref_axis',(-0.207911690817752,0.,0.978147600733807));
#8453=DIRECTION('center_axis',(0.978147600733807,0.,-0.207911690817753));
#8454=DIRECTION('ref_axis',(-0.207911690817753,0.,-0.978147600733807));
#8455=DIRECTION('',(0.,-1.,0.));
#8456=DIRECTION('center_axis',(0.,-1.,0.));
#8457=DIRECTION('ref_axis',(0.,0.,-1.));
#8458=DIRECTION('',(0.,-1.,0.));
#8459=DIRECTION('center_axis',(-9.96374459468998E-17,0.,-1.));
#8460=DIRECTION('ref_axis',(-1.,0.,9.96374459468998E-17));
#8461=DIRECTION('',(0.,-1.,0.));
#8462=DIRECTION('center_axis',(0.,1.,0.));
#8463=DIRECTION('ref_axis',(0.,0.,1.));
#8464=DIRECTION('',(0.,-1.,0.));
#8465=DIRECTION('center_axis',(-0.978147600733807,0.,-0.207911690817752));
#8466=DIRECTION('ref_axis',(-0.207911690817752,0.,0.978147600733807));
#8467=DIRECTION('',(0.978147600733807,0.,0.207911690817752));
#8468=DIRECTION('',(0.978147600733807,0.,0.207911690817752));
#8469=DIRECTION('center_axis',(0.197243728371319,-0.316207855573103,-0.927958783401527));
#8470=DIRECTION('ref_axis',(-0.0657433099020595,-0.948689934632944,0.309297955262013));
#8471=DIRECTION('',(-0.0657433099020594,-0.948689934632944,0.309297955262013));
#8472=DIRECTION('',(0.978147600733807,0.,0.207911690817752));
#8473=DIRECTION('',(-0.0657433099020594,-0.948689934632944,0.309297955262013));
#8474=DIRECTION('',(0.978147600733807,0.,0.207911690817752));
#8475=DIRECTION('center_axis',(0.,-1.,0.));
#8476=DIRECTION('ref_axis',(-0.207911690817752,0.,0.978147600733807));
#8477=DIRECTION('',(-0.207911690817752,0.,0.978147600733807));
#8478=DIRECTION('',(0.978147600733807,0.,0.207911690817752));
#8479=DIRECTION('',(-0.207911690817752,0.,0.978147600733807));
#8480=DIRECTION('center_axis',(-0.978147600733807,0.,-0.207911690817752));
#8481=DIRECTION('ref_axis',(0.194225645710094,-0.356818424924764,-0.913759820840634));
#8482=DIRECTION('center_axis',(-0.978147600733813,0.,-0.207911690817724));
#8483=DIRECTION('ref_axis',(-0.207911690817724,0.,0.978147600733813));
#8484=DIRECTION('',(0.978147600733807,0.,0.207911690817752));
#8485=DIRECTION('center_axis',(-0.978147600733813,0.,-0.207911690817724));
#8486=DIRECTION('ref_axis',(-0.207911690817724,0.,0.978147600733813));
#8487=DIRECTION('center_axis',(0.,-1.,0.));
#8488=DIRECTION('ref_axis',(-0.207911690817752,0.,0.978147600733807));
#8489=DIRECTION('',(-0.207911690817752,0.,0.978147600733807));
#8490=DIRECTION('',(0.978147600733807,0.,0.207911690817752));
#8491=DIRECTION('',(-0.207911690817752,0.,0.978147600733807));
#8492=DIRECTION('',(0.978147600733807,0.,0.207911690817752));
#8493=DIRECTION('center_axis',(0.197243728371318,-0.316207855573103,-0.927958783401526));
#8494=DIRECTION('ref_axis',(-0.0657433099020595,-0.948689934632944,0.309297955262013));
#8495=DIRECTION('',(-0.0657433099020596,-0.948689934632944,0.309297955262013));
#8496=DIRECTION('',(0.978147600733807,0.,0.207911690817752));
#8497=DIRECTION('',(-0.0657433099020596,-0.948689934632944,0.309297955262013));
#8498=DIRECTION('',(0.978147600733807,0.,0.207911690817752));
#8499=DIRECTION('center_axis',(0.,-1.,0.));
#8500=DIRECTION('ref_axis',(-0.207911690817753,0.,-0.978147600733807));
#8501=DIRECTION('',(-0.207911690817753,0.,-0.978147600733807));
#8502=DIRECTION('center_axis',(0.,-1.,0.));
#8503=DIRECTION('ref_axis',(0.,0.,-1.));
#8504=DIRECTION('',(-1.,0.,9.96374459468998E-17));
#8505=DIRECTION('center_axis',(0.,-1.,0.));
#8506=DIRECTION('ref_axis',(-9.87321272610595E-15,0.,1.));
#8507=DIRECTION('',(-0.207911690817752,0.,0.978147600733807));
#8508=DIRECTION('',(-0.207911690817752,0.,0.978147600733807));
#8509=DIRECTION('center_axis',(0.,-1.,0.));
#8510=DIRECTION('ref_axis',(9.73469964072283E-15,0.,1.));
#8511=DIRECTION('',(-1.,0.,9.96374459468998E-17));
#8512=DIRECTION('center_axis',(0.,-1.,0.));
#8513=DIRECTION('ref_axis',(0.,0.,-1.));
#8514=DIRECTION('',(-0.207911690817753,0.,-0.978147600733807));
#8515=DIRECTION('',(-0.978147600733807,0.,0.207911690817753));
#8516=DIRECTION('',(-0.978147600733807,0.,0.207911690817753));
#8517=DIRECTION('center_axis',(-0.197240454030855,-0.316255101080188,-0.92794337884079));
#8518=DIRECTION('ref_axis',(-0.0657531327953213,0.948674185925157,-0.309344168341414));
#8519=DIRECTION('',(-0.0657531327953213,0.948674185925157,-0.309344168341414));
#8520=DIRECTION('',(-0.978147600733807,0.,0.207911690817753));
#8521=DIRECTION('',(-0.0657531327953213,0.948674185925157,-0.309344168341414));
#8522=DIRECTION('',(-0.978147600733807,0.,0.207911690817753));
#8523=DIRECTION('center_axis',(0.,-1.,0.));
#8524=DIRECTION('ref_axis',(-0.207911690817753,0.,-0.978147600733807));
#8525=DIRECTION('',(-0.207911690817753,0.,-0.978147600733807));
#8526=DIRECTION('',(-0.978147600733807,0.,0.207911690817753));
#8527=DIRECTION('',(-0.207911690817753,0.,-0.978147600733807));
#8528=DIRECTION('center_axis',(0.978147600733807,0.,-0.207911690817753));
#8529=DIRECTION('ref_axis',(-0.207911690817753,0.,-0.978147600733807));
#8530=DIRECTION('center_axis',(0.978147600733808,0.,-0.207911690817748));
#8531=DIRECTION('ref_axis',(-0.207911690817749,0.,-0.978147600733808));
#8532=DIRECTION('',(-0.978147600733807,0.,0.207911690817753));
#8533=DIRECTION('center_axis',(0.978147600733808,0.,-0.207911690817748));
#8534=DIRECTION('ref_axis',(-0.207911690817749,0.,-0.978147600733808));
#8535=DIRECTION('center_axis',(0.,-1.,0.));
#8536=DIRECTION('ref_axis',(-0.207911690817753,0.,-0.978147600733807));
#8537=DIRECTION('',(-0.207911690817753,0.,-0.978147600733807));
#8538=DIRECTION('',(-0.978147600733807,0.,0.207911690817753));
#8539=DIRECTION('',(-0.207911690817753,0.,-0.978147600733807));
#8540=DIRECTION('',(-0.978147600733807,0.,0.207911690817753));
#8541=DIRECTION('center_axis',(-0.197240454030855,-0.316255101080188,-0.92794337884079));
#8542=DIRECTION('ref_axis',(-0.0657531327953213,0.948674185925157,-0.309344168341414));
#8543=DIRECTION('',(-0.0657531327953213,0.948674185925157,-0.309344168341414));
#8544=DIRECTION('',(-0.978147600733807,0.,0.207911690817753));
#8545=DIRECTION('',(-0.0657531327953213,0.948674185925157,-0.309344168341414));
#8546=DIRECTION('',(-0.978147600733807,0.,0.207911690817753));
#8547=DIRECTION('center_axis',(0.,-1.,0.));
#8548=DIRECTION('ref_axis',(-0.207911690817753,0.,-0.978147600733807));
#8549=DIRECTION('',(-0.207911690817753,0.,-0.978147600733807));
#8550=DIRECTION('center_axis',(0.,1.,0.));
#8551=DIRECTION('ref_axis',(0.,0.,-1.));
#8552=DIRECTION('',(-1.,0.,9.96374459468998E-17));
#8553=DIRECTION('center_axis',(0.,1.,0.));
#8554=DIRECTION('ref_axis',(0.,0.,1.));
#8555=DIRECTION('',(-0.207911690817752,0.,0.978147600733807));
#8556=DIRECTION('',(-0.207911690817752,0.,0.978147600733807));
#8557=DIRECTION('center_axis',(0.,1.,0.));
#8558=DIRECTION('ref_axis',(0.,0.,1.));
#8559=DIRECTION('',(-1.,0.,9.96374459468998E-17));
#8560=DIRECTION('center_axis',(0.,1.,0.));
#8561=DIRECTION('ref_axis',(1.97464254522119E-14,0.,-1.));
#8562=DIRECTION('',(-0.207911690817753,0.,-0.978147600733807));
#8563=DIRECTION('center_axis',(0.978147600733807,0.,-0.207911690817753));
#8564=DIRECTION('ref_axis',(-0.207911690817753,0.,-0.978147600733807));
#8565=DIRECTION('',(0.,-1.,0.));
#8566=DIRECTION('center_axis',(0.,-1.,0.));
#8567=DIRECTION('ref_axis',(0.,0.,-1.));
#8568=DIRECTION('',(0.,-1.,0.));
#8569=DIRECTION('center_axis',(-9.96374459468998E-17,0.,-1.));
#8570=DIRECTION('ref_axis',(-1.,0.,9.96374459468998E-17));
#8571=DIRECTION('',(0.,-1.,0.));
#8572=DIRECTION('center_axis',(0.,1.,0.));
#8573=DIRECTION('ref_axis',(0.,0.,1.));
#8574=DIRECTION('',(0.,-1.,0.));
#8575=DIRECTION('center_axis',(-0.978147600733807,0.,-0.207911690817752));
#8576=DIRECTION('ref_axis',(-0.207911690817752,0.,0.978147600733807));
#8577=DIRECTION('center_axis',(0.978147600733807,0.,-0.207911690817753));
#8578=DIRECTION('ref_axis',(-0.207911690817753,0.,-0.978147600733807));
#8579=DIRECTION('',(0.,-1.,0.));
#8580=DIRECTION('center_axis',(0.,-1.,0.));
#8581=DIRECTION('ref_axis',(0.,0.,-1.));
#8582=DIRECTION('',(0.,-1.,0.));
#8583=DIRECTION('center_axis',(-9.96374459468998E-17,0.,-1.));
#8584=DIRECTION('ref_axis',(-1.,0.,9.96374459468998E-17));
#8585=DIRECTION('',(0.,-1.,0.));
#8586=DIRECTION('center_axis',(0.,1.,0.));
#8587=DIRECTION('ref_axis',(0.,0.,1.));
#8588=DIRECTION('',(0.,-1.,0.));
#8589=DIRECTION('center_axis',(-0.978147600733807,0.,-0.207911690817752));
#8590=DIRECTION('ref_axis',(-0.207911690817752,0.,0.978147600733807));
#8591=DIRECTION('axis',(0.,0.,1.));
#8592=DIRECTION('refdir',(1.,0.,0.));
#8593=DIRECTION('center_axis',(0.,-1.,0.));
#8594=DIRECTION('ref_axis',(0.,0.,-1.));
#8595=DIRECTION('center_axis',(0.,-1.,0.));
#8596=DIRECTION('ref_axis',(0.,0.,1.));
#8597=DIRECTION('',(8.65956056235486E-17,0.707106781186554,-0.707106781186541));
#8598=DIRECTION('center_axis',(0.,1.,0.));
#8599=DIRECTION('ref_axis',(0.,0.,1.));
#8600=DIRECTION('center_axis',(0.,1.,0.));
#8601=DIRECTION('ref_axis',(0.,0.,1.));
#8602=DIRECTION('center_axis',(0.,1.,0.));
#8603=DIRECTION('ref_axis',(0.,0.,1.));
#8604=DIRECTION('center_axis',(0.,1.,0.));
#8605=DIRECTION('ref_axis',(0.,0.,1.));
#8606=DIRECTION('',(8.65956056235485E-17,-0.707106781186554,0.707106781186541));
#8607=DIRECTION('center_axis',(0.,-1.,0.));
#8608=DIRECTION('ref_axis',(0.,0.,1.));
#8609=DIRECTION('center_axis',(0.,-1.,0.));
#8610=DIRECTION('ref_axis',(0.,0.,-1.));
#8611=DIRECTION('center_axis',(0.,-1.,0.));
#8612=DIRECTION('ref_axis',(0.,0.,-1.));
#8613=DIRECTION('',(0.,-1.,0.));
#8614=DIRECTION('center_axis',(0.,-1.,0.));
#8615=DIRECTION('ref_axis',(0.,0.,-1.));
#8616=DIRECTION('center_axis',(0.,-1.,0.));
#8617=DIRECTION('ref_axis',(0.,0.,-1.));
#8618=DIRECTION('center_axis',(0.,1.,0.));
#8619=DIRECTION('ref_axis',(0.,0.,1.));
#8620=DIRECTION('',(-1.08129894340955E-16,0.469471562785888,-0.882947592858929));
#8621=DIRECTION('center_axis',(0.,-1.,0.));
#8622=DIRECTION('ref_axis',(0.,0.,-1.));
#8623=DIRECTION('center_axis',(0.,-1.,0.));
#8624=DIRECTION('ref_axis',(0.,0.,-1.));
#8625=DIRECTION('',(0.,-1.,0.));
#8626=DIRECTION('center_axis',(0.,-1.,0.));
#8627=DIRECTION('ref_axis',(0.,0.,-1.));
#8628=DIRECTION('center_axis',(0.,-1.,0.));
#8629=DIRECTION('ref_axis',(0.,0.,-1.));
#8630=DIRECTION('',(-1.08129894340955E-16,-0.469471562785888,0.882947592858929));
#8631=DIRECTION('center_axis',(0.,-1.,0.));
#8632=DIRECTION('ref_axis',(0.,0.,-1.));
#8633=DIRECTION('',(0.,1.,0.));
#8634=DIRECTION('center_axis',(0.,1.,0.));
#8635=DIRECTION('ref_axis',(0.,0.,1.));
#8636=DIRECTION('center_axis',(0.,1.,0.));
#8637=DIRECTION('ref_axis',(0.,0.,1.));
#8638=DIRECTION('axis',(0.,0.,1.));
#8639=DIRECTION('refdir',(1.,0.,0.));
#8640=DIRECTION('center_axis',(0.,0.,-1.));
#8641=DIRECTION('ref_axis',(-1.,0.,0.));
#8642=DIRECTION('center_axis',(0.,0.,-1.));
#8643=DIRECTION('ref_axis',(-1.,0.,0.));
#8644=DIRECTION('center_axis',(-1.22464679914735E-16,-1.,0.));
#8645=DIRECTION('ref_axis',(1.,-1.22464679914735E-16,0.));
#8646=DIRECTION('center_axis',(0.,0.,1.));
#8647=DIRECTION('ref_axis',(-1.,0.,0.));
#8648=DIRECTION('center_axis',(0.,0.,-1.));
#8649=DIRECTION('ref_axis',(-1.,0.,0.));
#8650=DIRECTION('center_axis',(0.,0.,-1.));
#8651=DIRECTION('ref_axis',(-1.,0.,0.));
#8652=DIRECTION('center_axis',(0.,0.,-1.));
#8653=DIRECTION('ref_axis',(-1.,0.,0.));
#8654=DIRECTION('center_axis',(-1.22464679914735E-16,-1.,0.));
#8655=DIRECTION('ref_axis',(1.,-1.22464679914735E-16,0.));
#8656=DIRECTION('center_axis',(0.,0.,1.));
#8657=DIRECTION('ref_axis',(-1.,0.,0.));
#8658=DIRECTION('center_axis',(0.,0.,1.));
#8659=DIRECTION('ref_axis',(1.,0.,0.));
#8660=DIRECTION('center_axis',(0.,0.,1.));
#8661=DIRECTION('ref_axis',(1.,0.,0.));
#8662=DIRECTION('center_axis',(1.22464679914735E-16,-1.,0.));
#8663=DIRECTION('ref_axis',(-1.,-1.22464679914735E-16,0.));
#8664=DIRECTION('center_axis',(0.,0.,-1.));
#8665=DIRECTION('ref_axis',(1.,0.,0.));
#8666=DIRECTION('center_axis',(0.,0.,1.));
#8667=DIRECTION('ref_axis',(1.,0.,0.));
#8668=DIRECTION('center_axis',(0.,0.,1.));
#8669=DIRECTION('ref_axis',(1.,0.,0.));
#8670=DIRECTION('center_axis',(1.22464679914735E-16,-1.,0.));
#8671=DIRECTION('ref_axis',(-1.,-1.22464679914735E-16,0.));
#8672=DIRECTION('center_axis',(0.,0.,-1.));
#8673=DIRECTION('ref_axis',(1.,0.,0.));
#8674=DIRECTION('center_axis',(0.,0.,-1.));
#8675=DIRECTION('ref_axis',(-1.,0.,0.));
#8676=DIRECTION('center_axis',(0.,0.,-1.));
#8677=DIRECTION('ref_axis',(1.,0.,0.));
#8678=DIRECTION('center_axis',(0.,0.,-1.));
#8679=DIRECTION('ref_axis',(1.,0.,0.));
#8680=DIRECTION('center_axis',(-1.22464679914735E-16,-1.,0.));
#8681=DIRECTION('ref_axis',(1.,-1.22464679914735E-16,0.));
#8682=DIRECTION('center_axis',(0.,0.,1.));
#8683=DIRECTION('ref_axis',(-1.,0.,0.));
#8684=DIRECTION('center_axis',(0.,0.,1.));
#8685=DIRECTION('ref_axis',(-1.,0.,0.));
#8686=DIRECTION('center_axis',(0.,0.,1.));
#8687=DIRECTION('ref_axis',(1.,0.,0.));
#8688=DIRECTION('center_axis',(0.,0.,-1.));
#8689=DIRECTION('ref_axis',(-1.,0.,0.));
#8690=DIRECTION('',(0.,0.,1.));
#8691=DIRECTION('',(0.,0.,1.));
#8692=DIRECTION('center_axis',(0.,0.,1.));
#8693=DIRECTION('ref_axis',(1.,0.,0.));
#8694=DIRECTION('center_axis',(0.,0.,1.));
#8695=DIRECTION('ref_axis',(-0.500000000000004,-0.866025403784436,0.));
#8696=DIRECTION('',(0.,0.,1.));
#8697=DIRECTION('',(0.,0.,1.));
#8698=DIRECTION('center_axis',(0.,0.,1.));
#8699=DIRECTION('ref_axis',(1.,0.,0.));
#8700=DIRECTION('center_axis',(0.,0.,1.));
#8701=DIRECTION('ref_axis',(-1.,0.,0.));
#8702=DIRECTION('',(0.,0.,1.));
#8703=DIRECTION('',(0.,0.,1.));
#8704=DIRECTION('center_axis',(0.,0.,1.));
#8705=DIRECTION('ref_axis',(1.,0.,0.));
#8706=DIRECTION('center_axis',(0.,0.,1.));
#8707=DIRECTION('ref_axis',(1.,0.,0.));
#8708=DIRECTION('center_axis',(0.,0.,1.));
#8709=DIRECTION('ref_axis',(1.,0.,0.));
#8710=DIRECTION('',(0.707106781186548,8.65956056235494E-17,-0.707106781186547));
#8711=DIRECTION('center_axis',(0.,0.,1.));
#8712=DIRECTION('ref_axis',(1.,0.,0.));
#8713=DIRECTION('center_axis',(0.,0.,1.));
#8714=DIRECTION('ref_axis',(1.,0.,0.));
#8715=DIRECTION('',(0.,0.,-1.));
#8716=DIRECTION('center_axis',(0.,0.,1.));
#8717=DIRECTION('ref_axis',(1.,0.,0.));
#8718=DIRECTION('',(0.,0.,-1.));
#8719=DIRECTION('center_axis',(-1.,6.12323399573677E-17,0.));
#8720=DIRECTION('ref_axis',(0.,1.,0.));
#8721=DIRECTION('center_axis',(0.,0.,-1.));
#8722=DIRECTION('ref_axis',(-1.,0.,0.));
#8723=DIRECTION('center_axis',(0.,0.,1.));
#8724=DIRECTION('ref_axis',(1.,0.,0.));
#8725=DIRECTION('center_axis',(0.,0.,1.));
#8726=DIRECTION('ref_axis',(1.,0.,0.));
#8727=DIRECTION('center_axis',(0.,0.,1.));
#8728=DIRECTION('ref_axis',(1.,0.,0.));
#8729=DIRECTION('center_axis',(0.,0.,1.));
#8730=DIRECTION('ref_axis',(1.,0.,0.));
#8731=DIRECTION('center_axis',(0.,0.,1.));
#8732=DIRECTION('ref_axis',(1.,0.,0.));
#8733=DIRECTION('center_axis',(0.,0.,1.));
#8734=DIRECTION('ref_axis',(1.,0.,0.));
#8735=DIRECTION('center_axis',(0.,0.,1.));
#8736=DIRECTION('ref_axis',(1.,0.,0.));
#8737=DIRECTION('center_axis',(0.,0.,1.));
#8738=DIRECTION('ref_axis',(1.,0.,0.));
#8739=DIRECTION('center_axis',(0.,0.,1.));
#8740=DIRECTION('ref_axis',(1.,0.,0.));
#8741=DIRECTION('center_axis',(0.,0.,1.));
#8742=DIRECTION('ref_axis',(1.,0.,0.));
#8743=DIRECTION('center_axis',(0.,0.,1.));
#8744=DIRECTION('ref_axis',(1.,0.,0.));
#8745=DIRECTION('center_axis',(0.,0.,1.));
#8746=DIRECTION('ref_axis',(-1.,1.22464679914735E-16,0.));
#8747=DIRECTION('center_axis',(0.,0.,1.));
#8748=DIRECTION('ref_axis',(1.,0.,0.));
#8749=DIRECTION('center_axis',(0.,0.,-1.));
#8750=DIRECTION('ref_axis',(-0.499999999999998,0.86602540378444,0.));
#8751=DIRECTION('center_axis',(0.,0.,1.));
#8752=DIRECTION('ref_axis',(1.,0.,0.));
#8753=DIRECTION('center_axis',(0.,0.,1.));
#8754=DIRECTION('ref_axis',(1.,0.,0.));
#8755=DIRECTION('center_axis',(0.,0.,-1.));
#8756=DIRECTION('ref_axis',(-0.50000000000001,-0.866025403784433,0.));
#8757=DIRECTION('center_axis',(0.,0.,1.));
#8758=DIRECTION('ref_axis',(-0.499999999999992,0.866025403784443,0.));
#8759=DIRECTION('center_axis',(0.,0.,-1.));
#8760=DIRECTION('ref_axis',(0.499999999999992,-0.866025403784443,0.));
#8761=DIRECTION('center_axis',(0.,0.,-1.));
#8762=DIRECTION('ref_axis',(1.,0.,0.));
#8763=DIRECTION('center_axis',(0.,0.,-1.));
#8764=DIRECTION('ref_axis',(0.500000000000004,0.866025403784436,0.));
#8765=DIRECTION('center_axis',(0.,0.,1.));
#8766=DIRECTION('ref_axis',(0.499999999999998,-0.86602540378444,0.));
#8767=DIRECTION('center_axis',(0.,0.,1.));
#8768=DIRECTION('ref_axis',(1.,0.,0.));
#8769=DIRECTION('',(0.,0.,1.));
#8770=DIRECTION('',(0.,0.,1.));
#8771=DIRECTION('center_axis',(0.,0.,1.));
#8772=DIRECTION('ref_axis',(1.,0.,0.));
#8773=DIRECTION('',(0.,0.,1.));
#8774=DIRECTION('center_axis',(0.,0.,1.));
#8775=DIRECTION('ref_axis',(1.,0.,0.));
#8776=DIRECTION('center_axis',(0.,0.,1.));
#8777=DIRECTION('ref_axis',(-1.,-3.58946546238765E-13,0.));
#8778=DIRECTION('center_axis',(0.,0.,1.));
#8779=DIRECTION('ref_axis',(1.,0.,0.));
#8780=DIRECTION('',(0.,0.,1.));
#8781=DIRECTION('center_axis',(0.,0.,1.));
#8782=DIRECTION('ref_axis',(1.,0.,0.));
#8783=DIRECTION('',(0.,0.,1.));
#8784=DIRECTION('center_axis',(0.,0.,1.));
#8785=DIRECTION('ref_axis',(1.,0.,0.));
#8786=DIRECTION('',(0.,0.,1.));
#8787=DIRECTION('center_axis',(0.,0.,1.));
#8788=DIRECTION('ref_axis',(-0.866025403784438,0.500000000000001,0.));
#8789=DIRECTION('center_axis',(0.,0.,1.));
#8790=DIRECTION('ref_axis',(-0.866025403784446,-0.499999999999987,0.));
#8791=DIRECTION('axis',(0.,0.,1.));
#8792=DIRECTION('refdir',(1.,0.,0.));
#8793=DIRECTION('center_axis',(0.,-1.,0.));
#8794=DIRECTION('ref_axis',(0.,0.,-1.));
#8795=DIRECTION('center_axis',(0.,1.,0.));
#8796=DIRECTION('ref_axis',(0.,0.,1.));
#8797=DIRECTION('',(0.,-1.,0.));
#8798=DIRECTION('center_axis',(0.,1.,0.));
#8799=DIRECTION('ref_axis',(0.,0.,1.));
#8800=DIRECTION('center_axis',(0.,-1.,0.));
#8801=DIRECTION('ref_axis',(0.,0.,-1.));
#8802=DIRECTION('center_axis',(0.,1.,0.));
#8803=DIRECTION('ref_axis',(0.,0.,1.));
#8804=DIRECTION('',(0.,1.,0.));
#8805=DIRECTION('center_axis',(0.,1.,0.));
#8806=DIRECTION('ref_axis',(0.,0.,1.));
#8807=DIRECTION('center_axis',(0.,1.,0.));
#8808=DIRECTION('ref_axis',(0.,0.,1.));
#8809=DIRECTION('center_axis',(0.,1.,0.));
#8810=DIRECTION('ref_axis',(0.,0.,1.));
#8811=DIRECTION('axis',(0.,0.,1.));
#8812=DIRECTION('refdir',(1.,0.,0.));
#8813=DIRECTION('center_axis',(0.985570941909845,0.161600851006265,0.0503496118852276));
#8814=DIRECTION('ref_axis',(0.,0.297464012623072,-0.95473303137274));
#8815=DIRECTION('center_axis',(-1.87789324842144E-15,1.,0.));
#8816=DIRECTION('ref_axis',(1.,1.87789324842144E-15,8.67361737988405E-15));
#8817=DIRECTION('center_axis',(-0.492101635643602,0.1770421441001,-0.85234503542247));
#8818=DIRECTION('ref_axis',(-0.866025403784439,-3.7470027081099E-16,0.499999999999999));
#8819=DIRECTION('center_axis',(0.984203271287208,0.177042144100097,-2.87924215882225E-16));
#8820=DIRECTION('ref_axis',(-0.177042144100097,0.984203271287207,3.32800694390114E-31));
#8821=DIRECTION('center_axis',(0.,-5.55111512312578E-15,1.));
#8822=DIRECTION('ref_axis',(0.940957133002473,0.338525735878037,0.));
#8823=DIRECTION('center_axis',(-1.25192883228097E-15,-1.,-2.16840434497102E-15));
#8824=DIRECTION('ref_axis',(2.03188277327098E-44,2.16840434497102E-15,-1.));
#8825=DIRECTION('center_axis',(0.492101635643602,0.177042144100104,-0.852345035422469));
#8826=DIRECTION('ref_axis',(-0.866025403784439,1.80411241501588E-16,-0.499999999999999));
#8827=DIRECTION('center_axis',(-0.492101635643599,-0.177042144100095,-0.852345035422472));
#8828=DIRECTION('ref_axis',(0.866025403784442,-1.56819002228303E-15,-0.499999999999995));
#8829=DIRECTION('center_axis',(0.985570941909845,-0.16160085100626,-0.0503496118852277));
#8830=DIRECTION('ref_axis',(0.,0.297464012623072,-0.95473303137274));
#8831=DIRECTION('center_axis',(3.12982208070239E-16,-1.,-5.42101086242751E-16));
#8832=DIRECTION('ref_axis',(2.18952885050753E-47,5.42101086242751E-16,-1.));
#8833=DIRECTION('center_axis',(0.984203271287208,-0.177042144100093,0.));
#8834=DIRECTION('ref_axis',(-0.177042144100093,-0.984203271287208,0.));
#8835=DIRECTION('center_axis',(0.4921016356436,0.177042144100098,-0.852345035422471));
#8836=DIRECTION('ref_axis',(-0.866025403784441,-5.55111512312578E-17,-0.499999999999996));
#8837=DIRECTION('center_axis',(0.,0.,1.));
#8838=DIRECTION('ref_axis',(-0.940957133002474,-0.338525735878034,0.));
#8839=DIRECTION('center_axis',(0.,1.,0.));
#8840=DIRECTION('ref_axis',(0.,0.,1.));
#8841=DIRECTION('center_axis',(-0.492101635643604,-0.177042144100089,-0.852345035422471));
#8842=DIRECTION('ref_axis',(-0.866025403784439,1.66533453693773E-16,0.499999999999999));
#8843=DIRECTION('center_axis',(0.492101635643609,0.177042144100094,-0.852345035422467));
#8844=DIRECTION('ref_axis',(0.866025403784435,3.19189119579733E-16,0.500000000000006));
#8845=DIRECTION('center_axis',(0.985570941909846,-0.161600851006254,-0.0503496118852275));
#8846=DIRECTION('ref_axis',(0.,-0.297464012623062,0.954733031372743));
#8847=DIRECTION('center_axis',(0.,1.,0.));
#8848=DIRECTION('ref_axis',(0.,0.,1.));
#8849=DIRECTION('center_axis',(0.492101635643603,0.177042144100094,-0.852345035422471));
#8850=DIRECTION('ref_axis',(0.866025403784439,-3.7470027081099E-16,0.499999999999999));
#8851=DIRECTION('center_axis',(0.984203271287209,-0.177042144100091,-4.26830129958772E-15));
#8852=DIRECTION('ref_axis',(0.177042144100091,0.984203271287209,3.25405123403667E-30));
#8853=DIRECTION('center_axis',(0.985570941909846,0.161600851006254,0.0503496118852275));
#8854=DIRECTION('ref_axis',(0.,-0.297464012623062,0.954733031372743));
#8855=DIRECTION('center_axis',(0.,1.,0.));
#8856=DIRECTION('ref_axis',(0.,0.,1.));
#8857=DIRECTION('center_axis',(0.984203271287208,0.177042144100092,0.));
#8858=DIRECTION('ref_axis',(0.177042144100092,-0.984203271287208,0.));
#8859=DIRECTION('center_axis',(-0.492101635643608,0.17704214410009,-0.852345035422469));
#8860=DIRECTION('ref_axis',(0.866025403784437,-3.7470027081099E-16,-0.500000000000003));
#8861=DIRECTION('center_axis',(0.,1.,0.));
#8862=DIRECTION('ref_axis',(0.,0.,1.));
#8863=DIRECTION('center_axis',(0.,1.,0.));
#8864=DIRECTION('ref_axis',(0.,0.,1.));
#8865=DIRECTION('center_axis',(0.,1.,0.));
#8866=DIRECTION('ref_axis',(0.,0.,1.));
#8867=DIRECTION('center_axis',(-1.,0.,1.22464679914735E-16));
#8868=DIRECTION('ref_axis',(-1.22464679914735E-16,0.,-1.));
#8869=DIRECTION('center_axis',(0.,-1.,0.));
#8870=DIRECTION('ref_axis',(0.,0.,1.));
#8871=DIRECTION('center_axis',(0.,1.,0.));
#8872=DIRECTION('ref_axis',(0.,0.,1.));
#8873=DIRECTION('center_axis',(0.,1.,0.));
#8874=DIRECTION('ref_axis',(0.,0.,1.));
#8875=DIRECTION('center_axis',(-1.,0.,1.22464679914735E-16));
#8876=DIRECTION('ref_axis',(-1.22464679914735E-16,0.,-1.));
#8877=DIRECTION('center_axis',(0.,-1.,0.));
#8878=DIRECTION('ref_axis',(0.,0.,1.));
#8879=DIRECTION('center_axis',(0.,-1.,0.));
#8880=DIRECTION('ref_axis',(0.,0.,1.));
#8881=DIRECTION('center_axis',(-1.22464679914735E-16,1.,0.));
#8882=DIRECTION('ref_axis',(-1.,-2.03556290419755E-16,0.));
#8883=DIRECTION('center_axis',(-1.22464679914735E-16,1.,0.));
#8884=DIRECTION('ref_axis',(1.,1.22464679914735E-16,0.));
#8885=DIRECTION('center_axis',(1.22464679914735E-16,1.49975978266186E-32,
1.));
#8886=DIRECTION('ref_axis',(1.,0.,-1.22464679914735E-16));
#8887=DIRECTION('center_axis',(1.22464679914735E-16,-1.,0.));
#8888=DIRECTION('ref_axis',(1.,1.22464679914735E-16,0.));
#8889=DIRECTION('center_axis',(1.22464679914735E-16,-1.,0.));
#8890=DIRECTION('ref_axis',(1.,1.22464679914735E-16,0.));
#8891=DIRECTION('center_axis',(0.,1.,0.));
#8892=DIRECTION('ref_axis',(0.,0.,1.));
#8893=DIRECTION('center_axis',(0.,1.,0.));
#8894=DIRECTION('ref_axis',(0.,0.,-1.));
#8895=DIRECTION('center_axis',(-1.,0.,1.22464679914735E-16));
#8896=DIRECTION('ref_axis',(-1.22464679914735E-16,0.,-1.));
#8897=DIRECTION('center_axis',(0.,-1.,0.));
#8898=DIRECTION('ref_axis',(0.,0.,1.));
#8899=DIRECTION('center_axis',(0.,1.,0.));
#8900=DIRECTION('ref_axis',(0.,0.,-1.));
#8901=DIRECTION('center_axis',(-1.22464679914735E-16,1.,0.));
#8902=DIRECTION('ref_axis',(-1.,0.,0.));
#8903=DIRECTION('center_axis',(-1.22464679914735E-16,1.,0.));
#8904=DIRECTION('ref_axis',(-1.,-1.22464679914735E-16,0.));
#8905=DIRECTION('center_axis',(-1.22464679914735E-16,-1.49975978266186E-32,
-1.));
#8906=DIRECTION('ref_axis',(1.,1.33260077974512E-16,-1.22464679914735E-16));
#8907=DIRECTION('center_axis',(1.22464679914735E-16,-1.,0.));
#8908=DIRECTION('ref_axis',(1.,1.22464679914735E-16,0.));
#8909=DIRECTION('',(0.940957133002474,0.338525735878033,1.15234014106635E-16));
#8910=DIRECTION('center_axis',(-1.22464679914735E-16,1.,0.));
#8911=DIRECTION('ref_axis',(-1.,-1.22464679914735E-16,0.));
#8912=DIRECTION('',(-0.940957133002473,-0.338525735878037,1.15234014106635E-16));
#8913=DIRECTION('center_axis',(0.,-1.,0.));
#8914=DIRECTION('ref_axis',(0.,0.,-1.));
#8915=DIRECTION('',(0.,-1.,0.));
#8916=DIRECTION('center_axis',(0.,1.,0.));
#8917=DIRECTION('ref_axis',(0.,0.,1.));
#8918=DIRECTION('center_axis',(0.,1.,0.));
#8919=DIRECTION('ref_axis',(0.,0.,1.));
#8920=DIRECTION('center_axis',(-0.866025403784439,0.,-0.5));
#8921=DIRECTION('ref_axis',(-0.5,0.,0.866025403784439));
#8922=DIRECTION('',(0.,-1.,0.));
#8923=DIRECTION('',(0.,1.,0.));
#8924=DIRECTION('center_axis',(0.,0.,-1.));
#8925=DIRECTION('ref_axis',(-1.,0.,0.));
#8926=DIRECTION('',(0.,-1.,0.));
#8927=DIRECTION('',(0.,1.,0.));
#8928=DIRECTION('center_axis',(0.866025403784439,0.,-0.5));
#8929=DIRECTION('ref_axis',(-0.5,0.,-0.866025403784439));
#8930=DIRECTION('',(0.,-1.,0.));
#8931=DIRECTION('',(0.,1.,0.));
#8932=DIRECTION('center_axis',(0.866025403784439,0.,0.5));
#8933=DIRECTION('ref_axis',(0.5,0.,-0.866025403784439));
#8934=DIRECTION('',(0.,-1.,0.));
#8935=DIRECTION('',(0.,1.,0.));
#8936=DIRECTION('center_axis',(1.72061800857513E-16,0.,1.));
#8937=DIRECTION('ref_axis',(1.,0.,-1.72061800857513E-16));
#8938=DIRECTION('',(0.,-1.,0.));
#8939=DIRECTION('',(0.,1.,0.));
#8940=DIRECTION('center_axis',(-0.866025403784439,0.,0.5));
#8941=DIRECTION('ref_axis',(0.5,0.,0.866025403784439));
#8942=DIRECTION('',(0.,-1.,0.));
#8943=DIRECTION('',(0.,1.,0.));
#8944=DIRECTION('center_axis',(0.,-1.,0.));
#8945=DIRECTION('ref_axis',(0.,0.,-1.));
#8946=DIRECTION('center_axis',(-3.12982208070241E-15,-1.,0.));
#8947=DIRECTION('ref_axis',(1.,-3.12982208070241E-15,0.));
#8948=DIRECTION('center_axis',(0.985570941909845,-0.16160085100626,0.0503496118852277));
#8949=DIRECTION('ref_axis',(0.,-0.297464012623072,-0.95473303137274));
#8950=DIRECTION('center_axis',(0.984203271287208,-0.177042144100097,-1.91949477254817E-16));
#8951=DIRECTION('ref_axis',(-0.177042144100097,-0.984203271287207,2.09541177949331E-31));
#8952=DIRECTION('center_axis',(-0.492101635643603,-0.177042144100092,-0.852345035422471));
#8953=DIRECTION('ref_axis',(0.86602540378444,-2.99760216648792E-15,-0.499999999999998));
#8954=DIRECTION('center_axis',(0.,-1.,0.));
#8955=DIRECTION('ref_axis',(0.,0.,-1.));
#8956=DIRECTION('center_axis',(6.25964416140485E-16,-1.,1.08420217248551E-15));
#8957=DIRECTION('ref_axis',(4.29147654699475E-45,-1.08420217248551E-15,
-1.));
#8958=DIRECTION('center_axis',(-0.4921016356436,0.177042144100096,-0.852345035422472));
#8959=DIRECTION('ref_axis',(-0.866025403784441,0.,0.499999999999996));
#8960=DIRECTION('center_axis',(0.984203271287208,0.177042144100093,0.));
#8961=DIRECTION('ref_axis',(-0.177042144100093,0.984203271287208,0.));
#8962=DIRECTION('center_axis',(0.,-1.,0.));
#8963=DIRECTION('ref_axis',(0.,0.,-1.));
#8964=DIRECTION('center_axis',(-3.12982208070239E-16,-1.,5.42101086242751E-16));
#8965=DIRECTION('ref_axis',(2.18952885050753E-47,-5.42101086242751E-16,
-1.));
#8966=DIRECTION('center_axis',(0.,3.88578058618805E-15,1.));
#8967=DIRECTION('ref_axis',(0.940957133002473,-0.338525735878037,0.));
#8968=DIRECTION('center_axis',(0.492101635643602,-0.177042144100106,-0.852345035422468));
#8969=DIRECTION('ref_axis',(0.866025403784439,1.66533453693773E-16,0.499999999999999));
#8970=DIRECTION('center_axis',(0.985570941909845,0.16160085100626,-0.0503496118852277));
#8971=DIRECTION('ref_axis',(0.,-0.297464012623072,-0.95473303137274));
#8972=DIRECTION('center_axis',(0.4921016356436,-0.177042144100098,-0.852345035422471));
#8973=DIRECTION('ref_axis',(0.866025403784441,-1.63757896132211E-15,0.499999999999997));
#8974=DIRECTION('center_axis',(0.492101635643609,-0.177042144100094,-0.852345035422467));
#8975=DIRECTION('ref_axis',(-0.866025403784436,2.91433543964103E-16,-0.500000000000005));
#8976=DIRECTION('center_axis',(0.492101635643603,-0.177042144100094,-0.852345035422471));
#8977=DIRECTION('ref_axis',(-0.866025403784439,-3.7470027081099E-16,-0.499999999999999));
#8978=DIRECTION('center_axis',(0.,-1.,0.));
#8979=DIRECTION('ref_axis',(0.,0.,-1.));
#8980=DIRECTION('center_axis',(0.,1.,0.));
#8981=DIRECTION('ref_axis',(0.,0.,1.));
#8982=DIRECTION('center_axis',(0.,-1.,0.));
#8983=DIRECTION('ref_axis',(0.,0.,-1.));
#8984=DIRECTION('center_axis',(0.,1.,0.));
#8985=DIRECTION('ref_axis',(0.,0.,1.));
#8986=DIRECTION('center_axis',(0.,0.,1.));
#8987=DIRECTION('ref_axis',(-0.940957133002474,0.338525735878034,0.));
#8988=DIRECTION('center_axis',(-0.492101635643603,0.17704214410009,-0.852345035422471));
#8989=DIRECTION('ref_axis',(0.866025403784438,-1.70280456401883E-14,-0.500000000000002));
#8990=DIRECTION('center_axis',(0.985570941909846,0.161600851006254,-0.0503496118852275));
#8991=DIRECTION('ref_axis',(0.,0.297464012623062,0.954733031372743));
#8992=DIRECTION('center_axis',(0.984203271287209,0.177042144100091,-4.26830129958772E-15));
#8993=DIRECTION('ref_axis',(0.177042144100091,-0.984203271287209,3.25405123403667E-30));
#8994=DIRECTION('center_axis',(-0.492101635643601,-0.177042144100092,-0.852345035422472));
#8995=DIRECTION('ref_axis',(-0.866025403784441,0.,0.499999999999997));
#8996=DIRECTION('center_axis',(0.984203271287208,-0.177042144100092,0.));
#8997=DIRECTION('ref_axis',(0.177042144100092,0.984203271287208,0.));
#8998=DIRECTION('center_axis',(0.985570941909845,-0.161600851006263,0.0503496118852276));
#8999=DIRECTION('ref_axis',(0.,0.297464012623062,0.954733031372743));
#9000=DIRECTION('center_axis',(0.,-1.,0.));
#9001=DIRECTION('ref_axis',(-8.67361737988401E-15,0.,1.));
#9002=DIRECTION('center_axis',(0.,-1.,0.));
#9003=DIRECTION('ref_axis',(0.,0.,-1.));
#9004=DIRECTION('axis',(0.,0.,1.));
#9005=DIRECTION('refdir',(1.,0.,0.));
#9006=DIRECTION('center_axis',(0.,0.,-1.));
#9007=DIRECTION('ref_axis',(-1.,0.,0.));
#9008=DIRECTION('center_axis',(0.,0.,-1.));
#9009=DIRECTION('ref_axis',(-1.,0.,0.));
#9010=DIRECTION('center_axis',(-1.22464679914735E-16,-1.,0.));
#9011=DIRECTION('ref_axis',(1.,-1.22464679914735E-16,0.));
#9012=DIRECTION('center_axis',(0.,0.,1.));
#9013=DIRECTION('ref_axis',(-1.,0.,0.));
#9014=DIRECTION('center_axis',(0.,0.,-1.));
#9015=DIRECTION('ref_axis',(-1.,0.,0.));
#9016=DIRECTION('center_axis',(0.,0.,-1.));
#9017=DIRECTION('ref_axis',(-1.,0.,0.));
#9018=DIRECTION('center_axis',(0.,0.,-1.));
#9019=DIRECTION('ref_axis',(-1.,0.,0.));
#9020=DIRECTION('center_axis',(-1.22464679914735E-16,-1.,0.));
#9021=DIRECTION('ref_axis',(1.,-1.22464679914735E-16,0.));
#9022=DIRECTION('center_axis',(0.,0.,1.));
#9023=DIRECTION('ref_axis',(-1.,0.,0.));
#9024=DIRECTION('center_axis',(0.,0.,1.));
#9025=DIRECTION('ref_axis',(1.,0.,0.));
#9026=DIRECTION('center_axis',(0.,0.,1.));
#9027=DIRECTION('ref_axis',(1.,0.,0.));
#9028=DIRECTION('center_axis',(1.22464679914735E-16,-1.,0.));
#9029=DIRECTION('ref_axis',(-1.,-1.22464679914735E-16,0.));
#9030=DIRECTION('center_axis',(0.,0.,-1.));
#9031=DIRECTION('ref_axis',(1.,0.,0.));
#9032=DIRECTION('center_axis',(0.,0.,1.));
#9033=DIRECTION('ref_axis',(1.,0.,0.));
#9034=DIRECTION('center_axis',(0.,0.,1.));
#9035=DIRECTION('ref_axis',(1.,0.,0.));
#9036=DIRECTION('center_axis',(1.22464679914735E-16,-1.,0.));
#9037=DIRECTION('ref_axis',(-1.,-1.22464679914735E-16,0.));
#9038=DIRECTION('center_axis',(0.,0.,-1.));
#9039=DIRECTION('ref_axis',(1.,0.,0.));
#9040=DIRECTION('center_axis',(0.,0.,-1.));
#9041=DIRECTION('ref_axis',(-1.,0.,0.));
#9042=DIRECTION('center_axis',(0.,0.,-1.));
#9043=DIRECTION('ref_axis',(1.,0.,0.));
#9044=DIRECTION('center_axis',(0.,0.,-1.));
#9045=DIRECTION('ref_axis',(1.,0.,0.));
#9046=DIRECTION('center_axis',(-1.22464679914735E-16,-1.,0.));
#9047=DIRECTION('ref_axis',(1.,-1.22464679914735E-16,0.));
#9048=DIRECTION('center_axis',(0.,0.,1.));
#9049=DIRECTION('ref_axis',(-1.,0.,0.));
#9050=DIRECTION('center_axis',(0.,0.,1.));
#9051=DIRECTION('ref_axis',(-1.,0.,0.));
#9052=DIRECTION('center_axis',(0.,0.,1.));
#9053=DIRECTION('ref_axis',(1.,0.,0.));
#9054=DIRECTION('center_axis',(0.,0.,-1.));
#9055=DIRECTION('ref_axis',(-1.,0.,0.));
#9056=DIRECTION('',(0.,0.,1.));
#9057=DIRECTION('',(0.,0.,1.));
#9058=DIRECTION('center_axis',(0.,0.,1.));
#9059=DIRECTION('ref_axis',(1.,0.,0.));
#9060=DIRECTION('center_axis',(0.,0.,1.));
#9061=DIRECTION('ref_axis',(-0.500000000000004,-0.866025403784436,0.));
#9062=DIRECTION('',(0.,0.,1.));
#9063=DIRECTION('',(0.,0.,1.));
#9064=DIRECTION('center_axis',(0.,0.,1.));
#9065=DIRECTION('ref_axis',(1.,0.,0.));
#9066=DIRECTION('center_axis',(0.,0.,1.));
#9067=DIRECTION('ref_axis',(-1.,0.,0.));
#9068=DIRECTION('',(0.,0.,1.));
#9069=DIRECTION('',(0.,0.,1.));
#9070=DIRECTION('center_axis',(0.,0.,1.));
#9071=DIRECTION('ref_axis',(1.,0.,0.));
#9072=DIRECTION('center_axis',(0.,0.,1.));
#9073=DIRECTION('ref_axis',(1.,0.,0.));
#9074=DIRECTION('center_axis',(0.,0.,1.));
#9075=DIRECTION('ref_axis',(1.,0.,0.));
#9076=DIRECTION('',(0.70710678118655,8.65956056235496E-17,-0.707106781186545));
#9077=DIRECTION('center_axis',(0.,0.,1.));
#9078=DIRECTION('ref_axis',(1.,0.,0.));
#9079=DIRECTION('center_axis',(0.,0.,1.));
#9080=DIRECTION('ref_axis',(1.,0.,0.));
#9081=DIRECTION('',(0.,0.,-1.));
#9082=DIRECTION('center_axis',(0.,0.,1.));
#9083=DIRECTION('ref_axis',(1.,0.,0.));
#9084=DIRECTION('',(0.,0.,-1.));
#9085=DIRECTION('center_axis',(-1.,6.12323399573677E-17,0.));
#9086=DIRECTION('ref_axis',(0.,1.,0.));
#9087=DIRECTION('center_axis',(0.,0.,-1.));
#9088=DIRECTION('ref_axis',(-1.,0.,0.));
#9089=DIRECTION('center_axis',(0.,0.,1.));
#9090=DIRECTION('ref_axis',(1.,0.,0.));
#9091=DIRECTION('center_axis',(0.,0.,1.));
#9092=DIRECTION('ref_axis',(1.,0.,0.));
#9093=DIRECTION('center_axis',(0.,0.,1.));
#9094=DIRECTION('ref_axis',(1.,0.,0.));
#9095=DIRECTION('center_axis',(0.,0.,1.));
#9096=DIRECTION('ref_axis',(1.,0.,0.));
#9097=DIRECTION('center_axis',(0.,0.,1.));
#9098=DIRECTION('ref_axis',(1.,0.,0.));
#9099=DIRECTION('center_axis',(0.,0.,1.));
#9100=DIRECTION('ref_axis',(1.,0.,0.));
#9101=DIRECTION('center_axis',(0.,0.,1.));
#9102=DIRECTION('ref_axis',(1.,0.,0.));
#9103=DIRECTION('center_axis',(0.,0.,1.));
#9104=DIRECTION('ref_axis',(1.,0.,0.));
#9105=DIRECTION('center_axis',(0.,0.,1.));
#9106=DIRECTION('ref_axis',(1.,0.,0.));
#9107=DIRECTION('center_axis',(0.,0.,1.));
#9108=DIRECTION('ref_axis',(1.,0.,0.));
#9109=DIRECTION('center_axis',(0.,0.,1.));
#9110=DIRECTION('ref_axis',(1.,0.,0.));
#9111=DIRECTION('center_axis',(0.,0.,1.));
#9112=DIRECTION('ref_axis',(-1.,1.22464679914735E-16,0.));
#9113=DIRECTION('center_axis',(0.,0.,1.));
#9114=DIRECTION('ref_axis',(1.,0.,0.));
#9115=DIRECTION('center_axis',(0.,0.,-1.));
#9116=DIRECTION('ref_axis',(-0.499999999999998,0.86602540378444,0.));
#9117=DIRECTION('center_axis',(0.,0.,1.));
#9118=DIRECTION('ref_axis',(1.,0.,0.));
#9119=DIRECTION('center_axis',(0.,0.,1.));
#9120=DIRECTION('ref_axis',(1.,0.,0.));
#9121=DIRECTION('center_axis',(0.,0.,-1.));
#9122=DIRECTION('ref_axis',(-0.50000000000001,-0.866025403784433,0.));
#9123=DIRECTION('center_axis',(0.,0.,1.));
#9124=DIRECTION('ref_axis',(-0.499999999999992,0.866025403784443,0.));
#9125=DIRECTION('center_axis',(0.,0.,-1.));
#9126=DIRECTION('ref_axis',(0.499999999999992,-0.866025403784443,0.));
#9127=DIRECTION('center_axis',(0.,0.,-1.));
#9128=DIRECTION('ref_axis',(1.,0.,0.));
#9129=DIRECTION('center_axis',(0.,0.,-1.));
#9130=DIRECTION('ref_axis',(0.500000000000004,0.866025403784436,0.));
#9131=DIRECTION('center_axis',(0.,0.,1.));
#9132=DIRECTION('ref_axis',(0.499999999999998,-0.86602540378444,0.));
#9133=DIRECTION('center_axis',(0.,0.,1.));
#9134=DIRECTION('ref_axis',(1.,0.,0.));
#9135=DIRECTION('',(0.,0.,1.));
#9136=DIRECTION('',(0.,0.,1.));
#9137=DIRECTION('center_axis',(0.,0.,1.));
#9138=DIRECTION('ref_axis',(1.,0.,0.));
#9139=DIRECTION('',(0.,0.,1.));
#9140=DIRECTION('center_axis',(0.,0.,1.));
#9141=DIRECTION('ref_axis',(1.,0.,0.));
#9142=DIRECTION('center_axis',(0.,0.,1.));
#9143=DIRECTION('ref_axis',(-1.,-3.58946546238765E-13,0.));
#9144=DIRECTION('center_axis',(0.,0.,1.));
#9145=DIRECTION('ref_axis',(1.,0.,0.));
#9146=DIRECTION('',(0.,0.,1.));
#9147=DIRECTION('center_axis',(0.,0.,1.));
#9148=DIRECTION('ref_axis',(1.,0.,0.));
#9149=DIRECTION('',(0.,0.,1.));
#9150=DIRECTION('center_axis',(0.,0.,1.));
#9151=DIRECTION('ref_axis',(1.,0.,0.));
#9152=DIRECTION('',(0.,0.,1.));
#9153=DIRECTION('center_axis',(0.,0.,1.));
#9154=DIRECTION('ref_axis',(-0.866025403784438,0.500000000000001,0.));
#9155=DIRECTION('center_axis',(0.,0.,1.));
#9156=DIRECTION('ref_axis',(-0.866025403784446,-0.499999999999987,0.));
#9157=DIRECTION('axis',(0.,0.,1.));
#9158=DIRECTION('refdir',(1.,0.,0.));
#9159=DIRECTION('center_axis',(0.,-1.,0.));
#9160=DIRECTION('ref_axis',(0.,0.,-1.));
#9161=DIRECTION('center_axis',(0.,1.,0.));
#9162=DIRECTION('ref_axis',(0.,0.,1.));
#9163=DIRECTION('',(0.,-1.,0.));
#9164=DIRECTION('center_axis',(0.,1.,0.));
#9165=DIRECTION('ref_axis',(0.,0.,1.));
#9166=DIRECTION('center_axis',(0.,-1.,0.));
#9167=DIRECTION('ref_axis',(0.,0.,-1.));
#9168=DIRECTION('center_axis',(0.,1.,0.));
#9169=DIRECTION('ref_axis',(0.,0.,1.));
#9170=DIRECTION('',(0.,1.,0.));
#9171=DIRECTION('center_axis',(0.,1.,0.));
#9172=DIRECTION('ref_axis',(0.,0.,1.));
#9173=DIRECTION('center_axis',(0.,1.,0.));
#9174=DIRECTION('ref_axis',(0.,0.,1.));
#9175=DIRECTION('center_axis',(0.,1.,0.));
#9176=DIRECTION('ref_axis',(0.,0.,1.));
#9177=DIRECTION('axis',(0.,0.,1.));
#9178=DIRECTION('refdir',(1.,0.,0.));
#9179=DIRECTION('center_axis',(0.,-1.,0.));
#9180=DIRECTION('ref_axis',(0.,0.,-1.));
#9181=DIRECTION('center_axis',(0.,1.,0.));
#9182=DIRECTION('ref_axis',(0.,0.,1.));
#9183=DIRECTION('',(0.,-1.,0.));
#9184=DIRECTION('center_axis',(0.,1.,0.));
#9185=DIRECTION('ref_axis',(0.,0.,1.));
#9186=DIRECTION('center_axis',(0.,-1.,0.));
#9187=DIRECTION('ref_axis',(0.,0.,-1.));
#9188=DIRECTION('center_axis',(0.,1.,0.));
#9189=DIRECTION('ref_axis',(0.,0.,1.));
#9190=DIRECTION('',(0.,1.,0.));
#9191=DIRECTION('center_axis',(0.,1.,0.));
#9192=DIRECTION('ref_axis',(0.,0.,1.));
#9193=DIRECTION('center_axis',(0.,1.,0.));
#9194=DIRECTION('ref_axis',(0.,0.,1.));
#9195=DIRECTION('center_axis',(0.,1.,0.));
#9196=DIRECTION('ref_axis',(0.,0.,1.));
#9197=DIRECTION('',(0.,0.,1.));
#9198=DIRECTION('',(1.,0.,0.));
#9199=DIRECTION('',(0.978147600733807,1.11022302462516E-16,-0.207911690817753));
#9200=DIRECTION('',(-0.192053837603301,-0.383049207221754,-0.903542267029402));
#9201=DIRECTION('',(0.203368330857817,-0.207911479926198,0.9567727726681));
#9202=DIRECTION('',(0.043227227331877,0.978147645560167,0.203368115254826));
#9203=DIRECTION('',(0.203368312217961,0.207911901709296,0.956772684974463));
#9204=DIRECTION('',(0.0432273150255145,-0.978147555907402,0.203368527820951));
#9205=DIRECTION('',(-9.24446373305873E-33,3.22708603282163E-32,1.));
#9206=DIRECTION('',(1.,5.96653595877599E-64,9.24446373305873E-33));
#9207=DIRECTION('',(1.33508887577765E-16,-1.33508887577782E-16,1.));
#9208=DIRECTION('',(-8.21252528481654E-17,1.,1.33508887577782E-16));
#9209=DIRECTION('',(0.192856525479344,0.373603116405907,0.907318616579551));
#9210=DIRECTION('',(0.0776764556267339,-0.927588654206052,0.365438991939111));
#9211=DIRECTION('',(0.0179776122471107,0.996254668590648,0.0845780158742891));
#9212=DIRECTION('',(-0.207132992631762,0.0864675390614245,-0.974484113801796));
#9213=DIRECTION('',(-0.978147600733807,1.66533453693773E-16,-0.207911690817753));
#9214=DIRECTION('',(-0.192053837603301,0.383049207221754,0.903542267029402));
#9215=DIRECTION('',(0.203368330857817,0.207911479926198,-0.9567727726681));
#9216=DIRECTION('',(-0.043227227331877,0.978147645560167,0.203368115254826));
#9217=DIRECTION('',(0.0179776122471107,-0.996254668590648,-0.0845780158742891));
#9218=DIRECTION('',(0.207132992631762,0.0864675390614245,-0.974484113801796));
#9219=DIRECTION('',(0.978147600733807,8.32667268468867E-17,-0.207911690817753));
#9220=DIRECTION('',(-0.1920538376033,-0.383049207221754,-0.903542267029402));
#9221=DIRECTION('',(0.203368330857818,-0.207911479926198,0.9567727726681));
#9222=DIRECTION('',(0.0432272273318769,0.978147645560167,0.203368115254826));
#9223=DIRECTION('',(0.0284054638204462,0.990623151508274,0.133637200363377));
#9224=DIRECTION('',(-0.205962134393296,0.136622734915592,-0.96897565887918));
#9225=DIRECTION('',(-0.978147600733807,1.38777878078145E-16,-0.207911690817753));
#9226=DIRECTION('',(-0.1920538376033,0.383049207221754,0.903542267029402));
#9227=DIRECTION('',(0.203368330857818,0.207911479926198,-0.9567727726681));
#9228=DIRECTION('',(-0.0432272273318769,0.978147645560167,0.203368115254826));
#9229=DIRECTION('',(0.0284054638204462,-0.990623151508274,-0.133637200363377));
#9230=DIRECTION('',(0.205962134393296,0.136622734915592,-0.96897565887918));
#9231=DIRECTION('',(0.20336831221796,0.207911901709296,0.956772684974463));
#9232=DIRECTION('',(0.0432273150255144,-0.978147555907402,0.203368527820951));
#9233=DIRECTION('',(1.,-4.03394270665697E-17,-1.33508887577764E-16));
#9234=DIRECTION('',(-1.38777878078145E-16,-0.383049008063238,-0.923728021347068));
#9235=DIRECTION('',(-1.,4.03394270665697E-17,1.33508887577765E-16));
#9236=DIRECTION('',(-1.07873923030768E-16,0.383049008063238,-0.923728021347068));
#9237=DIRECTION('',(0.20336831221796,-0.207911901709296,-0.956772684974463));
#9238=DIRECTION('',(-0.0432273150255145,-0.978147555907402,0.203368527820951));
#9239=DIRECTION('',(0.20336831221796,-0.207911901709296,-0.956772684974463));
#9240=DIRECTION('',(-0.0432273150255144,-0.978147555907402,0.203368527820951));
#9241=DIRECTION('',(0.203368321537894,0.207911690817753,0.956772728821303));
#9242=DIRECTION('',(0.043227271178697,-0.978147600733807,0.203368321537894));
#9243=DIRECTION('',(0.192856525479344,-0.373603116405907,-0.907318616579551));
#9244=DIRECTION('',(-0.0776764556267339,-0.927588654206052,0.365438991939111));
#9245=DIRECTION('',(0.203368321537894,-0.207911690817753,-0.956772728821303));
#9246=DIRECTION('',(-0.043227271178697,-0.978147600733807,0.203368321537894));
#9247=DIRECTION('center_axis',(0.,0.,1.));
#9248=DIRECTION('ref_axis',(1.,0.,0.));
#9249=CARTESIAN_POINT('',(0.,0.,0.));
#9250=CARTESIAN_POINT('',(0.,0.,0.));
#9251=CARTESIAN_POINT('Origin',(12.7,12.7,-46.001));
#9252=CARTESIAN_POINT('',(9.95000000000004,12.7,46.5));
#9253=CARTESIAN_POINT('Origin',(12.7,12.7,46.5));
#9254=CARTESIAN_POINT('',(9.95000000000004,12.7,49.));
#9255=CARTESIAN_POINT('',(9.95000000000004,12.7,-46.001));
#9256=CARTESIAN_POINT('Origin',(12.7,12.7,49.));
#9257=CARTESIAN_POINT('Origin',(-12.7,12.7,-46.001));
#9258=CARTESIAN_POINT('',(-15.45,12.7,46.5));
#9259=CARTESIAN_POINT('Origin',(-12.7,12.7,46.5));
#9260=CARTESIAN_POINT('',(-15.45,12.7,49.));
#9261=CARTESIAN_POINT('',(-15.45,12.7,-46.001));
#9262=CARTESIAN_POINT('Origin',(-12.7,12.7,49.));
#9263=CARTESIAN_POINT('Origin',(-53.7180263092744,315.,46.5));
#9264=CARTESIAN_POINT('',(-53.7180263092744,315.,46.5));
#9265=CARTESIAN_POINT('',(-53.7180263092744,315.,49.));
#9266=CARTESIAN_POINT('',(-53.7180263092744,315.,46.5));
#9267=CARTESIAN_POINT('',(-56.6524691114758,315.,42.8762649275467));
#9268=CARTESIAN_POINT('Origin',(-53.7180263092744,315.,43.5));
#9269=CARTESIAN_POINT('',(-59.0978381133103,315.,42.3564857005023));
#9270=CARTESIAN_POINT('',(-59.0978381133103,315.,42.3564857005023));
#9271=CARTESIAN_POINT('Origin',(-53.7180263092744,315.,43.5));
#9272=CARTESIAN_POINT('Origin',(-59.0978381133103,315.,42.3564857005023));
#9273=CARTESIAN_POINT('',(53.7180263092744,315.,46.5));
#9274=CARTESIAN_POINT('',(-53.7180263092744,315.,46.5));
#9275=CARTESIAN_POINT('',(53.7180263092744,315.,49.));
#9276=CARTESIAN_POINT('',(-53.7180263092744,315.,49.));
#9277=CARTESIAN_POINT('',(53.7180263092744,315.,49.));
#9278=CARTESIAN_POINT('Origin',(-56.6524691114758,0.,42.8762649275467));
#9279=CARTESIAN_POINT('',(-56.6524691114758,0.,42.8762649275467));
#9280=CARTESIAN_POINT('',(-59.0978381133103,0.,42.3564857005023));
#9281=CARTESIAN_POINT('',(-56.6524691114758,0.,42.8762649275467));
#9282=CARTESIAN_POINT('',(-53.7180263092744,0.,46.5));
#9283=CARTESIAN_POINT('Origin',(-53.7180263092744,0.,43.5));
#9284=CARTESIAN_POINT('',(-53.7180263092744,0.,49.));
#9285=CARTESIAN_POINT('',(-53.7180263092744,0.,49.));
#9286=CARTESIAN_POINT('Origin',(-53.7180263092744,0.,43.5));
#9287=CARTESIAN_POINT('Origin',(-53.7180263092744,0.,49.));
#9288=CARTESIAN_POINT('',(-55.570506838791,0.,25.7616967802937));
#9289=CARTESIAN_POINT('',(-59.0978381133103,0.,42.3564857005023));
#9290=CARTESIAN_POINT('',(-53.1251378369564,0.,26.2814760073381));
#9291=CARTESIAN_POINT('',(-49.0721692662966,0.,27.1429610712742));
#9292=CARTESIAN_POINT('',(-56.6524691114758,0.,42.8762649275467));
#9293=CARTESIAN_POINT('Origin',(56.6524691114758,315.,42.8762649275467));
#9294=CARTESIAN_POINT('',(56.6524691114758,315.,42.8762649275467));
#9295=CARTESIAN_POINT('',(59.0978381133103,315.,42.3564857005023));
#9296=CARTESIAN_POINT('',(56.6524691114758,315.,42.8762649275467));
#9297=CARTESIAN_POINT('Origin',(53.7180263092744,315.,43.5));
#9298=CARTESIAN_POINT('Origin',(53.7180263092744,315.,43.5));
#9299=CARTESIAN_POINT('Origin',(53.7180263092744,315.,49.));
#9300=CARTESIAN_POINT('',(55.5705068387911,315.,25.7616967802937));
#9301=CARTESIAN_POINT('',(53.4913899306136,315.,15.9802207729556));
#9302=CARTESIAN_POINT('',(53.1251378369566,315.,26.2814760073381));
#9303=CARTESIAN_POINT('',(49.0721692662968,315.,27.1429610712742));
#9304=CARTESIAN_POINT('',(51.046020928779,315.,16.5));
#9305=CARTESIAN_POINT('Origin',(53.7180263092744,0.,46.5));
#9306=CARTESIAN_POINT('',(53.7180263092744,0.,46.5));
#9307=CARTESIAN_POINT('',(53.7180263092744,0.,49.));
#9308=CARTESIAN_POINT('',(53.7180263092744,0.,46.5));
#9309=CARTESIAN_POINT('',(56.6524691114758,0.,42.8762649275467));
#9310=CARTESIAN_POINT('Origin',(53.7180263092744,0.,43.5));
#9311=CARTESIAN_POINT('',(59.0978381133103,0.,42.3564857005023));
#9312=CARTESIAN_POINT('',(59.0978381133103,0.,42.3564857005023));
#9313=CARTESIAN_POINT('Origin',(53.7180263092744,0.,43.5));
#9314=CARTESIAN_POINT('Origin',(59.0978381133103,0.,42.3564857005023));
#9315=CARTESIAN_POINT('',(-53.7180263092744,0.,46.5));
#9316=CARTESIAN_POINT('',(-53.7180263092744,0.,49.));
#9317=CARTESIAN_POINT('Origin',(-56.6524691114758,315.,42.8762649275467));
#9318=CARTESIAN_POINT('',(-51.0460209287788,10.,16.5));
#9319=CARTESIAN_POINT('Origin',(-53.1251378369564,10.,26.2814760073381));
#9320=CARTESIAN_POINT('',(-51.0460209287788,305.,16.5));
#9321=CARTESIAN_POINT('',(-51.0460209287788,315.,16.5));
#9322=CARTESIAN_POINT('',(-53.1251378369564,315.,26.2814760073381));
#9323=CARTESIAN_POINT('Origin',(-53.1251378369564,305.,26.2814760073381));
#9324=CARTESIAN_POINT('',(-56.6524691114758,315.,42.8762649275467));
#9325=CARTESIAN_POINT('',(-56.6524691114758,315.,42.8762649275467));
#9326=CARTESIAN_POINT('',(-54.7884313634986,13.25,34.1066568132085));
#9327=CARTESIAN_POINT('',(-54.7884313634985,301.75,34.1066568132085));
#9328=CARTESIAN_POINT('',(-54.7884313634986,13.25,34.1066568132086));
#9329=CARTESIAN_POINT('',(-52.8132703007299,301.75,24.8142546062374));
#9330=CARTESIAN_POINT('Origin',(-53.8008508321143,301.75,29.460455709723));
#9331=CARTESIAN_POINT('',(-52.81327030073,13.25,24.8142546062373));
#9332=CARTESIAN_POINT('',(-52.8132703007299,301.75,24.8142546062374));
#9333=CARTESIAN_POINT('Origin',(-53.8008508321143,13.25,29.460455709723));
#9334=CARTESIAN_POINT('Origin',(-53.4913899306133,315.,15.9802207729556));
#9335=CARTESIAN_POINT('',(-53.4913899306133,10.,15.9802207729556));
#9336=CARTESIAN_POINT('',(-53.4913899306133,10.,15.9802207729556));
#9337=CARTESIAN_POINT('',(-53.4913899306133,305.,15.9802207729556));
#9338=CARTESIAN_POINT('',(-53.4913899306133,315.,15.9802207729556));
#9339=CARTESIAN_POINT('',(-53.4913899306133,305.,15.9802207729556));
#9340=CARTESIAN_POINT('Origin',(-59.0978381133103,315.,42.3564857005023));
#9341=CARTESIAN_POINT('Origin',(-55.5705068387909,10.,25.7616967802937));
#9342=CARTESIAN_POINT('',(-59.0978381133103,315.,42.3564857005023));
#9343=CARTESIAN_POINT('',(-55.570506838791,315.,25.7616967802937));
#9344=CARTESIAN_POINT('',(-59.0978381133103,315.,42.3564857005023));
#9345=CARTESIAN_POINT('Origin',(-55.5705068387909,305.,25.7616967802937));
#9346=CARTESIAN_POINT('',(-55.2586393025645,301.75,24.294475379193));
#9347=CARTESIAN_POINT('',(-57.2338003653331,301.75,33.5868775861641));
#9348=CARTESIAN_POINT('Origin',(-56.2462198339488,301.75,28.9406764826786));
#9349=CARTESIAN_POINT('',(-57.2338003653331,13.25,33.5868775861642));
#9350=CARTESIAN_POINT('',(-57.2338003653331,13.25,33.5868775861642));
#9351=CARTESIAN_POINT('',(-55.2586393025645,13.25,24.2944753791929));
#9352=CARTESIAN_POINT('Origin',(-56.2462198339488,13.25,28.9406764826786));
#9353=CARTESIAN_POINT('',(-55.2586393025645,301.75,24.294475379193));
#9354=CARTESIAN_POINT('Origin',(-53.7180263092744,315.,43.5));
#9355=CARTESIAN_POINT('',(-53.7180263092744,315.,49.));
#9356=CARTESIAN_POINT('Origin',(-53.7180263092744,315.,49.));
#9357=CARTESIAN_POINT('',(53.7180263092744,315.,49.));
#9358=CARTESIAN_POINT('',(-15.45,270.4056,49.));
#9359=CARTESIAN_POINT('',(-9.94999999999999,270.4056,49.));
#9360=CARTESIAN_POINT('Origin',(-12.7,270.4056,49.));
#9361=CARTESIAN_POINT('',(-15.45,276.4056,49.));
#9362=CARTESIAN_POINT('',(-15.45,270.4056,49.));
#9363=CARTESIAN_POINT('',(-9.94999999999999,276.4056,49.));
#9364=CARTESIAN_POINT('Origin',(-12.7,276.4056,49.));
#9365=CARTESIAN_POINT('',(-9.94999999999999,270.4056,49.));
#9366=CARTESIAN_POINT('',(9.95000000000001,270.4056,49.));
#9367=CARTESIAN_POINT('',(15.45,270.4056,49.));
#9368=CARTESIAN_POINT('Origin',(12.7,270.4056,49.));
#9369=CARTESIAN_POINT('',(9.95000000000001,276.4056,49.));
#9370=CARTESIAN_POINT('',(9.95000000000001,270.4056,49.));
#9371=CARTESIAN_POINT('',(15.45,276.4056,49.));
#9372=CARTESIAN_POINT('Origin',(12.7,276.4056,49.));
#9373=CARTESIAN_POINT('',(15.45,270.4056,49.));
#9374=CARTESIAN_POINT('Origin',(53.7180263092744,315.,43.5));
#9375=CARTESIAN_POINT('',(59.0978381133103,315.,42.3564857005023));
#9376=CARTESIAN_POINT('Origin',(53.4913899306136,315.,15.9802207729556));
#9377=CARTESIAN_POINT('',(53.4913899306136,305.,15.9802207729556));
#9378=CARTESIAN_POINT('',(53.4913899306136,10.,15.9802207729556));
#9379=CARTESIAN_POINT('',(53.4913899306136,315.,15.9802207729556));
#9380=CARTESIAN_POINT('Origin',(55.5705068387911,305.,25.7616967802937));
#9381=CARTESIAN_POINT('',(55.5705068387911,0.,25.7616967802937));
#9382=CARTESIAN_POINT('',(53.4913899306136,0.,15.9802207729556));
#9383=CARTESIAN_POINT('Origin',(55.5705068387911,10.,25.7616967802937));
#9384=CARTESIAN_POINT('',(55.2586393025645,301.75,24.294475379193));
#9385=CARTESIAN_POINT('',(57.2338003653331,301.75,33.5868775861641));
#9386=CARTESIAN_POINT('Origin',(56.2462198339488,301.75,28.9406764826786));
#9387=CARTESIAN_POINT('',(55.2586393025645,13.25,24.2944753791929));
#9388=CARTESIAN_POINT('',(55.2586393025645,301.75,24.294475379193));
#9389=CARTESIAN_POINT('',(57.2338003653331,13.25,33.5868775861642));
#9390=CARTESIAN_POINT('Origin',(56.2462198339488,13.25,28.9406764826786));
#9391=CARTESIAN_POINT('',(57.2338003653331,13.25,33.5868775861642));
#9392=CARTESIAN_POINT('Origin',(51.046020928779,315.,16.5));
#9393=CARTESIAN_POINT('',(51.046020928779,305.,16.5));
#9394=CARTESIAN_POINT('',(51.046020928779,10.,16.5));
#9395=CARTESIAN_POINT('',(51.046020928779,315.,16.5));
#9396=CARTESIAN_POINT('',(51.046020928779,305.,16.5));
#9397=CARTESIAN_POINT('',(51.0460209287791,10.,16.5));
#9398=CARTESIAN_POINT('Origin',(51.046020928779,315.,16.5));
#9399=CARTESIAN_POINT('Origin',(53.1251378369566,305.,26.2814760073381));
#9400=CARTESIAN_POINT('',(53.1251378369566,0.,26.2814760073381));
#9401=CARTESIAN_POINT('Origin',(53.1251378369566,10.,26.2814760073381));
#9402=CARTESIAN_POINT('',(51.046020928779,0.,16.5));
#9403=CARTESIAN_POINT('',(56.6524691114758,315.,42.8762649275467));
#9404=CARTESIAN_POINT('',(52.8132703007299,301.75,24.8142546062374));
#9405=CARTESIAN_POINT('',(52.81327030073,13.25,24.8142546062373));
#9406=CARTESIAN_POINT('',(52.8132703007299,301.75,24.8142546062374));
#9407=CARTESIAN_POINT('',(54.7884313634986,301.75,34.1066568132085));
#9408=CARTESIAN_POINT('Origin',(53.8008508321143,301.75,29.460455709723));
#9409=CARTESIAN_POINT('',(54.7884313634986,13.25,34.1066568132085));
#9410=CARTESIAN_POINT('',(54.7884313634986,13.25,34.1066568132086));
#9411=CARTESIAN_POINT('Origin',(53.8008508321143,13.25,29.460455709723));
#9412=CARTESIAN_POINT('Origin',(53.7180263092744,315.,43.5));
#9413=CARTESIAN_POINT('',(53.7180263092744,315.,46.5));
#9414=CARTESIAN_POINT('Origin',(-53.7180263092744,315.,46.5));
#9415=CARTESIAN_POINT('',(-53.7180263092744,315.,46.5));
#9416=CARTESIAN_POINT('',(-15.45,270.4056,46.5));
#9417=CARTESIAN_POINT('',(-15.45,276.4056,46.5));
#9418=CARTESIAN_POINT('',(-15.45,270.4056,46.5));
#9419=CARTESIAN_POINT('',(-9.94999999999999,270.4056,46.5));
#9420=CARTESIAN_POINT('Origin',(-12.7,270.4056,46.5));
#9421=CARTESIAN_POINT('',(-9.94999999999999,276.4056,46.5));
#9422=CARTESIAN_POINT('',(-9.94999999999999,270.4056,46.5));
#9423=CARTESIAN_POINT('Origin',(-12.7,276.4056,46.5));
#9424=CARTESIAN_POINT('',(9.95000000000001,270.4056,46.5));
#9425=CARTESIAN_POINT('',(9.95000000000001,276.4056,46.5));
#9426=CARTESIAN_POINT('',(9.95000000000001,270.4056,46.5));
#9427=CARTESIAN_POINT('',(15.45,270.4056,46.5));
#9428=CARTESIAN_POINT('Origin',(12.7,270.4056,46.5));
#9429=CARTESIAN_POINT('',(15.45,276.4056,46.5));
#9430=CARTESIAN_POINT('',(15.45,270.4056,46.5));
#9431=CARTESIAN_POINT('Origin',(12.7,276.4056,46.5));
#9432=CARTESIAN_POINT('Origin',(-53.7180263092744,315.,43.5));
#9433=CARTESIAN_POINT('Origin',(-53.7180263092744,315.,43.5));
#9434=CARTESIAN_POINT('',(-50.190695034755,315.,26.9052110797913));
#9435=CARTESIAN_POINT('Origin',(-53.7180263092744,0.,43.5));
#9436=CARTESIAN_POINT('',(55.5705068387911,0.,25.7616967802937));
#9437=CARTESIAN_POINT('Origin',(12.7,270.4056,-46.001));
#9438=CARTESIAN_POINT('',(9.95000000000001,270.4056,-46.001));
#9439=CARTESIAN_POINT('',(15.45,270.4056,-46.001));
#9440=CARTESIAN_POINT('Origin',(9.95000000000001,270.4056,-46.001));
#9441=CARTESIAN_POINT('',(9.95000000000001,276.4056,-46.001));
#9442=CARTESIAN_POINT('Origin',(12.7,276.4056,-46.001));
#9443=CARTESIAN_POINT('',(15.45,276.4056,-46.001));
#9444=CARTESIAN_POINT('Origin',(15.45,270.4056,-46.001));
#9445=CARTESIAN_POINT('Origin',(-12.7,270.4056,-46.001));
#9446=CARTESIAN_POINT('',(-15.45,270.4056,-46.001));
#9447=CARTESIAN_POINT('',(-9.94999999999999,270.4056,-46.001));
#9448=CARTESIAN_POINT('Origin',(-15.45,270.4056,-46.001));
#9449=CARTESIAN_POINT('',(-15.45,276.4056,-46.001));
#9450=CARTESIAN_POINT('Origin',(-12.7,276.4056,-46.001));
#9451=CARTESIAN_POINT('',(-9.94999999999999,276.4056,-46.001));
#9452=CARTESIAN_POINT('Origin',(-9.94999999999999,270.4056,-46.001));
#9453=CARTESIAN_POINT('Origin',(53.1251378369566,305.,26.2814760073381));
#9454=CARTESIAN_POINT('Origin',(-52.6011902028829,10.,48.7543007734825));
#9455=CARTESIAN_POINT('Origin',(-49.0721692662966,10.,27.1429610712742));
#9456=CARTESIAN_POINT('Origin',(-55.5705068387909,305.,25.7616967802937));
#9457=CARTESIAN_POINT('Origin',(-237.835213722706,301.75,91.44961485047));
#9458=CARTESIAN_POINT('',(-238.82279425409,301.75,86.8034137469845));
#9459=CARTESIAN_POINT('',(-236.847633191321,301.75,96.0958159539556));
#9460=CARTESIAN_POINT('Origin',(-238.82279425409,301.75,86.8034137469845));
#9461=CARTESIAN_POINT('',(-238.82279425409,13.25,86.8034137469844));
#9462=CARTESIAN_POINT('Origin',(-237.835213722706,13.25,91.44961485047));
#9463=CARTESIAN_POINT('',(-236.847633191321,13.25,96.0958159539557));
#9464=CARTESIAN_POINT('Origin',(-236.847633191321,13.25,96.0958159539557));
#9465=CARTESIAN_POINT('Origin',(237.835213722706,301.75,91.44961485047));
#9466=CARTESIAN_POINT('',(236.847633191321,301.75,96.0958159539556));
#9467=CARTESIAN_POINT('',(238.82279425409,301.75,86.8034137469845));
#9468=CARTESIAN_POINT('Origin',(238.82279425409,301.75,86.8034137469845));
#9469=CARTESIAN_POINT('',(238.82279425409,13.25,86.8034137469844));
#9470=CARTESIAN_POINT('Origin',(237.835213722706,13.25,91.44961485047));
#9471=CARTESIAN_POINT('',(236.847633191321,13.25,96.0958159539557));
#9472=CARTESIAN_POINT('Origin',(236.847633191321,13.25,96.0958159539557));
#9473=CARTESIAN_POINT('',(0.,0.,0.));
#9474=CARTESIAN_POINT('Origin',(-42.7691314132634,15.25,31.8053200587022));
#9475=CARTESIAN_POINT('',(-50.9490913792948,15.25,32.8780525296031));
#9476=CARTESIAN_POINT('Origin',(-50.3773342295459,15.25,30.1881466275851));
#9477=CARTESIAN_POINT('',(-53.8835341814962,15.25,32.2543174571498));
#9478=CARTESIAN_POINT('',(-43.3408885630123,15.25,34.4952259607202));
#9479=CARTESIAN_POINT('Origin',(-53.3117770317474,15.25,29.5644115551318));
#9480=CARTESIAN_POINT('Origin',(-42.7691314132634,83.25,31.8053200587022));
#9481=CARTESIAN_POINT('',(-50.9490913792948,83.25,32.8780525296031));
#9482=CARTESIAN_POINT('Origin',(-50.377334229546,83.25,30.1881466275851));
#9483=CARTESIAN_POINT('',(-53.8835341814962,83.25,32.2543174571498));
#9484=CARTESIAN_POINT('',(-43.3408885630123,83.25,34.4952259607202));
#9485=CARTESIAN_POINT('Origin',(-53.3117770317474,83.25,29.5644115551318));
#9486=CARTESIAN_POINT('Origin',(42.7691314132634,83.25,31.8053200587022));
#9487=CARTESIAN_POINT('',(50.9490913792948,83.25,32.8780525296031));
#9488=CARTESIAN_POINT('Origin',(50.377334229546,83.25,30.1881466275851));
#9489=CARTESIAN_POINT('',(53.8835341814962,83.25,32.2543174571498));
#9490=CARTESIAN_POINT('',(43.3408885630123,83.25,34.4952259607202));
#9491=CARTESIAN_POINT('Origin',(53.3117770317474,83.25,29.5644115551318));
#9492=CARTESIAN_POINT('Origin',(42.7691314132634,15.25,31.8053200587022));
#9493=CARTESIAN_POINT('',(50.9490913792948,15.25,32.8780525296031));
#9494=CARTESIAN_POINT('Origin',(50.3773342295459,15.25,30.1881466275851));
#9495=CARTESIAN_POINT('',(53.8835341814962,15.25,32.2543174571498));
#9496=CARTESIAN_POINT('',(43.3408885630123,15.25,34.4952259607202));
#9497=CARTESIAN_POINT('Origin',(53.3117770317474,15.25,29.5644115551318));
#9498=CARTESIAN_POINT('Origin',(-59.2180263092744,341.0728,78.2745039236228));
#9499=CARTESIAN_POINT('',(52.5,341.0728,81.0245039236228));
#9500=CARTESIAN_POINT('Origin',(52.5,341.0728,78.2745039236229));
#9501=CARTESIAN_POINT('',(55.5,341.0728,81.0245039236228));
#9502=CARTESIAN_POINT('',(-59.2180263092744,341.0728,81.0245039236228));
#9503=CARTESIAN_POINT('Origin',(55.5,341.0728,78.2745039236228));
#9504=CARTESIAN_POINT('Origin',(-59.2180263092743,341.0728,78.2745039236232));
#9505=CARTESIAN_POINT('',(-55.4999999999999,341.0728,81.0245039236232));
#9506=CARTESIAN_POINT('Origin',(-55.4999999999999,341.0728,78.2745039236232));
#9507=CARTESIAN_POINT('',(-52.4999999999999,341.0728,81.0245039236232));
#9508=CARTESIAN_POINT('',(-59.2180263092743,341.0728,81.0245039236232));
#9509=CARTESIAN_POINT('Origin',(-52.4999999999999,341.0728,78.2745039236231));
#9510=CARTESIAN_POINT('Origin',(52.4822383698761,318.0728,40.09094202375));
#9511=CARTESIAN_POINT('',(51.8585032974228,318.0728,37.1564992215486));
#9512=CARTESIAN_POINT('',(52.4822383698761,321.0728,40.09094202375));
#9513=CARTESIAN_POINT('Origin',(52.4822383698761,318.0728,40.09094202375));
#9514=CARTESIAN_POINT('',(52.0173336958907,316.0728,37.9037374964811));
#9515=CARTESIAN_POINT('Origin',(52.4822383698761,318.0728,40.09094202375));
#9516=CARTESIAN_POINT('',(52.4822383698764,315.0728,40.0909420237501));
#9517=CARTESIAN_POINT('Origin',(52.4822383698761,318.0728,40.09094202375));
#9518=CARTESIAN_POINT('',(55.4166811720775,315.0728,39.4672069512968));
#9519=CARTESIAN_POINT('',(52.4822383698761,315.0728,40.0909420237501));
#9520=CARTESIAN_POINT('',(55.4166811720778,321.0728,39.4672069512967));
#9521=CARTESIAN_POINT('Origin',(55.4166811720775,318.0728,39.4672069512968));
#9522=CARTESIAN_POINT('',(55.4166811720778,321.0728,39.4672069512967));
#9523=CARTESIAN_POINT('Origin',(34.1625209652046,502.353935212239,-42.1872));
#9524=CARTESIAN_POINT('',(34.9575593350811,361.0728,-42.3561906222967));
#9525=CARTESIAN_POINT('',(34.9575593350811,342.022800004763,-42.3561906222967));
#9526=CARTESIAN_POINT('',(34.9575593350811,361.0728,-42.3561906222967));
#9527=CARTESIAN_POINT('',(34.1625209652046,361.0728,-43.));
#9528=CARTESIAN_POINT('Origin',(34.1625209652046,361.0728,-42.1872));
#9529=CARTESIAN_POINT('',(34.1625209652046,342.022800004763,-43.));
#9530=CARTESIAN_POINT('',(34.1625209652046,361.0728,-43.));
#9531=CARTESIAN_POINT('',(34.1625209652046,340.022800004762,-43.));
#9532=CARTESIAN_POINT('',(34.1625209652046,361.0728,-43.));
#9533=CARTESIAN_POINT('',(34.1625209652046,99.8091138387281,-43.));
#9534=CARTESIAN_POINT('',(34.1625209652046,361.0728,-43.));
#9535=CARTESIAN_POINT('',(34.1625209652046,97.8091138387281,-43.));
#9536=CARTESIAN_POINT('',(34.1625209652046,361.0728,-43.));
#9537=CARTESIAN_POINT('',(34.1625209652046,78.5728,-43.));
#9538=CARTESIAN_POINT('',(34.1625209652046,361.0728,-43.));
#9539=CARTESIAN_POINT('',(34.9575593350811,78.5728,-42.3561906222967));
#9540=CARTESIAN_POINT('Origin',(34.1625209652046,78.5728,-42.1872));
#9541=CARTESIAN_POINT('',(34.9575593350811,97.8091138387281,-42.3561906222967));
#9542=CARTESIAN_POINT('',(34.9575593350811,361.0728,-42.3561906222967));
#9543=CARTESIAN_POINT('',(34.9575593350811,99.8091138387281,-42.3561906222967));
#9544=CARTESIAN_POINT('',(34.9575593350811,361.0728,-42.3561906222967));
#9545=CARTESIAN_POINT('',(34.9575593350811,340.022800004762,-42.3561906222967));
#9546=CARTESIAN_POINT('',(34.9575593350811,361.0728,-42.3561906222967));
#9547=CARTESIAN_POINT('',(34.9575593350811,361.0728,-42.3561906222967));
#9548=CARTESIAN_POINT('Origin',(-34.1625209652046,-62.7083352122392,-42.1872));
#9549=CARTESIAN_POINT('',(-34.1625209652046,361.0728,-43.));
#9550=CARTESIAN_POINT('',(-34.1625209652046,342.022800004763,-43.));
#9551=CARTESIAN_POINT('',(-34.1625209652046,361.0728,-43.));
#9552=CARTESIAN_POINT('',(-34.957559335081,361.0728,-42.3561906222964));
#9553=CARTESIAN_POINT('Origin',(-34.1625209652046,361.0728,-42.1872));
#9554=CARTESIAN_POINT('',(-34.957559335081,342.022800004763,-42.3561906222964));
#9555=CARTESIAN_POINT('',(-34.957559335081,361.0728,-42.3561906222964));
#9556=CARTESIAN_POINT('',(-34.957559335081,340.022800004762,-42.3561906222964));
#9557=CARTESIAN_POINT('',(-34.957559335081,361.0728,-42.3561906222964));
#9558=CARTESIAN_POINT('',(-34.957559335081,99.8091138387281,-42.3561906222964));
#9559=CARTESIAN_POINT('',(-34.957559335081,361.0728,-42.3561906222964));
#9560=CARTESIAN_POINT('',(-34.957559335081,97.8091138387281,-42.3561906222964));
#9561=CARTESIAN_POINT('',(-34.957559335081,361.0728,-42.3561906222964));
#9562=CARTESIAN_POINT('',(-34.957559335081,78.5728,-42.3561906222964));
#9563=CARTESIAN_POINT('',(-34.957559335081,361.0728,-42.3561906222964));
#9564=CARTESIAN_POINT('',(-34.1625209652046,78.5728,-43.));
#9565=CARTESIAN_POINT('Origin',(-34.1625209652046,78.5728,-42.1872));
#9566=CARTESIAN_POINT('',(-34.1625209652046,97.8091138387281,-43.));
#9567=CARTESIAN_POINT('',(-34.1625209652046,361.0728,-43.));
#9568=CARTESIAN_POINT('',(-34.1625209652046,99.8091138387281,-43.));
#9569=CARTESIAN_POINT('',(-34.1625209652046,361.0728,-43.));
#9570=CARTESIAN_POINT('',(-34.1625209652046,340.022800004762,-43.));
#9571=CARTESIAN_POINT('',(-34.1625209652046,361.0728,-43.));
#9572=CARTESIAN_POINT('',(-34.1625209652046,361.0728,-43.));
#9573=CARTESIAN_POINT('Origin',(-34.8207134273856,361.0728,-43.));
#9574=CARTESIAN_POINT('',(-34.8207134273856,99.809113838728,-43.));
#9575=CARTESIAN_POINT('',(-34.8207134273856,340.022800004762,-43.));
#9576=CARTESIAN_POINT('Origin',(-34.8207134273856,361.0728,-43.));
#9577=CARTESIAN_POINT('',(-34.8207134273856,342.022800004763,-43.));
#9578=CARTESIAN_POINT('',(-34.8207134273856,361.0728,-43.));
#9579=CARTESIAN_POINT('Origin',(-34.8207134273856,361.0728,-43.));
#9580=CARTESIAN_POINT('Origin',(-34.8207134273856,361.0728,-43.));
#9581=CARTESIAN_POINT('',(-34.8207134273856,97.809113838728,-43.));
#9582=CARTESIAN_POINT('Origin',(37.8920021372825,361.0728,-42.9799256947499));
#9583=CARTESIAN_POINT('',(34.1625209652046,361.0728,-46.));
#9584=CARTESIAN_POINT('',(34.1625209652046,361.0728,-43.));
#9585=CARTESIAN_POINT('',(-34.1625209652046,361.0728,-46.));
#9586=CARTESIAN_POINT('',(-34.8207134273856,361.0728,-46.));
#9587=CARTESIAN_POINT('',(-34.1625209652046,361.0728,-46.));
#9588=CARTESIAN_POINT('Origin',(-34.8207134273856,361.0728,-46.));
#9589=CARTESIAN_POINT('',(-34.1625209652046,78.5728,-46.));
#9590=CARTESIAN_POINT('',(34.1625209652046,78.5728,-46.));
#9591=CARTESIAN_POINT('',(65.,78.5728,-46.));
#9592=CARTESIAN_POINT('',(-34.1625209652046,361.0728,-46.));
#9593=CARTESIAN_POINT('',(34.1625209652046,361.0728,-46.));
#9594=CARTESIAN_POINT('Origin',(-34.8207134273856,361.0728,-43.));
#9595=CARTESIAN_POINT('',(65.,78.5728,-43.));
#9596=CARTESIAN_POINT('Origin',(65.,78.5728,49.001));
#9597=CARTESIAN_POINT('',(-34.1625209652046,78.5728,-46.));
#9598=CARTESIAN_POINT('',(34.1625209652046,78.5728,-43.));
#9599=CARTESIAN_POINT('Origin',(34.1625209652046,78.5728,-42.1872));
#9600=CARTESIAN_POINT('',(37.8920021372825,78.5728,-42.9799256947499));
#9601=CARTESIAN_POINT('',(37.8920021372825,78.5728,-42.9799256947499));
#9602=CARTESIAN_POINT('Origin',(34.1625209652046,78.5728,-42.1872));
#9603=CARTESIAN_POINT('Origin',(34.1625209652046,361.0728,-42.1872));
#9604=CARTESIAN_POINT('',(37.8920021372825,361.0728,-42.9799256947499));
#9605=CARTESIAN_POINT('',(37.8920021372825,361.0728,-42.9799256947499));
#9606=CARTESIAN_POINT('Origin',(34.1625209652046,361.0728,-42.1872));
#9607=CARTESIAN_POINT('Origin',(34.1625209652046,502.353935212239,-42.1872));
#9608=CARTESIAN_POINT('',(37.8920021372825,361.0728,-42.9799256947499));
#9609=CARTESIAN_POINT('Origin',(-50.7295143835876,68.5728,-2.98180818143925));
#9610=CARTESIAN_POINT('',(39.2610430315236,78.5728,-22.109891648363));
#9611=CARTESIAN_POINT('',(41.233466517006,71.7350776601684,-12.8303687299195));
#9612=CARTESIAN_POINT('Origin',(39.2610430315236,68.5728,-22.109891648363));
#9613=CARTESIAN_POINT('',(42.1954858337249,78.5728,-22.7336267208162));
#9614=CARTESIAN_POINT('',(39.2610430315235,78.5728,-22.109891648363));
#9615=CARTESIAN_POINT('',(44.1679093192073,71.7350776601684,-13.4541038023727));
#9616=CARTESIAN_POINT('Origin',(42.195485833725,68.5728,-22.7336267208162));
#9617=CARTESIAN_POINT('',(44.1679093192073,71.7350776601684,-13.4541038023727));
#9618=CARTESIAN_POINT('Origin',(-49.2309717024441,78.5728,4.06828083660746));
#9619=CARTESIAN_POINT('',(46.0032764058164,2.91052233983158,9.60982248946669));
#9620=CARTESIAN_POINT('',(40.7595857126671,78.5728000000001,-15.0598026303163));
#9621=CARTESIAN_POINT('',(48.9377192080176,2.91052233983159,8.9860874170135));
#9622=CARTESIAN_POINT('',(43.6940285148684,78.5728,-15.6835377027695));
#9623=CARTESIAN_POINT('',(46.0032764058163,2.91052233983161,9.60982248946672));
#9624=CARTESIAN_POINT('Origin',(47.9560642577818,6.07279999999999,18.8935190906567));
#9625=CARTESIAN_POINT('',(47.9756998912989,-3.92720000000001,18.8893454079102));
#9626=CARTESIAN_POINT('Origin',(47.9756998912989,6.07279999999999,18.8893454079102));
#9627=CARTESIAN_POINT('',(50.9101426935003,-3.92720000000001,18.2656103354569));
#9628=CARTESIAN_POINT('Origin',(50.9101426935003,6.07279999999999,18.2656103354569));
#9629=CARTESIAN_POINT('',(50.9101426935,-3.92720000000001,18.265610335457));
#9630=CARTESIAN_POINT('Origin',(34.1625209652046,-3.92720000000001,-46.));
#9631=CARTESIAN_POINT('',(54.0652551817625,-3.92720000000001,33.109247546527));
#9632=CARTESIAN_POINT('',(37.755156229587,-3.92720000000001,-43.6237350724533));
#9633=CARTESIAN_POINT('',(51.130812379561,-3.92720000000001,33.7329826189803));
#9634=CARTESIAN_POINT('',(51.1111767460443,-3.92720000000001,33.7371563017268));
#9635=CARTESIAN_POINT('',(34.8207134273855,-3.92720000000001,-43.));
#9636=CARTESIAN_POINT('Origin',(-260.917052736534,6.07279999999999,100.060803904526));
#9637=CARTESIAN_POINT('',(53.2099292877385,6.07279999999999,43.5144586263183));
#9638=CARTESIAN_POINT('Origin',(51.130812379561,6.07279999999999,33.7329826189803));
#9639=CARTESIAN_POINT('',(56.14437208994,6.07279999999999,42.8907235538651));
#9640=CARTESIAN_POINT('Origin',(54.0652551817625,6.07279999999999,33.109247546527));
#9641=CARTESIAN_POINT('',(-258.837935828357,6.07279999999999,109.842279911864));
#9642=CARTESIAN_POINT('Origin',(-258.837935828357,-3.92720000000001,109.842279911864));
#9643=CARTESIAN_POINT('',(56.14437208994,312.0728,42.8907235538651));
#9644=CARTESIAN_POINT('',(56.14437208994,-3.92720000000001,42.8907235538651));
#9645=CARTESIAN_POINT('',(53.2099292877385,312.0728,43.5144586263183));
#9646=CARTESIAN_POINT('',(-258.837935828357,312.0728,109.842279911864));
#9647=CARTESIAN_POINT('',(53.2099292877385,61.5728014801411,43.5144586263183));
#9648=CARTESIAN_POINT('',(53.2099292877385,-3.92720000000001,43.5144586263183));
#9649=CARTESIAN_POINT('',(53.2099292877385,59.5728014801411,43.5144586263183));
#9650=CARTESIAN_POINT('',(53.2099292877385,-3.92720000000001,43.5144586263183));
#9651=CARTESIAN_POINT('',(53.2099292877385,-3.92720000000001,43.5144586263183));
#9652=CARTESIAN_POINT('Origin',(-259.46167090081,312.0728,106.907837109663));
#9653=CARTESIAN_POINT('',(52.5861942152853,315.0728,40.5800158241169));
#9654=CARTESIAN_POINT('Origin',(52.5861942152853,312.0728,40.5800158241169));
#9655=CARTESIAN_POINT('',(55.5206370174867,315.0728,39.9562807516636));
#9656=CARTESIAN_POINT('Origin',(55.5206370174867,312.0728,39.9562807516636));
#9657=CARTESIAN_POINT('',(-259.46167090081,315.0728,106.907837109663));
#9658=CARTESIAN_POINT('Origin',(-259.565626746219,315.0728,106.418763309296));
#9659=CARTESIAN_POINT('',(52.4822383698764,315.0728,40.0909420237501));
#9660=CARTESIAN_POINT('',(55.4166811720779,315.0728,39.4672069512969));
#9661=CARTESIAN_POINT('Origin',(37.755156229587,361.0728,-43.6237350724533));
#9662=CARTESIAN_POINT('',(43.6940285148684,78.5728,-15.6835377027695));
#9663=CARTESIAN_POINT('',(55.4166811720778,361.0728,39.4672069512967));
#9664=CARTESIAN_POINT('',(37.755156229587,361.0728,-43.6237350724533));
#9665=CARTESIAN_POINT('',(55.4166811720778,361.0728,39.4672069512967));
#9666=CARTESIAN_POINT('Origin',(55.5,361.0728,40.2599326460468));
#9667=CARTESIAN_POINT('',(52.4822383698764,361.0728,40.0909420237501));
#9668=CARTESIAN_POINT('',(34.8207134273855,361.0728,-43.));
#9669=CARTESIAN_POINT('',(52.4822383698764,361.0728,40.0909420237501));
#9670=CARTESIAN_POINT('Origin',(34.8207134273855,361.0728,-43.));
#9671=CARTESIAN_POINT('Ctrl Pts',(34.9575593350811,342.022800004763,-42.3561906222967));
#9672=CARTESIAN_POINT('Ctrl Pts',(37.9762223588066,342.022800004763,-28.1544976705076));
#9673=CARTESIAN_POINT('Ctrl Pts',(40.9948853825322,342.022800004763,-13.9528047187186));
#9674=CARTESIAN_POINT('Ctrl Pts',(44.0135484062578,342.022800004763,0.248888233070419));
#9675=CARTESIAN_POINT('Ctrl Pts',(45.1500626291251,342.022800004763,5.59576726582256));
#9676=CARTESIAN_POINT('Ctrl Pts',(46.1590737513912,338.525007367886,10.3427913724346));
#9677=CARTESIAN_POINT('Ctrl Pts',(46.518502171823,333.339239790653,12.0337691414006));
#9678=CARTESIAN_POINT('Ctrl Pts',(46.6705898472314,331.144946598473,12.7492853984074));
#9679=CARTESIAN_POINT('Ctrl Pts',(46.8226775226398,328.950653406293,13.4648016554142));
#9680=CARTESIAN_POINT('Ctrl Pts',(46.9747651980481,326.756360214113,14.180317912421));
#9681=CARTESIAN_POINT('Ctrl Pts',(47.33419361848,321.570592636876,15.871295681387));
#9682=CARTESIAN_POINT('Ctrl Pts',(48.3432047407469,318.0728,20.6183197880027));
#9683=CARTESIAN_POINT('Ctrl Pts',(49.4797189636141,318.0728,25.9651988207543));
#9684=CARTESIAN_POINT('Ctrl Pts',(50.2726470748838,318.0728,29.6956322876858));
#9685=CARTESIAN_POINT('Ctrl Pts',(51.0655751861535,318.0728,33.4260657546172));
#9686=CARTESIAN_POINT('Ctrl Pts',(51.8585032974231,318.0728,37.1564992215486));
#9687=CARTESIAN_POINT('',(52.4822383698764,361.0728,40.0909420237501));
#9688=CARTESIAN_POINT('Origin',(34.8207134273855,361.0728,-43.));
#9689=CARTESIAN_POINT('Ctrl Pts',(34.9575593350811,340.022800004762,-42.3561906222967));
#9690=CARTESIAN_POINT('Ctrl Pts',(37.9762223588066,340.022800004762,-28.1544976705076));
#9691=CARTESIAN_POINT('Ctrl Pts',(40.9948853825322,340.022800004762,-13.9528047187186));
#9692=CARTESIAN_POINT('Ctrl Pts',(44.0135484062578,340.022800004762,0.248888233070401));
#9693=CARTESIAN_POINT('Ctrl Pts',(44.1316939669716,340.022800004762,0.804719395306163));
#9694=CARTESIAN_POINT('Ctrl Pts',(44.2509644909283,339.976718585931,1.36584309348603));
#9695=CARTESIAN_POINT('Ctrl Pts',(44.36686921272,339.887632831219,1.91113193745782));
#9696=CARTESIAN_POINT('Ctrl Pts',(44.4827739345116,339.798547076508,2.45642078142961));
#9697=CARTESIAN_POINT('Ctrl Pts',(44.5953128541383,339.666456985916,2.98587477119331));
#9698=CARTESIAN_POINT('Ctrl Pts',(44.7046383964403,339.494281310026,3.50021100924228));
#9699=CARTESIAN_POINT('Ctrl Pts',(44.9232894810442,339.149929958245,4.52888348534022));
#9700=CARTESIAN_POINT('Ctrl Pts',(45.1290870563495,338.64523626527,5.49708495457922));
#9701=CARTESIAN_POINT('Ctrl Pts',(45.3143011170667,338.003181521247,6.36844860132824));
#9702=CARTESIAN_POINT('Ctrl Pts',(45.499515177784,337.361126777225,7.23981224807726));
#9703=CARTESIAN_POINT('Ctrl Pts',(45.6641457239131,336.581710982155,8.0143380723363));
#9704=CARTESIAN_POINT('Ctrl Pts',(45.8012152617471,335.692937201327,8.65919954712242));
#9705=CARTESIAN_POINT('Ctrl Pts',(45.8697500306641,335.248550310914,8.98163028451548));
#9706=CARTESIAN_POINT('Ctrl Pts',(45.9313945475073,334.77682392406,9.27164493454032));
#9707=CARTESIAN_POINT('Ctrl Pts',(45.9856213217202,334.276139476151,9.52676184924212));
#9708=CARTESIAN_POINT('Ctrl Pts',(46.0398480959331,333.775455028243,9.78187876394393));
#9709=CARTESIAN_POINT('Ctrl Pts',(46.0866571275156,333.245812519279,10.0020979433227));
#9710=CARTESIAN_POINT('Ctrl Pts',(46.1240212637613,332.706729588492,10.177882383719));
#9711=CARTESIAN_POINT('Ctrl Pts',(46.2761089391697,330.512436396312,10.8933986407258));
#9712=CARTESIAN_POINT('Ctrl Pts',(46.428196614578,328.318143204133,11.6089148977325));
#9713=CARTESIAN_POINT('Ctrl Pts',(46.5802842899864,326.123850011953,12.3244311547393));
#9714=CARTESIAN_POINT('Ctrl Pts',(46.6315814874721,325.383743419367,12.5657654945623));
#9715=CARTESIAN_POINT('Ctrl Pts',(46.6957930168791,324.657165677012,12.8678569891862));
#9716=CARTESIAN_POINT('Ctrl Pts',(46.7703146681238,323.969251467721,13.2184537934403));
#9717=CARTESIAN_POINT('Ctrl Pts',(46.8448363193686,323.28133725843,13.5690505976944));
#9718=CARTESIAN_POINT('Ctrl Pts',(46.929668092451,322.632086582202,13.9681527115786));
#9719=CARTESIAN_POINT('Ctrl Pts',(47.0238994442694,322.020953664586,14.4114763666002));
#9720=CARTESIAN_POINT('Ctrl Pts',(47.2123621479062,320.798687829354,15.2981236766434));
#9721=CARTESIAN_POINT('Ctrl Pts',(47.4384231664866,319.728893028568,16.3616571512362));
#9722=CARTESIAN_POINT('Ctrl Pts',(47.6927035570309,318.84741604767,17.557952332841));
#9723=CARTESIAN_POINT('Ctrl Pts',(47.9469839475752,317.965939066772,18.7542475144459));
#9724=CARTESIAN_POINT('Ctrl Pts',(48.2294837100835,317.272779905762,20.0833044030628));
#9725=CARTESIAN_POINT('Ctrl Pts',(48.5301662697596,316.799396741076,21.49790462671));
#9726=CARTESIAN_POINT('Ctrl Pts',(48.6805075495976,316.562705158732,22.2052047385335));
#9727=CARTESIAN_POINT('Ctrl Pts',(48.8353945287276,316.38095757547,22.9338906841146));
#9728=CARTESIAN_POINT('Ctrl Pts',(48.9946468920495,316.258481285787,23.6831141476045));
#9729=CARTESIAN_POINT('Ctrl Pts',(49.1538992553714,316.136004996104,24.4323376110944));
#9730=CARTESIAN_POINT('Ctrl Pts',(49.3175170028853,316.0728,25.2020985924932));
#9731=CARTESIAN_POINT('Ctrl Pts',(49.4797189636141,316.0728,25.9651988207543));
#9732=CARTESIAN_POINT('Ctrl Pts',(50.3255905410397,316.0728,29.9447117126633));
#9733=CARTESIAN_POINT('Ctrl Pts',(51.1714621184654,316.0728,33.9242246045723));
#9734=CARTESIAN_POINT('Ctrl Pts',(52.0173336958911,316.0728,37.9037374964812));
#9735=CARTESIAN_POINT('Origin',(34.8207134273855,361.0728,-43.));
#9736=CARTESIAN_POINT('Ctrl Pts',(34.9575593350811,99.8091138387279,-42.3561906222967));
#9737=CARTESIAN_POINT('Ctrl Pts',(37.2125760933655,99.8091138387279,-31.7471708838928));
#9738=CARTESIAN_POINT('Ctrl Pts',(39.46759285165,99.8091138387279,-21.1381511454889));
#9739=CARTESIAN_POINT('Ctrl Pts',(41.7226096099344,99.8091138387279,-10.529131407085));
#9740=CARTESIAN_POINT('Ctrl Pts',(41.8848148759756,99.8091138387282,-9.76601562855189));
#9741=CARTESIAN_POINT('Ctrl Pts',(42.0484360128362,99.7459062384816,-8.99623870153016));
#9742=CARTESIAN_POINT('Ctrl Pts',(42.2076915043784,99.6234250342759,-8.24700052092113));
#9743=CARTESIAN_POINT('Ctrl Pts',(42.3669469959205,99.5009438300701,-7.49776234031209));
#9744=CARTESIAN_POINT('Ctrl Pts',(42.5218368421442,99.3191890219051,-6.76906290611575));
#9745=CARTESIAN_POINT('Ctrl Pts',(42.6721807270917,99.0824882382847,-6.06175053821584));
#9746=CARTESIAN_POINT('Ctrl Pts',(42.9728684969866,98.6090866710438,-4.647125802416));
#9747=CARTESIAN_POINT('Ctrl Pts',(43.2553724217769,97.9159012019807,-3.31804933180185));
#9748=CARTESIAN_POINT('Ctrl Pts',(43.5096554187614,97.0343923986468,-2.12174188785992));
#9749=CARTESIAN_POINT('Ctrl Pts',(43.763938415746,96.1528835953129,-0.925434443917999));
#9750=CARTESIAN_POINT('Ctrl Pts',(43.9900004849248,95.0830514577082,0.138103973351699));
#9751=CARTESIAN_POINT('Ctrl Pts',(44.1784622338511,93.8607454389101,1.02474679183517));
#9752=CARTESIAN_POINT('Ctrl Pts',(44.2726931083142,93.2495924295109,1.4680682010769));
#9753=CARTESIAN_POINT('Ctrl Pts',(44.3575239027142,92.6003209498136,1.86716571062208));
#9754=CARTESIAN_POINT('Ctrl Pts',(44.4320440050156,91.9123852310574,2.21775522767093));
#9755=CARTESIAN_POINT('Ctrl Pts',(44.5065641073171,91.2244495123011,2.56834474471979));
#9756=CARTESIAN_POINT('Ctrl Pts',(44.57077351752,90.4978495544862,2.87042626927231));
#9757=CARTESIAN_POINT('Ctrl Pts',(44.6220679866041,89.7577218296511,3.11174777297497));
#9758=CARTESIAN_POINT('Ctrl Pts',(45.1041666716134,82.8015214974664,5.37984376220973));
#9759=CARTESIAN_POINT('Ctrl Pts',(45.5862653566227,75.8453211652816,7.64793975144455));
#9760=CARTESIAN_POINT('Ctrl Pts',(46.068364041632,68.8891208330969,9.91603574067935));
#9761=CARTESIAN_POINT('Ctrl Pts',(46.1057261925248,68.3500224813845,10.0918108407244));
#9762=CARTESIAN_POINT('Ctrl Pts',(46.152533684769,67.8203637187154,10.3120227780856));
#9763=CARTESIAN_POINT('Ctrl Pts',(46.2067593298804,67.3196636194546,10.5671343807828));
#9764=CARTESIAN_POINT('Ctrl Pts',(46.2609849749918,66.8189635201939,10.8222459834799));
#9765=CARTESIAN_POINT('Ctrl Pts',(46.3226287729705,66.3472220843416,11.1122572515128));
#9766=CARTESIAN_POINT('Ctrl Pts',(46.3911631909793,65.9028206184217,11.434686338013));
#9767=CARTESIAN_POINT('Ctrl Pts',(46.5282320269971,65.0140176865819,12.0795445110133));
#9768=CARTESIAN_POINT('Ctrl Pts',(46.6928633431357,64.2345746344718,12.8540739578822));
#9769=CARTESIAN_POINT('Ctrl Pts',(46.8780793120372,63.592496677861,13.7254465819324));
#9770=CARTESIAN_POINT('Ctrl Pts',(47.0632952809387,62.9504187212501,14.5968192059826));
#9771=CARTESIAN_POINT('Ctrl Pts',(47.269095902603,62.4457058601387,15.5650350072141));
#9772=CARTESIAN_POINT('Ctrl Pts',(47.487750759243,62.101341138809,16.5937252293463));
#9773=CARTESIAN_POINT('Ctrl Pts',(47.597078187563,61.9291587781442,17.1080703404124));
#9774=CARTESIAN_POINT('Ctrl Pts',(47.7096191746269,61.7970634524249,17.6375340567036));
#9775=CARTESIAN_POINT('Ctrl Pts',(47.8255261722033,61.7079741279241,18.1828336074009));
#9776=CARTESIAN_POINT('Ctrl Pts',(47.9414331697797,61.6188848034233,18.7281331580981));
#9777=CARTESIAN_POINT('Ctrl Pts',(48.0607061778687,61.572801480141,19.2892685432014));
#9778=CARTESIAN_POINT('Ctrl Pts',(48.1788541523703,61.572801480141,19.8451110614159));
#9779=CARTESIAN_POINT('Ctrl Pts',(49.8558791974931,61.572801480141,27.73489358305));
#9780=CARTESIAN_POINT('Ctrl Pts',(51.5329042426158,61.572801480141,35.6246761046841));
#9781=CARTESIAN_POINT('Ctrl Pts',(53.2099292877385,61.572801480141,43.5144586263182));
#9782=CARTESIAN_POINT('Origin',(34.8207134273855,361.0728,-43.));
#9783=CARTESIAN_POINT('Ctrl Pts',(34.9575593350811,97.8091138387279,-42.3561906222967));
#9784=CARTESIAN_POINT('Ctrl Pts',(37.2125760933656,97.8091138387279,-31.7471708838926));
#9785=CARTESIAN_POINT('Ctrl Pts',(39.4675928516501,97.8091138387279,-21.1381511454885));
#9786=CARTESIAN_POINT('Ctrl Pts',(41.7226096099346,97.8091138387279,-10.5291314070844));
#9787=CARTESIAN_POINT('Ctrl Pts',(42.8591476669678,97.8091138387298,-5.18214024339725));
#9788=CARTESIAN_POINT('Ctrl Pts',(43.8681743372142,94.3111768819976,-0.435042989289298));
#9789=CARTESIAN_POINT('Ctrl Pts',(44.2275838536388,89.1252581577124,1.25584584331479));
#9790=CARTESIAN_POINT('Ctrl Pts',(44.7096825386481,82.1690578255276,3.52394183254962));
#9791=CARTESIAN_POINT('Ctrl Pts',(45.1917812236574,75.2128574933426,5.7920378217845));
#9792=CARTESIAN_POINT('Ctrl Pts',(45.6738799086667,68.2566571611576,8.06013381101937));
#9793=CARTESIAN_POINT('Ctrl Pts',(46.0332894250916,63.0707384368716,9.7510226436252));
#9794=CARTESIAN_POINT('Ctrl Pts',(47.0423160953379,59.572801480141,14.4981198977326));
#9795=CARTESIAN_POINT('Ctrl Pts',(48.1788541523703,59.572801480141,19.8451110614159));
#9796=CARTESIAN_POINT('Ctrl Pts',(49.8558791974931,59.572801480141,27.73489358305));
#9797=CARTESIAN_POINT('Ctrl Pts',(51.5329042426158,59.572801480141,35.6246761046841));
#9798=CARTESIAN_POINT('Ctrl Pts',(53.2099292877385,59.572801480141,43.5144586263182));
#9799=CARTESIAN_POINT('Origin',(34.8207134273855,361.0728,-43.));
#9800=CARTESIAN_POINT('',(40.759585712667,78.5728,-15.0598026303167));
#9801=CARTESIAN_POINT('Origin',(-49.2309717024441,78.5728,4.06828083660746));
#9802=CARTESIAN_POINT('Origin',(-34.1625209652046,78.5728,-42.1872));
#9803=CARTESIAN_POINT('',(-37.8920021372824,78.5728,-42.9799256947497));
#9804=CARTESIAN_POINT('',(-34.957559335081,78.5728,-42.3561906222964));
#9805=CARTESIAN_POINT('Origin',(-34.1625209652046,78.5728,-42.1872));
#9806=CARTESIAN_POINT('Origin',(-34.1625209652046,361.0728,-42.1872));
#9807=CARTESIAN_POINT('',(-37.8920021372825,361.0728,-42.97992569475));
#9808=CARTESIAN_POINT('',(-34.957559335081,361.0728,-42.3561906222964));
#9809=CARTESIAN_POINT('Origin',(-34.1625209652046,361.0728,-42.1872));
#9810=CARTESIAN_POINT('Origin',(-34.1625209652046,-62.7083352122392,-42.1872));
#9811=CARTESIAN_POINT('',(-37.8920021372824,361.0728,-42.9799256947497));
#9812=CARTESIAN_POINT('Origin',(-59.2180263092743,341.0728,70.9745039236232));
#9813=CARTESIAN_POINT('',(-55.4999999999999,321.0728,70.9745039236232));
#9814=CARTESIAN_POINT('',(-55.4999999999999,361.0728,70.9745039236232));
#9815=CARTESIAN_POINT('Origin',(-55.4999999999999,341.0728,70.9745039236232));
#9816=CARTESIAN_POINT('',(-52.4999999999999,321.0728,70.9745039236232));
#9817=CARTESIAN_POINT('',(-59.2180263092743,321.0728,70.9745039236232));
#9818=CARTESIAN_POINT('',(-52.4999999999999,361.0728,70.9745039236232));
#9819=CARTESIAN_POINT('Origin',(-52.4999999999999,341.0728,70.9745039236232));
#9820=CARTESIAN_POINT('',(-59.2180263092743,361.0728,70.9745039236232));
#9821=CARTESIAN_POINT('Origin',(51.6872000000001,321.0728,40.259932646047));
#9822=CARTESIAN_POINT('',(-52.4999999999999,321.0728,40.2599326460471));
#9823=CARTESIAN_POINT('',(-55.4999999999999,321.0728,40.2599326460471));
#9824=CARTESIAN_POINT('',(-52.4999999999999,321.0728,40.2599326460471));
#9825=CARTESIAN_POINT('',(-52.4999999999999,321.0728,90.9745039236232));
#9826=CARTESIAN_POINT('',(-55.4999999999999,321.0728,90.9745039236232));
#9827=CARTESIAN_POINT('Origin',(-55.4166811720778,361.0728,39.4672069512972));
#9828=CARTESIAN_POINT('',(-55.4999999999999,361.0728,40.2599326460471));
#9829=CARTESIAN_POINT('',(-55.4999999999999,361.0728,40.1745039236231));
#9830=CARTESIAN_POINT('',(-52.4999999999999,361.0728,40.2599326460471));
#9831=CARTESIAN_POINT('',(-52.4999999999999,361.0728,40.1745039236231));
#9832=CARTESIAN_POINT('',(-52.4999999999999,361.0728,40.2599326460471));
#9833=CARTESIAN_POINT('Origin',(-52.4999999999999,361.0728,40.1745039236231));
#9834=CARTESIAN_POINT('',(-52.4999999999999,361.0728,40.2599326460471));
#9835=CARTESIAN_POINT('Origin',(-55.4999999999999,361.0728,40.1745039236231));
#9836=CARTESIAN_POINT('',(-55.4999999999999,361.0728,40.2599326460471));
#9837=CARTESIAN_POINT('Origin',(-51.6871999999999,321.0728,40.2599326460471));
#9838=CARTESIAN_POINT('',(-55.4166811720778,321.0728,39.4672069512972));
#9839=CARTESIAN_POINT('',(-52.4822383698764,321.0728,40.0909420237504));
#9840=CARTESIAN_POINT('',(-52.4822383698764,321.0728,40.0909420237504));
#9841=CARTESIAN_POINT('Origin',(-51.6871999999999,321.0728,40.2599326460471));
#9842=CARTESIAN_POINT('Origin',(-51.6871999999999,321.0728,40.2599326460471));
#9843=CARTESIAN_POINT('Origin',(-51.6871999999999,361.0728,40.2599326460471));
#9844=CARTESIAN_POINT('',(-52.4822383698764,361.0728,40.0909420237504));
#9845=CARTESIAN_POINT('Origin',(-51.6871999999999,361.0728,40.2599326460471));
#9846=CARTESIAN_POINT('',(-55.4166811720778,361.0728,39.4672069512973));
#9847=CARTESIAN_POINT('',(-55.4166811720778,361.0728,39.4672069512972));
#9848=CARTESIAN_POINT('Origin',(-51.6871999999999,361.0728,40.2599326460471));
#9849=CARTESIAN_POINT('Origin',(-51.6871999999999,300.957922839903,40.2599326460471));
#9850=CARTESIAN_POINT('',(-52.4822383698764,361.0728,40.0909420237504));
#9851=CARTESIAN_POINT('Origin',(-53.9837570701346,6.07279999999999,33.1265705049176));
#9852=CARTESIAN_POINT('',(-53.2099292877353,6.07279999999999,43.5144586263194));
#9853=CARTESIAN_POINT('',(-51.130812379561,-3.92720000000001,33.7329826189806));
#9854=CARTESIAN_POINT('Origin',(-51.130812379561,6.07279999999999,33.7329826189806));
#9855=CARTESIAN_POINT('',(-56.1443720899367,6.07279999999999,42.8907235538662));
#9856=CARTESIAN_POINT('',(258.837935828362,6.07279999999999,109.842279911855));
#9857=CARTESIAN_POINT('',(-54.0652551817624,-3.92720000000001,33.1092475465275));
#9858=CARTESIAN_POINT('Origin',(-54.0652551817624,6.07279999999999,33.1092475465275));
#9859=CARTESIAN_POINT('',(-53.9837570701346,-3.92720000000001,33.1265705049176));
#9860=CARTESIAN_POINT('Origin',(-55.4999999999999,-3.92720000000001,40.2599326460471));
#9861=CARTESIAN_POINT('',(-47.9756998912988,-3.92720000000001,18.8893454079102));
#9862=CARTESIAN_POINT('',(-52.4999999999999,-3.92720000000001,40.1745039236232));
#9863=CARTESIAN_POINT('',(-50.9101426935002,-3.92720000000001,18.2656103354571));
#9864=CARTESIAN_POINT('',(-55.4344428022013,-3.92720000000001,39.5507688511699));
#9865=CARTESIAN_POINT('',(-47.9756998912978,-3.92720000000001,18.8893454079104));
#9866=CARTESIAN_POINT('Origin',(42.0148575238146,6.07279999999999,38.017428874832));
#9867=CARTESIAN_POINT('',(-46.0032764058163,2.91052233983161,9.60982248946679));
#9868=CARTESIAN_POINT('Origin',(-47.9756998912987,6.07279999999999,18.8893454079102));
#9869=CARTESIAN_POINT('',(-48.9377192080162,2.91052233983161,8.98608741701393));
#9870=CARTESIAN_POINT('Origin',(-50.9101426935002,6.07279999999999,18.2656103354571));
#9871=CARTESIAN_POINT('',(-48.9377192080162,2.91052233983161,8.98608741701393));
#9872=CARTESIAN_POINT('Origin',(43.5134002049579,-3.92720000000001,30.9673398567853));
#9873=CARTESIAN_POINT('',(-44.1679093192065,71.7350776601684,-13.4541038023724));
#9874=CARTESIAN_POINT('',(-49.4116000123551,-3.92720000000001,11.2155213174107));
#9875=CARTESIAN_POINT('',(-41.2334665170059,71.7350776601684,-12.8303687299194));
#9876=CARTESIAN_POINT('',(-41.2334665170059,71.7350776601684,-12.8303687299194));
#9877=CARTESIAN_POINT('',(-46.4771572101551,-3.92719999999921,11.8392563898633));
#9878=CARTESIAN_POINT('Origin',(50.7295143835887,68.5728,-2.98180818144132));
#9879=CARTESIAN_POINT('',(-39.2610430315235,78.5728,-22.1098916483629));
#9880=CARTESIAN_POINT('Origin',(-39.2610430315235,68.5728,-22.1098916483629));
#9881=CARTESIAN_POINT('',(-42.1954858337243,78.5728,-22.7336267208159));
#9882=CARTESIAN_POINT('Origin',(-42.1954858337249,68.5728,-22.733626720816));
#9883=CARTESIAN_POINT('',(-42.1954858337243,78.5728,-22.7336267208159));
#9884=CARTESIAN_POINT('Origin',(-51.6871999999999,300.957922839903,40.2599326460471));
#9885=CARTESIAN_POINT('',(-55.4166811720778,361.0728,39.4672069512972));
#9886=CARTESIAN_POINT('Origin',(-52.4822383698739,318.0728,40.0909420237508));
#9887=CARTESIAN_POINT('',(-51.8585032974242,318.072810052177,37.1564992215659));
#9888=CARTESIAN_POINT('Origin',(-52.4822383698739,318.0728,40.0909420237508));
#9889=CARTESIAN_POINT('',(-55.4166811720747,315.0728,39.4672069512978));
#9890=CARTESIAN_POINT('Origin',(-55.4166811720754,318.0728,39.4672069512976));
#9891=CARTESIAN_POINT('',(-52.4822383698764,315.0728,40.0909420237504));
#9892=CARTESIAN_POINT('',(-52.482238369874,315.0728,40.0909420237509));
#9893=CARTESIAN_POINT('',(-52.0173318265753,316.072810052177,37.9037287020543));
#9894=CARTESIAN_POINT('Origin',(-52.4822383698739,318.0728,40.0909420237508));
#9895=CARTESIAN_POINT('Origin',(-52.4822383698739,318.0728,40.0909420237508));
#9896=CARTESIAN_POINT('Origin',(259.565626746224,315.0728,106.418763309286));
#9897=CARTESIAN_POINT('',(-55.5206370174835,315.0728,39.9562807516647));
#9898=CARTESIAN_POINT('',(-55.4166811720747,315.0728,39.4672069512978));
#9899=CARTESIAN_POINT('',(-52.5861942152821,315.0728,40.5800158241179));
#9900=CARTESIAN_POINT('',(259.461670900815,315.0728,106.907837109653));
#9901=CARTESIAN_POINT('',(-52.4822383698732,315.0728,40.090942023751));
#9902=CARTESIAN_POINT('Origin',(259.461670900815,312.0728,106.907837109653));
#9903=CARTESIAN_POINT('',(-53.2099292877353,312.0728,43.5144586263194));
#9904=CARTESIAN_POINT('Origin',(-52.5861942152852,312.0728,40.5800158241173));
#9905=CARTESIAN_POINT('',(-56.1443720899367,312.0728,42.8907235538662));
#9906=CARTESIAN_POINT('Origin',(-55.5206370174866,312.0728,39.9562807516641));
#9907=CARTESIAN_POINT('',(258.837935828362,312.0728,109.842279911855));
#9908=CARTESIAN_POINT('Origin',(258.837935828362,-3.92719999999998,109.842279911855));
#9909=CARTESIAN_POINT('',(-53.2099292877353,61.5728014801367,43.5144586263194));
#9910=CARTESIAN_POINT('',(-53.2099292877353,-3.92719999999998,43.5144586263194));
#9911=CARTESIAN_POINT('',(-56.1443720899367,-3.92719999999998,42.8907235538662));
#9912=CARTESIAN_POINT('',(-53.2099292877353,59.5728014801367,43.5144586263194));
#9913=CARTESIAN_POINT('',(-53.2099292877353,-3.92719999999998,43.5144586263194));
#9914=CARTESIAN_POINT('',(-53.2099292877353,-3.92719999999998,43.5144586263194));
#9915=CARTESIAN_POINT('Origin',(-55.4344428022013,361.0728,39.5507688511699));
#9916=CARTESIAN_POINT('',(-55.4344428022013,361.0728,39.5507688511699));
#9917=CARTESIAN_POINT('',(-16.6655087085636,78.5728,-142.842725798165));
#9918=CARTESIAN_POINT('Origin',(76.2594915087495,78.5728,-123.09090725879));
#9919=CARTESIAN_POINT('',(-13.7310659063586,78.5728,-142.218990725714));
#9920=CARTESIAN_POINT('Origin',(-52.4999999999999,361.0728,40.1745039236232));
#9921=CARTESIAN_POINT('Ctrl Pts',(-34.957559335081,97.8091138387279,-42.3561906222964));
#9922=CARTESIAN_POINT('Ctrl Pts',(-37.1966622329416,97.8091138387279,-31.8220397108009));
#9923=CARTESIAN_POINT('Ctrl Pts',(-39.4357651308021,97.8091138387279,-21.2878887993054));
#9924=CARTESIAN_POINT('Ctrl Pts',(-41.6748680286626,97.8091138387279,-10.7537378878099));
#9925=CARTESIAN_POINT('Ctrl Pts',(-42.8114067021237,97.8091138387279,-5.40674382405783));
#9926=CARTESIAN_POINT('Ctrl Pts',(-43.8204337744858,94.3111731493796,-0.65964467814446));
#9927=CARTESIAN_POINT('Ctrl Pts',(-44.1798428019756,89.1252505159656,1.03124185420263));
#9928=CARTESIAN_POINT('Ctrl Pts',(-44.6619401146696,82.1690552782757,3.29933138720159));
#9929=CARTESIAN_POINT('Ctrl Pts',(-45.1440374273636,75.2128600405857,5.56742092020053));
#9930=CARTESIAN_POINT('Ctrl Pts',(-45.6261347400576,68.2566648028957,7.83551045319947));
#9931=CARTESIAN_POINT('Ctrl Pts',(-45.9855437675476,63.0707421694815,9.52639698554747));
#9932=CARTESIAN_POINT('Ctrl Pts',(-46.9945708399096,59.5728014801365,14.2734961314605));
#9933=CARTESIAN_POINT('Ctrl Pts',(-48.1311095133707,59.5728014801365,19.6204901952127));
#9934=CARTESIAN_POINT('Ctrl Pts',(-49.82404943816,59.5728014801366,27.5851463389146));
#9935=CARTESIAN_POINT('Ctrl Pts',(-51.5169893629492,59.5728014801366,35.5498024826166));
#9936=CARTESIAN_POINT('Ctrl Pts',(-53.2099292877385,59.5728014801366,43.5144586263186));
#9937=CARTESIAN_POINT('Origin',(-52.4999999999999,361.0728,40.1745039236232));
#9938=CARTESIAN_POINT('Ctrl Pts',(-34.957559335081,99.809113838728,-42.3561906222964));
#9939=CARTESIAN_POINT('Ctrl Pts',(-37.1966622329416,99.809113838728,-31.8220397108009));
#9940=CARTESIAN_POINT('Ctrl Pts',(-39.4357651308021,99.809113838728,-21.2878887993054));
#9941=CARTESIAN_POINT('Ctrl Pts',(-41.6748680286626,99.809113838728,-10.7537378878099));
#9942=CARTESIAN_POINT('Ctrl Pts',(-41.8370733801897,99.8091138387279,-9.99062170709724));
#9943=CARTESIAN_POINT('Ctrl Pts',(-42.0006946047097,99.7459061711288,-9.22084436767073));
#9944=CARTESIAN_POINT('Ctrl Pts',(-42.1599501771575,99.6234248398162,-8.47160580643057));
#9945=CARTESIAN_POINT('Ctrl Pts',(-42.3192057496053,99.5009435085036,-7.72236724519042));
#9946=CARTESIAN_POINT('Ctrl Pts',(-42.4740956699809,99.3191885134775,-6.99366746213664));
#9947=CARTESIAN_POINT('Ctrl Pts',(-42.6244396223044,99.0824874918802,-6.28635477725727));
#9948=CARTESIAN_POINT('Ctrl Pts',(-42.9251275269515,98.6090854486857,-4.87172940749852));
#9949=CARTESIAN_POINT('Ctrl Pts',(-43.2076315593904,97.9158992992065,-3.54265243043742));
#9950=CARTESIAN_POINT('Ctrl Pts',(-43.4619146237839,97.0343896728376,-2.34634466936126));
#9951=CARTESIAN_POINT('Ctrl Pts',(-43.7161976881774,96.1528800464687,-1.1500369082851));
#9952=CARTESIAN_POINT('Ctrl Pts',(-43.9422597845255,95.0830469432102,-0.086498363193856));
#9953=CARTESIAN_POINT('Ctrl Pts',(-44.1307215087566,93.8607398851348,0.800144339108249));
#9954=CARTESIAN_POINT('Ctrl Pts',(-44.2249523708722,93.249586356097,1.2434656902593));
#9955=CARTESIAN_POINT('Ctrl Pts',(-44.3097831399585,92.6003143383551,1.64256308071307));
#9956=CARTESIAN_POINT('Ctrl Pts',(-44.3843032021974,91.9123780632958,1.99315240928197));
#9957=CARTESIAN_POINT('Ctrl Pts',(-44.4588232644362,91.2244417882366,2.34374173785087));
#9958=CARTESIAN_POINT('Ctrl Pts',(-44.5230326198274,90.4978412558601,2.6458230045349));
#9959=CARTESIAN_POINT('Ctrl Pts',(-44.574327018344,89.7577129844804,2.88714417624345));
#9960=CARTESIAN_POINT('Ctrl Pts',(-45.056424331038,82.8015177467905,5.15523370924235));
#9961=CARTESIAN_POINT('Ctrl Pts',(-45.538521643732,75.8453225091006,7.42332324224125));
#9962=CARTESIAN_POINT('Ctrl Pts',(-46.020618956426,68.8891272714106,9.69141277524017));
#9963=CARTESIAN_POINT('Ctrl Pts',(-46.0579810559694,68.3500285208659,9.8671876337057));
#9964=CARTESIAN_POINT('Ctrl Pts',(-46.1047885083998,67.8203693378249,10.0873993837574));
#9965=CARTESIAN_POINT('Ctrl Pts',(-46.1590141243076,67.3196688337706,10.3425108490622));
#9966=CARTESIAN_POINT('Ctrl Pts',(-46.2132397402153,66.8189683297163,10.5976223143669));
#9967=CARTESIAN_POINT('Ctrl Pts',(-46.2748835196005,66.3472265046488,10.8876334949246));
#9968=CARTESIAN_POINT('Ctrl Pts',(-46.3434179285326,65.9028246617592,11.2100625387218));
#9969=CARTESIAN_POINT('Ctrl Pts',(-46.4804867463968,65.0140209759801,11.8549206263163));
#9970=CARTESIAN_POINT('Ctrl Pts',(-46.6451180824485,64.2345772189127,12.629450166869));
#9971=CARTESIAN_POINT('Ctrl Pts',(-46.8303341007004,63.5924986619467,13.5008230230946));
#9972=CARTESIAN_POINT('Ctrl Pts',(-47.0155501189523,62.9504201049806,14.3721958793203));
#9973=CARTESIAN_POINT('Ctrl Pts',(-47.2213508194044,62.445706748116,15.3404120512189));
#9974=CARTESIAN_POINT('Ctrl Pts',(-47.4400057736008,62.1013416810041,16.3691027323178));
#9975=CARTESIAN_POINT('Ctrl Pts',(-47.549333250699,61.9291591474481,16.8834480728673));
#9976=CARTESIAN_POINT('Ctrl Pts',(-47.6618742912332,61.7970636863303,17.4129120407168));
#9977=CARTESIAN_POINT('Ctrl Pts',(-47.7777813476687,61.7079742695024,17.958211868324));
#9978=CARTESIAN_POINT('Ctrl Pts',(-47.8936884041041,61.6188848526745,18.5035116959312));
#9979=CARTESIAN_POINT('Ctrl Pts',(-48.0129614764407,61.5728014801365,19.0646473832961));
#9980=CARTESIAN_POINT('Ctrl Pts',(-48.1311095133707,61.5728014801366,19.6204901952127));
#9981=CARTESIAN_POINT('Ctrl Pts',(-49.82404943816,61.5728014801366,27.5851463389146));
#9982=CARTESIAN_POINT('Ctrl Pts',(-51.5169893629492,61.5728014801366,35.5498024826166));
#9983=CARTESIAN_POINT('Ctrl Pts',(-53.2099292877385,61.5728014801366,43.5144586263186));
#9984=CARTESIAN_POINT('Origin',(-52.4999999999999,361.0728,40.1745039236232));
#9985=CARTESIAN_POINT('',(-49.4760457881209,316.072810052177,25.9479178887326));
#9986=CARTESIAN_POINT('Ctrl Pts',(-34.957559335081,340.022800004762,-42.3561906222964));
#9987=CARTESIAN_POINT('Ctrl Pts',(-37.9762223588066,340.022800004762,-28.1544976705074));
#9988=CARTESIAN_POINT('Ctrl Pts',(-40.9948853825321,340.022800004762,-13.9528047187184));
#9989=CARTESIAN_POINT('Ctrl Pts',(-44.0135484062577,340.022800004762,0.248888233070534));
#9990=CARTESIAN_POINT('Ctrl Pts',(-44.1316988687443,340.022800004762,0.80474245633401));
#9991=CARTESIAN_POINT('Ctrl Pts',(-44.2509744373282,339.976714718447,1.36588988761881));
#9992=CARTESIAN_POINT('Ctrl Pts',(-44.3668837806385,339.887621714356,1.91120047412665));
#9993=CARTESIAN_POINT('Ctrl Pts',(-44.4827931239489,339.798528710265,2.45651106063448));
#9994=CARTESIAN_POINT('Ctrl Pts',(-44.5953362419858,339.666427988399,2.98598480236534));
#9995=CARTESIAN_POINT('Ctrl Pts',(-44.7046656142766,339.494238737363,3.50033905909527));
#9996=CARTESIAN_POINT('Ctrl Pts',(-44.9233243588583,339.149860235291,4.52904757255512));
#9997=CARTESIAN_POINT('Ctrl Pts',(-45.1291281204559,338.645127616541,5.49727814601128));
#9998=CARTESIAN_POINT('Ctrl Pts',(-45.314346056093,338.003025733549,6.36866002282486));
#9999=CARTESIAN_POINT('Ctrl Pts',(-45.4995639917301,337.360923850557,7.24004189963845));
#10000=CARTESIAN_POINT('Ctrl Pts',(-45.6641961014066,336.581452703323,8.01457507980946));
#10001=CARTESIAN_POINT('Ctrl Pts',(-45.8012642138526,335.692619724321,8.65942984867274));
#10002=CARTESIAN_POINT('Ctrl Pts',(-45.8697982700757,335.24820323482,8.98185723310438));
#10003=CARTESIAN_POINT('Ctrl Pts',(-45.9314413269911,334.776446287377,9.27186501470908));
#10004=CARTESIAN_POINT('Ctrl Pts',(-45.9856658081789,334.275730055688,9.52697114157577));
#10005=CARTESIAN_POINT('Ctrl Pts',(-46.0398902893666,333.775013823999,9.78207726844246));
#10006=CARTESIAN_POINT('Ctrl Pts',(-46.0866961948267,333.245338308063,10.0022817405711));
#10007=CARTESIAN_POINT('Ctrl Pts',(-46.1240562992045,332.706224061565,10.1780472125205));
#10008=CARTESIAN_POINT('Ctrl Pts',(-46.2760910093599,330.512330881345,10.8933142876032));
#10009=CARTESIAN_POINT('Ctrl Pts',(-46.4281257195152,328.318437701125,11.608581362686));
#10010=CARTESIAN_POINT('Ctrl Pts',(-46.5801604296706,326.124544520905,12.3238484377687));
#10011=CARTESIAN_POINT('Ctrl Pts',(-46.6314063681119,325.385054737647,12.5649416227483));
#10012=CARTESIAN_POINT('Ctrl Pts',(-46.6955446311392,324.659066720325,12.866688426156));
#10013=CARTESIAN_POINT('Ctrl Pts',(-46.76997659264,323.971669881253,13.2168632733402));
#10014=CARTESIAN_POINT('Ctrl Pts',(-46.8444085541407,323.28427304218,13.5670381205244));
#10015=CARTESIAN_POINT('Ctrl Pts',(-46.9291342141151,322.635467381359,13.965641011485));
#10016=CARTESIAN_POINT('Ctrl Pts',(-47.0232459730751,322.024704110426,14.4084020263442));
#10017=CARTESIAN_POINT('Ctrl Pts',(-47.2114694909951,320.803177568559,15.2939240560627));
#10018=CARTESIAN_POINT('Ctrl Pts',(-47.4372374048579,319.733820586244,16.3560785813757));
#10019=CARTESIAN_POINT('Ctrl Pts',(-47.6911904141007,318.852401967804,17.5508335550522));
#10020=CARTESIAN_POINT('Ctrl Pts',(-47.9451434233435,317.970983349365,18.7455885287287));
#10021=CARTESIAN_POINT('Ctrl Pts',(-48.2272815279664,317.277503094801,20.0729439507686));
#10022=CARTESIAN_POINT('Ctrl Pts',(-48.5276081734252,316.803306108911,21.4858697296728));
#10023=CARTESIAN_POINT('Ctrl Pts',(-48.6777714961546,316.566207615966,22.1923326191249));
#10024=CARTESIAN_POINT('Ctrl Pts',(-48.832481954093,316.38392994019,22.920188097793));
#10025=CARTESIAN_POINT('Ctrl Pts',(-48.991544230449,316.260824592095,23.6685172724197));
#10026=CARTESIAN_POINT('Ctrl Pts',(-49.150606506805,316.137719244,24.4168464470465));
#10027=CARTESIAN_POINT('Ctrl Pts',(-49.3140206015786,316.073786223587,25.1856493176318));
#10028=CARTESIAN_POINT('Ctrl Pts',(-49.4760457881209,316.072810052177,25.9479178887326));
#10029=CARTESIAN_POINT('',(-52.4999999999999,316.072810052177,40.1745039236232));
#10030=CARTESIAN_POINT('Origin',(-52.4999999999999,361.0728,40.1745039236232));
#10031=CARTESIAN_POINT('',(-49.4763062242319,318.072810052177,25.9491431442996));
#10032=CARTESIAN_POINT('Ctrl Pts',(-34.957559335081,342.022800004763,-42.3561906222964));
#10033=CARTESIAN_POINT('Ctrl Pts',(-37.9762223588066,342.022800004763,-28.1544976705074));
#10034=CARTESIAN_POINT('Ctrl Pts',(-40.9948853825321,342.022800004763,-13.9528047187184));
#10035=CARTESIAN_POINT('Ctrl Pts',(-44.0135484062577,342.022800004763,0.248888233070534));
#10036=CARTESIAN_POINT('Ctrl Pts',(-45.1501110301321,342.022800004763,5.59599497465819));
#10037=CARTESIAN_POINT('Ctrl Pts',(-46.1591537259274,338.524714288814,10.3431676230463));
#10038=CARTESIAN_POINT('Ctrl Pts',(-46.5185437559472,333.338639772711,12.0339647793236));
#10039=CARTESIAN_POINT('Ctrl Pts',(-46.6705784661025,331.144746592491,12.7492318544063));
#10040=CARTESIAN_POINT('Ctrl Pts',(-46.8226131762578,328.950853412271,13.464498929489));
#10041=CARTESIAN_POINT('Ctrl Pts',(-46.9746478864132,326.756960232051,14.1797660045718));
#10042=CARTESIAN_POINT('Ctrl Pts',(-47.3336861479616,321.575961809755,15.8689082203071));
#10043=CARTESIAN_POINT('Ctrl Pts',(-48.3411059466186,318.079649421283,20.6084457379538));
#10044=CARTESIAN_POINT('Ctrl Pts',(-49.4763062242315,318.072810052177,25.9491431442997));
#10045=CARTESIAN_POINT('',(-52.4999999999999,318.072810052177,40.1745039236232));
#10046=CARTESIAN_POINT('Origin',(-52.4999999999999,361.0728,40.1745039236232));
#10047=CARTESIAN_POINT('',(-52.4999999999999,361.0728,40.1745039236232));
#10048=CARTESIAN_POINT('Origin',(-34.1625209652046,361.0728,-45.9999999999997));
#10049=CARTESIAN_POINT('Origin',(51.6872,361.0728,40.2599326460467));
#10050=CARTESIAN_POINT('',(52.5,361.0728,40.2599326460467));
#10051=CARTESIAN_POINT('Origin',(51.6872,361.0728,40.2599326460467));
#10052=CARTESIAN_POINT('',(55.5,361.0728,40.2599326460467));
#10053=CARTESIAN_POINT('',(55.5,361.0728,40.2599326460467));
#10054=CARTESIAN_POINT('Origin',(51.6872,361.0728,40.2599326460467));
#10055=CARTESIAN_POINT('Origin',(51.6872,321.0728,40.2599326460467));
#10056=CARTESIAN_POINT('',(55.5,321.0728,40.2599326460467));
#10057=CARTESIAN_POINT('',(52.5,321.0728,40.2599326460467));
#10058=CARTESIAN_POINT('',(55.5,321.0728,40.2599326460467));
#10059=CARTESIAN_POINT('Origin',(51.6872,321.0728,40.2599326460467));
#10060=CARTESIAN_POINT('Origin',(51.6872,321.0728,40.2599326460467));
#10061=CARTESIAN_POINT('Origin',(51.6872,381.201392224069,40.2599326460467));
#10062=CARTESIAN_POINT('',(55.5,361.0728,40.2599326460467));
#10063=CARTESIAN_POINT('Origin',(51.6872,381.201392224069,40.2599326460467));
#10064=CARTESIAN_POINT('',(52.5,361.0728,40.2599326460467));
#10065=CARTESIAN_POINT('Origin',(-59.2180263092744,341.0728,70.9745039236229));
#10066=CARTESIAN_POINT('',(52.5,361.0728,70.9745039236228));
#10067=CARTESIAN_POINT('',(52.5,321.0728,70.9745039236228));
#10068=CARTESIAN_POINT('Origin',(52.5,341.0728,70.9745039236228));
#10069=CARTESIAN_POINT('',(55.5,321.0728,70.9745039236228));
#10070=CARTESIAN_POINT('',(-59.2180263092744,321.0728,70.9745039236229));
#10071=CARTESIAN_POINT('',(55.5,361.0728,70.9745039236228));
#10072=CARTESIAN_POINT('Origin',(55.5,341.0728,70.9745039236228));
#10073=CARTESIAN_POINT('',(-59.2180263092744,361.0728,70.9745039236229));
#10074=CARTESIAN_POINT('Origin',(55.5,361.0728,40.1745039236227));
#10075=CARTESIAN_POINT('',(55.5,321.0728,40.2599326460467));
#10076=CARTESIAN_POINT('',(55.5,361.0728,40.1745039236227));
#10077=CARTESIAN_POINT('Origin',(51.6871999999999,361.0728,40.2599326460467));
#10078=CARTESIAN_POINT('',(52.5,361.0728,40.1745039236228));
#10079=CARTESIAN_POINT('Origin',(52.5,361.0728,40.1745039236228));
#10080=CARTESIAN_POINT('',(52.5,321.0728,40.2599326460467));
#10081=CARTESIAN_POINT('Origin',(51.6871999999999,321.0728,40.2599326460467));
#10082=CARTESIAN_POINT('Origin',(50.2795194694726,15.25,30.2089377966669));
#10083=CARTESIAN_POINT('',(50.841495143214,15.25,32.900922815593));
#10084=CARTESIAN_POINT('Origin',(50.2697379934652,15.25,30.2110169135751));
#10085=CARTESIAN_POINT('',(50.8512766192214,15.25,32.8988436986848));
#10086=CARTESIAN_POINT('',(50.8512766192214,15.25,32.8988436986848));
#10087=CARTESIAN_POINT('Origin',(50.2795194694726,15.25,30.2089377966669));
#10088=CARTESIAN_POINT('Origin',(-50.2795194694726,15.25,30.2089377966669));
#10089=CARTESIAN_POINT('',(-49.6979808437164,15.25,27.5211110115571));
#10090=CARTESIAN_POINT('Origin',(-50.2697379934652,15.25,30.2110169135751));
#10091=CARTESIAN_POINT('',(-49.7077623197237,15.25,27.5190318946489));
#10092=CARTESIAN_POINT('',(-49.7077623197237,15.25,27.5190318946489));
#10093=CARTESIAN_POINT('Origin',(-50.2795194694726,15.25,30.2089377966669));
#10094=CARTESIAN_POINT('Origin',(-53.1121145276651,361.0728,43.5352497954005));
#10095=CARTESIAN_POINT('',(-53.1121145276651,59.5728014801366,43.5352497954005));
#10096=CARTESIAN_POINT('',(-53.1023330516578,59.5728014801364,43.5373289123086));
#10097=CARTESIAN_POINT('',(-53.1121145276651,59.5728014801366,43.5352497954005));
#10098=CARTESIAN_POINT('',(-53.1121145276651,6.07279999999988,43.5352497954005));
#10099=CARTESIAN_POINT('',(-53.1121145276651,361.0728,43.5352497954005));
#10100=CARTESIAN_POINT('',(-53.1023330516578,6.07279999999977,43.5373289123086));
#10101=CARTESIAN_POINT('',(-53.1121145276651,6.07279999999988,43.5352497954005));
#10102=CARTESIAN_POINT('',(-53.1023330516578,361.0728,43.5373289123086));
#10103=CARTESIAN_POINT('Origin',(-51.0329976194876,6.07279999999999,33.7537737880624));
#10104=CARTESIAN_POINT('',(-51.0329976194876,-3.92720000000013,33.7537737880624));
#10105=CARTESIAN_POINT('Origin',(-51.0329976194876,6.07279999999999,33.7537737880624));
#10106=CARTESIAN_POINT('',(-51.0232161434802,-3.92720000000024,33.7558529049706));
#10107=CARTESIAN_POINT('',(-51.0329976194876,-3.92720000000013,33.7537737880624));
#10108=CARTESIAN_POINT('Origin',(-51.0232161434802,6.07279999999999,33.7558529049706));
#10109=CARTESIAN_POINT('Origin',(-52.4021852399265,-3.92720000000013,40.1952950927049));
#10110=CARTESIAN_POINT('',(-47.8778851312254,-3.92720000000013,18.910136576992));
#10111=CARTESIAN_POINT('',(-52.4021852399265,-3.92720000000013,40.1952950927049));
#10112=CARTESIAN_POINT('',(-47.868103655218,-3.92720000000024,18.9122156939002));
#10113=CARTESIAN_POINT('',(-47.8778851312254,-3.92720000000013,18.910136576992));
#10114=CARTESIAN_POINT('',(-52.3924037639192,-3.92720000000024,40.1973742096131));
#10115=CARTESIAN_POINT('Origin',(-47.8778851312254,6.07279999999999,18.910136576992));
#10116=CARTESIAN_POINT('',(-45.9054616457429,2.91052233983152,9.63061365854855));
#10117=CARTESIAN_POINT('Origin',(-47.8778851312254,6.07279999999999,18.910136576992));
#10118=CARTESIAN_POINT('',(-45.8956801697356,2.91052233983141,9.63269277545671));
#10119=CARTESIAN_POINT('',(-45.9054616457429,2.91052233983152,9.63061365854855));
#10120=CARTESIAN_POINT('Origin',(-47.868103655218,6.07279999999999,18.9122156939002));
#10121=CARTESIAN_POINT('Origin',(-46.3793424500818,-3.92719999999921,11.860047558945));
#10122=CARTESIAN_POINT('',(-41.1356517569325,71.7350776601683,-12.8095775608377));
#10123=CARTESIAN_POINT('',(-46.3793424500818,-3.92719999999921,11.860047558945));
#10124=CARTESIAN_POINT('',(-41.1258702809252,71.7350776601682,-12.8074984439295));
#10125=CARTESIAN_POINT('',(-41.1356517569325,71.7350776601683,-12.8095775608377));
#10126=CARTESIAN_POINT('',(-46.3695609740744,-3.92719999999921,11.8621266758532));
#10127=CARTESIAN_POINT('Origin',(-39.1632282714501,68.5728,-22.0891004792811));
#10128=CARTESIAN_POINT('',(-39.1632282714501,78.5727999999999,-22.0891004792811));
#10129=CARTESIAN_POINT('Origin',(-39.1632282714501,68.5728,-22.0891004792811));
#10130=CARTESIAN_POINT('',(-39.1534467954427,78.5727999999998,-22.087021362373));
#10131=CARTESIAN_POINT('',(-39.1632282714501,78.5727999999999,-22.0891004792811));
#10132=CARTESIAN_POINT('Origin',(-39.1534467954428,68.5728,-22.0870213623729));
#10133=CARTESIAN_POINT('Origin',(34.7228986673122,78.5727999999999,-42.9792088309182));
#10134=CARTESIAN_POINT('',(39.1534467954429,78.5727999999998,-22.087021362373));
#10135=CARTESIAN_POINT('',(34.8499630990004,78.5728,-42.3333203363067));
#10136=CARTESIAN_POINT('',(34.7131171913048,78.5727999999998,-42.97712971401));
#10137=CARTESIAN_POINT('',(34.1625209652046,78.5728000000001,-42.89));
#10138=CARTESIAN_POINT('Origin',(34.1625209652046,78.5728,-42.1872));
#10139=CARTESIAN_POINT('',(-34.1625209652046,78.5728,-42.89));
#10140=CARTESIAN_POINT('',(-34.8207134273856,78.5728000000001,-42.89));
#10141=CARTESIAN_POINT('',(-34.8499630990003,78.5727999999998,-42.3333203363065));
#10142=CARTESIAN_POINT('Origin',(-34.1625209652046,78.5728,-42.1872));
#10143=CARTESIAN_POINT('',(-52.3924037639192,78.5727999999998,40.1973742096131));
#10144=CARTESIAN_POINT('',(-34.8597445750076,78.5727999999999,-42.3353994532146));
#10145=CARTESIAN_POINT('',(-52.4021852399265,78.5727999999999,40.1952950927049));
#10146=CARTESIAN_POINT('',(-34.1625209652046,78.5728,-42.9));
#10147=CARTESIAN_POINT('Origin',(-34.1625209652046,78.5728,-42.1872));
#10148=CARTESIAN_POINT('',(34.1625209652046,78.5728,-42.9));
#10149=CARTESIAN_POINT('',(-34.8207134273856,78.5728000000001,-42.9));
#10150=CARTESIAN_POINT('',(34.8597445750077,78.5728,-42.3353994532149));
#10151=CARTESIAN_POINT('Origin',(34.1625209652046,78.5728,-42.1872));
#10152=CARTESIAN_POINT('',(39.1632282714502,78.5727999999999,-22.0891004792812));
#10153=CARTESIAN_POINT('',(34.7228986673122,78.5727999999999,-42.9792088309182));
#10154=CARTESIAN_POINT('',(39.1632282714502,78.5727999999999,-22.0891004792812));
#10155=CARTESIAN_POINT('Origin',(39.1632282714502,68.5728,-22.0891004792812));
#10156=CARTESIAN_POINT('',(41.1356517569326,71.7350776601683,-12.8095775608377));
#10157=CARTESIAN_POINT('Origin',(39.1632282714502,68.5728,-22.0891004792812));
#10158=CARTESIAN_POINT('',(41.1258702809253,71.7350776601682,-12.8074984439295));
#10159=CARTESIAN_POINT('',(41.1356517569326,71.7350776601683,-12.8095775608377));
#10160=CARTESIAN_POINT('Origin',(39.1534467954429,68.5728,-22.087021362373));
#10161=CARTESIAN_POINT('Origin',(40.6617709525937,78.5728000000001,-15.0390114612345));
#10162=CARTESIAN_POINT('',(45.905461645743,2.91052233983147,9.63061365854849));
#10163=CARTESIAN_POINT('',(40.6617709525937,78.5728000000001,-15.0390114612345));
#10164=CARTESIAN_POINT('',(45.8956801697357,2.91052233983136,9.6326927754567));
#10165=CARTESIAN_POINT('',(45.905461645743,2.91052233983147,9.63061365854849));
#10166=CARTESIAN_POINT('',(40.6519894765864,78.5728000000001,-15.0369323443263));
#10167=CARTESIAN_POINT('Origin',(47.8778851312255,6.07279999999999,18.9101365769919));
#10168=CARTESIAN_POINT('',(47.8778851312255,-3.92720000000013,18.910136576992));
#10169=CARTESIAN_POINT('Origin',(47.8778851312255,6.07279999999999,18.9101365769919));
#10170=CARTESIAN_POINT('',(47.8681036552182,-3.92720000000024,18.9122156939002));
#10171=CARTESIAN_POINT('',(47.8778851312255,-3.92720000000013,18.910136576992));
#10172=CARTESIAN_POINT('Origin',(47.8681036552181,6.07279999999999,18.9122156939001));
#10173=CARTESIAN_POINT('Origin',(34.7228986673122,-3.92720000000013,-42.9792088309182));
#10174=CARTESIAN_POINT('',(51.0329976194876,-3.92720000000013,33.7537737880621));
#10175=CARTESIAN_POINT('',(34.7228986673122,-3.92720000000013,-42.9792088309182));
#10176=CARTESIAN_POINT('',(51.0232161434803,-3.92720000000024,33.7558529049703));
#10177=CARTESIAN_POINT('',(51.0329976194876,-3.92720000000013,33.7537737880621));
#10178=CARTESIAN_POINT('',(34.7131171913048,-3.92720000000024,-42.97712971401));
#10179=CARTESIAN_POINT('Origin',(51.0329976194877,6.07279999999999,33.753773788062));
#10180=CARTESIAN_POINT('',(53.1121145276652,6.07279999999988,43.5352497954001));
#10181=CARTESIAN_POINT('Origin',(51.0329976194877,6.07279999999999,33.753773788062));
#10182=CARTESIAN_POINT('',(53.1023330516578,6.07279999999977,43.5373289123083));
#10183=CARTESIAN_POINT('',(53.1121145276652,6.07279999999988,43.5352497954001));
#10184=CARTESIAN_POINT('Origin',(51.0232161434803,6.07279999999999,33.7558529049702));
#10185=CARTESIAN_POINT('Origin',(53.1121145276652,361.0728,43.5352497954001));
#10186=CARTESIAN_POINT('',(53.1121145276652,59.5728014801409,43.5352497954001));
#10187=CARTESIAN_POINT('',(53.1121145276652,361.0728,43.5352497954001));
#10188=CARTESIAN_POINT('',(53.1023330516578,59.5728014801408,43.5373289123083));
#10189=CARTESIAN_POINT('',(53.1121145276652,59.5728014801409,43.5352497954001));
#10190=CARTESIAN_POINT('',(53.1023330516578,361.0728,43.5373289123083));
#10191=CARTESIAN_POINT('Origin',(34.7228986673122,59.5728014801409,-42.9792088309182));
#10192=CARTESIAN_POINT('',(48.081039392297,59.5728014801409,19.8659022304977));
#10193=CARTESIAN_POINT('',(34.7228986673122,59.5728014801409,-42.9792088309182));
#10194=CARTESIAN_POINT('',(48.0712579162896,59.5728014801408,19.8679813474059));
#10195=CARTESIAN_POINT('',(48.081039392297,59.5728014801409,19.8659022304977));
#10196=CARTESIAN_POINT('',(34.7131171913048,59.5728014801408,-42.97712971401));
#10197=CARTESIAN_POINT('Ctrl Pts',(45.566283672586,68.2566571611577,8.08300409700928));
#10198=CARTESIAN_POINT('Ctrl Pts',(45.5780214437948,68.2566571611577,8.08050915671945));
#10199=CARTESIAN_POINT('Ctrl Pts',(45.9256931890109,63.0707384368716,9.77389292961515));
#10200=CARTESIAN_POINT('Ctrl Pts',(45.9374309602198,63.0707384368716,9.77139798932533));
#10201=CARTESIAN_POINT('Ctrl Pts',(46.9347198592571,59.5728014801411,14.5209901837225));
#10202=CARTESIAN_POINT('Ctrl Pts',(46.946457630466,59.5728014801411,14.5184952434327));
#10203=CARTESIAN_POINT('Ctrl Pts',(48.0712579162896,59.5728014801411,19.8679813474058));
#10204=CARTESIAN_POINT('Ctrl Pts',(48.0829956874984,59.5728014801411,19.865486407116));
#10205=CARTESIAN_POINT('',(45.5760651485933,68.2566571611576,8.08092498010113));
#10206=CARTESIAN_POINT('Ctrl Pts',(48.081039392297,59.5728014801409,19.8659022304977));
#10207=CARTESIAN_POINT('Ctrl Pts',(46.9445013352642,59.5728014801411,14.5189110668144));
#10208=CARTESIAN_POINT('Ctrl Pts',(45.935474665018,63.0707384368716,9.77181381270702));
#10209=CARTESIAN_POINT('Ctrl Pts',(45.5760651485933,68.2566571611576,8.08092498010113));
#10210=CARTESIAN_POINT('',(45.566283672586,68.2566571611575,8.08300409700934));
#10211=CARTESIAN_POINT('',(45.5760651485933,68.2566571611576,8.08092498010113));
#10212=CARTESIAN_POINT('Ctrl Pts',(48.0712579162896,59.5728014801411,19.8679813474058));
#10213=CARTESIAN_POINT('Ctrl Pts',(46.9347198592571,59.5728014801411,14.5209901837225));
#10214=CARTESIAN_POINT('Ctrl Pts',(45.9256931890109,63.0707384368716,9.77389292961515));
#10215=CARTESIAN_POINT('Ctrl Pts',(45.566283672586,68.2566571611577,8.08300409700928));
#10216=CARTESIAN_POINT('Origin',(26.2265418121474,347.450865413364,-82.9514251126012));
#10217=CARTESIAN_POINT('',(44.1297690935654,89.1252581577123,1.27663701239658));
#10218=CARTESIAN_POINT('',(26.2265418121474,347.450865413364,-82.9514251126012));
#10219=CARTESIAN_POINT('',(44.119987617558,89.1252581577122,1.27871612930478));
#10220=CARTESIAN_POINT('',(44.1297690935654,89.1252581577123,1.27663701239658));
#10221=CARTESIAN_POINT('',(26.2167603361401,347.450865413364,-82.9493459956931));
#10222=CARTESIAN_POINT('Ctrl Pts',(41.6150133738538,97.8091138387279,-10.5062611210944));
#10223=CARTESIAN_POINT('Ctrl Pts',(41.6267511450631,97.8091138387279,-10.5087560613843));
#10224=CARTESIAN_POINT('Ctrl Pts',(42.7515514308871,97.8091138387298,-5.1592699574073));
#10225=CARTESIAN_POINT('Ctrl Pts',(42.7632892020964,97.8091138387298,-5.16176489769721));
#10226=CARTESIAN_POINT('Ctrl Pts',(43.7605781011334,94.3111768819977,-0.412172703299336));
#10227=CARTESIAN_POINT('Ctrl Pts',(43.7723158723427,94.3111768819977,-0.414667643589251));
#10228=CARTESIAN_POINT('Ctrl Pts',(44.119987617558,89.1252581577125,1.27871612930475));
#10229=CARTESIAN_POINT('Ctrl Pts',(44.1317253887673,89.1252581577125,1.27622118901483));
#10230=CARTESIAN_POINT('',(41.6247948498612,97.8091138387278,-10.5083402380026));
#10231=CARTESIAN_POINT('Ctrl Pts',(44.1297690935654,89.1252581577123,1.27663701239658));
#10232=CARTESIAN_POINT('Ctrl Pts',(43.7703595771406,94.3111768819977,-0.414251820207483));
#10233=CARTESIAN_POINT('Ctrl Pts',(42.7613329068943,97.8091138387298,-5.16134907431545));
#10234=CARTESIAN_POINT('Ctrl Pts',(41.6247948498612,97.8091138387278,-10.5083402380026));
#10235=CARTESIAN_POINT('',(41.6150133738538,97.8091138387277,-10.5062611210944));
#10236=CARTESIAN_POINT('',(41.6247948498612,97.8091138387278,-10.5083402380026));
#10237=CARTESIAN_POINT('Ctrl Pts',(44.119987617558,89.1252581577122,1.27871612930478));
#10238=CARTESIAN_POINT('Ctrl Pts',(43.7605781011333,94.3111768819977,-0.412172703299306));
#10239=CARTESIAN_POINT('Ctrl Pts',(42.751551430887,97.8091138387298,-5.15926995740727));
#10240=CARTESIAN_POINT('Ctrl Pts',(41.6150133738538,97.8091138387277,-10.5062611210944));
#10241=CARTESIAN_POINT('Origin',(-52.4021852399265,97.809113838728,40.1952950927049));
#10242=CARTESIAN_POINT('',(-34.8499630990004,97.809113838728,-42.3333203363065));
#10243=CARTESIAN_POINT('',(-41.5672717925819,97.8091138387278,-10.73086760182));
#10244=CARTESIAN_POINT('',(-52.3924037639192,97.8091138387279,40.1973742096131));
#10245=CARTESIAN_POINT('',(-34.1625209652046,97.8091138387283,-42.89));
#10246=CARTESIAN_POINT('Origin',(-34.1625209652046,97.809113838728,-42.1872));
#10247=CARTESIAN_POINT('',(34.1625209652046,97.8091138387282,-42.89));
#10248=CARTESIAN_POINT('',(-34.8207134273856,97.8091138387283,-42.89));
#10249=CARTESIAN_POINT('',(34.8499630990003,97.8091138387278,-42.3333203363067));
#10250=CARTESIAN_POINT('Origin',(34.1625209652046,97.8091138387282,-42.1872));
#10251=CARTESIAN_POINT('',(34.7131171913048,97.8091138387277,-42.97712971401));
#10252=CARTESIAN_POINT('',(34.8597445750077,97.8091138387279,-42.3353994532149));
#10253=CARTESIAN_POINT('',(34.7228986673122,97.8091138387278,-42.9792088309182));
#10254=CARTESIAN_POINT('',(34.1625209652046,97.8091138387282,-42.9));
#10255=CARTESIAN_POINT('Origin',(34.1625209652046,97.8091138387281,-42.1872));
#10256=CARTESIAN_POINT('',(-34.1625209652046,97.8091138387282,-42.9));
#10257=CARTESIAN_POINT('',(-34.8207134273856,97.8091138387282,-42.9));
#10258=CARTESIAN_POINT('',(-34.8597445750076,97.809113838728,-42.3353994532146));
#10259=CARTESIAN_POINT('Origin',(-34.1625209652046,97.8091138387281,-42.1872));
#10260=CARTESIAN_POINT('',(-41.5770532685892,97.8091138387279,-10.7329467187282));
#10261=CARTESIAN_POINT('',(-52.4021852399265,97.809113838728,40.1952950927049));
#10262=CARTESIAN_POINT('',(-41.5770532685892,97.8091138387279,-10.7329467187282));
#10263=CARTESIAN_POINT('Ctrl Pts',(-44.0722465658945,89.1252505159657,1.05411214019266));
#10264=CARTESIAN_POINT('Ctrl Pts',(-44.0839843371076,89.1252505159657,1.05161719990195));
#10265=CARTESIAN_POINT('Ctrl Pts',(-43.7128375384047,94.3111731493797,-0.63677439215444));
#10266=CARTESIAN_POINT('Ctrl Pts',(-43.7245753096178,94.3111731493797,-0.639269332445154));
#10267=CARTESIAN_POINT('Ctrl Pts',(-42.7038104660429,97.8091138387279,-5.38387353806784));
#10268=CARTESIAN_POINT('Ctrl Pts',(-42.7155482372559,97.8091138387279,-5.38636847835855));
#10269=CARTESIAN_POINT('Ctrl Pts',(-41.5672717925819,97.8091138387279,-10.73086760182));
#10270=CARTESIAN_POINT('Ctrl Pts',(-41.5790095637949,97.8091138387279,-10.7333625421107));
#10271=CARTESIAN_POINT('',(-44.0820280419022,89.1252505159657,1.05203302328439));
#10272=CARTESIAN_POINT('Ctrl Pts',(-41.5770532685892,97.8091138387279,-10.7329467187282));
#10273=CARTESIAN_POINT('Ctrl Pts',(-42.7135919420517,97.8091138387279,-5.38595265497633));
#10274=CARTESIAN_POINT('Ctrl Pts',(-43.7226190144136,94.3111731493797,-0.638853509062932));
#10275=CARTESIAN_POINT('Ctrl Pts',(-44.0820280419022,89.1252505159657,1.05203302328439));
#10276=CARTESIAN_POINT('',(-44.0722465658949,89.1252505159655,1.05411214019255));
#10277=CARTESIAN_POINT('',(-44.0820280419022,89.1252505159657,1.05203302328439));
#10278=CARTESIAN_POINT('Ctrl Pts',(-41.5672717925819,97.8091138387279,-10.73086760182));
#10279=CARTESIAN_POINT('Ctrl Pts',(-42.7038104660429,97.8091138387279,-5.38387353806784));
#10280=CARTESIAN_POINT('Ctrl Pts',(-43.7128375384047,94.3111731493797,-0.63677439215444));
#10281=CARTESIAN_POINT('Ctrl Pts',(-44.0722465658945,89.1252505159657,1.05411214019266));
#10282=CARTESIAN_POINT('Origin',(-27.951574200002,321.872007741773,-74.8357858008745));
#10283=CARTESIAN_POINT('',(-45.5283199799842,68.2566648028956,7.85630162228123));
#10284=CARTESIAN_POINT('',(-27.951574200002,321.872007741773,-74.8357858008745));
#10285=CARTESIAN_POINT('',(-45.5185385039769,68.2566648028954,7.85838073918939));
#10286=CARTESIAN_POINT('',(-45.5283199799842,68.2566648028956,7.85630162228123));
#10287=CARTESIAN_POINT('',(-27.9417927239946,321.872007741773,-74.8337066839663));
#10288=CARTESIAN_POINT('Ctrl Pts',(-48.0235132772896,59.5728014801366,19.6433604812027));
#10289=CARTESIAN_POINT('Ctrl Pts',(-48.0352510484996,59.5728014801366,19.6408655409126));
#10290=CARTESIAN_POINT('Ctrl Pts',(-46.8869746038287,59.5728014801366,14.2963664174505));
#10291=CARTESIAN_POINT('Ctrl Pts',(-46.8987123750386,59.5728014801366,14.2938714771605));
#10292=CARTESIAN_POINT('Ctrl Pts',(-45.8779475314669,63.0707421694816,9.54926727153744));
#10293=CARTESIAN_POINT('Ctrl Pts',(-45.8896853026768,63.0707421694816,9.54677233124739));
#10294=CARTESIAN_POINT('Ctrl Pts',(-45.5185385039769,68.2566648028956,7.85838073918941));
#10295=CARTESIAN_POINT('Ctrl Pts',(-45.5302762751868,68.2566648028956,7.85588579889936));
#10296=CARTESIAN_POINT('',(-48.0332947532973,59.5728014801365,19.6412813642944));
#10297=CARTESIAN_POINT('Ctrl Pts',(-45.5283199799842,68.2566648028956,7.85630162228123));
#10298=CARTESIAN_POINT('Ctrl Pts',(-45.8877290074751,63.0707421694816,9.54718815462907));
#10299=CARTESIAN_POINT('Ctrl Pts',(-46.8967560798369,59.5728014801366,14.2942873005421));
#10300=CARTESIAN_POINT('Ctrl Pts',(-48.0332947532973,59.5728014801365,19.6412813642944));
#10301=CARTESIAN_POINT('',(-48.02351327729,59.5728014801364,19.6433604812026));
#10302=CARTESIAN_POINT('',(-48.0332947532973,59.5728014801365,19.6412813642944));
#10303=CARTESIAN_POINT('Ctrl Pts',(-45.5185385039769,68.2566648028954,7.85838073918939));
#10304=CARTESIAN_POINT('Ctrl Pts',(-45.8779475314678,63.0707421694816,9.54926727153724));
#10305=CARTESIAN_POINT('Ctrl Pts',(-46.8869746038296,59.5728014801366,14.2963664174503));
#10306=CARTESIAN_POINT('Ctrl Pts',(-48.02351327729,59.5728014801364,19.6433604812026));
#10307=CARTESIAN_POINT('Origin',(-52.4021852399265,59.5728014801365,40.1952950927049));
#10308=CARTESIAN_POINT('',(-52.4021852399265,59.5728014801365,40.1952950927049));
#10309=CARTESIAN_POINT('',(-52.3924037639192,59.5728014801364,40.1973742096131));
#10310=CARTESIAN_POINT('Origin',(-52.3924037639192,361.0728,40.1973742096131));
#10311=CARTESIAN_POINT('',(-34.8499630990004,-62.7083352122392,-42.3333203363065));
#10312=CARTESIAN_POINT('Origin',(-34.1625209652046,-62.7083352122392,-42.1872));
#10313=CARTESIAN_POINT('',(-34.1625209652046,361.0728,-42.89));
#10314=CARTESIAN_POINT('Origin',(-34.8207134273856,361.0728,-42.89));
#10315=CARTESIAN_POINT('',(34.1625209652046,502.353935212239,-42.89));
#10316=CARTESIAN_POINT('Origin',(34.1625209652046,502.353935212239,-42.1872));
#10317=CARTESIAN_POINT('',(34.8499630990003,361.0728,-42.3333203363067));
#10318=CARTESIAN_POINT('Origin',(34.7131171913048,361.0728,-42.97712971401));
#10319=CARTESIAN_POINT('Origin',(-52.4021852399265,361.0728,40.1952950927049));
#10320=CARTESIAN_POINT('',(-34.8597445750077,-62.7083352122392,-42.3353994532147));
#10321=CARTESIAN_POINT('Origin',(-34.1625209652046,-62.7083352122392,-42.1872));
#10322=CARTESIAN_POINT('',(-34.1625209652046,361.0728,-42.9));
#10323=CARTESIAN_POINT('Origin',(-34.8207134273856,361.0728,-42.9));
#10324=CARTESIAN_POINT('',(34.1625209652046,502.353935212239,-42.9));
#10325=CARTESIAN_POINT('Origin',(34.1625209652046,502.353935212239,-42.1872));
#10326=CARTESIAN_POINT('',(34.8597445750077,361.0728,-42.3353994532149));
#10327=CARTESIAN_POINT('Origin',(34.7228986673122,361.0728,-42.9792088309182));
#10328=CARTESIAN_POINT('Origin',(-52.3999999999999,341.0728,78.2745039236231));
#10329=CARTESIAN_POINT('',(-52.3899999999999,341.0728,75.5245039236231));
#10330=CARTESIAN_POINT('Origin',(-52.3899999999999,341.0728,78.2745039236231));
#10331=CARTESIAN_POINT('',(-52.3999999999999,341.0728,75.5245039236231));
#10332=CARTESIAN_POINT('',(-52.3999999999999,341.0728,75.5245039236231));
#10333=CARTESIAN_POINT('Origin',(-52.3999999999999,341.0728,78.2745039236231));
#10334=CARTESIAN_POINT('Origin',(52.4,341.0728,78.2745039236229));
#10335=CARTESIAN_POINT('',(52.39,341.0728,81.0245039236229));
#10336=CARTESIAN_POINT('Origin',(52.39,341.0728,78.2745039236229));
#10337=CARTESIAN_POINT('',(52.4,341.0728,81.0245039236229));
#10338=CARTESIAN_POINT('',(52.4,341.0728,81.0245039236229));
#10339=CARTESIAN_POINT('Origin',(52.4,341.0728,78.2745039236229));
#10340=CARTESIAN_POINT('Origin',(-52.3999999999999,341.0728,70.9745039236232));
#10341=CARTESIAN_POINT('',(-52.3899999999999,321.0728,70.9745039236232));
#10342=CARTESIAN_POINT('',(-52.3899999999999,361.0728,70.9745039236232));
#10343=CARTESIAN_POINT('Origin',(-52.3899999999999,341.0728,70.9745039236232));
#10344=CARTESIAN_POINT('',(-52.3999999999999,361.0728,70.9745039236232));
#10345=CARTESIAN_POINT('',(-52.3999999999999,361.0728,70.9745039236232));
#10346=CARTESIAN_POINT('',(-52.3999999999999,321.0728,70.9745039236232));
#10347=CARTESIAN_POINT('Origin',(-52.3999999999999,341.0728,70.9745039236232));
#10348=CARTESIAN_POINT('',(-52.3999999999999,321.0728,70.9745039236232));
#10349=CARTESIAN_POINT('Origin',(-52.3999999999999,361.0728,40.1745039236231));
#10350=CARTESIAN_POINT('',(-52.3899999999999,361.0728,40.2599326460471));
#10351=CARTESIAN_POINT('',(-52.3899999999999,361.0728,40.1745039236231));
#10352=CARTESIAN_POINT('',(-52.3746421337956,361.0728,40.1138123097404));
#10353=CARTESIAN_POINT('Origin',(-51.6871999999999,361.0728,40.2599326460471));
#10354=CARTESIAN_POINT('',(-34.8499630990004,361.0728,-42.3333203363065));
#10355=CARTESIAN_POINT('',(-52.3924037639192,361.0728,40.1973742096131));
#10356=CARTESIAN_POINT('',(-34.1625209652046,361.0728,-42.89));
#10357=CARTESIAN_POINT('Origin',(-34.1625209652046,361.0728,-42.1872));
#10358=CARTESIAN_POINT('',(34.1625209652046,361.0728,-42.89));
#10359=CARTESIAN_POINT('',(-34.8207134273856,361.0728,-42.89));
#10360=CARTESIAN_POINT('',(34.8499630990003,361.0728,-42.3333203363067));
#10361=CARTESIAN_POINT('Origin',(34.1625209652046,361.0728,-42.1872));
#10362=CARTESIAN_POINT('',(52.3746421337957,361.0728,40.1138123097401));
#10363=CARTESIAN_POINT('',(34.7131171913048,361.0728,-42.97712971401));
#10364=CARTESIAN_POINT('',(52.39,361.0728,40.2599326460467));
#10365=CARTESIAN_POINT('Origin',(51.6872,361.0728,40.2599326460467));
#10366=CARTESIAN_POINT('',(52.39,361.0728,70.9745039236228));
#10367=CARTESIAN_POINT('',(52.39,361.0728,40.1745039236228));
#10368=CARTESIAN_POINT('',(52.4,361.0728,70.9745039236228));
#10369=CARTESIAN_POINT('',(52.4,361.0728,70.9745039236228));
#10370=CARTESIAN_POINT('',(52.4,361.0728,40.2599326460467));
#10371=CARTESIAN_POINT('',(52.4,361.0728,40.1745039236228));
#10372=CARTESIAN_POINT('',(52.3844236098031,361.0728,40.1117331928319));
#10373=CARTESIAN_POINT('Origin',(51.6872,361.0728,40.2599326460467));
#10374=CARTESIAN_POINT('',(34.8597445750077,361.0728,-42.3353994532149));
#10375=CARTESIAN_POINT('',(34.7228986673122,361.0728,-42.9792088309182));
#10376=CARTESIAN_POINT('',(34.1625209652046,361.0728,-42.9));
#10377=CARTESIAN_POINT('Origin',(34.1625209652046,361.0728,-42.1872));
#10378=CARTESIAN_POINT('',(-34.1625209652046,361.0728,-42.9));
#10379=CARTESIAN_POINT('',(-34.8207134273856,361.0728,-42.9));
#10380=CARTESIAN_POINT('',(-34.8597445750076,361.0728,-42.3353994532146));
#10381=CARTESIAN_POINT('Origin',(-34.1625209652046,361.0728,-42.1872));
#10382=CARTESIAN_POINT('',(-52.384423609803,361.0728,40.1117331928322));
#10383=CARTESIAN_POINT('',(-52.4021852399265,361.0728,40.1952950927049));
#10384=CARTESIAN_POINT('',(-52.3999999999999,361.0728,40.2599326460471));
#10385=CARTESIAN_POINT('Origin',(-51.6871999999999,361.0728,40.2599326460471));
#10386=CARTESIAN_POINT('',(-52.3999999999999,361.0728,40.1745039236231));
#10387=CARTESIAN_POINT('Origin',(-51.6871999999999,321.0728,40.2599326460471));
#10388=CARTESIAN_POINT('',(-52.3746421337956,321.0728,40.1138123097404));
#10389=CARTESIAN_POINT('',(-52.3899999999999,321.0728,40.2599326460471));
#10390=CARTESIAN_POINT('Origin',(-51.6871999999999,321.0728,40.2599326460471));
#10391=CARTESIAN_POINT('',(-52.3899999999999,321.0728,40.1745039236231));
#10392=CARTESIAN_POINT('',(-52.3999999999999,321.0728,40.2599326460471));
#10393=CARTESIAN_POINT('',(-52.3999999999999,321.0728,40.1745039236231));
#10394=CARTESIAN_POINT('',(-52.384423609803,321.0728,40.1117331928322));
#10395=CARTESIAN_POINT('Origin',(-51.6871999999999,321.0728,40.2599326460471));
#10396=CARTESIAN_POINT('',(-52.384423609803,321.0728,40.1117331928322));
#10397=CARTESIAN_POINT('Origin',(-52.3844236098006,318.0728,40.1117331928326));
#10398=CARTESIAN_POINT('',(-51.7606885373508,318.072810052177,37.1772903906476));
#10399=CARTESIAN_POINT('Origin',(-52.3844236098006,318.0728,40.1117331928326));
#10400=CARTESIAN_POINT('',(-51.7509070613435,318.072810052177,37.1793695075558));
#10401=CARTESIAN_POINT('',(-51.7606885373508,318.072810052177,37.1772903906476));
#10402=CARTESIAN_POINT('Origin',(-52.3746421337932,318.0728,40.1138123097408));
#10403=CARTESIAN_POINT('Origin',(-52.4021852399265,318.072810052177,40.1952950927049));
#10404=CARTESIAN_POINT('',(-49.3784914641581,318.072810052177,25.9699343133815));
#10405=CARTESIAN_POINT('',(-52.4021852399265,318.072810052177,40.1952950927049));
#10406=CARTESIAN_POINT('',(-49.3687099881507,318.072810052177,25.9720134302896));
#10407=CARTESIAN_POINT('',(-49.3784914641581,318.072810052177,25.9699343133815));
#10408=CARTESIAN_POINT('',(-52.3924037639192,318.072810052177,40.1973742096131));
#10409=CARTESIAN_POINT('Ctrl Pts',(-46.8670516503325,326.756960232051,14.2026362905617));
#10410=CARTESIAN_POINT('Ctrl Pts',(-46.8787894215428,326.756960232051,14.2001413502716));
#10411=CARTESIAN_POINT('Ctrl Pts',(-47.2260899118816,321.575961809755,15.8917785062969));
#10412=CARTESIAN_POINT('Ctrl Pts',(-47.2378276830918,321.575961809755,15.8892835660068));
#10413=CARTESIAN_POINT('Ctrl Pts',(-48.2335097105384,318.079649421283,20.6313160239437));
#10414=CARTESIAN_POINT('Ctrl Pts',(-48.2452474817487,318.079649421283,20.6288210836535));
#10415=CARTESIAN_POINT('Ctrl Pts',(-49.3687099881507,318.072810052177,25.9720134302896));
#10416=CARTESIAN_POINT('Ctrl Pts',(-49.380447759361,318.072810052177,25.9695184899995));
#10417=CARTESIAN_POINT('',(-46.8768331263398,326.756960232051,14.2005571736535));
#10418=CARTESIAN_POINT('Ctrl Pts',(-46.8768331263398,326.756960232051,14.2005571736535));
#10419=CARTESIAN_POINT('Ctrl Pts',(-47.2358713878889,321.575961809755,15.8896993893887));
#10420=CARTESIAN_POINT('Ctrl Pts',(-48.2432911865458,318.079649421283,20.6292369070355));
#10421=CARTESIAN_POINT('Ctrl Pts',(-49.3784914641581,318.072810052177,25.9699343133815));
#10422=CARTESIAN_POINT('',(-46.8670516503325,326.756960232051,14.2026362905617));
#10423=CARTESIAN_POINT('',(-46.8768331263398,326.756960232051,14.2005571736535));
#10424=CARTESIAN_POINT('Ctrl Pts',(-46.8670516503325,326.756960232051,14.2026362905617));
#10425=CARTESIAN_POINT('Ctrl Pts',(-47.2260899118816,321.575961809755,15.8917785062969));
#10426=CARTESIAN_POINT('Ctrl Pts',(-48.2335097105384,318.079649421283,20.6313160239437));
#10427=CARTESIAN_POINT('Ctrl Pts',(-49.3687099881507,318.072810052177,25.9720134302896));
#10428=CARTESIAN_POINT('Origin',(-45.2890192738579,349.669451589186,6.73048031501983));
#10429=CARTESIAN_POINT('',(-46.4207289958738,333.338639772711,12.0547559484054));
#10430=CARTESIAN_POINT('',(-45.2890192738579,349.669451589186,6.73048031501983));
#10431=CARTESIAN_POINT('',(-46.4109475198664,333.338639772711,12.0568350653136));
#10432=CARTESIAN_POINT('',(-46.4207289958738,333.338639772711,12.0547559484054));
#10433=CARTESIAN_POINT('',(-45.2792377978506,349.669451589186,6.73255943192801));
#10434=CARTESIAN_POINT('Ctrl Pts',(-43.9059521701769,342.022800004763,0.271758519060444));
#10435=CARTESIAN_POINT('Ctrl Pts',(-43.9176899413873,342.022800004763,0.269263578770308));
#10436=CARTESIAN_POINT('Ctrl Pts',(-45.0425147940524,342.022800004763,5.61886526064794));
#10437=CARTESIAN_POINT('Ctrl Pts',(-45.0542525652627,342.022800004763,5.6163703203578));
#10438=CARTESIAN_POINT('Ctrl Pts',(-46.0515574898476,338.524714288814,10.3660379090361));
#10439=CARTESIAN_POINT('Ctrl Pts',(-46.0632952610579,338.524714288814,10.3635429687459));
#10440=CARTESIAN_POINT('Ctrl Pts',(-46.4109475198664,333.338639772711,12.0568350653136));
#10441=CARTESIAN_POINT('Ctrl Pts',(-46.4226852910768,333.338639772711,12.0543401250234));
#10442=CARTESIAN_POINT('',(-43.9157336461843,342.022800004763,0.269679402152292));
#10443=CARTESIAN_POINT('Ctrl Pts',(-43.9157336461843,342.022800004763,0.269679402152292));
#10444=CARTESIAN_POINT('Ctrl Pts',(-45.0522962700597,342.022800004763,5.61678614373976));
#10445=CARTESIAN_POINT('Ctrl Pts',(-46.0613389658549,338.524714288814,10.3639587921279));
#10446=CARTESIAN_POINT('Ctrl Pts',(-46.4207289958738,333.338639772711,12.0547559484054));
#10447=CARTESIAN_POINT('',(-43.9059521701769,342.022800004763,0.271758519060444));
#10448=CARTESIAN_POINT('',(-43.9157336461843,342.022800004763,0.269679402152292));
#10449=CARTESIAN_POINT('Ctrl Pts',(-43.9059521701769,342.022800004763,0.271758519060444));
#10450=CARTESIAN_POINT('Ctrl Pts',(-45.0425147940524,342.022800004763,5.61886526064794));
#10451=CARTESIAN_POINT('Ctrl Pts',(-46.0515574898476,338.524714288814,10.3660379090361));
#10452=CARTESIAN_POINT('Ctrl Pts',(-46.4109475198664,333.338639772711,12.0568350653136));
#10453=CARTESIAN_POINT('Origin',(34.7228986673122,342.022800004763,-42.9792088309182));
#10454=CARTESIAN_POINT('',(43.9059521701771,342.022800004763,0.27175851906041));
#10455=CARTESIAN_POINT('',(34.8499630990004,342.022800004763,-42.3333203363067));
#10456=CARTESIAN_POINT('',(34.7131171913048,342.022800004763,-42.97712971401));
#10457=CARTESIAN_POINT('',(34.1625209652046,342.022800004763,-42.89));
#10458=CARTESIAN_POINT('Origin',(34.1625209652046,342.022800004763,-42.1872));
#10459=CARTESIAN_POINT('',(-34.1625209652046,342.022800004763,-42.89));
#10460=CARTESIAN_POINT('',(-34.8207134273856,342.022800004763,-42.89));
#10461=CARTESIAN_POINT('',(-34.8499630990003,342.022800004763,-42.3333203363065));
#10462=CARTESIAN_POINT('Origin',(-34.1625209652046,342.022800004763,-42.1872));
#10463=CARTESIAN_POINT('',(-52.3924037639192,342.022800004763,40.1973742096131));
#10464=CARTESIAN_POINT('',(-34.8597445750076,342.022800004763,-42.3353994532146));
#10465=CARTESIAN_POINT('',(-52.4021852399265,342.022800004763,40.1952950927049));
#10466=CARTESIAN_POINT('',(-34.1625209652046,342.022800004763,-42.9));
#10467=CARTESIAN_POINT('Origin',(-34.1625209652046,342.022800004763,-42.1872));
#10468=CARTESIAN_POINT('',(34.1625209652046,342.022800004763,-42.9));
#10469=CARTESIAN_POINT('',(-34.8207134273856,342.022800004763,-42.9));
#10470=CARTESIAN_POINT('',(34.8597445750077,342.022800004763,-42.3353994532149));
#10471=CARTESIAN_POINT('Origin',(34.1625209652046,342.022800004763,-42.1872));
#10472=CARTESIAN_POINT('',(43.9157336461844,342.022800004763,0.269679402152209));
#10473=CARTESIAN_POINT('',(34.7228986673122,342.022800004763,-42.9792088309182));
#10474=CARTESIAN_POINT('',(43.9157336461844,342.022800004763,0.269679402152209));
#10475=CARTESIAN_POINT('Ctrl Pts',(46.4109059357423,333.339239790653,12.0566394273906));
#10476=CARTESIAN_POINT('Ctrl Pts',(46.4226437069512,333.339239790653,12.0541444871008));
#10477=CARTESIAN_POINT('Ctrl Pts',(46.0514775153102,338.525007367886,10.3656616584246));
#10478=CARTESIAN_POINT('Ctrl Pts',(46.0632152865191,338.525007367886,10.3631667181347));
#10479=CARTESIAN_POINT('Ctrl Pts',(45.0424663930441,342.022800004763,5.61863755181256));
#10480=CARTESIAN_POINT('Ctrl Pts',(45.054204164253,342.022800004763,5.61614261152273));
#10481=CARTESIAN_POINT('Ctrl Pts',(43.9059521701771,342.022800004763,0.27175851906041));
#10482=CARTESIAN_POINT('Ctrl Pts',(43.9176899413859,342.022800004763,0.269263578770583));
#10483=CARTESIAN_POINT('',(46.4206874117497,333.339239790653,12.0545603104824));
#10484=CARTESIAN_POINT('Ctrl Pts',(46.4206874117497,333.339239790653,12.0545603104824));
#10485=CARTESIAN_POINT('Ctrl Pts',(46.0612589913175,338.525007367886,10.3635825415164));
#10486=CARTESIAN_POINT('Ctrl Pts',(45.0522478690514,342.022800004763,5.61655843490438));
#10487=CARTESIAN_POINT('Ctrl Pts',(43.9157336461844,342.022800004763,0.269679402152209));
#10488=CARTESIAN_POINT('',(46.4109059357423,333.339239790653,12.0566394273906));
#10489=CARTESIAN_POINT('',(46.4206874117497,333.339239790653,12.0545603104824));
#10490=CARTESIAN_POINT('Ctrl Pts',(46.4109059357423,333.339239790653,12.0566394273906));
#10491=CARTESIAN_POINT('Ctrl Pts',(46.0514775153102,338.525007367886,10.3656616584246));
#10492=CARTESIAN_POINT('Ctrl Pts',(45.0424663930441,342.022800004763,5.61863755181256));
#10493=CARTESIAN_POINT('Ctrl Pts',(43.9059521701771,342.022800004763,0.27175851906041));
#10494=CARTESIAN_POINT('Origin',(43.5207339634879,375.179238278852,-1.5886479982962));
#10495=CARTESIAN_POINT('',(46.8769504379747,326.756360214113,14.2011090815028));
#10496=CARTESIAN_POINT('',(43.5207339634879,375.179238278852,-1.5886479982962));
#10497=CARTESIAN_POINT('',(46.8671689619674,326.756360214113,14.203188198411));
#10498=CARTESIAN_POINT('',(46.8769504379747,326.756360214113,14.2011090815028));
#10499=CARTESIAN_POINT('',(43.5109524874806,375.179238278852,-1.58656888138802));
#10500=CARTESIAN_POINT('Ctrl Pts',(49.3721227275334,318.0728,25.9880691067444));
#10501=CARTESIAN_POINT('Ctrl Pts',(49.3838604987449,318.0728,25.985574166454));
#10502=CARTESIAN_POINT('Ctrl Pts',(48.2356085046659,318.0728,20.6411900739927));
#10503=CARTESIAN_POINT('Ctrl Pts',(48.2473462758774,318.0728,20.6386951337023));
#10504=CARTESIAN_POINT('Ctrl Pts',(47.226597382399,321.570592636876,15.894165967377));
#10505=CARTESIAN_POINT('Ctrl Pts',(47.2383351536105,321.570592636876,15.8916710270866));
#10506=CARTESIAN_POINT('Ctrl Pts',(46.8671689619674,326.756360214113,14.203188198411));
#10507=CARTESIAN_POINT('Ctrl Pts',(46.878906733179,326.756360214113,14.2006932581206));
#10508=CARTESIAN_POINT('',(49.3819042035407,318.0728,25.9859899898361));
#10509=CARTESIAN_POINT('Ctrl Pts',(49.3819042035407,318.0728,25.9859899898361));
#10510=CARTESIAN_POINT('Ctrl Pts',(48.2453899806732,318.0728,20.6391109570846));
#10511=CARTESIAN_POINT('Ctrl Pts',(47.2363788584063,321.570592636876,15.8920868504688));
#10512=CARTESIAN_POINT('Ctrl Pts',(46.8769504379747,326.756360214113,14.2011090815028));
#10513=CARTESIAN_POINT('',(49.3721227275334,318.0728,25.9880691067444));
#10514=CARTESIAN_POINT('',(49.3819042035407,318.0728,25.9859899898361));
#10515=CARTESIAN_POINT('Ctrl Pts',(49.3721227275334,318.0728,25.9880691067444));
#10516=CARTESIAN_POINT('Ctrl Pts',(48.2356085046659,318.0728,20.6411900739927));
#10517=CARTESIAN_POINT('Ctrl Pts',(47.226597382399,321.570592636876,15.894165967377));
#10518=CARTESIAN_POINT('Ctrl Pts',(46.8671689619674,326.756360214113,14.203188198411));
#10519=CARTESIAN_POINT('Origin',(34.7228986673122,318.0728,-42.9792088309182));
#10520=CARTESIAN_POINT('',(51.7606885373494,318.0728,37.1772903906304));
#10521=CARTESIAN_POINT('',(34.7228986673122,318.0728,-42.9792088309182));
#10522=CARTESIAN_POINT('',(51.7509070613421,318.0728,37.1793695075386));
#10523=CARTESIAN_POINT('',(51.7606885373494,318.0728,37.1772903906304));
#10524=CARTESIAN_POINT('',(34.7131171913048,318.0728,-42.97712971401));
#10525=CARTESIAN_POINT('Origin',(52.3844236098027,318.0728,40.1117331928318));
#10526=CARTESIAN_POINT('',(52.384423609803,321.0728,40.1117331928318));
#10527=CARTESIAN_POINT('Origin',(52.3844236098027,318.0728,40.1117331928318));
#10528=CARTESIAN_POINT('',(52.3746421337957,321.0728,40.11381230974));
#10529=CARTESIAN_POINT('',(52.384423609803,321.0728,40.1117331928318));
#10530=CARTESIAN_POINT('Origin',(52.3746421337953,318.0728,40.11381230974));
#10531=CARTESIAN_POINT('Origin',(52.4,321.0728,40.1745039236228));
#10532=CARTESIAN_POINT('',(52.39,321.0728,70.9745039236228));
#10533=CARTESIAN_POINT('',(52.39,321.0728,40.2599326460467));
#10534=CARTESIAN_POINT('',(52.39,321.0728,40.1745039236228));
#10535=CARTESIAN_POINT('Origin',(51.6872,321.0728,40.2599326460467));
#10536=CARTESIAN_POINT('',(52.4,321.0728,40.2599326460467));
#10537=CARTESIAN_POINT('Origin',(51.6872,321.0728,40.2599326460467));
#10538=CARTESIAN_POINT('',(52.4,321.0728,70.9745039236228));
#10539=CARTESIAN_POINT('',(52.4,321.0728,40.1745039236228));
#10540=CARTESIAN_POINT('',(52.4,321.0728,70.9745039236228));
#10541=CARTESIAN_POINT('Origin',(52.4,341.0728,70.9745039236228));
#10542=CARTESIAN_POINT('Origin',(52.4,341.0728,70.9745039236228));
#10543=CARTESIAN_POINT('Origin',(52.39,341.0728,70.9745039236228));
#10544=CARTESIAN_POINT('Origin',(52.39,361.0728,40.1745039236228));
#10545=CARTESIAN_POINT('',(52.39,361.0728,40.2599326460467));
#10546=CARTESIAN_POINT('Origin',(51.6872,381.201392224069,40.2599326460467));
#10547=CARTESIAN_POINT('',(52.3746421337957,381.201392224069,40.11381230974));
#10548=CARTESIAN_POINT('Origin',(34.7131171913048,361.0728,-42.97712971401));
#10549=CARTESIAN_POINT('',(34.8499630990003,361.0728,-42.3333203363067));
#10550=CARTESIAN_POINT('Origin',(34.1625209652046,502.353935212239,-42.1872));
#10551=CARTESIAN_POINT('',(34.1625209652046,502.353935212239,-42.89));
#10552=CARTESIAN_POINT('Origin',(-34.8207134273856,361.0728,-42.89));
#10553=CARTESIAN_POINT('',(-34.1625209652046,361.0728,-42.89));
#10554=CARTESIAN_POINT('Origin',(-34.1625209652046,-62.7083352122392,-42.1872));
#10555=CARTESIAN_POINT('',(-34.8499630990004,-62.7083352122392,-42.3333203363065));
#10556=CARTESIAN_POINT('Origin',(-52.3924037639192,361.0728,40.1973742096131));
#10557=CARTESIAN_POINT('',(-52.3746421337956,361.0728,40.1138123097404));
#10558=CARTESIAN_POINT('Origin',(-51.6871999999999,300.957922839903,40.2599326460471));
#10559=CARTESIAN_POINT('',(-52.3899999999999,300.957922839903,40.2599326460471));
#10560=CARTESIAN_POINT('Origin',(-52.3899999999999,361.0728,40.1745039236231));
#10561=CARTESIAN_POINT('Origin',(52.4,361.0728,40.1745039236228));
#10562=CARTESIAN_POINT('',(52.4,361.0728,40.2599326460467));
#10563=CARTESIAN_POINT('Origin',(51.6872,381.201392224069,40.2599326460467));
#10564=CARTESIAN_POINT('',(52.384423609803,381.201392224069,40.1117331928318));
#10565=CARTESIAN_POINT('Origin',(34.7228986673122,361.0728,-42.9792088309182));
#10566=CARTESIAN_POINT('',(34.8597445750077,361.0728,-42.3353994532149));
#10567=CARTESIAN_POINT('Origin',(34.1625209652046,502.353935212239,-42.1872));
#10568=CARTESIAN_POINT('',(34.1625209652046,502.353935212239,-42.9));
#10569=CARTESIAN_POINT('Origin',(-34.8207134273856,361.0728,-42.9));
#10570=CARTESIAN_POINT('',(-34.1625209652046,361.0728,-42.9));
#10571=CARTESIAN_POINT('Origin',(-34.1625209652046,-62.7083352122392,-42.1872));
#10572=CARTESIAN_POINT('',(-34.8597445750077,-62.7083352122392,-42.3353994532147));
#10573=CARTESIAN_POINT('Origin',(-52.4021852399265,361.0728,40.1952950927049));
#10574=CARTESIAN_POINT('',(-52.384423609803,361.0728,40.1117331928322));
#10575=CARTESIAN_POINT('Origin',(-51.6871999999999,300.957922839903,40.2599326460471));
#10576=CARTESIAN_POINT('',(-52.3999999999999,300.957922839903,40.2599326460471));
#10577=CARTESIAN_POINT('Origin',(-52.3999999999999,361.0728,40.1745039236231));
#10578=CARTESIAN_POINT('Ctrl Pts',(45.9607678055513,68.8891208330969,9.9389060266693));
#10579=CARTESIAN_POINT('Ctrl Pts',(45.9725055767603,68.8891208330969,9.93641108637943));
#10580=CARTESIAN_POINT('Ctrl Pts',(45.998129956444,68.3500224813845,10.1146811267143));
#10581=CARTESIAN_POINT('Ctrl Pts',(46.0098677276531,68.3500224813845,10.1121861864245));
#10582=CARTESIAN_POINT('Ctrl Pts',(46.0917449409324,67.2907049560462,10.5551050014368));
#10583=CARTESIAN_POINT('Ctrl Pts',(46.1034827121415,67.2907049560462,10.552610061147));
#10584=CARTESIAN_POINT('Ctrl Pts',(46.338320132847,65.403739212637,11.7151500735687));
#10585=CARTESIAN_POINT('Ctrl Pts',(46.3500579040561,65.403739212637,11.7126551332789));
#10586=CARTESIAN_POINT('Ctrl Pts',(46.7498984231936,63.4551315823617,13.6514736907411));
#10587=CARTESIAN_POINT('Ctrl Pts',(46.7616361944027,63.4551315823617,13.6489787504512));
#10588=CARTESIAN_POINT('Ctrl Pts',(47.2643999773545,62.1933494295829,16.0720131938198));
#10589=CARTESIAN_POINT('Ctrl Pts',(47.2761377485635,62.1933494295829,16.0695182535299));
#10590=CARTESIAN_POINT('Ctrl Pts',(47.71456392561,61.6649681267056,18.1898680589848));
#10591=CARTESIAN_POINT('Ctrl Pts',(47.7263016968191,61.6649681267056,18.1873731186949));
#10592=CARTESIAN_POINT('Ctrl Pts',(47.9531099417879,61.5728014801411,19.3121388291914));
#10593=CARTESIAN_POINT('Ctrl Pts',(47.964847712997,61.5728014801411,19.3096438889015));
#10594=CARTESIAN_POINT('Ctrl Pts',(48.0712579162896,61.5728014801411,19.8679813474058));
#10595=CARTESIAN_POINT('Ctrl Pts',(48.0829956874986,61.5728014801411,19.8654864071159));
#10596=CARTESIAN_POINT('',(48.081039392297,61.5728014801409,19.8659022304977));
#10597=CARTESIAN_POINT('',(48.0712579162896,61.5728014801408,19.8679813474059));
#10598=CARTESIAN_POINT('',(48.081039392297,61.5728014801409,19.8659022304977));
#10599=CARTESIAN_POINT('',(45.9705492815586,68.8891208330968,9.93682690976116));
#10600=CARTESIAN_POINT('Ctrl Pts',(48.081039392297,61.5728014801409,19.8659022304977));
#10601=CARTESIAN_POINT('Ctrl Pts',(47.962891417795,61.5728014801411,19.3100597122833));
#10602=CARTESIAN_POINT('Ctrl Pts',(47.7243454016171,61.6649681267056,18.1877889420767));
#10603=CARTESIAN_POINT('Ctrl Pts',(47.2741814533616,62.1933494295829,16.0699340769117));
#10604=CARTESIAN_POINT('Ctrl Pts',(46.7596798992007,63.4551315823617,13.649394573833));
#10605=CARTESIAN_POINT('Ctrl Pts',(46.3481016088541,65.403739212637,11.7130709566606));
#10606=CARTESIAN_POINT('Ctrl Pts',(46.1015264169395,67.2907049560462,10.5530258845287));
#10607=CARTESIAN_POINT('Ctrl Pts',(46.0079114324511,68.3500224813845,10.1126020098062));
#10608=CARTESIAN_POINT('Ctrl Pts',(45.9705492815586,68.8891208330968,9.93682690976116));
#10609=CARTESIAN_POINT('',(45.9607678055513,68.8891208330967,9.93890602666936));
#10610=CARTESIAN_POINT('',(45.9705492815586,68.8891208330968,9.93682690976116));
#10611=CARTESIAN_POINT('Ctrl Pts',(48.0712579162896,61.5728014801408,19.8679813474059));
#10612=CARTESIAN_POINT('Ctrl Pts',(47.9531099417877,61.5728014801411,19.3121388291914));
#10613=CARTESIAN_POINT('Ctrl Pts',(47.7145639256098,61.6649681267056,18.1898680589849));
#10614=CARTESIAN_POINT('Ctrl Pts',(47.2643999773542,62.1933494295829,16.0720131938198));
#10615=CARTESIAN_POINT('Ctrl Pts',(46.7498984231934,63.4551315823617,13.6514736907412));
#10616=CARTESIAN_POINT('Ctrl Pts',(46.3383201328468,65.403739212637,11.7151500735688));
#10617=CARTESIAN_POINT('Ctrl Pts',(46.0917449409322,67.2907049560462,10.5551050014369));
#10618=CARTESIAN_POINT('Ctrl Pts',(45.9981299564438,68.3500224813845,10.1146811267144));
#10619=CARTESIAN_POINT('Ctrl Pts',(45.9607678055513,68.8891208330967,9.93890602666936));
#10620=CARTESIAN_POINT('Origin',(26.6210259451127,348.083329085303,-81.0955231829411));
#10621=CARTESIAN_POINT('',(44.5242532265307,89.757721829651,3.13253894205677));
#10622=CARTESIAN_POINT('',(26.6210259451127,348.083329085303,-81.0955231829411));
#10623=CARTESIAN_POINT('',(44.5144717505234,89.7577218296509,3.13461805896498));
#10624=CARTESIAN_POINT('',(44.5242532265307,89.757721829651,3.13253894205677));
#10625=CARTESIAN_POINT('',(26.6112444691054,348.083329085303,-81.0934440660329));
#10626=CARTESIAN_POINT('Ctrl Pts',(41.6150133738537,99.8091138387279,-10.5062611210951));
#10627=CARTESIAN_POINT('Ctrl Pts',(41.6267511450631,99.8091138387279,-10.508756061385));
#10628=CARTESIAN_POINT('Ctrl Pts',(41.7772186398948,99.8091138387282,-9.74314534256194));
#10629=CARTESIAN_POINT('Ctrl Pts',(41.7889564111042,99.8091138387282,-9.74564028285186));
#10630=CARTESIAN_POINT('Ctrl Pts',(42.1044609136161,99.6826986382351,-8.20359148851848));
#10631=CARTESIAN_POINT('Ctrl Pts',(42.1161986848255,99.6826986382351,-8.2060864288084));
#10632=CARTESIAN_POINT('Ctrl Pts',(42.7240202985108,98.9556794055753,-5.28879375173312));
#10633=CARTESIAN_POINT('Ctrl Pts',(42.7357580697201,98.9556794055753,-5.29128869202305));
#10634=CARTESIAN_POINT('Ctrl Pts',(43.4302801104864,97.2227157329176,-1.96610257519773));
#10635=CARTESIAN_POINT('Ctrl Pts',(43.4420178816958,97.2227157329176,-1.96859751548766));
#10636=CARTESIAN_POINT('Ctrl Pts',(43.9954352834334,94.5481353889059,0.692743467976502));
#10637=CARTESIAN_POINT('Ctrl Pts',(44.0071730546428,94.5481353889059,0.690248527686573));
#10638=CARTESIAN_POINT('Ctrl Pts',(44.3347584610334,91.9510494701161,2.28913350615723));
#10639=CARTESIAN_POINT('Ctrl Pts',(44.3464962322427,91.9510494701161,2.2866385658673));
#10640=CARTESIAN_POINT('Ctrl Pts',(44.4631772814392,90.4978495544862,2.89329655526227));
#10641=CARTESIAN_POINT('Ctrl Pts',(44.4749150526486,90.4978495544862,2.89080161497234));
#10642=CARTESIAN_POINT('Ctrl Pts',(44.5144717505233,89.7577218296511,3.13461805896494));
#10643=CARTESIAN_POINT('Ctrl Pts',(44.5262095217326,89.7577218296511,3.13212311867501));
#10644=CARTESIAN_POINT('',(41.624794849861,99.8091138387278,-10.5083402380033));
#10645=CARTESIAN_POINT('Ctrl Pts',(44.5242532265307,89.757721829651,3.13253894205677));
#10646=CARTESIAN_POINT('Ctrl Pts',(44.4729587574464,90.4978495544862,2.89121743835413));
#10647=CARTESIAN_POINT('Ctrl Pts',(44.3445399370406,91.9510494701161,2.28705438924908));
#10648=CARTESIAN_POINT('Ctrl Pts',(44.0052167594406,94.5481353889059,0.690664351068355));
#10649=CARTESIAN_POINT('Ctrl Pts',(43.4400615864936,97.2227157329176,-1.96818169210588));
#10650=CARTESIAN_POINT('Ctrl Pts',(42.7338017745179,98.9556794055753,-5.29087286864127));
#10651=CARTESIAN_POINT('Ctrl Pts',(42.1142423896233,99.6826986382351,-8.20567060542663));
#10652=CARTESIAN_POINT('Ctrl Pts',(41.787000115902,99.8091138387282,-9.74522445947008));
#10653=CARTESIAN_POINT('Ctrl Pts',(41.624794849861,99.8091138387278,-10.5083402380033));
#10654=CARTESIAN_POINT('',(41.6150133738537,99.8091138387277,-10.5062611210951));
#10655=CARTESIAN_POINT('',(41.624794849861,99.8091138387278,-10.5083402380033));
#10656=CARTESIAN_POINT('Ctrl Pts',(44.5144717505234,89.7577218296509,3.13461805896498));
#10657=CARTESIAN_POINT('Ctrl Pts',(44.4631772814391,90.4978495544862,2.8932965552623));
#10658=CARTESIAN_POINT('Ctrl Pts',(44.3347584610332,91.9510494701161,2.28913350615726));
#10659=CARTESIAN_POINT('Ctrl Pts',(43.9954352834333,94.5481353889059,0.692743467976533));
#10660=CARTESIAN_POINT('Ctrl Pts',(43.4302801104863,97.2227157329176,-1.9661025751977));
#10661=CARTESIAN_POINT('Ctrl Pts',(42.7240202985106,98.9556794055753,-5.28879375173309));
#10662=CARTESIAN_POINT('Ctrl Pts',(42.104460913616,99.6826986382351,-8.20359148851845));
#10663=CARTESIAN_POINT('Ctrl Pts',(41.7772186398947,99.8091138387282,-9.74314534256191));
#10664=CARTESIAN_POINT('Ctrl Pts',(41.6150133738537,99.8091138387277,-10.5062611210951));
#10665=CARTESIAN_POINT('Origin',(-52.4021852399265,99.809113838728,40.1952950927049));
#10666=CARTESIAN_POINT('',(-34.8499630990004,99.8091138387281,-42.3333203363065));
#10667=CARTESIAN_POINT('',(-41.5672717925819,99.8091138387277,-10.73086760182));
#10668=CARTESIAN_POINT('',(-52.3924037639192,99.809113838728,40.1973742096131));
#10669=CARTESIAN_POINT('',(-34.1625209652046,99.8091138387283,-42.89));
#10670=CARTESIAN_POINT('Origin',(-34.1625209652046,99.8091138387282,-42.1872));
#10671=CARTESIAN_POINT('',(34.1625209652046,99.8091138387281,-42.89));
#10672=CARTESIAN_POINT('',(-34.8207134273856,99.8091138387282,-42.89));
#10673=CARTESIAN_POINT('',(34.8499630990003,99.8091138387278,-42.3333203363067));
#10674=CARTESIAN_POINT('Origin',(34.1625209652046,99.8091138387279,-42.1872));
#10675=CARTESIAN_POINT('',(34.7131171913048,99.8091138387277,-42.97712971401));
#10676=CARTESIAN_POINT('',(34.8597445750077,99.8091138387279,-42.3353994532149));
#10677=CARTESIAN_POINT('',(34.7228986673122,99.8091138387278,-42.9792088309182));
#10678=CARTESIAN_POINT('',(34.1625209652046,99.8091138387281,-42.9));
#10679=CARTESIAN_POINT('Origin',(34.1625209652046,99.8091138387281,-42.1872));
#10680=CARTESIAN_POINT('',(-34.1625209652046,99.8091138387282,-42.9));
#10681=CARTESIAN_POINT('',(-34.8207134273856,99.8091138387282,-42.9));
#10682=CARTESIAN_POINT('',(-34.8597445750077,99.8091138387281,-42.3353994532147));
#10683=CARTESIAN_POINT('Origin',(-34.1625209652046,99.8091138387281,-42.1872));
#10684=CARTESIAN_POINT('',(-41.5770532685892,99.8091138387278,-10.7329467187282));
#10685=CARTESIAN_POINT('',(-52.4021852399265,99.809113838728,40.1952950927049));
#10686=CARTESIAN_POINT('',(-41.5770532685892,99.8091138387278,-10.7329467187282));
#10687=CARTESIAN_POINT('Ctrl Pts',(-44.4667307822629,89.7577129844805,2.91001446223348));
#10688=CARTESIAN_POINT('Ctrl Pts',(-44.4784685534736,89.7577129844805,2.90751952194325));
#10689=CARTESIAN_POINT('Ctrl Pts',(-44.4154363837463,90.4978412558602,2.66869329052494));
#10690=CARTESIAN_POINT('Ctrl Pts',(-44.4271741549571,90.4978412558602,2.66619835023471));
#10691=CARTESIAN_POINT('Ctrl Pts',(-44.2870176729638,91.9510423206133,2.06453075715687));
#10692=CARTESIAN_POINT('Ctrl Pts',(-44.2987554441745,91.9510423206133,2.06203581686665));
#10693=CARTESIAN_POINT('Ctrl Pts',(-43.9476945966185,94.548130391581,0.46814119534179));
#10694=CARTESIAN_POINT('Ctrl Pts',(-43.9594323678293,94.548130391581,0.465646255051563));
#10695=CARTESIAN_POINT('Ctrl Pts',(-43.3825393557483,97.2227131497273,-2.19070516738633));
#10696=CARTESIAN_POINT('Ctrl Pts',(-43.394277126959,97.2227131497273,-2.19320010767655));
#10697=CARTESIAN_POINT('Ctrl Pts',(-42.6762792746512,98.9556785234254,-5.51339761003908));
#10698=CARTESIAN_POINT('Ctrl Pts',(-42.6880170458619,98.9556785234254,-5.5158925503293));
#10699=CARTESIAN_POINT('Ctrl Pts',(-42.0567195931489,99.6826985035298,-8.42819674225423));
#10700=CARTESIAN_POINT('Ctrl Pts',(-42.0684573643596,99.6826985035298,-8.43069168254446));
#10701=CARTESIAN_POINT('Ctrl Pts',(-41.7294771441089,99.8091138387279,-9.96775142110728));
#10702=CARTESIAN_POINT('Ctrl Pts',(-41.7412149153197,99.8091138387279,-9.97024636139751));
#10703=CARTESIAN_POINT('Ctrl Pts',(-41.5672717925819,99.8091138387279,-10.73086760182));
#10704=CARTESIAN_POINT('Ctrl Pts',(-41.5790095637927,99.8091138387279,-10.7333625421102));
#10705=CARTESIAN_POINT('',(-44.4765122582706,89.7577129844804,2.90793534532521));
#10706=CARTESIAN_POINT('Ctrl Pts',(-41.5770532685892,99.8091138387278,-10.7329467187282));
#10707=CARTESIAN_POINT('Ctrl Pts',(-41.7392586201177,99.8091138387279,-9.96983053801578));
#10708=CARTESIAN_POINT('Ctrl Pts',(-42.0665010691577,99.6826985035298,-8.43027585916272));
#10709=CARTESIAN_POINT('Ctrl Pts',(-42.68606075066,98.9556785234254,-5.51547672694757));
#10710=CARTESIAN_POINT('Ctrl Pts',(-43.3923208317571,97.2227131497273,-2.19278428429482));
#10711=CARTESIAN_POINT('Ctrl Pts',(-43.9574760726273,94.548130391581,0.466062078433298));
#10712=CARTESIAN_POINT('Ctrl Pts',(-44.2967991489726,91.9510423206133,2.06245164024838));
#10713=CARTESIAN_POINT('Ctrl Pts',(-44.4252178597551,90.4978412558602,2.66661417361644));
#10714=CARTESIAN_POINT('Ctrl Pts',(-44.4765122582706,89.7577129844804,2.90793534532521));
#10715=CARTESIAN_POINT('',(-44.4667307822632,89.7577129844803,2.91001446223337));
#10716=CARTESIAN_POINT('',(-44.4765122582706,89.7577129844804,2.90793534532521));
#10717=CARTESIAN_POINT('Ctrl Pts',(-41.5672717925819,99.8091138387277,-10.73086760182));
#10718=CARTESIAN_POINT('Ctrl Pts',(-41.7294771441104,99.8091138387279,-9.9677514211076));
#10719=CARTESIAN_POINT('Ctrl Pts',(-42.0567195931503,99.6826985035298,-8.42819674225454));
#10720=CARTESIAN_POINT('Ctrl Pts',(-42.6762792746527,98.9556785234254,-5.51339761003939));
#10721=CARTESIAN_POINT('Ctrl Pts',(-43.3825393557498,97.2227131497273,-2.19070516738664));
#10722=CARTESIAN_POINT('Ctrl Pts',(-43.94769459662,94.548130391581,0.468141195341475));
#10723=CARTESIAN_POINT('Ctrl Pts',(-44.2870176729653,91.9510423206133,2.06453075715656));
#10724=CARTESIAN_POINT('Ctrl Pts',(-44.4154363837478,90.4978412558602,2.66869329052462));
#10725=CARTESIAN_POINT('Ctrl Pts',(-44.4667307822632,89.7577129844803,2.91001446223337));
#10726=CARTESIAN_POINT('Origin',(-28.3460584163703,322.504470210288,-72.9798834788338));
#10727=CARTESIAN_POINT('',(-45.9228041963526,68.8891272714106,9.71220394432193));
#10728=CARTESIAN_POINT('',(-28.3460584163703,322.504470210288,-72.9798834788338));
#10729=CARTESIAN_POINT('',(-45.9130227203452,68.8891272714104,9.71428306123009));
#10730=CARTESIAN_POINT('',(-45.9228041963526,68.8891272714106,9.71220394432193));
#10731=CARTESIAN_POINT('',(-28.336276940363,322.504470210288,-72.9778043619256));
#10732=CARTESIAN_POINT('Ctrl Pts',(-48.0235132772897,61.5728014801366,19.6433604812027));
#10733=CARTESIAN_POINT('Ctrl Pts',(-48.0352510484996,61.5728014801366,19.6408655409126));
#10734=CARTESIAN_POINT('Ctrl Pts',(-47.9053652403597,61.5728014801366,19.0875176692861));
#10735=CARTESIAN_POINT('Ctrl Pts',(-47.9171030115696,61.5728014801366,19.0850227289961));
#10736=CARTESIAN_POINT('Ctrl Pts',(-47.6668190956865,61.6649682252126,17.9652462945563));
#10737=CARTESIAN_POINT('Ctrl Pts',(-47.6785568668964,61.6649682252126,17.9627513542663));
#10738=CARTESIAN_POINT('Ctrl Pts',(-47.2166549335495,62.1933500696837,15.8473904231582));
#10739=CARTESIAN_POINT('Ctrl Pts',(-47.2283927047594,62.1933500696837,15.8448954828682));
#10740=CARTESIAN_POINT('Ctrl Pts',(-46.7021531824194,63.4551334618454,13.4268499934116));
#10741=CARTESIAN_POINT('Ctrl Pts',(-46.7138909536293,63.4551334618454,13.4243550531216));
#10742=CARTESIAN_POINT('Ctrl Pts',(-46.2905748422902,65.4037428545138,11.49052614203));
#10743=CARTESIAN_POINT('Ctrl Pts',(-46.3023126135,65.4037428545138,11.4880312017399));
#10744=CARTESIAN_POINT('Ctrl Pts',(-46.0439997247494,67.2907101547839,10.3304814197991));
#10745=CARTESIAN_POINT('Ctrl Pts',(-46.0557374959592,67.2907101547839,10.3279864795091));
#10746=CARTESIAN_POINT('Ctrl Pts',(-45.9503848198887,68.350028520866,9.89005791969566));
#10747=CARTESIAN_POINT('Ctrl Pts',(-45.9621225910986,68.350028520866,9.88756297940562));
#10748=CARTESIAN_POINT('Ctrl Pts',(-45.9130227203452,68.8891272714107,9.71428306123012));
#10749=CARTESIAN_POINT('Ctrl Pts',(-45.9247604915551,68.8891272714107,9.71178812094008));
#10750=CARTESIAN_POINT('',(-48.0332947532973,61.5728014801366,19.6412813642944));
#10751=CARTESIAN_POINT('Ctrl Pts',(-45.9228041963526,68.8891272714106,9.71220394432193));
#10752=CARTESIAN_POINT('Ctrl Pts',(-45.9601662958969,68.350028520866,9.88797880278729));
#10753=CARTESIAN_POINT('Ctrl Pts',(-46.0537812007576,67.2907101547839,10.3284023028908));
#10754=CARTESIAN_POINT('Ctrl Pts',(-46.3003563182984,65.4037428545138,11.4884470251216));
#10755=CARTESIAN_POINT('Ctrl Pts',(-46.7119346584277,63.4551334618454,13.4247708765032));
#10756=CARTESIAN_POINT('Ctrl Pts',(-47.2264364095578,62.1933500696837,15.8453113062498));
#10757=CARTESIAN_POINT('Ctrl Pts',(-47.6766005716947,61.6649682252126,17.9631671776479));
#10758=CARTESIAN_POINT('Ctrl Pts',(-47.915146716368,61.5728014801366,19.0854385523778));
#10759=CARTESIAN_POINT('Ctrl Pts',(-48.0332947532973,61.5728014801366,19.6412813642944));
#10760=CARTESIAN_POINT('',(-48.02351327729,61.5728014801364,19.6433604812026));
#10761=CARTESIAN_POINT('',(-48.0332947532973,61.5728014801366,19.6412813642944));
#10762=CARTESIAN_POINT('Ctrl Pts',(-45.9130227203452,68.8891272714104,9.71428306123009));
#10763=CARTESIAN_POINT('Ctrl Pts',(-45.9503848198896,68.350028520866,9.89005791969547));
#10764=CARTESIAN_POINT('Ctrl Pts',(-46.0439997247503,67.2907101547839,10.330481419799));
#10765=CARTESIAN_POINT('Ctrl Pts',(-46.2905748422911,65.4037428545138,11.4905261420298));
#10766=CARTESIAN_POINT('Ctrl Pts',(-46.7021531824203,63.4551334618454,13.4268499934114));
#10767=CARTESIAN_POINT('Ctrl Pts',(-47.2166549335504,62.1933500696837,15.847390423158));
#10768=CARTESIAN_POINT('Ctrl Pts',(-47.6668190956874,61.6649682252126,17.9652462945561));
#10769=CARTESIAN_POINT('Ctrl Pts',(-47.9053652403606,61.5728014801366,19.087517669286));
#10770=CARTESIAN_POINT('Ctrl Pts',(-48.02351327729,61.5728014801364,19.6433604812026));
#10771=CARTESIAN_POINT('Origin',(-52.4021852399265,61.5728014801366,40.1952950927049));
#10772=CARTESIAN_POINT('',(-53.1121145276651,61.5728014801366,43.5352497954005));
#10773=CARTESIAN_POINT('',(-52.4021852399265,61.5728014801366,40.1952950927049));
#10774=CARTESIAN_POINT('',(-53.1023330516578,61.5728014801364,43.5373289123086));
#10775=CARTESIAN_POINT('',(-53.1121145276651,61.5728014801366,43.5352497954005));
#10776=CARTESIAN_POINT('',(-52.3924037639192,61.5728014801364,40.1973742096131));
#10777=CARTESIAN_POINT('Origin',(-53.1121145276651,361.0728,43.5352497954005));
#10778=CARTESIAN_POINT('',(-53.1121145276651,59.5728014801366,43.5352497954005));
#10779=CARTESIAN_POINT('',(-53.1121145276651,361.0728,43.5352497954005));
#10780=CARTESIAN_POINT('',(-53.1023330516578,59.5728014801364,43.5373289123086));
#10781=CARTESIAN_POINT('',(-53.1121145276651,59.5728014801366,43.5352497954005));
#10782=CARTESIAN_POINT('',(-53.1023330516578,361.0728,43.5373289123086));
#10783=CARTESIAN_POINT('Origin',(-52.4021852399265,59.5728014801365,40.1952950927049));
#10784=CARTESIAN_POINT('',(-48.0332947532973,59.5728014801365,19.6412813642944));
#10785=CARTESIAN_POINT('',(-52.4021852399265,59.5728014801365,40.1952950927049));
#10786=CARTESIAN_POINT('',(-48.02351327729,59.5728014801364,19.6433604812026));
#10787=CARTESIAN_POINT('',(-48.0332947532973,59.5728014801365,19.6412813642944));
#10788=CARTESIAN_POINT('',(-52.3924037639192,59.5728014801364,40.1973742096131));
#10789=CARTESIAN_POINT('Ctrl Pts',(-45.5185385039769,68.2566648028954,7.85838073918939));
#10790=CARTESIAN_POINT('Ctrl Pts',(-45.5302762751868,68.2566648028954,7.85588579889934));
#10791=CARTESIAN_POINT('Ctrl Pts',(-45.8779475314678,63.0707421694816,9.54926727153724));
#10792=CARTESIAN_POINT('Ctrl Pts',(-45.8896853026777,63.0707421694816,9.54677233124719));
#10793=CARTESIAN_POINT('Ctrl Pts',(-46.8869746038296,59.5728014801366,14.2963664174503));
#10794=CARTESIAN_POINT('Ctrl Pts',(-46.8987123750395,59.5728014801366,14.2938714771603));
#10795=CARTESIAN_POINT('Ctrl Pts',(-48.02351327729,59.5728014801364,19.6433604812026));
#10796=CARTESIAN_POINT('Ctrl Pts',(-48.0352510484999,59.5728014801364,19.6408655409125));
#10797=CARTESIAN_POINT('',(-45.5283199799842,68.2566648028956,7.85630162228123));
#10798=CARTESIAN_POINT('Ctrl Pts',(-45.5283199799842,68.2566648028956,7.85630162228123));
#10799=CARTESIAN_POINT('Ctrl Pts',(-45.8877290074751,63.0707421694816,9.54718815462907));
#10800=CARTESIAN_POINT('Ctrl Pts',(-46.8967560798369,59.5728014801366,14.2942873005421));
#10801=CARTESIAN_POINT('Ctrl Pts',(-48.0332947532973,59.5728014801365,19.6412813642944));
#10802=CARTESIAN_POINT('',(-45.5185385039769,68.2566648028954,7.85838073918939));
#10803=CARTESIAN_POINT('',(-45.5283199799842,68.2566648028956,7.85630162228123));
#10804=CARTESIAN_POINT('Ctrl Pts',(-45.5185385039769,68.2566648028954,7.85838073918939));
#10805=CARTESIAN_POINT('Ctrl Pts',(-45.8779475314678,63.0707421694816,9.54926727153724));
#10806=CARTESIAN_POINT('Ctrl Pts',(-46.8869746038296,59.5728014801366,14.2963664174503));
#10807=CARTESIAN_POINT('Ctrl Pts',(-48.02351327729,59.5728014801364,19.6433604812026));
#10808=CARTESIAN_POINT('Origin',(-27.951574200002,321.872007741773,-74.8357858008745));
#10809=CARTESIAN_POINT('',(-44.0820280419022,89.1252505159657,1.05203302328439));
#10810=CARTESIAN_POINT('',(-27.951574200002,321.872007741773,-74.8357858008745));
#10811=CARTESIAN_POINT('',(-44.0722465658949,89.1252505159655,1.05411214019255));
#10812=CARTESIAN_POINT('',(-44.0820280419022,89.1252505159657,1.05203302328439));
#10813=CARTESIAN_POINT('',(-27.9417927239946,321.872007741773,-74.8337066839663));
#10814=CARTESIAN_POINT('Ctrl Pts',(-41.5672717925819,97.8091138387279,-10.73086760182));
#10815=CARTESIAN_POINT('Ctrl Pts',(-41.5790095637926,97.8091138387279,-10.7333625421102));
#10816=CARTESIAN_POINT('Ctrl Pts',(-42.7038104660429,97.8091138387279,-5.38387353806784));
#10817=CARTESIAN_POINT('Ctrl Pts',(-42.7155482372536,97.8091138387279,-5.38636847835806));
#10818=CARTESIAN_POINT('Ctrl Pts',(-43.7128375384047,94.3111731493797,-0.63677439215444));
#10819=CARTESIAN_POINT('Ctrl Pts',(-43.7245753096155,94.3111731493797,-0.639269332444664));
#10820=CARTESIAN_POINT('Ctrl Pts',(-44.0722465658945,89.1252505159657,1.05411214019266));
#10821=CARTESIAN_POINT('Ctrl Pts',(-44.0839843371053,89.1252505159657,1.05161719990244));
#10822=CARTESIAN_POINT('',(-41.5770532685892,97.8091138387279,-10.7329467187282));
#10823=CARTESIAN_POINT('Ctrl Pts',(-41.5770532685892,97.8091138387279,-10.7329467187282));
#10824=CARTESIAN_POINT('Ctrl Pts',(-42.7135919420517,97.8091138387279,-5.38595265497633));
#10825=CARTESIAN_POINT('Ctrl Pts',(-43.7226190144136,94.3111731493797,-0.638853509062932));
#10826=CARTESIAN_POINT('Ctrl Pts',(-44.0820280419022,89.1252505159657,1.05203302328439));
#10827=CARTESIAN_POINT('',(-41.5672717925819,97.8091138387278,-10.73086760182));
#10828=CARTESIAN_POINT('',(-41.5770532685892,97.8091138387279,-10.7329467187282));
#10829=CARTESIAN_POINT('Ctrl Pts',(-41.5672717925819,97.8091138387279,-10.73086760182));
#10830=CARTESIAN_POINT('Ctrl Pts',(-42.7038104660429,97.8091138387279,-5.38387353806784));
#10831=CARTESIAN_POINT('Ctrl Pts',(-43.7128375384047,94.3111731493797,-0.63677439215444));
#10832=CARTESIAN_POINT('Ctrl Pts',(-44.0722465658945,89.1252505159657,1.05411214019266));
#10833=CARTESIAN_POINT('Origin',(34.7228986673122,97.8091138387278,-42.9792088309182));
#10834=CARTESIAN_POINT('',(41.6150133738538,97.8091138387277,-10.5062611210944));
#10835=CARTESIAN_POINT('',(34.8499630990004,97.8091138387279,-42.3333203363067));
#10836=CARTESIAN_POINT('',(34.7131171913048,97.8091138387277,-42.97712971401));
#10837=CARTESIAN_POINT('',(34.1625209652046,97.8091138387282,-42.89));
#10838=CARTESIAN_POINT('Origin',(34.1625209652046,97.8091138387281,-42.1872));
#10839=CARTESIAN_POINT('',(-34.1625209652046,97.8091138387282,-42.89));
#10840=CARTESIAN_POINT('',(-34.8207134273856,97.8091138387282,-42.89));
#10841=CARTESIAN_POINT('',(-34.8499630990003,97.809113838728,-42.3333203363065));
#10842=CARTESIAN_POINT('Origin',(-34.1625209652046,97.8091138387281,-42.1872));
#10843=CARTESIAN_POINT('',(-52.3924037639192,97.809113838728,40.1973742096131));
#10844=CARTESIAN_POINT('',(-34.8597445750077,97.8091138387281,-42.3353994532147));
#10845=CARTESIAN_POINT('',(-52.4021852399265,97.809113838728,40.1952950927049));
#10846=CARTESIAN_POINT('',(-34.1625209652046,97.8091138387282,-42.9));
#10847=CARTESIAN_POINT('Origin',(-34.1625209652046,97.8091138387281,-42.1872));
#10848=CARTESIAN_POINT('',(34.1625209652046,97.8091138387281,-42.9));
#10849=CARTESIAN_POINT('',(-34.8207134273856,97.8091138387282,-42.9));
#10850=CARTESIAN_POINT('',(34.8597445750077,97.8091138387279,-42.3353994532149));
#10851=CARTESIAN_POINT('Origin',(34.1625209652046,97.8091138387281,-42.1872));
#10852=CARTESIAN_POINT('',(41.6247948498612,97.8091138387278,-10.5083402380026));
#10853=CARTESIAN_POINT('',(34.7228986673122,97.8091138387278,-42.9792088309182));
#10854=CARTESIAN_POINT('',(41.6247948498612,97.8091138387278,-10.5083402380026));
#10855=CARTESIAN_POINT('Ctrl Pts',(44.119987617558,89.1252581577122,1.27871612930478));
#10856=CARTESIAN_POINT('Ctrl Pts',(44.1317253887669,89.1252581577122,1.27622118901495));
#10857=CARTESIAN_POINT('Ctrl Pts',(43.7605781011333,94.3111768819977,-0.412172703299306));
#10858=CARTESIAN_POINT('Ctrl Pts',(43.7723158723422,94.3111768819977,-0.414667643589135));
#10859=CARTESIAN_POINT('Ctrl Pts',(42.751551430887,97.8091138387298,-5.15926995740727));
#10860=CARTESIAN_POINT('Ctrl Pts',(42.7632892020958,97.8091138387298,-5.1617648976971));
#10861=CARTESIAN_POINT('Ctrl Pts',(41.6150133738538,97.8091138387277,-10.5062611210944));
#10862=CARTESIAN_POINT('Ctrl Pts',(41.6267511450627,97.8091138387277,-10.5087560613842));
#10863=CARTESIAN_POINT('',(44.1297690935654,89.1252581577123,1.27663701239658));
#10864=CARTESIAN_POINT('Ctrl Pts',(44.1297690935654,89.1252581577123,1.27663701239658));
#10865=CARTESIAN_POINT('Ctrl Pts',(43.7703595771406,94.3111768819977,-0.414251820207483));
#10866=CARTESIAN_POINT('Ctrl Pts',(42.7613329068943,97.8091138387298,-5.16134907431545));
#10867=CARTESIAN_POINT('Ctrl Pts',(41.6247948498612,97.8091138387278,-10.5083402380026));
#10868=CARTESIAN_POINT('',(44.119987617558,89.1252581577122,1.27871612930478));
#10869=CARTESIAN_POINT('',(44.1297690935654,89.1252581577123,1.27663701239658));
#10870=CARTESIAN_POINT('Ctrl Pts',(44.119987617558,89.1252581577122,1.27871612930478));
#10871=CARTESIAN_POINT('Ctrl Pts',(43.7605781011333,94.3111768819977,-0.412172703299306));
#10872=CARTESIAN_POINT('Ctrl Pts',(42.751551430887,97.8091138387298,-5.15926995740727));
#10873=CARTESIAN_POINT('Ctrl Pts',(41.6150133738538,97.8091138387277,-10.5062611210944));
#10874=CARTESIAN_POINT('Origin',(26.2265418121474,347.450865413364,-82.9514251126012));
#10875=CARTESIAN_POINT('',(45.5760651485933,68.2566571611576,8.08092498010113));
#10876=CARTESIAN_POINT('',(26.2265418121474,347.450865413364,-82.9514251126012));
#10877=CARTESIAN_POINT('',(45.566283672586,68.2566571611575,8.08300409700934));
#10878=CARTESIAN_POINT('',(45.5760651485933,68.2566571611576,8.08092498010113));
#10879=CARTESIAN_POINT('',(26.2167603361401,347.450865413364,-82.9493459956931));
#10880=CARTESIAN_POINT('Ctrl Pts',(48.0712579162896,59.5728014801411,19.8679813474058));
#10881=CARTESIAN_POINT('Ctrl Pts',(48.0829956874984,59.5728014801411,19.865486407116));
#10882=CARTESIAN_POINT('Ctrl Pts',(46.9347198592571,59.5728014801411,14.5209901837225));
#10883=CARTESIAN_POINT('Ctrl Pts',(46.946457630466,59.5728014801411,14.5184952434327));
#10884=CARTESIAN_POINT('Ctrl Pts',(45.9256931890109,63.0707384368716,9.77389292961515));
#10885=CARTESIAN_POINT('Ctrl Pts',(45.9374309602198,63.0707384368716,9.77139798932533));
#10886=CARTESIAN_POINT('Ctrl Pts',(45.566283672586,68.2566571611577,8.08300409700928));
#10887=CARTESIAN_POINT('Ctrl Pts',(45.5780214437948,68.2566571611577,8.08050915671945));
#10888=CARTESIAN_POINT('',(48.081039392297,59.5728014801409,19.8659022304977));
#10889=CARTESIAN_POINT('Ctrl Pts',(48.081039392297,59.5728014801409,19.8659022304977));
#10890=CARTESIAN_POINT('Ctrl Pts',(46.9445013352642,59.5728014801411,14.5189110668144));
#10891=CARTESIAN_POINT('Ctrl Pts',(45.935474665018,63.0707384368716,9.77181381270702));
#10892=CARTESIAN_POINT('Ctrl Pts',(45.5760651485933,68.2566571611576,8.08092498010113));
#10893=CARTESIAN_POINT('',(48.0712579162896,59.5728014801408,19.8679813474059));
#10894=CARTESIAN_POINT('',(48.081039392297,59.5728014801409,19.8659022304977));
#10895=CARTESIAN_POINT('Ctrl Pts',(48.0712579162896,59.5728014801411,19.8679813474058));
#10896=CARTESIAN_POINT('Ctrl Pts',(46.9347198592571,59.5728014801411,14.5209901837225));
#10897=CARTESIAN_POINT('Ctrl Pts',(45.9256931890109,63.0707384368716,9.77389292961515));
#10898=CARTESIAN_POINT('Ctrl Pts',(45.566283672586,68.2566571611577,8.08300409700928));
#10899=CARTESIAN_POINT('Origin',(34.7228986673122,59.5728014801409,-42.9792088309182));
#10900=CARTESIAN_POINT('',(53.1121145276652,59.5728014801409,43.5352497954001));
#10901=CARTESIAN_POINT('',(34.7228986673122,59.5728014801409,-42.9792088309182));
#10902=CARTESIAN_POINT('',(53.1023330516578,59.5728014801408,43.5373289123083));
#10903=CARTESIAN_POINT('',(53.1121145276652,59.5728014801409,43.5352497954001));
#10904=CARTESIAN_POINT('',(34.7131171913048,59.5728014801408,-42.97712971401));
#10905=CARTESIAN_POINT('Origin',(53.1121145276652,361.0728,43.5352497954001));
#10906=CARTESIAN_POINT('',(53.1121145276652,61.5728014801409,43.5352497954001));
#10907=CARTESIAN_POINT('',(53.1121145276652,361.0728,43.5352497954001));
#10908=CARTESIAN_POINT('',(53.1023330516578,61.5728014801408,43.5373289123083));
#10909=CARTESIAN_POINT('',(53.1121145276652,61.5728014801409,43.5352497954001));
#10910=CARTESIAN_POINT('',(53.1023330516578,361.0728,43.5373289123083));
#10911=CARTESIAN_POINT('Origin',(34.7228986673122,61.5728014801409,-42.9792088309182));
#10912=CARTESIAN_POINT('',(34.7228986673122,61.5728014801409,-42.9792088309182));
#10913=CARTESIAN_POINT('',(34.7131171913048,61.5728014801408,-42.97712971401));
#10914=CARTESIAN_POINT('Origin',(34.7131171913048,361.0728,-42.97712971401));
#10915=CARTESIAN_POINT('',(34.8499630990003,361.0728,-42.3333203363067));
#10916=CARTESIAN_POINT('Origin',(34.1625209652046,502.353935212239,-42.1872));
#10917=CARTESIAN_POINT('',(34.1625209652046,502.353935212239,-42.89));
#10918=CARTESIAN_POINT('Origin',(-34.8207134273856,361.0728,-42.89));
#10919=CARTESIAN_POINT('',(-34.1625209652046,361.0728,-42.89));
#10920=CARTESIAN_POINT('Origin',(-34.1625209652046,-62.7083352122392,-42.1872));
#10921=CARTESIAN_POINT('',(-34.8499630990004,-62.7083352122392,-42.3333203363065));
#10922=CARTESIAN_POINT('Origin',(-52.3924037639192,361.0728,40.1973742096131));
#10923=CARTESIAN_POINT('Origin',(34.7228986673122,361.0728,-42.9792088309182));
#10924=CARTESIAN_POINT('',(34.8597445750077,361.0728,-42.3353994532149));
#10925=CARTESIAN_POINT('Origin',(34.1625209652046,502.353935212239,-42.1872));
#10926=CARTESIAN_POINT('',(34.1625209652046,502.353935212239,-42.9));
#10927=CARTESIAN_POINT('Origin',(-34.8207134273856,361.0728,-42.9));
#10928=CARTESIAN_POINT('',(-34.1625209652046,361.0728,-42.9));
#10929=CARTESIAN_POINT('Origin',(-34.1625209652046,-62.7083352122392,-42.1872));
#10930=CARTESIAN_POINT('',(-34.8597445750077,-62.7083352122392,-42.3353994532147));
#10931=CARTESIAN_POINT('Origin',(-52.4021852399265,361.0728,40.1952950927049));
#10932=CARTESIAN_POINT('Ctrl Pts',(-46.4109475198661,333.338639772711,12.0568350653137));
#10933=CARTESIAN_POINT('Ctrl Pts',(-46.4226852910806,333.338639772711,12.0543401250226));
#10934=CARTESIAN_POINT('Ctrl Pts',(-46.0515574898464,338.524714288814,10.3660379090363));
#10935=CARTESIAN_POINT('Ctrl Pts',(-46.0632952610609,338.524714288814,10.3635429687453));
#10936=CARTESIAN_POINT('Ctrl Pts',(-45.0425147940512,342.022800004763,5.61886526064819));
#10937=CARTESIAN_POINT('Ctrl Pts',(-45.0542525652657,342.022800004763,5.61637032035716));
#10938=CARTESIAN_POINT('Ctrl Pts',(-43.9059521701769,342.022800004763,0.271758519060488));
#10939=CARTESIAN_POINT('Ctrl Pts',(-43.9176899413915,342.022800004763,0.269263578769459));
#10940=CARTESIAN_POINT('',(-43.9157336461843,342.022800004763,0.269679402152292));
#10941=CARTESIAN_POINT('',(-43.9059521701769,342.022800004763,0.271758519060444));
#10942=CARTESIAN_POINT('',(-43.9157336461843,342.022800004763,0.269679402152292));
#10943=CARTESIAN_POINT('',(-46.4207289958738,333.338639772711,12.0547559484054));
#10944=CARTESIAN_POINT('Ctrl Pts',(-43.9157336461843,342.022800004763,0.269679402152292));
#10945=CARTESIAN_POINT('Ctrl Pts',(-45.0522962700597,342.022800004763,5.61678614373976));
#10946=CARTESIAN_POINT('Ctrl Pts',(-46.0613389658549,338.524714288814,10.3639587921279));
#10947=CARTESIAN_POINT('Ctrl Pts',(-46.4207289958738,333.338639772711,12.0547559484054));
#10948=CARTESIAN_POINT('',(-46.4109475198664,333.338639772711,12.0568350653136));
#10949=CARTESIAN_POINT('',(-46.4207289958738,333.338639772711,12.0547559484054));
#10950=CARTESIAN_POINT('Ctrl Pts',(-43.9059521701769,342.022800004763,0.271758519060444));
#10951=CARTESIAN_POINT('Ctrl Pts',(-45.0425147940524,342.022800004763,5.61886526064794));
#10952=CARTESIAN_POINT('Ctrl Pts',(-46.0515574898476,338.524714288814,10.3660379090361));
#10953=CARTESIAN_POINT('Ctrl Pts',(-46.4109475198664,333.338639772711,12.0568350653136));
#10954=CARTESIAN_POINT('Origin',(-45.2890192738579,349.669451589186,6.73048031501983));
#10955=CARTESIAN_POINT('',(-46.8768331263398,326.756960232051,14.2005571736535));
#10956=CARTESIAN_POINT('',(-45.2890192738579,349.669451589186,6.73048031501983));
#10957=CARTESIAN_POINT('',(-46.8670516503325,326.756960232051,14.2026362905617));
#10958=CARTESIAN_POINT('',(-46.8768331263398,326.756960232051,14.2005571736535));
#10959=CARTESIAN_POINT('',(-45.2792377978506,349.669451589186,6.73255943192801));
#10960=CARTESIAN_POINT('Ctrl Pts',(-49.3687099881504,318.072810052177,25.9720134302897));
#10961=CARTESIAN_POINT('Ctrl Pts',(-49.3804477593621,318.072810052177,25.9695184899993));
#10962=CARTESIAN_POINT('Ctrl Pts',(-48.2335097105377,318.079649421283,20.6313160239438));
#10963=CARTESIAN_POINT('Ctrl Pts',(-48.2452474817495,318.079649421283,20.6288210836534));
#10964=CARTESIAN_POINT('Ctrl Pts',(-47.2260899118808,321.575961809755,15.8917785062971));
#10965=CARTESIAN_POINT('Ctrl Pts',(-47.2378276830926,321.575961809755,15.8892835660066));
#10966=CARTESIAN_POINT('Ctrl Pts',(-46.8670516503325,326.756960232051,14.2026362905617));
#10967=CARTESIAN_POINT('Ctrl Pts',(-46.8787894215443,326.756960232051,14.2001413502713));
#10968=CARTESIAN_POINT('',(-49.3784914641581,318.072810052177,25.9699343133815));
#10969=CARTESIAN_POINT('Ctrl Pts',(-46.8768331263398,326.756960232051,14.2005571736535));
#10970=CARTESIAN_POINT('Ctrl Pts',(-47.2358713878889,321.575961809755,15.8896993893887));
#10971=CARTESIAN_POINT('Ctrl Pts',(-48.2432911865458,318.079649421283,20.6292369070355));
#10972=CARTESIAN_POINT('Ctrl Pts',(-49.3784914641581,318.072810052177,25.9699343133815));
#10973=CARTESIAN_POINT('',(-49.3687099881507,318.072810052177,25.9720134302896));
#10974=CARTESIAN_POINT('',(-49.3784914641581,318.072810052177,25.9699343133815));
#10975=CARTESIAN_POINT('Ctrl Pts',(-46.8670516503325,326.756960232051,14.2026362905617));
#10976=CARTESIAN_POINT('Ctrl Pts',(-47.2260899118816,321.575961809755,15.8917785062969));
#10977=CARTESIAN_POINT('Ctrl Pts',(-48.2335097105384,318.079649421283,20.6313160239437));
#10978=CARTESIAN_POINT('Ctrl Pts',(-49.3687099881507,318.072810052177,25.9720134302896));
#10979=CARTESIAN_POINT('Origin',(-52.4021852399265,318.072810052177,40.1952950927049));
#10980=CARTESIAN_POINT('',(-51.7606885373508,318.072810052177,37.1772903906476));
#10981=CARTESIAN_POINT('',(-52.4021852399265,318.072810052177,40.1952950927049));
#10982=CARTESIAN_POINT('',(-51.7509070613435,318.072810052177,37.1793695075558));
#10983=CARTESIAN_POINT('',(-51.7606885373508,318.072810052177,37.1772903906476));
#10984=CARTESIAN_POINT('',(-52.3924037639192,318.072810052177,40.1973742096131));
#10985=CARTESIAN_POINT('Origin',(-52.3844236098006,318.0728,40.1117331928326));
#10986=CARTESIAN_POINT('',(-51.9195170665019,316.072810052177,37.9245198711361));
#10987=CARTESIAN_POINT('Origin',(-52.3844236098006,318.0728,40.1117331928326));
#10988=CARTESIAN_POINT('',(-51.9097355904946,316.072810052177,37.9265989880443));
#10989=CARTESIAN_POINT('',(-51.9195170665019,316.072810052177,37.9245198711361));
#10990=CARTESIAN_POINT('Origin',(-52.3746421337932,318.0728,40.1138123097408));
#10991=CARTESIAN_POINT('Origin',(-52.4021852399265,316.072810052177,40.1952950927049));
#10992=CARTESIAN_POINT('',(-49.3782310280475,316.072810052177,25.9687090578143));
#10993=CARTESIAN_POINT('',(-52.4021852399265,316.072810052177,40.1952950927049));
#10994=CARTESIAN_POINT('',(-49.3684495520402,316.072810052177,25.9707881747225));
#10995=CARTESIAN_POINT('',(-49.3782310280475,316.072810052177,25.9687090578143));
#10996=CARTESIAN_POINT('',(-52.3924037639192,316.072810052177,40.1973742096131));
#10997=CARTESIAN_POINT('Ctrl Pts',(-46.4725641935898,326.124544520905,12.3467187237587));
#10998=CARTESIAN_POINT('Ctrl Pts',(-46.4843019648012,326.124544520905,12.3442237834683));
#10999=CARTESIAN_POINT('Ctrl Pts',(-46.5238101320312,325.385054737647,12.5878119087382));
#11000=CARTESIAN_POINT('Ctrl Pts',(-46.5355479032425,325.385054737647,12.5853169684479));
#11001=CARTESIAN_POINT('Ctrl Pts',(-46.6520866580857,323.933078703002,13.1913055155537));
#11002=CARTESIAN_POINT('Ctrl Pts',(-46.663824429297,323.933078703002,13.1888105752633));
#11003=CARTESIAN_POINT('Ctrl Pts',(-46.9909892979829,321.337856059717,14.7857170793962));
#11004=CARTESIAN_POINT('Ctrl Pts',(-47.0027270691942,321.337856059717,14.7832221391058));
#11005=CARTESIAN_POINT('Ctrl Pts',(-47.5554090826398,318.664463603929,17.4411033926787));
#11006=CARTESIAN_POINT('Ctrl Pts',(-47.5671468538511,318.664463603929,17.4386084523884));
#11007=CARTESIAN_POINT('Ctrl Pts',(-48.2607543441968,316.930762967518,20.7594919477786));
#11008=CARTESIAN_POINT('Ctrl Pts',(-48.2724921154082,316.930762967518,20.7569970074883));
#11009=CARTESIAN_POINT('Ctrl Pts',(-48.8795961759503,316.201652264414,23.6709138624512));
#11010=CARTESIAN_POINT('Ctrl Pts',(-48.8913339471616,316.201652264414,23.6684189221608));
#11011=CARTESIAN_POINT('Ctrl Pts',(-49.2064243654975,316.073786223587,25.2085196036218));
#11012=CARTESIAN_POINT('Ctrl Pts',(-49.2181621367089,316.073786223587,25.2060246633315));
#11013=CARTESIAN_POINT('Ctrl Pts',(-49.3684495520398,316.072810052177,25.9707881747226));
#11014=CARTESIAN_POINT('Ctrl Pts',(-49.3801873232512,316.072810052177,25.9682932344322));
#11015=CARTESIAN_POINT('',(-46.4823456695972,326.124544520905,12.3446396068505));
#11016=CARTESIAN_POINT('Ctrl Pts',(-46.4823456695972,326.124544520905,12.3446396068505));
#11017=CARTESIAN_POINT('Ctrl Pts',(-46.5335916080393,325.385054737647,12.5857327918299));
#11018=CARTESIAN_POINT('Ctrl Pts',(-46.6618681340938,323.933078703002,13.1892263986453));
#11019=CARTESIAN_POINT('Ctrl Pts',(-47.0007707739911,321.337856059717,14.7836379624878));
#11020=CARTESIAN_POINT('Ctrl Pts',(-47.5651905586479,318.664463603929,17.4390242757704));
#11021=CARTESIAN_POINT('Ctrl Pts',(-48.270535820205,316.930762967518,20.7574128308703));
#11022=CARTESIAN_POINT('Ctrl Pts',(-48.8893776519584,316.201652264414,23.6688347455428));
#11023=CARTESIAN_POINT('Ctrl Pts',(-49.2162058415057,316.073786223587,25.2064404867135));
#11024=CARTESIAN_POINT('Ctrl Pts',(-49.3782310280475,316.072810052177,25.9687090578143));
#11025=CARTESIAN_POINT('',(-46.4725641935898,326.124544520905,12.3467187237586));
#11026=CARTESIAN_POINT('',(-46.4823456695972,326.124544520905,12.3446396068505));
#11027=CARTESIAN_POINT('Ctrl Pts',(-46.4725641935898,326.124544520905,12.3467187237587));
#11028=CARTESIAN_POINT('Ctrl Pts',(-46.5238101320312,325.385054737647,12.5878119087382));
#11029=CARTESIAN_POINT('Ctrl Pts',(-46.6520866580857,323.933078703002,13.1913055155537));
#11030=CARTESIAN_POINT('Ctrl Pts',(-46.9909892979829,321.337856059717,14.7857170793962));
#11031=CARTESIAN_POINT('Ctrl Pts',(-47.5554090826398,318.664463603929,17.4411033926787));
#11032=CARTESIAN_POINT('Ctrl Pts',(-48.2607543441968,316.930762967518,20.7594919477786));
#11033=CARTESIAN_POINT('Ctrl Pts',(-48.8795961759503,316.201652264414,23.6709138624512));
#11034=CARTESIAN_POINT('Ctrl Pts',(-49.2064243654975,316.073786223587,25.2085196036218));
#11035=CARTESIAN_POINT('Ctrl Pts',(-49.3684495520398,316.072810052177,25.9707881747226));
#11036=CARTESIAN_POINT('Origin',(-44.8945318171153,349.03703587804,4.87456274821677));
#11037=CARTESIAN_POINT('',(-46.0262415391311,332.706224061565,10.1988383816022));
#11038=CARTESIAN_POINT('',(-44.8945318171153,349.03703587804,4.87456274821677));
#11039=CARTESIAN_POINT('',(-46.0164600631238,332.706224061565,10.2009174985104));
#11040=CARTESIAN_POINT('',(-46.0262415391311,332.706224061565,10.1988383816022));
#11041=CARTESIAN_POINT('',(-44.8847503411079,349.03703587804,4.87664186512495));
#11042=CARTESIAN_POINT('Ctrl Pts',(-43.9059521701769,340.022800004762,0.271758519060488));
#11043=CARTESIAN_POINT('Ctrl Pts',(-43.9176899413871,340.022800004762,0.269263578770379));
#11044=CARTESIAN_POINT('Ctrl Pts',(-44.0241026326636,340.022800004762,0.827612742323973));
#11045=CARTESIAN_POINT('Ctrl Pts',(-44.0358404038738,340.022800004762,0.825117802033865));
#11046=CARTESIAN_POINT('Ctrl Pts',(-44.2626537698313,339.930629432132,1.9499076048936));
#11047=CARTESIAN_POINT('Ctrl Pts',(-44.2743915410415,339.930629432132,1.94741266460349));
#11048=CARTESIAN_POINT('Ctrl Pts',(-44.7128262419787,339.402226544666,4.06780257181702));
#11049=CARTESIAN_POINT('Ctrl Pts',(-44.7245640131889,339.402226544666,4.06530763152691));
#11050=CARTESIAN_POINT('Ctrl Pts',(-45.2273356459727,338.140394997791,6.48837900545745));
#11051=CARTESIAN_POINT('Ctrl Pts',(-45.2390734171829,338.140394997791,6.48588406516734));
#11052=CARTESIAN_POINT('Ctrl Pts',(-45.6389159201639,336.191717129706,8.42471195588497));
#11053=CARTESIAN_POINT('Ctrl Pts',(-45.650653691374,336.191717129706,8.42221701559486));
#11054=CARTESIAN_POINT('Ctrl Pts',(-45.8854881478256,334.304689339935,9.5847430823038));
#11055=CARTESIAN_POINT('Ctrl Pts',(-45.8972259190358,334.304689339935,9.58224814201369));
#11056=CARTESIAN_POINT('Ctrl Pts',(-45.9790999587456,333.245338308063,10.0251520265612));
#11057=CARTESIAN_POINT('Ctrl Pts',(-45.9908377299558,333.245338308063,10.022657086271));
#11058=CARTESIAN_POINT('Ctrl Pts',(-46.0164600631235,332.706224061565,10.2009174985105));
#11059=CARTESIAN_POINT('Ctrl Pts',(-46.0281978343337,332.706224061565,10.1984225582204));
#11060=CARTESIAN_POINT('',(-43.9157336461843,340.022800004762,0.269679402152286));
#11061=CARTESIAN_POINT('Ctrl Pts',(-43.9157336461843,340.022800004762,0.269679402152286));
#11062=CARTESIAN_POINT('Ctrl Pts',(-44.0338841086721,340.022800004762,0.825533625415549));
#11063=CARTESIAN_POINT('Ctrl Pts',(-44.2724352458398,339.930629432132,1.94782848798517));
#11064=CARTESIAN_POINT('Ctrl Pts',(-44.7226077179872,339.402226544666,4.0657234549086));
#11065=CARTESIAN_POINT('Ctrl Pts',(-45.2371171219812,338.140394997791,6.48629988854902));
#11066=CARTESIAN_POINT('Ctrl Pts',(-45.6486973961723,336.191717129706,8.42263283897655));
#11067=CARTESIAN_POINT('Ctrl Pts',(-45.8952696238341,334.304689339935,9.58266396539537));
#11068=CARTESIAN_POINT('Ctrl Pts',(-45.9888814347541,333.245338308063,10.0230729096527));
#11069=CARTESIAN_POINT('Ctrl Pts',(-46.0262415391311,332.706224061565,10.1988383816022));
#11070=CARTESIAN_POINT('',(-43.9059521701769,340.022800004762,0.271758519060437));
#11071=CARTESIAN_POINT('',(-43.9157336461843,340.022800004762,0.269679402152286));
#11072=CARTESIAN_POINT('Ctrl Pts',(-43.9059521701769,340.022800004762,0.271758519060488));
#11073=CARTESIAN_POINT('Ctrl Pts',(-44.0241026326636,340.022800004762,0.827612742323973));
#11074=CARTESIAN_POINT('Ctrl Pts',(-44.2626537698313,339.930629432132,1.9499076048936));
#11075=CARTESIAN_POINT('Ctrl Pts',(-44.7128262419787,339.402226544666,4.06780257181702));
#11076=CARTESIAN_POINT('Ctrl Pts',(-45.2273356459727,338.140394997791,6.48837900545745));
#11077=CARTESIAN_POINT('Ctrl Pts',(-45.6389159201639,336.191717129706,8.42471195588497));
#11078=CARTESIAN_POINT('Ctrl Pts',(-45.8854881478256,334.304689339935,9.5847430823038));
#11079=CARTESIAN_POINT('Ctrl Pts',(-45.9790999587456,333.245338308063,10.0251520265612));
#11080=CARTESIAN_POINT('Ctrl Pts',(-46.0164600631235,332.706224061565,10.2009174985105));
#11081=CARTESIAN_POINT('Origin',(34.7228986673122,340.022800004762,-42.9792088309182));
#11082=CARTESIAN_POINT('',(43.9059521701771,340.022800004762,0.271758519060396));
#11083=CARTESIAN_POINT('',(34.8499630990004,340.022800004762,-42.3333203363067));
#11084=CARTESIAN_POINT('',(34.7131171913048,340.022800004762,-42.97712971401));
#11085=CARTESIAN_POINT('',(34.1625209652046,340.022800004762,-42.89));
#11086=CARTESIAN_POINT('Origin',(34.1625209652046,340.022800004762,-42.1872));
#11087=CARTESIAN_POINT('',(-34.1625209652046,340.022800004762,-42.89));
#11088=CARTESIAN_POINT('',(-34.8207134273856,340.022800004762,-42.89));
#11089=CARTESIAN_POINT('',(-34.8499630990003,340.022800004762,-42.3333203363065));
#11090=CARTESIAN_POINT('Origin',(-34.1625209652046,340.022800004762,-42.1872));
#11091=CARTESIAN_POINT('',(-52.3924037639192,340.022800004762,40.1973742096131));
#11092=CARTESIAN_POINT('',(-34.8597445750076,340.022800004762,-42.3353994532146));
#11093=CARTESIAN_POINT('',(-52.4021852399265,340.022800004762,40.1952950927049));
#11094=CARTESIAN_POINT('',(-34.1625209652046,340.022800004762,-42.9));
#11095=CARTESIAN_POINT('Origin',(-34.1625209652046,340.022800004762,-42.1872));
#11096=CARTESIAN_POINT('',(34.1625209652046,340.022800004762,-42.9));
#11097=CARTESIAN_POINT('',(-34.8207134273856,340.022800004762,-42.9));
#11098=CARTESIAN_POINT('',(34.8597445750077,340.022800004762,-42.3353994532149));
#11099=CARTESIAN_POINT('Origin',(34.1625209652046,340.022800004762,-42.1872));
#11100=CARTESIAN_POINT('',(43.9157336461844,340.022800004762,0.269679402152195));
#11101=CARTESIAN_POINT('',(34.7228986673122,340.022800004762,-42.9792088309182));
#11102=CARTESIAN_POINT('',(43.9157336461844,340.022800004762,0.269679402152195));
#11103=CARTESIAN_POINT('Ctrl Pts',(46.0164250276806,332.706729588492,10.200752669709));
#11104=CARTESIAN_POINT('Ctrl Pts',(46.0281627988901,332.706729588492,10.198257729419));
#11105=CARTESIAN_POINT('Ctrl Pts',(45.9790608914348,333.245812519279,10.0249682293127));
#11106=CARTESIAN_POINT('Ctrl Pts',(45.9907986626444,333.245812519279,10.0224732890227));
#11107=CARTESIAN_POINT('Ctrl Pts',(45.8854428282698,334.305097537206,9.58452987055511));
#11108=CARTESIAN_POINT('Ctrl Pts',(45.8971805994793,334.305097537206,9.58203493026514));
#11109=CARTESIAN_POINT('Ctrl Pts',(45.6388647608969,336.192003084621,8.42447127045577));
#11110=CARTESIAN_POINT('Ctrl Pts',(45.6506025321065,336.192003084621,8.4219763301658));
#11111=CARTESIAN_POINT('Ctrl Pts',(45.2272883955741,338.140542572295,6.48815670980817));
#11112=CARTESIAN_POINT('Ctrl Pts',(45.2390261667836,338.140542572295,6.4856617695182));
#11113=CARTESIAN_POINT('Ctrl Pts',(44.7127944573108,339.402276804733,4.06765303671067));
#11114=CARTESIAN_POINT('Ctrl Pts',(44.7245322285204,339.402276804733,4.0651580964207));
#11115=CARTESIAN_POINT('Ctrl Pts',(44.2626387788043,339.930637167099,1.94983707765585));
#11116=CARTESIAN_POINT('Ctrl Pts',(44.2743765500138,339.930637167099,1.94734213736588));
#11117=CARTESIAN_POINT('Ctrl Pts',(44.0240977308909,340.022800004762,0.827589681296109));
#11118=CARTESIAN_POINT('Ctrl Pts',(44.0358355021005,340.022800004762,0.825094741006139));
#11119=CARTESIAN_POINT('Ctrl Pts',(43.905952170177,340.022800004762,0.271758519060363));
#11120=CARTESIAN_POINT('Ctrl Pts',(43.9176899413866,340.022800004762,0.269263578770393));
#11121=CARTESIAN_POINT('',(46.026206503688,332.706729588492,10.1986735528008));
#11122=CARTESIAN_POINT('Ctrl Pts',(46.026206503688,332.706729588492,10.1986735528008));
#11123=CARTESIAN_POINT('Ctrl Pts',(45.988842367442,333.245812519279,10.0228891124045));
#11124=CARTESIAN_POINT('Ctrl Pts',(45.8952243042769,334.305097537206,9.58245075364698));
#11125=CARTESIAN_POINT('Ctrl Pts',(45.648646236904,336.192003084621,8.42239215354764));
#11126=CARTESIAN_POINT('Ctrl Pts',(45.2370698715812,338.140542572295,6.48607759290003));
#11127=CARTESIAN_POINT('Ctrl Pts',(44.722575933318,339.402276804733,4.06557391980254));
#11128=CARTESIAN_POINT('Ctrl Pts',(44.2724202548114,339.930637167099,1.94775796074772));
#11129=CARTESIAN_POINT('Ctrl Pts',(44.033879206898,340.022800004762,0.825510564387975));
#11130=CARTESIAN_POINT('Ctrl Pts',(43.9157336461844,340.022800004762,0.269679402152195));
#11131=CARTESIAN_POINT('',(46.0164250276806,332.706729588492,10.200752669709));
#11132=CARTESIAN_POINT('',(46.026206503688,332.706729588492,10.1986735528008));
#11133=CARTESIAN_POINT('Ctrl Pts',(46.0164250276806,332.706729588492,10.200752669709));
#11134=CARTESIAN_POINT('Ctrl Pts',(45.9790608914348,333.245812519279,10.0249682293127));
#11135=CARTESIAN_POINT('Ctrl Pts',(45.8854428282698,334.305097537206,9.58452987055511));
#11136=CARTESIAN_POINT('Ctrl Pts',(45.6388647608969,336.192003084621,8.42447127045577));
#11137=CARTESIAN_POINT('Ctrl Pts',(45.2272883955741,338.140542572295,6.48815670980817));
#11138=CARTESIAN_POINT('Ctrl Pts',(44.7127944573108,339.402276804733,4.06765303671067));
#11139=CARTESIAN_POINT('Ctrl Pts',(44.2626387788043,339.930637167099,1.94983707765585));
#11140=CARTESIAN_POINT('Ctrl Pts',(44.0240977308909,340.022800004762,0.827589681296109));
#11141=CARTESIAN_POINT('Ctrl Pts',(43.905952170177,340.022800004762,0.271758519060363));
#11142=CARTESIAN_POINT('Origin',(43.1262530554262,374.546728076691,-3.4445347559778));
#11143=CARTESIAN_POINT('',(46.482469529913,326.123850011953,12.3452223238211));
#11144=CARTESIAN_POINT('',(43.1262530554262,374.546728076691,-3.4445347559778));
#11145=CARTESIAN_POINT('',(46.4726880539057,326.123850011953,12.3473014407293));
#11146=CARTESIAN_POINT('',(46.482469529913,326.123850011953,12.3452223238211));
#11147=CARTESIAN_POINT('',(43.1164715794188,374.546728076691,-3.44245563906962));
#11148=CARTESIAN_POINT('Ctrl Pts',(49.3721227275333,316.0728,25.9880691067443));
#11149=CARTESIAN_POINT('Ctrl Pts',(49.3838604987452,316.0728,25.9855741664538));
#11150=CARTESIAN_POINT('Ctrl Pts',(49.2099207668045,316.0728,25.2249688784831));
#11151=CARTESIAN_POINT('Ctrl Pts',(49.2216585380165,316.0728,25.2224739381927));
#11152=CARTESIAN_POINT('Ctrl Pts',(48.8826852717768,316.199209992207,23.6854469156857));
#11153=CARTESIAN_POINT('Ctrl Pts',(48.8944230429888,316.199209992207,23.6829519753952));
#11154=CARTESIAN_POINT('Ctrl Pts',(48.2631373552569,316.926200325257,20.7707031333613));
#11155=CARTESIAN_POINT('Ctrl Pts',(48.2748751264689,316.926200325257,20.7682081930708));
#11156=CARTESIAN_POINT('Ctrl Pts',(47.5568879489862,318.659098227782,17.4480609118189));
#11157=CARTESIAN_POINT('Ctrl Pts',(47.5686257201982,318.659098227782,17.4455659715284));
#11158=CARTESIAN_POINT('Ctrl Pts',(46.9917354025352,321.333585229747,14.789227225337));
#11159=CARTESIAN_POINT('Ctrl Pts',(47.0034731737472,321.333585229747,14.7867322850465));
#11160=CARTESIAN_POINT('Ctrl Pts',(46.6524083102054,323.930587934658,13.1928187698001));
#11161=CARTESIAN_POINT('Ctrl Pts',(46.6641460814173,323.930587934658,13.1903238295096));
#11162=CARTESIAN_POINT('Ctrl Pts',(46.5239852513914,325.383743419367,12.5886357805523));
#11163=CARTESIAN_POINT('Ctrl Pts',(46.5357230226033,325.383743419367,12.5861408402618));
#11164=CARTESIAN_POINT('Ctrl Pts',(46.4726880539057,326.123850011953,12.3473014407293));
#11165=CARTESIAN_POINT('Ctrl Pts',(46.4844258251176,326.123850011953,12.3448065004388));
#11166=CARTESIAN_POINT('',(49.3819042035407,316.0728,25.9859899898361));
#11167=CARTESIAN_POINT('Ctrl Pts',(49.3819042035407,316.0728,25.9859899898361));
#11168=CARTESIAN_POINT('Ctrl Pts',(49.2197022428116,316.0728,25.222889761575));
#11169=CARTESIAN_POINT('Ctrl Pts',(48.8924667477839,316.199209992207,23.6833677987775));
#11170=CARTESIAN_POINT('Ctrl Pts',(48.272918831264,316.926200325257,20.7686240164531));
#11171=CARTESIAN_POINT('Ctrl Pts',(47.5666694249933,318.659098227782,17.4459817949108));
#11172=CARTESIAN_POINT('Ctrl Pts',(47.0015168785423,321.333585229747,14.7871481084289));
#11173=CARTESIAN_POINT('Ctrl Pts',(46.6621897862125,323.930587934658,13.1907396528919));
#11174=CARTESIAN_POINT('Ctrl Pts',(46.5337667273984,325.383743419367,12.5865566636441));
#11175=CARTESIAN_POINT('Ctrl Pts',(46.482469529913,326.123850011953,12.3452223238211));
#11176=CARTESIAN_POINT('',(49.3721227275334,316.0728,25.9880691067444));
#11177=CARTESIAN_POINT('',(49.3819042035407,316.0728,25.9859899898361));
#11178=CARTESIAN_POINT('Ctrl Pts',(49.3721227275333,316.0728,25.9880691067443));
#11179=CARTESIAN_POINT('Ctrl Pts',(49.2099207668045,316.0728,25.2249688784831));
#11180=CARTESIAN_POINT('Ctrl Pts',(48.8826852717768,316.199209992207,23.6854469156857));
#11181=CARTESIAN_POINT('Ctrl Pts',(48.2631373552569,316.926200325257,20.7707031333613));
#11182=CARTESIAN_POINT('Ctrl Pts',(47.5568879489862,318.659098227782,17.4480609118189));
#11183=CARTESIAN_POINT('Ctrl Pts',(46.9917354025352,321.333585229747,14.789227225337));
#11184=CARTESIAN_POINT('Ctrl Pts',(46.6524083102054,323.930587934658,13.1928187698001));
#11185=CARTESIAN_POINT('Ctrl Pts',(46.5239852513914,325.383743419367,12.5886357805523));
#11186=CARTESIAN_POINT('Ctrl Pts',(46.4726880539057,326.123850011953,12.3473014407293));
#11187=CARTESIAN_POINT('Origin',(34.7228986673122,316.0728,-42.9792088309182));
#11188=CARTESIAN_POINT('',(51.9195189358173,316.0728,37.9245286655629));
#11189=CARTESIAN_POINT('',(34.7228986673122,316.0728,-42.9792088309182));
#11190=CARTESIAN_POINT('',(51.90973745981,316.0728,37.9266077824711));
#11191=CARTESIAN_POINT('',(51.9195189358173,316.0728,37.9245286655629));
#11192=CARTESIAN_POINT('',(34.7131171913048,316.0728,-42.97712971401));
#11193=CARTESIAN_POINT('Origin',(52.3844236098027,318.0728,40.1117331928318));
#11194=CARTESIAN_POINT('',(51.7606885373494,318.0728,37.1772903906304));
#11195=CARTESIAN_POINT('Origin',(52.3844236098027,318.0728,40.1117331928318));
#11196=CARTESIAN_POINT('',(51.7509070613421,318.0728,37.1793695075386));
#11197=CARTESIAN_POINT('',(51.7606885373494,318.0728,37.1772903906304));
#11198=CARTESIAN_POINT('Origin',(52.3746421337953,318.0728,40.11381230974));
#11199=CARTESIAN_POINT('Origin',(34.7228986673122,318.0728,-42.9792088309182));
#11200=CARTESIAN_POINT('',(49.3819042035407,318.0728,25.9859899898361));
#11201=CARTESIAN_POINT('',(34.7228986673122,318.0728,-42.9792088309182));
#11202=CARTESIAN_POINT('',(49.3721227275334,318.0728,25.9880691067444));
#11203=CARTESIAN_POINT('',(49.3819042035407,318.0728,25.9859899898361));
#11204=CARTESIAN_POINT('',(34.7131171913048,318.0728,-42.97712971401));
#11205=CARTESIAN_POINT('Ctrl Pts',(46.8671689619674,326.756360214113,14.2031881984109));
#11206=CARTESIAN_POINT('Ctrl Pts',(46.8789067331798,326.756360214113,14.2006932581204));
#11207=CARTESIAN_POINT('Ctrl Pts',(47.2265973823992,321.570592636876,15.8941659673769));
#11208=CARTESIAN_POINT('Ctrl Pts',(47.2383351536116,321.570592636876,15.8916710270864));
#11209=CARTESIAN_POINT('Ctrl Pts',(48.2356085046661,318.0728,20.6411900739927));
#11210=CARTESIAN_POINT('Ctrl Pts',(48.2473462758785,318.0728,20.6386951337021));
#11211=CARTESIAN_POINT('Ctrl Pts',(49.3721227275333,318.0728,25.9880691067443));
#11212=CARTESIAN_POINT('Ctrl Pts',(49.3838604987456,318.0728,25.9855741664537));
#11213=CARTESIAN_POINT('',(46.8769504379747,326.756360214113,14.2011090815028));
#11214=CARTESIAN_POINT('Ctrl Pts',(49.3819042035407,318.0728,25.9859899898361));
#11215=CARTESIAN_POINT('Ctrl Pts',(48.2453899806732,318.0728,20.6391109570846));
#11216=CARTESIAN_POINT('Ctrl Pts',(47.2363788584063,321.570592636876,15.8920868504688));
#11217=CARTESIAN_POINT('Ctrl Pts',(46.8769504379747,326.756360214113,14.2011090815028));
#11218=CARTESIAN_POINT('',(46.8671689619674,326.756360214113,14.203188198411));
#11219=CARTESIAN_POINT('',(46.8769504379747,326.756360214113,14.2011090815028));
#11220=CARTESIAN_POINT('Ctrl Pts',(49.3721227275334,318.0728,25.9880691067444));
#11221=CARTESIAN_POINT('Ctrl Pts',(48.2356085046659,318.0728,20.6411900739927));
#11222=CARTESIAN_POINT('Ctrl Pts',(47.226597382399,321.570592636876,15.894165967377));
#11223=CARTESIAN_POINT('Ctrl Pts',(46.8671689619674,326.756360214113,14.203188198411));
#11224=CARTESIAN_POINT('Origin',(43.5207339634879,375.179238278852,-1.5886479982962));
#11225=CARTESIAN_POINT('',(46.4206874117497,333.339239790653,12.0545603104824));
#11226=CARTESIAN_POINT('',(43.5207339634879,375.179238278852,-1.5886479982962));
#11227=CARTESIAN_POINT('',(46.4109059357423,333.339239790653,12.0566394273906));
#11228=CARTESIAN_POINT('',(46.4206874117497,333.339239790653,12.0545603104824));
#11229=CARTESIAN_POINT('',(43.5109524874806,375.179238278852,-1.58656888138802));
#11230=CARTESIAN_POINT('Ctrl Pts',(43.905952170177,342.022800004763,0.271758519060364));
#11231=CARTESIAN_POINT('Ctrl Pts',(43.9176899413859,342.022800004763,0.269263578770538));
#11232=CARTESIAN_POINT('Ctrl Pts',(45.0424663930443,342.022800004763,5.61863755181251));
#11233=CARTESIAN_POINT('Ctrl Pts',(45.0542041642532,342.022800004763,5.61614261152268));
#11234=CARTESIAN_POINT('Ctrl Pts',(46.0514775153104,338.525007367886,10.3656616584245));
#11235=CARTESIAN_POINT('Ctrl Pts',(46.0632152865193,338.525007367886,10.3631667181347));
#11236=CARTESIAN_POINT('Ctrl Pts',(46.4109059357423,333.339239790653,12.0566394273906));
#11237=CARTESIAN_POINT('Ctrl Pts',(46.4226437069511,333.339239790653,12.0541444871007));
#11238=CARTESIAN_POINT('',(43.9157336461844,342.022800004763,0.269679402152209));
#11239=CARTESIAN_POINT('Ctrl Pts',(46.4206874117497,333.339239790653,12.0545603104824));
#11240=CARTESIAN_POINT('Ctrl Pts',(46.0612589913175,338.525007367886,10.3635825415164));
#11241=CARTESIAN_POINT('Ctrl Pts',(45.0522478690514,342.022800004763,5.61655843490438));
#11242=CARTESIAN_POINT('Ctrl Pts',(43.9157336461844,342.022800004763,0.269679402152209));
#11243=CARTESIAN_POINT('',(43.9059521701771,342.022800004763,0.27175851906041));
#11244=CARTESIAN_POINT('',(43.9157336461844,342.022800004763,0.269679402152209));
#11245=CARTESIAN_POINT('Ctrl Pts',(46.4109059357423,333.339239790653,12.0566394273906));
#11246=CARTESIAN_POINT('Ctrl Pts',(46.0514775153102,338.525007367886,10.3656616584246));
#11247=CARTESIAN_POINT('Ctrl Pts',(45.0424663930441,342.022800004763,5.61863755181256));
#11248=CARTESIAN_POINT('Ctrl Pts',(43.9059521701771,342.022800004763,0.27175851906041));
#11249=CARTESIAN_POINT('Origin',(34.7228986673122,342.022800004763,-42.9792088309182));
#11250=CARTESIAN_POINT('',(34.8597445750077,342.022800004763,-42.3353994532149));
#11251=CARTESIAN_POINT('',(34.7228986673122,342.022800004763,-42.9792088309182));
#11252=CARTESIAN_POINT('',(34.1625209652046,342.022800004763,-42.9));
#11253=CARTESIAN_POINT('Origin',(34.1625209652046,342.022800004763,-42.1872));
#11254=CARTESIAN_POINT('',(-34.1625209652046,342.022800004763,-42.9));
#11255=CARTESIAN_POINT('',(-34.8207134273856,342.022800004763,-42.9));
#11256=CARTESIAN_POINT('',(-34.8597445750076,342.022800004763,-42.3353994532146));
#11257=CARTESIAN_POINT('Origin',(-34.1625209652046,342.022800004763,-42.1872));
#11258=CARTESIAN_POINT('',(-52.4021852399265,342.022800004763,40.1952950927049));
#11259=CARTESIAN_POINT('',(-34.8499630990004,342.022800004763,-42.3333203363065));
#11260=CARTESIAN_POINT('',(-52.3924037639192,342.022800004763,40.1973742096131));
#11261=CARTESIAN_POINT('',(-34.1625209652046,342.022800004763,-42.89));
#11262=CARTESIAN_POINT('Origin',(-34.1625209652046,342.022800004763,-42.1872));
#11263=CARTESIAN_POINT('',(34.1625209652046,342.022800004763,-42.89));
#11264=CARTESIAN_POINT('',(-34.8207134273856,342.022800004763,-42.89));
#11265=CARTESIAN_POINT('',(34.8499630990003,342.022800004763,-42.3333203363067));
#11266=CARTESIAN_POINT('Origin',(34.1625209652046,342.022800004763,-42.1872));
#11267=CARTESIAN_POINT('',(34.7131171913048,342.022800004763,-42.97712971401));
#11268=CARTESIAN_POINT('Origin',(34.7131171913048,361.0728,-42.97712971401));
#11269=CARTESIAN_POINT('',(34.8499630990003,361.0728,-42.3333203363067));
#11270=CARTESIAN_POINT('Origin',(34.1625209652046,502.353935212239,-42.1872));
#11271=CARTESIAN_POINT('',(34.1625209652046,502.353935212239,-42.89));
#11272=CARTESIAN_POINT('Origin',(-34.8207134273856,361.0728,-42.89));
#11273=CARTESIAN_POINT('',(-34.1625209652046,361.0728,-42.89));
#11274=CARTESIAN_POINT('Origin',(-34.1625209652046,-62.7083352122392,-42.1872));
#11275=CARTESIAN_POINT('',(-34.8499630990004,-62.7083352122392,-42.3333203363065));
#11276=CARTESIAN_POINT('Origin',(-52.3924037639192,361.0728,40.1973742096131));
#11277=CARTESIAN_POINT('Origin',(34.7228986673122,361.0728,-42.9792088309182));
#11278=CARTESIAN_POINT('',(34.8597445750077,361.0728,-42.3353994532149));
#11279=CARTESIAN_POINT('Origin',(34.1625209652046,502.353935212239,-42.1872));
#11280=CARTESIAN_POINT('',(34.1625209652046,502.353935212239,-42.9));
#11281=CARTESIAN_POINT('Origin',(-34.8207134273856,361.0728,-42.9));
#11282=CARTESIAN_POINT('',(-34.1625209652046,361.0728,-42.9));
#11283=CARTESIAN_POINT('Origin',(-34.1625209652046,-62.7083352122392,-42.1872));
#11284=CARTESIAN_POINT('',(-34.8597445750077,-62.7083352122392,-42.3353994532147));
#11285=CARTESIAN_POINT('Origin',(-52.4021852399265,361.0728,40.1952950927049));
#11286=CARTESIAN_POINT('',(0.,0.,0.));
#11287=CARTESIAN_POINT('Origin',(0.,105.,0.));
#11288=CARTESIAN_POINT('',(-7.77650717458569E-16,104.5,6.35));
#11289=CARTESIAN_POINT('Origin',(0.,104.5,0.));
#11290=CARTESIAN_POINT('',(-7.16418377501201E-16,105.,5.84999999999999));
#11291=CARTESIAN_POINT('',(-7.16418377501201E-16,105.,5.84999999999999));
#11292=CARTESIAN_POINT('Origin',(0.,105.,0.));
#11293=CARTESIAN_POINT('Origin',(0.,0.500000000000028,0.));
#11294=CARTESIAN_POINT('',(7.77650717458569E-16,0.500000000000028,6.35));
#11295=CARTESIAN_POINT('',(-7.77650717458569E-16,0.500000000000028,-6.35));
#11296=CARTESIAN_POINT('Origin',(0.,0.500000000000028,0.));
#11297=CARTESIAN_POINT('Origin',(0.,0.500000000000028,0.));
#11298=CARTESIAN_POINT('',(-7.16418377501199E-16,-2.77555756156289E-16,
-5.84999999999998));
#11299=CARTESIAN_POINT('',(-7.77650717458569E-16,0.500000000000028,-6.35));
#11300=CARTESIAN_POINT('Origin',(0.,0.,0.));
#11301=CARTESIAN_POINT('Origin',(0.,0.,0.));
#11302=CARTESIAN_POINT('',(-2.11520995148731E-16,105.,1.7272));
#11303=CARTESIAN_POINT('Origin',(0.,105.,0.));
#11304=CARTESIAN_POINT('',(-2.11520995148731E-16,90.,1.7272));
#11305=CARTESIAN_POINT('',(-2.11520995148731E-16,0.,1.7272));
#11306=CARTESIAN_POINT('',(2.11520995148731E-16,90.,-1.7272));
#11307=CARTESIAN_POINT('Origin',(0.,90.,0.));
#11308=CARTESIAN_POINT('Origin',(0.,90.,0.));
#11309=CARTESIAN_POINT('Origin',(0.,1089.08163146963,0.));
#11310=CARTESIAN_POINT('',(3.08758874561064E-17,89.0816314696343,0.));
#11311=CARTESIAN_POINT('',(-2.30322564585812E-13,1089.08163146963,-1880.72646534635));
#11312=CARTESIAN_POINT('Origin',(0.,0.,0.));
#11313=CARTESIAN_POINT('',(-2.11520995148731E-16,15.,1.7272));
#11314=CARTESIAN_POINT('Origin',(0.,15.,0.));
#11315=CARTESIAN_POINT('',(-2.11520995148731E-16,0.,1.7272));
#11316=CARTESIAN_POINT('',(-2.11520995148731E-16,0.,1.7272));
#11317=CARTESIAN_POINT('Origin',(0.,0.,0.));
#11318=CARTESIAN_POINT('Origin',(0.,15.,0.));
#11319=CARTESIAN_POINT('',(0.,15.9183685303657,0.));
#11320=CARTESIAN_POINT('',(-2.11520995148731E-16,15.,1.7272));
#11321=CARTESIAN_POINT('Origin',(0.,105.,0.));
#11322=CARTESIAN_POINT('',(-7.77650717458569E-16,105.,6.35));
#11323=CARTESIAN_POINT('Origin',(0.,105.,0.));
#11324=CARTESIAN_POINT('Origin',(0.,0.,0.));
#11325=CARTESIAN_POINT('',(0.,0.,0.));
#11326=CARTESIAN_POINT('Origin',(0.,0.,2.11));
#11327=CARTESIAN_POINT('',(2.10500922670447,-2.57789281165928E-16,2.19823480681548));
#11328=CARTESIAN_POINT('Origin',(0.,0.,2.19823480681548));
#11329=CARTESIAN_POINT('',(2.05794948949489,-2.52026125511685E-16,2.21));
#11330=CARTESIAN_POINT('Origin',(2.05794948949489,-2.52026125511685E-16,
2.11));
#11331=CARTESIAN_POINT('Origin',(0.,0.,2.21));
#11332=CARTESIAN_POINT('Origin',(0.,0.,0.306686458555016));
#11333=CARTESIAN_POINT('',(-3.96,4.84960132462352E-16,0.306686458555016));
#11334=CARTESIAN_POINT('',(3.96,-4.84960132462352E-16,0.306686458555016));
#11335=CARTESIAN_POINT('Origin',(0.,0.,0.306686458555016));
#11336=CARTESIAN_POINT('Origin',(0.,0.,0.306686458555016));
#11337=CARTESIAN_POINT('',(3.94826775708356,-4.83523347088909E-16,0.353684363395947));
#11338=CARTESIAN_POINT('Origin',(3.86,-4.72713664470878E-16,0.306686458555016));
#11339=CARTESIAN_POINT('Origin',(0.,0.,0.353684363395947));
#11340=CARTESIAN_POINT('Origin',(0.,0.,0.0999999999999994));
#11341=CARTESIAN_POINT('',(-3.96,-4.84960132462352E-16,0.0999999999999994));
#11342=CARTESIAN_POINT('Origin',(0.,0.,0.0999999999999994));
#11343=CARTESIAN_POINT('',(-3.86,-4.72713664470878E-16,-5.89805981832114E-16));
#11344=CARTESIAN_POINT('Origin',(-3.86,-4.72713664470878E-16,0.0999999999999994));
#11345=CARTESIAN_POINT('Origin',(0.,0.,-5.96311194867027E-16));
#11346=CARTESIAN_POINT('Origin',(0.,0.,-15.775));
#11347=CARTESIAN_POINT('',(-1.73708932188135,-2.12732087787504E-16,-15.8457106781187));
#11348=CARTESIAN_POINT('Origin',(0.,0.,-15.8457106781187));
#11349=CARTESIAN_POINT('',(-1.66637864376269,-2.04072527225149E-16,-15.875));
#11350=CARTESIAN_POINT('Origin',(-1.66637864376269,-2.04072527225149E-16,
-15.775));
#11351=CARTESIAN_POINT('Origin',(0.,0.,-15.875));
#11352=CARTESIAN_POINT('Origin',(0.,0.,-15.4585786437627));
#11353=CARTESIAN_POINT('',(-2.05351067811866,2.51482527897292E-16,-15.5292893218814));
#11354=CARTESIAN_POINT('',(2.05351067811866,-2.51482527897292E-16,-15.5292893218814));
#11355=CARTESIAN_POINT('Origin',(0.,0.,-15.5292893218814));
#11356=CARTESIAN_POINT('Origin',(0.,0.,-15.5292893218814));
#11357=CARTESIAN_POINT('',(2.0828,-2.55069435326411E-16,-15.4585786437627));
#11358=CARTESIAN_POINT('Origin',(1.9828,-2.42822967334937E-16,-15.4585786437627));
#11359=CARTESIAN_POINT('',(-2.0828,2.55069435326411E-16,-15.4585786437627));
#11360=CARTESIAN_POINT('Origin',(0.,0.,-15.4585786437627));
#11361=CARTESIAN_POINT('Origin',(0.,0.,-15.4585786437627));
#11362=CARTESIAN_POINT('Origin',(-2.01833127826195,-3.25260651745651E-16,
0.66299999999552));
#11363=CARTESIAN_POINT('',(-1.41888552009207,0.557073481682604,0.66299999999552));
#11364=CARTESIAN_POINT('',(-1.41888552009207,-0.557073481682604,0.66299999999552));
#11365=CARTESIAN_POINT('Origin',(-2.01833127826195,-3.25260651745651E-16,
0.66299999999552));
#11366=CARTESIAN_POINT('',(-1.41888552009207,0.557073481682603,2.12300780074175));
#11367=CARTESIAN_POINT('',(-1.41888552009207,0.557073481682604,0.66299999999552));
#11368=CARTESIAN_POINT('',(-1.41888552009208,-0.55707348168261,2.12300780074175));
#11369=CARTESIAN_POINT('Ctrl Pts',(-1.41888552009247,0.557073481683027,
2.12300780074205));
#11370=CARTESIAN_POINT('Ctrl Pts',(-1.3803860801791,0.515645686774814,2.09357655558532));
#11371=CARTESIAN_POINT('Ctrl Pts',(-1.34642360043548,0.470301785179147,
2.06609446031737));
#11372=CARTESIAN_POINT('Ctrl Pts',(-1.28339645855765,0.366129783007324,
2.01304950810915));
#11373=CARTESIAN_POINT('Ctrl Pts',(-1.25227499209026,0.297681025688744,
1.9850410858041));
#11374=CARTESIAN_POINT('Ctrl Pts',(-1.21052299635923,0.15133416925162,1.94617152607647));
#11375=CARTESIAN_POINT('Ctrl Pts',(-1.2,0.0732867423093289,1.93575862213493));
#11376=CARTESIAN_POINT('Ctrl Pts',(-1.2,-0.0732867423093299,1.93575862213493));
#11377=CARTESIAN_POINT('Ctrl Pts',(-1.21052299635923,-0.151334169251621,
1.94617152607647));
#11378=CARTESIAN_POINT('Ctrl Pts',(-1.25227499209026,-0.297681025688745,
1.9850410858041));
#11379=CARTESIAN_POINT('Ctrl Pts',(-1.28339645855765,-0.366129783007325,
2.01304950810915));
#11380=CARTESIAN_POINT('Ctrl Pts',(-1.34642360043538,-0.470301785178991,
2.06609446031729));
#11381=CARTESIAN_POINT('Ctrl Pts',(-1.38038608017887,-0.51564568677451,
2.09357655558514));
#11382=CARTESIAN_POINT('Ctrl Pts',(-1.41888552009208,-0.557073481682609,
2.12300780074175));
#11383=CARTESIAN_POINT('',(-1.41888552009207,-0.557073481682604,0.66299999999552));
#11384=CARTESIAN_POINT('Origin',(1.24491151794014,0.718749999999993,0.66299999999552));
#11385=CARTESIAN_POINT('',(1.41888552009207,0.557073481682604,0.66299999999552));
#11386=CARTESIAN_POINT('',(1.19188254695782,0.950254164620323,0.66299999999552));
#11387=CARTESIAN_POINT('Origin',(1.24491151794014,0.718749999999993,0.66299999999552));
#11388=CARTESIAN_POINT('',(1.41888552009207,0.557073481682604,2.12300780074175));
#11389=CARTESIAN_POINT('',(1.41888552009207,0.557073481682604,0.66299999999552));
#11390=CARTESIAN_POINT('',(1.45059255133894,0.837499999999991,2.21));
#11391=CARTESIAN_POINT('Ctrl Pts',(1.41888552009208,0.557073481682596,2.12300780074175));
#11392=CARTESIAN_POINT('Ctrl Pts',(1.44063644214478,0.580478828354986,2.13963548989149));
#11393=CARTESIAN_POINT('Ctrl Pts',(1.45775758849662,0.608747559277767,2.15491445556272));
#11394=CARTESIAN_POINT('Ctrl Pts',(1.47917686826099,0.66838905280842,2.17998548021944));
#11395=CARTESIAN_POINT('Ctrl Pts',(1.48448065148105,0.703334325950185,2.19114817286023));
#11396=CARTESIAN_POINT('Ctrl Pts',(1.47874467969951,0.773092102147076,2.20614494728568));
#11397=CARTESIAN_POINT('Ctrl Pts',(1.46768310143149,0.807898298910391,2.21));
#11398=CARTESIAN_POINT('Ctrl Pts',(1.45059255133894,0.837499999999992,2.21));
#11399=CARTESIAN_POINT('',(1.19188254695782,0.950254164620323,2.12300780074175));
#11400=CARTESIAN_POINT('Ctrl Pts',(1.45059255133894,0.837499999999992,2.21));
#11401=CARTESIAN_POINT('Ctrl Pts',(1.43350200124639,0.867101701089592,2.21));
#11402=CARTESIAN_POINT('Ctrl Pts',(1.40888973977425,0.894084407257305,2.20614494728568));
#11403=CARTESIAN_POINT('Ctrl Pts',(1.351345719367,0.933930792633958,2.19114817286023));
#11404=CARTESIAN_POINT('Ctrl Pts',(1.31843033347401,0.946810218200096,2.17998548021944));
#11405=CARTESIAN_POINT('Ctrl Pts',(1.25606964507464,0.958081324558719,2.15491445556272));
#11406=CARTESIAN_POINT('Ctrl Pts',(1.22302763278685,0.957388342337504,2.13963548989149));
#11407=CARTESIAN_POINT('Ctrl Pts',(1.19188254695782,0.950254164620323,2.12300780074175));
#11408=CARTESIAN_POINT('',(1.19188254695782,0.950254164620323,0.66299999999552));
#11409=CARTESIAN_POINT('Origin',(1.24491151794013,-0.718750000000002,0.66299999999552));
#11410=CARTESIAN_POINT('',(1.19188254695781,-0.950254164620338,0.66299999999552));
#11411=CARTESIAN_POINT('',(1.41888552009207,-0.557073481682604,0.66299999999552));
#11412=CARTESIAN_POINT('Origin',(1.24491151794013,-0.718750000000002,0.66299999999552));
#11413=CARTESIAN_POINT('',(1.19188254695781,-0.950254164620339,2.12300780074175));
#11414=CARTESIAN_POINT('',(1.19188254695781,-0.950254164620338,0.66299999999552));
#11415=CARTESIAN_POINT('',(1.45059255133893,-0.837500000000002,2.21));
#11416=CARTESIAN_POINT('Ctrl Pts',(1.19188254695781,-0.95025416462033,2.12300780074175));
#11417=CARTESIAN_POINT('Ctrl Pts',(1.22302763278684,-0.957388342337513,
2.13963548989148));
#11418=CARTESIAN_POINT('Ctrl Pts',(1.25606964507463,-0.958081324558729,
2.15491445556272));
#11419=CARTESIAN_POINT('Ctrl Pts',(1.31843033347401,-0.946810218200105,
2.17998548021944));
#11420=CARTESIAN_POINT('Ctrl Pts',(1.351345719367,-0.933930792633968,2.19114817286023));
#11421=CARTESIAN_POINT('Ctrl Pts',(1.40888973977424,-0.894084407257315,
2.20614494728568));
#11422=CARTESIAN_POINT('Ctrl Pts',(1.43350200124638,-0.867101701089602,
2.21));
#11423=CARTESIAN_POINT('Ctrl Pts',(1.45059255133893,-0.837500000000002,
2.21));
#11424=CARTESIAN_POINT('',(1.41888552009208,-0.55707348168261,2.12300780074175));
#11425=CARTESIAN_POINT('Ctrl Pts',(1.45059255133893,-0.837500000000002,
2.21));
#11426=CARTESIAN_POINT('Ctrl Pts',(1.46768310143149,-0.807898298910401,
2.21));
#11427=CARTESIAN_POINT('Ctrl Pts',(1.47874467969951,-0.773092102147087,
2.20614494728568));
#11428=CARTESIAN_POINT('Ctrl Pts',(1.48448065148105,-0.703334325950195,
2.19114817286023));
#11429=CARTESIAN_POINT('Ctrl Pts',(1.47917686826098,-0.66838905280843,2.17998548021944));
#11430=CARTESIAN_POINT('Ctrl Pts',(1.45775758849662,-0.608747559277778,
2.15491445556272));
#11431=CARTESIAN_POINT('Ctrl Pts',(1.44063644214478,-0.580478828354999,
2.13963548989149));
#11432=CARTESIAN_POINT('Ctrl Pts',(1.41888552009208,-0.557073481682609,
2.12300780074176));
#11433=CARTESIAN_POINT('',(1.41888552009207,-0.557073481682604,0.66299999999552));
#11434=CARTESIAN_POINT('Origin',(0.,0.,2.21));
#11435=CARTESIAN_POINT('Ctrl Pts',(1.41888552009207,0.557073481682604,2.12300780074175));
#11436=CARTESIAN_POINT('Ctrl Pts',(1.38038608017887,0.515645686774506,2.09357655558513));
#11437=CARTESIAN_POINT('Ctrl Pts',(1.34642360043538,0.470301785178988,2.06609446031729));
#11438=CARTESIAN_POINT('Ctrl Pts',(1.28339645855765,0.366129783007325,2.01304950810915));
#11439=CARTESIAN_POINT('Ctrl Pts',(1.25227499209026,0.297681025688745,1.9850410858041));
#11440=CARTESIAN_POINT('Ctrl Pts',(1.21052299635923,0.151334169251621,1.94617152607647));
#11441=CARTESIAN_POINT('Ctrl Pts',(1.2,0.0732867423093299,1.93575862213493));
#11442=CARTESIAN_POINT('Ctrl Pts',(1.2,-0.0732867423093289,1.93575862213493));
#11443=CARTESIAN_POINT('Ctrl Pts',(1.21052299635923,-0.15133416925162,1.94617152607647));
#11444=CARTESIAN_POINT('Ctrl Pts',(1.25227499209026,-0.297681025688744,
1.9850410858041));
#11445=CARTESIAN_POINT('Ctrl Pts',(1.28339645855765,-0.366129783007324,
2.01304950810915));
#11446=CARTESIAN_POINT('Ctrl Pts',(1.34642360043548,-0.470301785179149,
2.06609446031737));
#11447=CARTESIAN_POINT('Ctrl Pts',(1.3803860801791,-0.515645686774819,2.09357655558533));
#11448=CARTESIAN_POINT('Ctrl Pts',(1.41888552009247,-0.557073481683033,
2.12300780074206));
#11449=CARTESIAN_POINT('Origin',(0.,0.,2.21));
#11450=CARTESIAN_POINT('Origin',(0.,0.,-15.5));
#11451=CARTESIAN_POINT('',(-2.0828,-2.55069435326411E-16,-15.5));
#11452=CARTESIAN_POINT('Origin',(0.,0.,0.));
#11453=CARTESIAN_POINT('',(-2.0828,-2.55069435326411E-16,3.82604152989616E-16));
#11454=CARTESIAN_POINT('Origin',(0.,0.,3.82604152989616E-16));
#11455=CARTESIAN_POINT('',(-2.0828,-2.55069435326411E-16,0.));
#11456=CARTESIAN_POINT('Origin',(0.,0.,0.));
#11457=CARTESIAN_POINT('',(-3.96,-4.84960132462352E-16,0.));
#11458=CARTESIAN_POINT('Origin',(0.,0.,-1.74855906574501));
#11459=CARTESIAN_POINT('Origin',(0.,-2.70646942611565E-16,2.21));
#11460=CARTESIAN_POINT('',(-1.45059255133893,0.837500000000002,2.21));
#11461=CARTESIAN_POINT('',(-1.45059255133893,-0.837500000000002,2.21));
#11462=CARTESIAN_POINT('Origin',(0.,0.,2.21));
#11463=CARTESIAN_POINT('',(5.93765676722931E-15,1.675,2.21));
#11464=CARTESIAN_POINT('Origin',(0.,0.,2.21));
#11465=CARTESIAN_POINT('Origin',(0.,0.,2.21));
#11466=CARTESIAN_POINT('',(-1.75603040562739E-14,-1.675,2.21));
#11467=CARTESIAN_POINT('Origin',(0.,0.,2.21));
#11468=CARTESIAN_POINT('Origin',(0.,0.,2.21));
#11469=CARTESIAN_POINT('Origin',(0.,2.0828,-5.94214443350064E-16));
#11470=CARTESIAN_POINT('Origin',(0.,0.,-15.875));
#11471=CARTESIAN_POINT('Origin',(0.,0.,2.21));
#11472=CARTESIAN_POINT('',(-0.227002973134273,-1.50732764630293,2.12300780074175));
#11473=CARTESIAN_POINT('Ctrl Pts',(-0.227002973134274,-1.50732764630293,
2.12300780074175));
#11474=CARTESIAN_POINT('Ctrl Pts',(-0.217608809357954,-1.5378671706925,
2.13963548989148));
#11475=CARTESIAN_POINT('Ctrl Pts',(-0.201687943422,-1.5668288838365,2.15491445556272));
#11476=CARTESIAN_POINT('Ctrl Pts',(-0.16074653478699,-1.61519927100853,
2.17998548021944));
#11477=CARTESIAN_POINT('Ctrl Pts',(-0.13313493211407,-1.63726511858416,
2.19114817286023));
#11478=CARTESIAN_POINT('Ctrl Pts',(-0.0698549399252811,-1.6671765094044,
2.20614494728568));
#11479=CARTESIAN_POINT('Ctrl Pts',(-0.034181100185121,-1.675,2.21));
#11480=CARTESIAN_POINT('Ctrl Pts',(-1.76464745593741E-14,-1.675,2.21));
#11481=CARTESIAN_POINT('',(-1.19188254695783,-0.950254164620314,2.12300780074175));
#11482=CARTESIAN_POINT('Ctrl Pts',(-1.19188254695783,-0.950254164620314,
2.12300780074175));
#11483=CARTESIAN_POINT('Ctrl Pts',(-1.13675530418804,-0.937626569078056,
2.09357655558513));
#11484=CARTESIAN_POINT('Ctrl Pts',(-1.08050509362788,-0.930886149642441,
2.06609446031729));
#11485=CARTESIAN_POINT('Ctrl Pts',(-0.958775922445264,-0.928389044734238,
2.01304950810915));
#11486=CARTESIAN_POINT('Ctrl Pts',(-0.8839368265162,-0.935661442829739,
1.9850410858041));
#11487=CARTESIAN_POINT('Ctrl Pts',(-0.736320733212145,-0.972676582086536,
1.94617152607647));
#11488=CARTESIAN_POINT('Ctrl Pts',(-0.663468180600494,-1.00258711338665,
1.93575862213493));
#11489=CARTESIAN_POINT('Ctrl Pts',(-0.536531819399529,-1.07587385569599,
1.93575862213493));
#11490=CARTESIAN_POINT('Ctrl Pts',(-0.474202263147112,-1.12401075133816,
1.94617152607647));
#11491=CARTESIAN_POINT('Ctrl Pts',(-0.368338165574082,-1.23334246851849,
1.9850410858041));
#11492=CARTESIAN_POINT('Ctrl Pts',(-0.324620536112415,-1.29451882774157,
2.01304950810915));
#11493=CARTESIAN_POINT('Ctrl Pts',(-0.26591850680753,-1.40118793482144,
2.06609446031729));
#11494=CARTESIAN_POINT('Ctrl Pts',(-0.243630775990855,-1.45327225585257,
2.09357655558513));
#11495=CARTESIAN_POINT('Ctrl Pts',(-0.227002973134273,-1.50732764630293,
2.12300780074175));
#11496=CARTESIAN_POINT('Ctrl Pts',(-1.45059255133893,-0.837500000000002,
2.21));
#11497=CARTESIAN_POINT('Ctrl Pts',(-1.43350200124638,-0.867101701089602,
2.21));
#11498=CARTESIAN_POINT('Ctrl Pts',(-1.40888973977424,-0.894084407257315,
2.20614494728568));
#11499=CARTESIAN_POINT('Ctrl Pts',(-1.351345719367,-0.933930792633968,2.19114817286023));
#11500=CARTESIAN_POINT('Ctrl Pts',(-1.31843033347401,-0.946810218200105,
2.17998548021944));
#11501=CARTESIAN_POINT('Ctrl Pts',(-1.25606964507464,-0.958081324558728,
2.15491445556272));
#11502=CARTESIAN_POINT('Ctrl Pts',(-1.22302763278684,-0.957388342337513,
2.13963548989149));
#11503=CARTESIAN_POINT('Ctrl Pts',(-1.19188254695782,-0.950254164620333,
2.12300780074176));
#11504=CARTESIAN_POINT('Origin',(0.,0.,2.21));
#11505=CARTESIAN_POINT('',(0.227002973134241,-1.50732764630294,2.12300780074175));
#11506=CARTESIAN_POINT('Ctrl Pts',(0.227002973134241,-1.50732764630294,
2.12300780074175));
#11507=CARTESIAN_POINT('Ctrl Pts',(0.243630775990824,-1.45327225585258,
2.09357655558514));
#11508=CARTESIAN_POINT('Ctrl Pts',(0.265918506807501,-1.40118793482144,
2.06609446031729));
#11509=CARTESIAN_POINT('Ctrl Pts',(0.324620536112388,-1.29451882774158,
2.01304950810915));
#11510=CARTESIAN_POINT('Ctrl Pts',(0.368338165574057,-1.2333424685185,1.9850410858041));
#11511=CARTESIAN_POINT('Ctrl Pts',(0.474202263147089,-1.12401075133817,
1.94617152607647));
#11512=CARTESIAN_POINT('Ctrl Pts',(0.536531819399507,-1.075873855696,1.93575862213493));
#11513=CARTESIAN_POINT('Ctrl Pts',(0.663468180600474,-1.00258711338667,
1.93575862213493));
#11514=CARTESIAN_POINT('Ctrl Pts',(0.736320733212125,-0.97267658208655,
1.94617152607647));
#11515=CARTESIAN_POINT('Ctrl Pts',(0.883936826516182,-0.935661442829757,
1.9850410858041));
#11516=CARTESIAN_POINT('Ctrl Pts',(0.958775922445245,-0.928389044734257,
2.01304950810915));
#11517=CARTESIAN_POINT('Ctrl Pts',(1.08050509362786,-0.930886149642463,
2.06609446031729));
#11518=CARTESIAN_POINT('Ctrl Pts',(1.13675530418802,-0.937626569078079,
2.09357655558513));
#11519=CARTESIAN_POINT('Ctrl Pts',(1.19188254695781,-0.950254164620339,
2.12300780074175));
#11520=CARTESIAN_POINT('Ctrl Pts',(-1.76464745593741E-14,-1.675,2.21));
#11521=CARTESIAN_POINT('Ctrl Pts',(0.0341811001850857,-1.675,2.21));
#11522=CARTESIAN_POINT('Ctrl Pts',(0.0698549399252457,-1.6671765094044,
2.20614494728568));
#11523=CARTESIAN_POINT('Ctrl Pts',(0.133134932114035,-1.63726511858416,
2.19114817286023));
#11524=CARTESIAN_POINT('Ctrl Pts',(0.160746534786956,-1.61519927100853,
2.17998548021944));
#11525=CARTESIAN_POINT('Ctrl Pts',(0.201687943421966,-1.5668288838365,2.15491445556272));
#11526=CARTESIAN_POINT('Ctrl Pts',(0.217608809357921,-1.53786717069251,
2.13963548989149));
#11527=CARTESIAN_POINT('Ctrl Pts',(0.227002973134242,-1.50732764630294,
2.12300780074175));
#11528=CARTESIAN_POINT('Origin',(0.,0.,2.21));
#11529=CARTESIAN_POINT('',(0.227002973134263,1.50732764630293,2.12300780074175));
#11530=CARTESIAN_POINT('Ctrl Pts',(1.19188254695782,0.950254164620324,2.12300780074175));
#11531=CARTESIAN_POINT('Ctrl Pts',(1.13675530418803,0.937626569078064,2.09357655558514));
#11532=CARTESIAN_POINT('Ctrl Pts',(1.08050509362787,0.930886149642449,2.06609446031729));
#11533=CARTESIAN_POINT('Ctrl Pts',(0.958775922445257,0.928389044734245,
2.01304950810915));
#11534=CARTESIAN_POINT('Ctrl Pts',(0.883936826516194,0.935661442829746,
1.9850410858041));
#11535=CARTESIAN_POINT('Ctrl Pts',(0.736320733212138,0.972676582086541,
1.94617152607647));
#11536=CARTESIAN_POINT('Ctrl Pts',(0.663468180600487,1.00258711338666,1.93575862213493));
#11537=CARTESIAN_POINT('Ctrl Pts',(0.536531819399522,1.07587385569599,1.93575862213493));
#11538=CARTESIAN_POINT('Ctrl Pts',(0.474202263147105,1.12401075133816,1.94617152607647));
#11539=CARTESIAN_POINT('Ctrl Pts',(0.368338165574074,1.23334246851849,1.9850410858041));
#11540=CARTESIAN_POINT('Ctrl Pts',(0.324620536112406,1.29451882774157,2.01304950810915));
#11541=CARTESIAN_POINT('Ctrl Pts',(0.265918506807521,1.40118793482144,2.06609446031729));
#11542=CARTESIAN_POINT('Ctrl Pts',(0.243630775990844,1.45327225585257,2.09357655558514));
#11543=CARTESIAN_POINT('Ctrl Pts',(0.227002973134263,1.50732764630293,2.12300780074175));
#11544=CARTESIAN_POINT('Ctrl Pts',(0.227002973134263,1.50732764630293,2.12300780074175));
#11545=CARTESIAN_POINT('Ctrl Pts',(0.217608809357943,1.5378671706925,2.13963548989148));
#11546=CARTESIAN_POINT('Ctrl Pts',(0.201687943421989,1.5668288838365,2.15491445556272));
#11547=CARTESIAN_POINT('Ctrl Pts',(0.160746534786979,1.61519927100853,2.17998548021944));
#11548=CARTESIAN_POINT('Ctrl Pts',(0.133134932114059,1.63726511858416,2.19114817286023));
#11549=CARTESIAN_POINT('Ctrl Pts',(0.0698549399252696,1.6671765094044,2.20614494728568));
#11550=CARTESIAN_POINT('Ctrl Pts',(0.0341811001851093,1.675,2.21));
#11551=CARTESIAN_POINT('Ctrl Pts',(5.9609435443253E-15,1.675,2.21));
#11552=CARTESIAN_POINT('Origin',(0.,0.,2.21));
#11553=CARTESIAN_POINT('',(-1.19188254695782,0.950254164620332,2.12300780074175));
#11554=CARTESIAN_POINT('Ctrl Pts',(-1.19188254695782,0.950254164620332,
2.12300780074175));
#11555=CARTESIAN_POINT('Ctrl Pts',(-1.22302763278684,0.957388342337513,
2.13963548989149));
#11556=CARTESIAN_POINT('Ctrl Pts',(-1.25606964507464,0.958081324558728,
2.15491445556272));
#11557=CARTESIAN_POINT('Ctrl Pts',(-1.31843033347401,0.946810218200106,
2.17998548021944));
#11558=CARTESIAN_POINT('Ctrl Pts',(-1.351345719367,0.933930792633968,2.19114817286023));
#11559=CARTESIAN_POINT('Ctrl Pts',(-1.40888973977424,0.894084407257315,
2.20614494728568));
#11560=CARTESIAN_POINT('Ctrl Pts',(-1.43350200124638,0.867101701089602,
2.21));
#11561=CARTESIAN_POINT('Ctrl Pts',(-1.45059255133893,0.837500000000002,
2.21));
#11562=CARTESIAN_POINT('',(-0.227002973134253,1.50732764630293,2.12300780074175));
#11563=CARTESIAN_POINT('Ctrl Pts',(-0.227002973134252,1.50732764630293,
2.12300780074175));
#11564=CARTESIAN_POINT('Ctrl Pts',(-0.243630775990835,1.45327225585257,
2.09357655558513));
#11565=CARTESIAN_POINT('Ctrl Pts',(-0.265918506807511,1.40118793482144,
2.06609446031729));
#11566=CARTESIAN_POINT('Ctrl Pts',(-0.324620536112397,1.29451882774157,
2.01304950810915));
#11567=CARTESIAN_POINT('Ctrl Pts',(-0.368338165574066,1.23334246851849,
1.9850410858041));
#11568=CARTESIAN_POINT('Ctrl Pts',(-0.474202263147097,1.12401075133816,
1.94617152607647));
#11569=CARTESIAN_POINT('Ctrl Pts',(-0.536531819399514,1.07587385569599,
1.93575862213493));
#11570=CARTESIAN_POINT('Ctrl Pts',(-0.663468180600481,1.00258711338666,
1.93575862213493));
#11571=CARTESIAN_POINT('Ctrl Pts',(-0.736320733212132,0.972676582086545,
1.94617152607647));
#11572=CARTESIAN_POINT('Ctrl Pts',(-0.883936826516188,0.935661442829751,
1.9850410858041));
#11573=CARTESIAN_POINT('Ctrl Pts',(-0.958775922445252,0.928389044734251,
2.01304950810915));
#11574=CARTESIAN_POINT('Ctrl Pts',(-1.08050509362786,0.930886149642455,
2.06609446031729));
#11575=CARTESIAN_POINT('Ctrl Pts',(-1.13675530418803,0.937626569078071,
2.09357655558514));
#11576=CARTESIAN_POINT('Ctrl Pts',(-1.19188254695782,0.950254164620331,
2.12300780074175));
#11577=CARTESIAN_POINT('Ctrl Pts',(5.9609435443253E-15,1.675,2.21));
#11578=CARTESIAN_POINT('Ctrl Pts',(-0.0341811001850974,1.675,2.21));
#11579=CARTESIAN_POINT('Ctrl Pts',(-0.0698549399252574,1.6671765094044,
2.20614494728568));
#11580=CARTESIAN_POINT('Ctrl Pts',(-0.133134932114047,1.63726511858416,
2.19114817286023));
#11581=CARTESIAN_POINT('Ctrl Pts',(-0.160746534786967,1.61519927100853,
2.17998548021944));
#11582=CARTESIAN_POINT('Ctrl Pts',(-0.201687943421978,1.5668288838365,2.15491445556272));
#11583=CARTESIAN_POINT('Ctrl Pts',(-0.217608809357932,1.5378671706925,2.13963548989148));
#11584=CARTESIAN_POINT('Ctrl Pts',(-0.227002973134253,1.50732764630293,
2.12300780074175));
#11585=CARTESIAN_POINT('Origin',(0.,0.,2.21));
#11586=CARTESIAN_POINT('Ctrl Pts',(-1.41888552009208,-0.557073481682609,
2.12300780074175));
#11587=CARTESIAN_POINT('Ctrl Pts',(-1.44063644214478,-0.580478828354999,
2.13963548989149));
#11588=CARTESIAN_POINT('Ctrl Pts',(-1.45775758849662,-0.608747559277779,
2.15491445556272));
#11589=CARTESIAN_POINT('Ctrl Pts',(-1.47917686826098,-0.668389052808431,
2.17998548021944));
#11590=CARTESIAN_POINT('Ctrl Pts',(-1.48448065148105,-0.703334325950196,
2.19114817286023));
#11591=CARTESIAN_POINT('Ctrl Pts',(-1.47874467969951,-0.773092102147087,
2.20614494728568));
#11592=CARTESIAN_POINT('Ctrl Pts',(-1.46768310143149,-0.807898298910402,
2.21));
#11593=CARTESIAN_POINT('Ctrl Pts',(-1.45059255133893,-0.837500000000002,
2.21));
#11594=CARTESIAN_POINT('Ctrl Pts',(-1.45059255133893,0.837500000000002,
2.21));
#11595=CARTESIAN_POINT('Ctrl Pts',(-1.46768310143149,0.807898298910402,
2.21));
#11596=CARTESIAN_POINT('Ctrl Pts',(-1.47874467969951,0.773092102147087,
2.20614494728568));
#11597=CARTESIAN_POINT('Ctrl Pts',(-1.48448065148105,0.703334325950196,
2.19114817286023));
#11598=CARTESIAN_POINT('Ctrl Pts',(-1.47917686826098,0.668389052808431,
2.17998548021944));
#11599=CARTESIAN_POINT('Ctrl Pts',(-1.45775758849662,0.608747559277776,
2.15491445556272));
#11600=CARTESIAN_POINT('Ctrl Pts',(-1.44063644214478,0.580478828354994,
2.13963548989148));
#11601=CARTESIAN_POINT('Ctrl Pts',(-1.41888552009207,0.557073481682603,
2.12300780074175));
#11602=CARTESIAN_POINT('Origin',(-1.24491151794013,0.718750000000002,0.66299999999552));
#11603=CARTESIAN_POINT('',(-0.227002973134253,1.50732764630293,0.66299999999552));
#11604=CARTESIAN_POINT('',(-1.19188254695781,0.950254164620331,0.66299999999552));
#11605=CARTESIAN_POINT('Origin',(-1.00916563913097,1.74792616022757,0.66299999999552));
#11606=CARTESIAN_POINT('Origin',(-1.24491151794013,0.718750000000002,0.66299999999552));
#11607=CARTESIAN_POINT('',(-1.19188254695783,-0.950254164620314,0.66299999999552));
#11608=CARTESIAN_POINT('Origin',(-1.24491151794013,-0.718750000000002,0.66299999999552));
#11609=CARTESIAN_POINT('',(-0.227002973134273,-1.50732764630293,0.66299999999552));
#11610=CARTESIAN_POINT('Origin',(-1.009165639131,-1.74792616022756,0.66299999999552));
#11611=CARTESIAN_POINT('',(0.227002973134242,-1.50732764630293,0.66299999999552));
#11612=CARTESIAN_POINT('Origin',(-1.50704101975485E-14,-1.4375,0.66299999999552));
#11613=CARTESIAN_POINT('Origin',(1.00916563913096,-1.74792616022758,0.66299999999552));
#11614=CARTESIAN_POINT('Origin',(2.01833127826195,3.25260651745651E-16,
0.66299999999552));
#11615=CARTESIAN_POINT('',(0.227002973134263,1.50732764630293,0.66299999999552));
#11616=CARTESIAN_POINT('Origin',(1.00916563913098,1.74792616022757,0.66299999999552));
#11617=CARTESIAN_POINT('Origin',(5.09575021068187E-15,1.4375,0.66299999999552));
#11618=CARTESIAN_POINT('Origin',(-1.009165639131,-1.74792616022756,0.66299999999552));
#11619=CARTESIAN_POINT('',(-1.19188254695783,-0.950254164620314,0.66299999999552));
#11620=CARTESIAN_POINT('',(-0.227002973134273,-1.50732764630293,0.66299999999552));
#11621=CARTESIAN_POINT('Origin',(-1.50704101975485E-14,-1.4375,0.66299999999552));
#11622=CARTESIAN_POINT('',(0.227002973134242,-1.50732764630293,0.66299999999552));
#11623=CARTESIAN_POINT('Origin',(1.00916563913096,-1.74792616022758,0.66299999999552));
#11624=CARTESIAN_POINT('Origin',(2.01833127826195,3.25260651745651E-16,
0.66299999999552));
#11625=CARTESIAN_POINT('Origin',(1.00916563913098,1.74792616022757,0.66299999999552));
#11626=CARTESIAN_POINT('',(0.227002973134263,1.50732764630293,0.66299999999552));
#11627=CARTESIAN_POINT('Origin',(5.09575021068187E-15,1.4375,0.66299999999552));
#11628=CARTESIAN_POINT('',(-0.227002973134253,1.50732764630293,0.66299999999552));
#11629=CARTESIAN_POINT('Origin',(-1.00916563913097,1.74792616022757,0.66299999999552));
#11630=CARTESIAN_POINT('',(-1.19188254695781,0.950254164620331,0.66299999999552));
#11631=CARTESIAN_POINT('Origin',(-1.24491151794013,0.718750000000002,0.66299999999552));
#11632=CARTESIAN_POINT('Origin',(-1.24491151794013,-0.718750000000002,0.66299999999552));
#11633=CARTESIAN_POINT('',(0.,0.,0.));
#11634=CARTESIAN_POINT('Origin',(0.,5.,0.));
#11635=CARTESIAN_POINT('',(-2.63299061816681E-16,5.,2.15));
#11636=CARTESIAN_POINT('Origin',(0.,5.,0.));
#11637=CARTESIAN_POINT('',(-2.63299061816681E-16,0.,2.15));
#11638=CARTESIAN_POINT('',(-2.63299061816681E-16,5.,2.15));
#11639=CARTESIAN_POINT('Origin',(0.,0.,0.));
#11640=CARTESIAN_POINT('Origin',(0.,5.,0.));
#11641=CARTESIAN_POINT('',(-5.51091059616309E-16,0.,4.5));
#11642=CARTESIAN_POINT('Origin',(0.,0.,0.));
#11643=CARTESIAN_POINT('',(-5.51091059616309E-16,5.,4.5));
#11644=CARTESIAN_POINT('',(-5.51091059616309E-16,5.,4.5));
#11645=CARTESIAN_POINT('Origin',(0.,5.,0.));
#11646=CARTESIAN_POINT('Origin',(0.,5.,0.));
#11647=CARTESIAN_POINT('Origin',(0.,0.,0.));
#11648=CARTESIAN_POINT('',(0.,0.,0.));
#11649=CARTESIAN_POINT('Origin',(2.462759742012,0.379660057683994,-4.265625));
#11650=CARTESIAN_POINT('',(2.54936228239044,0.379660057683994,-4.315625));
#11651=CARTESIAN_POINT('',(2.462759742012,0.379660057683994,-4.365625));
#11652=CARTESIAN_POINT('Origin',(2.462759742012,0.379660057683994,-4.265625));
#11653=CARTESIAN_POINT('',(2.4796860288059,0.285564344383746,-4.29494218871052));
#11654=CARTESIAN_POINT('Origin',(2.462759742012,0.379660057683994,-4.265625));
#11655=CARTESIAN_POINT('Origin',(2.462759742012,0.379660057683994,-4.265625));
#11656=CARTESIAN_POINT('Origin',(4.925519484024,0.379660057683994,-1.38749608294393E-16));
#11657=CARTESIAN_POINT('',(5.01212202440244,0.379660057683994,-0.0500000000000002));
#11658=CARTESIAN_POINT('',(5.01212202440244,0.379660057683994,0.0499999999999996));
#11659=CARTESIAN_POINT('Origin',(4.925519484024,0.379660057683994,-1.96511643762998E-16));
#11660=CARTESIAN_POINT('',(4.9593720576118,0.285564344383747,-7.26137284344604E-16));
#11661=CARTESIAN_POINT('Origin',(4.92551948402399,0.379660057683994,-4.74338450462408E-16));
#11662=CARTESIAN_POINT('Origin',(4.925519484024,0.379660057683994,-7.21180685894727E-16));
#11663=CARTESIAN_POINT('Origin',(-2.462759742012,0.379660057683993,-4.265625));
#11664=CARTESIAN_POINT('',(-2.54936228239044,0.379660057683993,-4.315625));
#11665=CARTESIAN_POINT('',(-2.462759742012,0.379660057683993,-4.365625));
#11666=CARTESIAN_POINT('Origin',(-2.462759742012,0.379660057683993,-4.265625));
#11667=CARTESIAN_POINT('',(-2.4796860288059,0.285564344383746,-4.29494218871052));
#11668=CARTESIAN_POINT('Origin',(-2.462759742012,0.379660057683993,-4.265625));
#11669=CARTESIAN_POINT('Origin',(-2.462759742012,0.379660057683993,-4.265625));
#11670=CARTESIAN_POINT('Origin',(-4.925519484024,4.58127744231601,-1.73264695863706E-15));
#11671=CARTESIAN_POINT('',(-5.01212202440244,4.58127744231601,-0.0500000000000019));
#11672=CARTESIAN_POINT('',(-5.01212202440244,4.58127744231601,0.0499999999999982));
#11673=CARTESIAN_POINT('Origin',(-4.92551948402399,4.58127744231601,-1.70761842166467E-15));
#11674=CARTESIAN_POINT('',(-4.9593720576118,4.67537315561626,-1.46759179398896E-15));
#11675=CARTESIAN_POINT('Origin',(-4.925519484024,4.58127744231601,-1.82281490249125E-15));
#11676=CARTESIAN_POINT('Origin',(-4.925519484024,4.58127744231601,-1.54553480735064E-15));
#11677=CARTESIAN_POINT('Origin',(2.462759742012,4.58127744231601,4.265625));
#11678=CARTESIAN_POINT('',(2.462759742012,4.58127744231601,4.365625));
#11679=CARTESIAN_POINT('',(2.54936228239044,4.58127744231601,4.315625));
#11680=CARTESIAN_POINT('Origin',(2.462759742012,4.58127744231601,4.265625));
#11681=CARTESIAN_POINT('',(2.4796860288059,4.67537315561626,4.29494218871052));
#11682=CARTESIAN_POINT('Origin',(2.462759742012,4.58127744231601,4.265625));
#11683=CARTESIAN_POINT('Origin',(2.462759742012,4.58127744231601,4.265625));
#11684=CARTESIAN_POINT('Origin',(-2.462759742012,4.58127744231601,4.265625));
#11685=CARTESIAN_POINT('',(-2.54936228239044,4.58127744231601,4.315625));
#11686=CARTESIAN_POINT('',(-2.462759742012,4.58127744231601,4.365625));
#11687=CARTESIAN_POINT('Origin',(-2.462759742012,4.58127744231601,4.265625));
#11688=CARTESIAN_POINT('',(-2.4796860288059,4.67537315561626,4.29494218871052));
#11689=CARTESIAN_POINT('Origin',(-2.462759742012,4.58127744231601,4.265625));
#11690=CARTESIAN_POINT('Origin',(-2.462759742012,4.58127744231601,4.265625));
#11691=CARTESIAN_POINT('Origin',(0.,5.853125,0.));
#11692=CARTESIAN_POINT('',(2.55069435326411E-16,5.853125,2.0828));
#11693=CARTESIAN_POINT('',(-2.55069435326411E-16,5.853125,-2.0828));
#11694=CARTESIAN_POINT('Origin',(0.,5.853125,0.));
#11695=CARTESIAN_POINT('Origin',(0.,5.853125,0.));
#11696=CARTESIAN_POINT('',(-2.67315903317884E-16,5.953125,-2.1828));
#11697=CARTESIAN_POINT('Origin',(-2.67315903317884E-16,5.853125,-2.1828));
#11698=CARTESIAN_POINT('Origin',(0.,5.953125,0.));
#11699=CARTESIAN_POINT('Origin',(0.,0.1,0.));
#11700=CARTESIAN_POINT('',(-2.67315903317884E-16,0.,-2.1828));
#11701=CARTESIAN_POINT('Origin',(0.,0.,0.));
#11702=CARTESIAN_POINT('',(-2.55069435326411E-16,0.1,-2.0828));
#11703=CARTESIAN_POINT('Origin',(-2.67315903317884E-16,0.1,-2.1828));
#11704=CARTESIAN_POINT('',(2.55069435326411E-16,0.1,2.0828));
#11705=CARTESIAN_POINT('Origin',(0.,0.1,0.));
#11706=CARTESIAN_POINT('Origin',(0.,0.1,0.));
#11707=CARTESIAN_POINT('Origin',(-5.29321435413695E-16,5.03206975964748,
0.));
#11708=CARTESIAN_POINT('',(4.16351848851126,5.02555693472983,-5.09883959014615E-16));
#11709=CARTESIAN_POINT('Origin',(-4.41594467384662E-16,5.02555693472983,
0.));
#11710=CARTESIAN_POINT('',(4.22945360510413,4.93797404634724,-5.179586819633E-16));
#11711=CARTESIAN_POINT('Origin',(4.26330617869193,5.03206975964748,-5.2210442655202E-16));
#11712=CARTESIAN_POINT('',(-4.22945360510413,4.93797404634723,5.62921464477356E-16));
#11713=CARTESIAN_POINT('Origin',(-5.17798034003032E-16,4.93797404634723,
0.));
#11714=CARTESIAN_POINT('Origin',(-5.17798034003032E-16,4.93797404634723,
0.));
#11715=CARTESIAN_POINT('Origin',(-3.45702042319905E-17,0.3,1.40233524285053E-15));
#11716=CARTESIAN_POINT('',(-5.50741586420153E-16,0.0177128600992581,-4.21485919489228));
#11717=CARTESIAN_POINT('',(4.21485919489228,0.0177128600992584,-5.16171382188162E-16));
#11718=CARTESIAN_POINT('Origin',(-2.16919974243015E-18,0.0177128600992581,
0.));
#11719=CARTESIAN_POINT('',(-5.38304352653991E-16,0.,-4.11330147412887));
#11720=CARTESIAN_POINT('Origin',(-5.38304352653991E-16,0.3,-4.11330147412887));
#11721=CARTESIAN_POINT('Origin',(-3.45702042319905E-17,0.,1.40233524285053E-15));
#11722=CARTESIAN_POINT('Origin',(-2.16919974243015E-18,0.0177128600992581,
0.));
#11723=CARTESIAN_POINT('Origin',(-4.33680868994202E-16,4.9609375,0.));
#11724=CARTESIAN_POINT('',(3.1734375,5.953125,-3.88634007666918E-16));
#11725=CARTESIAN_POINT('Origin',(-7.29047547617408E-16,5.953125,0.));
#11726=CARTESIAN_POINT('Origin',(3.1734375,4.9609375,-3.88634007666918E-16));
#11727=CARTESIAN_POINT('Origin',(-5.68972108419884E-16,4.64600984394868,
0.));
#11728=CARTESIAN_POINT('',(4.9593720576118,4.67537315561626,-6.02810010307874E-16));
#11729=CARTESIAN_POINT('',(2.4796860288059,4.67537315561626,-4.29494218871052));
#11730=CARTESIAN_POINT('Ctrl Pts',(4.9593720576118,4.67537315561626,-8.88178419700125E-16));
#11731=CARTESIAN_POINT('Ctrl Pts',(4.81015426198405,4.72905685947405,-0.260229122157253));
#11732=CARTESIAN_POINT('Ctrl Pts',(4.66054247538043,4.77525985227845,-0.521057551250351));
#11733=CARTESIAN_POINT('Ctrl Pts',(4.51037581293601,4.81224761867155,-0.782584796521264));
#11734=CARTESIAN_POINT('Ctrl Pts',(4.35981018422371,4.84933365501934,-1.04480687343656));
#11735=CARTESIAN_POINT('Ctrl Pts',(4.20868672710242,4.87715544115418,-1.30773148472515));
#11736=CARTESIAN_POINT('Ctrl Pts',(4.05684815408347,4.89401673424778,-1.57145561362004));
#11737=CARTESIAN_POINT('Ctrl Pts',(3.94661672944609,4.90625765776268,-1.76291346165782));
#11738=CARTESIAN_POINT('Ctrl Pts',(3.83600851012041,4.91272300892507,-1.95479261940072));
#11739=CARTESIAN_POINT('Ctrl Pts',(3.72496491272952,4.91278086410114,-2.14712911839832));
#11740=CARTESIAN_POINT('Ctrl Pts',(3.72446258815508,4.91278112581885,-2.14799918522143));
#11741=CARTESIAN_POINT('Ctrl Pts',(3.72396024296967,4.91278125644931,-2.14886928165939));
#11742=CARTESIAN_POINT('Ctrl Pts',(3.72345787717467,4.91278125591634,-2.14973940770303));
#11743=CARTESIAN_POINT('Ctrl Pts',(3.61652392585503,4.91278114246875,-2.33495507508843));
#11744=CARTESIAN_POINT('Ctrl Pts',(3.50958290069107,4.90683333090786,-2.51990669792835));
#11745=CARTESIAN_POINT('Ctrl Pts',(3.40271753010513,4.89546689440356,-2.70450826374232));
#11746=CARTESIAN_POINT('Ctrl Pts',(3.2920312496863,4.88369405750251,-2.89571015231868));
#11747=CARTESIAN_POINT('Ctrl Pts',(3.18142613916389,4.86610853104398,-3.08653653532922));
#11748=CARTESIAN_POINT('Ctrl Pts',(3.07099160659338,4.84335618261318,-3.27689975419755));
#11749=CARTESIAN_POINT('Ctrl Pts',(2.95195864883968,4.81883233788343,-3.48208464031953));
#11750=CARTESIAN_POINT('Ctrl Pts',(2.83312389875859,4.78830598773214,-3.68673142882212));
#11751=CARTESIAN_POINT('Ctrl Pts',(2.71459608524895,4.75264829972936,-3.89073923804812));
#11752=CARTESIAN_POINT('Ctrl Pts',(2.63614810265423,4.729048153865,-4.02576240766092));
#11753=CARTESIAN_POINT('Ctrl Pts',(2.55783450436931,4.70320154005246,-4.16050586085089));
#11754=CARTESIAN_POINT('Ctrl Pts',(2.4796860288059,4.67537315561626,-4.29494218871052));
#11755=CARTESIAN_POINT('',(-2.4796860288059,4.67537315561626,-4.29494218871052));
#11756=CARTESIAN_POINT('Ctrl Pts',(2.4796860288059,4.67537315561626,-4.29494218871052));
#11757=CARTESIAN_POINT('Ctrl Pts',(2.11797666214728,4.74010510957451,-4.29601313365663));
#11758=CARTESIAN_POINT('Ctrl Pts',(1.75521475827136,4.79392049003343,-4.2970226397651));
#11759=CARTESIAN_POINT('Ctrl Pts',(1.39112535898848,4.83384914349242,-4.2978160390065));
#11760=CARTESIAN_POINT('Ctrl Pts',(0.930728549352009,4.88433955793956,-4.29881930490831));
#11761=CARTESIAN_POINT('Ctrl Pts',(0.468210199441917,4.91263022470564,-4.29947702459951));
#11762=CARTESIAN_POINT('Ctrl Pts',(0.00298657067012772,4.91277766002804,
-4.2994857851354));
#11763=CARTESIAN_POINT('Ctrl Pts',(-0.00341024808266274,4.91277968726178,
-4.29948590559265));
#11764=CARTESIAN_POINT('Ctrl Pts',(-0.00980908811908242,4.91277639466762,
-4.29948590153019));
#11765=CARTESIAN_POINT('Ctrl Pts',(-0.0162099449157633,4.91276775921695,
-4.29948577200726));
#11766=CARTESIAN_POINT('Ctrl Pts',(-0.199922284484687,4.91251991132797,
-4.29948205454246));
#11767=CARTESIAN_POINT('Ctrl Pts',(-0.383426816586385,4.90792454615603,
-4.29937698696216));
#11768=CARTESIAN_POINT('Ctrl Pts',(-0.566653285104919,4.89928309393453,
-4.29918781880966));
#11769=CARTESIAN_POINT('Ctrl Pts',(-0.756710094240034,4.89031950450996,
-4.29899159882165));
#11770=CARTESIAN_POINT('Ctrl Pts',(-0.946467736778365,4.87700260654414,
-4.29870489638085));
#11771=CARTESIAN_POINT('Ctrl Pts',(-1.13586222280217,4.85972349124534,-4.29834881011453));
#11772=CARTESIAN_POINT('Ctrl Pts',(-1.33030065808736,4.84198419897583,-4.29798324056758));
#11773=CARTESIAN_POINT('Ctrl Pts',(-1.52435638095377,4.82006909193239,-4.29754455617346));
#11774=CARTESIAN_POINT('Ctrl Pts',(-1.71797459214429,4.79445535699538,-4.29705734741307));
#11775=CARTESIAN_POINT('Ctrl Pts',(-1.92114714691032,4.76757767884593,-4.29654609669991));
#11776=CARTESIAN_POINT('Ctrl Pts',(-2.12383797140937,4.7366275533884,-4.29598143088928));
#11777=CARTESIAN_POINT('Ctrl Pts',(-2.32599899949922,4.702211685198,-4.29539345177801));
#11778=CARTESIAN_POINT('Ctrl Pts',(-2.37726221866451,4.69348464116543,-4.29524435428712));
#11779=CARTESIAN_POINT('Ctrl Pts',(-2.42849144304529,4.68453500176633,-4.29509376505314));
#11780=CARTESIAN_POINT('Ctrl Pts',(-2.4796860288059,4.67537315561626,-4.29494218871052));
#11781=CARTESIAN_POINT('Ctrl Pts',(-2.4796860288059,4.67537315561626,-4.29494218871052));
#11782=CARTESIAN_POINT('Ctrl Pts',(-2.63044216156304,4.72905685946633,-4.03560122595886));
#11783=CARTESIAN_POINT('Ctrl Pts',(-2.78152031386327,4.77525985226516,-3.77561940354551));
#11784=CARTESIAN_POINT('Ctrl Pts',(-2.93292622080558,4.81224761865559,-3.51480763646944));
#11785=CARTESIAN_POINT('Ctrl Pts',(-3.0847343864885,4.84933365500541,-3.25330293861489));
#11786=CARTESIAN_POINT('Ctrl Pts',(-3.23687205058122,4.87715544114282,-2.99096388000061));
#11787=CARTESIAN_POINT('Ctrl Pts',(-3.38934455928292,4.89401673423965,-2.72760575404922));
#11788=CARTESIAN_POINT('Ctrl Pts',(-3.50003620714327,4.90625765775981,-2.53641361595694));
#11789=CARTESIAN_POINT('Ctrl Pts',(-3.61090432256702,4.91272300892504,-2.34468450923979));
#11790=CARTESIAN_POINT('Ctrl Pts',(-3.72195081810302,4.91278086410112,-2.15234968343031));
#11791=CARTESIAN_POINT('Ctrl Pts',(-3.7224531557876,4.91278112581884,-2.15147962417634));
#11792=CARTESIAN_POINT('Ctrl Pts',(-3.72295550881392,4.91278125644929,-2.15060953226533));
#11793=CARTESIAN_POINT('Ctrl Pts',(-3.72345787717471,4.91278125591633,-2.14973940770305));
#11794=CARTESIAN_POINT('Ctrl Pts',(-3.83039237465052,4.91278114246874,-1.96452405563876));
#11795=CARTESIAN_POINT('Ctrl Pts',(-3.93709466592005,4.90683333090775,-1.77943459971833));
#11796=CARTESIAN_POINT('Ctrl Pts',(-4.04353162620136,4.89546689440324,-1.59458569109737));
#11797=CARTESIAN_POINT('Ctrl Pts',(-4.15377417874982,4.88369405750217,-1.40312761611744));
#11798=CARTESIAN_POINT('Ctrl Pts',(-4.26373211888725,4.86610853104371,-1.21192758911275));
#11799=CARTESIAN_POINT('Ctrl Pts',(-4.37337423608737,4.84335618261305,-1.02110686901883));
#11800=CARTESIAN_POINT('Ctrl Pts',(-4.49155308106257,4.81883233788374,-0.815428860659346));
#11801=CARTESIAN_POINT('Ctrl Pts',(-4.609365023666,4.78830598773311,-0.610191553989246));
#11802=CARTESIAN_POINT('Ctrl Pts',(-4.72677706226914,4.75264829973116,-0.405539551825643));
#11803=CARTESIAN_POINT('Ctrl Pts',(-4.80448656595795,4.72904815386632,-0.270090021213119));
#11804=CARTESIAN_POINT('Ctrl Pts',(-4.88202102027361,4.70320154005316,-0.134896729038179));
#11805=CARTESIAN_POINT('Ctrl Pts',(-4.9593720576118,4.67537315561626,-1.71194561863575E-15));
#11806=CARTESIAN_POINT('',(-5.04098953786192,4.64600984394868,-6.1734317020779E-16));
#11807=CARTESIAN_POINT('Ctrl Pts',(-4.9593720576118,4.67537315561626,-8.88178419700125E-16));
#11808=CARTESIAN_POINT('Ctrl Pts',(-4.810154261982,4.72905685947479,0.260229122160817));
#11809=CARTESIAN_POINT('Ctrl Pts',(-4.66054247537632,4.77525985227971,0.521057551257498));
#11810=CARTESIAN_POINT('Ctrl Pts',(-4.51037581292983,4.81224761867307,0.782584796532011));
#11811=CARTESIAN_POINT('Ctrl Pts',(-4.35981018420448,4.84933365502381,1.04480687346999));
#11812=CARTESIAN_POINT('Ctrl Pts',(-4.20868672707006,4.87715544115998,1.30773148478138));
#11813=CARTESIAN_POINT('Ctrl Pts',(-4.05684815403784,4.89401673425285,1.57145561369922));
#11814=CARTESIAN_POINT('Ctrl Pts',(-3.94661672941556,4.90625765776448,1.76291346171072));
#11815=CARTESIAN_POINT('Ctrl Pts',(-3.83600851010506,4.91272300892509,1.95479261942722));
#11816=CARTESIAN_POINT('Ctrl Pts',(-3.72496491272949,4.91278086410115,2.1471291183983));
#11817=CARTESIAN_POINT('Ctrl Pts',(-3.72446258815505,4.91278112581886,2.14799918522141));
#11818=CARTESIAN_POINT('Ctrl Pts',(-3.72396024296965,4.91278125644932,2.14886928165938));
#11819=CARTESIAN_POINT('Ctrl Pts',(-3.72345787717465,4.91278125591635,2.14973940770302));
#11820=CARTESIAN_POINT('Ctrl Pts',(-3.61652392585238,4.91278114246876,2.334955075093));
#11821=CARTESIAN_POINT('Ctrl Pts',(-3.50958290068578,4.90683333090757,2.51990669793747));
#11822=CARTESIAN_POINT('Ctrl Pts',(-3.40271753009721,4.89546689440271,2.70450826375599));
#11823=CARTESIAN_POINT('Ctrl Pts',(-3.29203124967548,4.88369405750107,2.89571015233733));
#11824=CARTESIAN_POINT('Ctrl Pts',(-3.18142613915019,4.86610853104166,3.08653653535284));
#11825=CARTESIAN_POINT('Ctrl Pts',(-3.0709916065768,4.84335618260975,3.27689975422612));
#11826=CARTESIAN_POINT('Ctrl Pts',(-2.95195864882009,4.81883233787882,3.48208464035327));
#11827=CARTESIAN_POINT('Ctrl Pts',(-2.83312389873601,4.78830598772609,3.68673142886101));
#11828=CARTESIAN_POINT('Ctrl Pts',(-2.71459608522339,4.75264829972166,3.89073923809211));
#11829=CARTESIAN_POINT('Ctrl Pts',(-2.63614810263722,4.72904815385939,4.02576240769019));
#11830=CARTESIAN_POINT('Ctrl Pts',(-2.55783450436082,4.70320154004943,4.16050586086549));
#11831=CARTESIAN_POINT('Ctrl Pts',(-2.4796860288059,4.67537315561626,4.29494218871052));
#11832=CARTESIAN_POINT('Ctrl Pts',(-2.4796860288059,4.67537315561626,4.29494218871052));
#11833=CARTESIAN_POINT('Ctrl Pts',(-2.14883354630756,4.7345829235631,4.29592177294776));
#11834=CARTESIAN_POINT('Ctrl Pts',(-1.8171071698752,4.78466875365093,4.29685014141085));
#11835=CARTESIAN_POINT('Ctrl Pts',(-1.48429120275483,4.8233408824806,4.29760854294291));
#11836=CARTESIAN_POINT('Ctrl Pts',(-1.10756714797802,4.8671149877485,4.29846699965333));
#11837=CARTESIAN_POINT('Ctrl Pts',(-0.729447185055064,4.89626570370983,
4.29910766825166));
#11838=CARTESIAN_POINT('Ctrl Pts',(-0.349615796589372,4.90754058323317,
4.29936345242668));
#11839=CARTESIAN_POINT('Ctrl Pts',(-0.234251918997895,4.91096503382016,
4.29944114019855));
#11840=CARTESIAN_POINT('Ctrl Pts',(-0.11873013846002,4.91274085609616,4.29948335581939));
#11841=CARTESIAN_POINT('Ctrl Pts',(-0.00304152292886968,4.91277778219654,
4.29948549733807));
#11842=CARTESIAN_POINT('Ctrl Pts',(0.00327433904961162,4.91277979812656,
4.29948561425136));
#11843=CARTESIAN_POINT('Ctrl Pts',(0.00959221412654604,4.91277663255726,
4.29948560991595));
#11844=CARTESIAN_POINT('Ctrl Pts',(0.015912098458178,4.91276826335156,4.29948548342632));
#11845=CARTESIAN_POINT('Ctrl Pts',(0.19919181767073,4.91252555231608,4.29948181516536));
#11846=CARTESIAN_POINT('Ctrl Pts',(0.382270106033375,4.907955699672,4.29937730997148));
#11847=CARTESIAN_POINT('Ctrl Pts',(0.56507513909884,4.89935734630965,4.29918906453843));
#11848=CARTESIAN_POINT('Ctrl Pts',(0.754722927129927,4.89043713952686,4.29899377270544));
#11849=CARTESIAN_POINT('Ctrl Pts',(0.94407663419795,4.87718126002932,4.29870835953226));
#11850=CARTESIAN_POINT('Ctrl Pts',(1.13307050966582,4.85997786030983,4.2983537597596));
#11851=CARTESIAN_POINT('Ctrl Pts',(1.32711946944225,4.84231431533027,4.29798967538463));
#11852=CARTESIAN_POINT('Ctrl Pts',(1.52078913642092,4.82048951165875,4.29755266780428));
#11853=CARTESIAN_POINT('Ctrl Pts',(1.7140228107293,4.79497762773556,4.29706715382866));
#11854=CARTESIAN_POINT('Ctrl Pts',(1.91686391670663,4.76819731230105,4.29655750046657));
#11855=CARTESIAN_POINT('Ctrl Pts',(2.11922462366593,4.7373543785657,4.29599441396628));
#11856=CARTESIAN_POINT('Ctrl Pts',(2.32105463701008,4.70305270707959,4.29540782009739));
#11857=CARTESIAN_POINT('Ctrl Pts',(2.37396841757945,4.6940598368513,4.29525403276543));
#11858=CARTESIAN_POINT('Ctrl Pts',(2.42684579829572,4.68482950837849,4.29509863745925));
#11859=CARTESIAN_POINT('Ctrl Pts',(2.4796860288059,4.67537315561626,4.29494218871052));
#11860=CARTESIAN_POINT('Ctrl Pts',(2.4796860288059,4.67537315561626,4.29494218871052));
#11861=CARTESIAN_POINT('Ctrl Pts',(2.63044216157108,4.72905685946919,4.03560122594503));
#11862=CARTESIAN_POINT('Ctrl Pts',(2.78152031387938,4.77525985227009,3.77561940351776));
#11863=CARTESIAN_POINT('Ctrl Pts',(2.93292622082979,4.81224761866151,3.51480763642768));
#11864=CARTESIAN_POINT('Ctrl Pts',(3.08473438652309,4.84933365501287,3.2533029385552));
#11865=CARTESIAN_POINT('Ctrl Pts',(3.23687205062623,4.87715544115048,2.99096387992287));
#11866=CARTESIAN_POINT('Ctrl Pts',(3.38934455933841,4.8940167342458,2.72760575395327));
#11867=CARTESIAN_POINT('Ctrl Pts',(3.5000362071803,4.90625765776199,2.53641361589279));
#11868=CARTESIAN_POINT('Ctrl Pts',(3.61090432258555,4.91272300892507,2.3446845092076));
#11869=CARTESIAN_POINT('Ctrl Pts',(3.72195081810298,4.91278086410114,2.15234968343028));
#11870=CARTESIAN_POINT('Ctrl Pts',(3.72245315578756,4.91278112581886,2.15147962417632));
#11871=CARTESIAN_POINT('Ctrl Pts',(3.72295550881388,4.91278125644931,2.15060953226531));
#11872=CARTESIAN_POINT('Ctrl Pts',(3.72345787717467,4.91278125591634,2.14973940770303));
#11873=CARTESIAN_POINT('Ctrl Pts',(3.83039237465213,4.91278114246875,1.96452405563591));
#11874=CARTESIAN_POINT('Ctrl Pts',(3.9370946659233,4.90683333090757,1.77943459971265));
#11875=CARTESIAN_POINT('Ctrl Pts',(4.04353162620623,4.89546689440272,1.59458569108887));
#11876=CARTESIAN_POINT('Ctrl Pts',(4.15377417875735,4.88369405750119,1.40312761610433));
#11877=CARTESIAN_POINT('Ctrl Pts',(4.26373211889743,4.866108531042,1.21192758909504));
#11878=CARTESIAN_POINT('Ctrl Pts',(4.37337423610017,4.84335618261038,1.02110686899653));
#11879=CARTESIAN_POINT('Ctrl Pts',(4.49155308107871,4.81883233787994,0.815428860631242));
#11880=CARTESIAN_POINT('Ctrl Pts',(4.60936502368544,4.78830598772787,0.610191553955365));
#11881=CARTESIAN_POINT('Ctrl Pts',(4.72677706229186,4.75264829972425,0.405539551786027));
#11882=CARTESIAN_POINT('Ctrl Pts',(4.80448656597306,4.72904815386127,0.270090021186758));
#11883=CARTESIAN_POINT('Ctrl Pts',(4.88202102028115,4.70320154005045,0.134896729025027));
#11884=CARTESIAN_POINT('Ctrl Pts',(4.9593720576118,4.67537315561626,-5.66430359059361E-16));
#11885=CARTESIAN_POINT('Origin',(-6.2474368446508E-32,5.10141932269819E-16,
0.));
#11886=CARTESIAN_POINT('',(-4.9593720576118,0.285564344383746,-1.43621142052392E-15));
#11887=CARTESIAN_POINT('Ctrl Pts',(-4.9593720576118,0.285564344383746,-2.22044604925031E-15));
#11888=CARTESIAN_POINT('Ctrl Pts',(-4.81015426197553,0.23188064052289,-0.260229122172105));
#11889=CARTESIAN_POINT('Ctrl Pts',(-4.66054247536336,0.185677647716296,
-0.521057551280135));
#11890=CARTESIAN_POINT('Ctrl Pts',(-4.51037581291033,0.14868988132215,-0.782584796566064));
#11891=CARTESIAN_POINT('Ctrl Pts',(-4.35981018416772,0.11160384496797,-1.04480687353412));
#11892=CARTESIAN_POINT('Ctrl Pts',(-4.20868672701591,0.0837820588305643,
-1.30773148487576));
#11893=CARTESIAN_POINT('Ctrl Pts',(-4.05684815396609,0.0669207657392135,
-1.57145561382404));
#11894=CARTESIAN_POINT('Ctrl Pts',(-3.94661672936759,0.054679842232756,
-1.76291346179413));
#11895=CARTESIAN_POINT('Ctrl Pts',(-3.83600851008103,0.0482144910749308,
-1.95479261946905));
#11896=CARTESIAN_POINT('Ctrl Pts',(-3.72496491272956,0.0481566358988804,
-2.14712911839834));
#11897=CARTESIAN_POINT('Ctrl Pts',(-3.72446258815512,0.0481563741811643,
-2.14799918522145));
#11898=CARTESIAN_POINT('Ctrl Pts',(-3.72396024296971,0.0481562435507109,
-2.14886928165941));
#11899=CARTESIAN_POINT('Ctrl Pts',(-3.72345787717471,0.0481562440836772,
-2.14973940770305));
#11900=CARTESIAN_POINT('Ctrl Pts',(-3.61652392584886,0.0481563575312647,
-2.3349550750992));
#11901=CARTESIAN_POINT('Ctrl Pts',(-3.50958290067867,0.054104169092848,
-2.51990669794984));
#11902=CARTESIAN_POINT('Ctrl Pts',(-3.40271753008654,0.0654706055984468,
-2.70450826377449));
#11903=CARTESIAN_POINT('Ctrl Pts',(-3.29203124966164,0.0772434425007977,
-2.89571015236126));
#11904=CARTESIAN_POINT('Ctrl Pts',(-3.18142613913319,0.0948289689612297,
-3.08653653538218));
#11905=CARTESIAN_POINT('Ctrl Pts',(-3.07099160655667,0.117581317394423,
-3.27689975426084));
#11906=CARTESIAN_POINT('Ctrl Pts',(-2.95195864879764,0.142105162126507,
-3.48208464039195));
#11907=CARTESIAN_POINT('Ctrl Pts',(-2.83312389871126,0.172631512280577,
-3.68673142890362));
#11908=CARTESIAN_POINT('Ctrl Pts',(-2.71459608519637,0.208289200286477,
-3.89073923813862));
#11909=CARTESIAN_POINT('Ctrl Pts',(-2.63614810261924,0.231889346146555,
-4.02576240772114));
#11910=CARTESIAN_POINT('Ctrl Pts',(-2.55783450435185,0.257735959953765,
-4.16050586088093));
#11911=CARTESIAN_POINT('Ctrl Pts',(-2.4796860288059,0.285564344383746,-4.29494218871052));
#11912=CARTESIAN_POINT('Ctrl Pts',(-2.4796860288059,0.285564344383746,-4.29494218871052));
#11913=CARTESIAN_POINT('Ctrl Pts',(-2.14884313106331,0.226356291736601,
-4.29592174456932));
#11914=CARTESIAN_POINT('Ctrl Pts',(-1.81712639105911,0.176271643189664,
-4.29685008775378));
#11915=CARTESIAN_POINT('Ctrl Pts',(-1.48432012900219,0.137599971389632,
-4.29760847714683));
#11916=CARTESIAN_POINT('Ctrl Pts',(-1.10762891772734,0.0938289233259807,
-4.29846687030722));
#11917=CARTESIAN_POINT('Ctrl Pts',(-0.729542048086487,0.0646786397638089,
-4.29910751748076));
#11918=CARTESIAN_POINT('Ctrl Pts',(-0.349744086431907,0.0534007213905783,
-4.29936336547608));
#11919=CARTESIAN_POINT('Ctrl Pts',(-0.234337562574698,0.0499737799975025,
-4.2994411081992));
#11920=CARTESIAN_POINT('Ctrl Pts',(-0.11877302202914,0.0481966559633579,
-4.2994833541521));
#11921=CARTESIAN_POINT('Ctrl Pts',(-0.00304152292907663,0.0481597172335625,
-4.29948549626184));
#11922=CARTESIAN_POINT('Ctrl Pts',(0.00327352211173352,0.0481577016220461,
-4.29948561314894));
#11923=CARTESIAN_POINT('Ctrl Pts',(0.00959057964736847,0.0481608661687634,
-4.29948560881889));
#11924=CARTESIAN_POINT('Ctrl Pts',(0.0159096458358892,0.0481692330017146,
-4.29948548236651));
#11925=CARTESIAN_POINT('Ctrl Pts',(0.199192343130223,0.0484119105849774,
-4.29948181465165));
#11926=CARTESIAN_POINT('Ctrl Pts',(0.382273610280694,0.0529818768847726,
-4.29937730663609));
#11927=CARTESIAN_POINT('Ctrl Pts',(0.565081619083748,0.0615804711837222,
-4.2991890559838));
#11928=CARTESIAN_POINT('Ctrl Pts',(0.75473285222734,0.070500944760206,-4.29899375836757));
#11929=CARTESIAN_POINT('Ctrl Pts',(0.944090000013436,0.0837572444004654,
-4.29870833649142));
#11930=CARTESIAN_POINT('Ctrl Pts',(1.13308730618551,0.100961193155958,-4.29835372629142));
#11931=CARTESIAN_POINT('Ctrl Pts',(1.32714010808996,0.11862533095475,-4.29798963061045));
#11932=CARTESIAN_POINT('Ctrl Pts',(1.52081360538836,0.140450877018001,-4.29755260966743));
#11933=CARTESIAN_POINT('Ctrl Pts',(1.71405109082869,0.165963623994329,-4.29706708166767));
#11934=CARTESIAN_POINT('Ctrl Pts',(1.91689666994416,0.192744907778099,-4.29655741239692));
#11935=CARTESIAN_POINT('Ctrl Pts',(2.11926182666116,0.223588961723,-4.29599430901234));
#11936=CARTESIAN_POINT('Ctrl Pts',(2.32109625642306,0.257891867735357,-4.29540769906081));
#11937=CARTESIAN_POINT('Ctrl Pts',(2.37399614529823,0.266882503863642,-4.29525395125234));
#11938=CARTESIAN_POINT('Ctrl Pts',(2.42685965272975,0.276110471028097,-4.2950985964392));
#11939=CARTESIAN_POINT('Ctrl Pts',(2.4796860288059,0.285564344383747,-4.29494218871052));
#11940=CARTESIAN_POINT('Ctrl Pts',(2.4796860288059,0.285564344383746,-4.29494218871052));
#11941=CARTESIAN_POINT('Ctrl Pts',(2.63044216159368,0.231880640522768,-4.03560122590616));
#11942=CARTESIAN_POINT('Ctrl Pts',(2.78152031392463,0.185677647716068,-3.7756194034398));
#11943=CARTESIAN_POINT('Ctrl Pts',(2.93292622089779,0.14868988132186,-3.51480763631037));
#11944=CARTESIAN_POINT('Ctrl Pts',(3.08473438660982,0.111603844968698,-3.25330293840546));
#11945=CARTESIAN_POINT('Ctrl Pts',(3.23687205073178,0.0837820588318148,
-2.99096387974047));
#11946=CARTESIAN_POINT('Ctrl Pts',(3.38934455946288,0.0669207657403726,
-2.72760575373793));
#11947=CARTESIAN_POINT('Ctrl Pts',(3.50003620726336,0.0546798422331056,
-2.53641361574879));
#11948=CARTESIAN_POINT('Ctrl Pts',(3.61090432262707,0.0482144910748489,
-2.34468450913533));
#11949=CARTESIAN_POINT('Ctrl Pts',(3.72195081810287,0.0481566358988144,
-2.15234968343022));
#11950=CARTESIAN_POINT('Ctrl Pts',(3.72245315578745,0.0481563741810983,
-2.15147962417625));
#11951=CARTESIAN_POINT('Ctrl Pts',(3.72295550881377,0.048156243550645,-2.15060953226525));
#11952=CARTESIAN_POINT('Ctrl Pts',(3.72345787717455,0.0481562440836114,
-2.14973940770296));
#11953=CARTESIAN_POINT('Ctrl Pts',(3.83039237465419,0.0481563575312162,
-1.96452405563214));
#11954=CARTESIAN_POINT('Ctrl Pts',(3.93709466592752,0.0541041690926524,
-1.77943459970518));
#11955=CARTESIAN_POINT('Ctrl Pts',(4.0435316262126,0.065470605597964,-1.5945856910777));
#11956=CARTESIAN_POINT('Ctrl Pts',(4.15377417876713,0.0772434425000929,
-1.40312761608727));
#11957=CARTESIAN_POINT('Ctrl Pts',(4.26373211891058,0.0948289689602275,
-1.21192758907211));
#11958=CARTESIAN_POINT('Ctrl Pts',(4.37337423611668,0.117581317393063,-1.02110686896776));
#11959=CARTESIAN_POINT('Ctrl Pts',(4.49155308109997,0.142105162125061,-0.8154288605942));
#11960=CARTESIAN_POINT('Ctrl Pts',(4.60936502371142,0.172631512279121,-0.610191553910089));
#11961=CARTESIAN_POINT('Ctrl Pts',(4.72677706232253,0.208289200285076,-0.405539551732575));
#11962=CARTESIAN_POINT('Ctrl Pts',(4.80448656599346,0.231889346145533,-0.270090021151192));
#11963=CARTESIAN_POINT('Ctrl Pts',(4.88202102029132,0.257735959953215,-0.134896729007284));
#11964=CARTESIAN_POINT('Ctrl Pts',(4.9593720576118,0.285564344383747,-8.76312232803997E-16));
#11965=CARTESIAN_POINT('',(4.165625,1.02028386453964E-15,-5.10141932269819E-16));
#11966=CARTESIAN_POINT('',(2.4796860288059,0.285564344383746,4.29494218871052));
#11967=CARTESIAN_POINT('Ctrl Pts',(4.9593720576118,0.285564344383747,0.));
#11968=CARTESIAN_POINT('Ctrl Pts',(4.8101542619998,0.231880640531619,0.260229122129793));
#11969=CARTESIAN_POINT('Ctrl Pts',(4.66054247541202,0.185677647731304,0.521057551195321));
#11970=CARTESIAN_POINT('Ctrl Pts',(4.51037581298359,0.148689881340171,0.782584796438506));
#11971=CARTESIAN_POINT('Ctrl Pts',(4.35981018426134,0.111603844987949,1.04480687337123));
#11972=CARTESIAN_POINT('Ctrl Pts',(4.20868672713004,0.083782058849751,1.30773148467734));
#11973=CARTESIAN_POINT('Ctrl Pts',(4.05684815410098,0.066920765754182,1.57145561358983));
#11974=CARTESIAN_POINT('Ctrl Pts',(3.94661672945783,0.0546798422380313,
1.76291346163765));
#11975=CARTESIAN_POINT('Ctrl Pts',(3.83600851012633,0.0482144910749649,
1.95479261939063));
#11976=CARTESIAN_POINT('Ctrl Pts',(3.72496491272958,0.0481566358988889,
2.14712911839835));
#11977=CARTESIAN_POINT('Ctrl Pts',(3.72446258815513,0.0481563741811728,
2.14799918522146));
#11978=CARTESIAN_POINT('Ctrl Pts',(3.72396024296973,0.0481562435507194,
2.14886928165942));
#11979=CARTESIAN_POINT('Ctrl Pts',(3.72345787717473,0.0481562440836857,
2.14973940770307));
#11980=CARTESIAN_POINT('Ctrl Pts',(3.61652392585156,0.0481563575312714,
2.33495507509455));
#11981=CARTESIAN_POINT('Ctrl Pts',(3.50958290068407,0.0541041690925467,
2.51990669794053));
#11982=CARTESIAN_POINT('Ctrl Pts',(3.40271753009462,0.0654706055975803,
2.70450826376055));
#11983=CARTESIAN_POINT('Ctrl Pts',(3.29203124967363,0.0772434424992264,
2.89571015234059));
#11984=CARTESIAN_POINT('Ctrl Pts',(3.18142613914907,0.0948289689585599,
3.08653653535481));
#11985=CARTESIAN_POINT('Ctrl Pts',(3.07099160657642,0.117581317390335,3.27689975422681));
#11986=CARTESIAN_POINT('Ctrl Pts',(2.95195864882206,0.142105162120792,3.4820846403499));
#11987=CARTESIAN_POINT('Ctrl Pts',(2.83312389874031,0.172631512272814,3.68673142885362));
#11988=CARTESIAN_POINT('Ctrl Pts',(2.71459608523002,0.208289200276348,3.89073923808071));
#11989=CARTESIAN_POINT('Ctrl Pts',(2.63614810264163,0.231889346139162,4.02576240768261));
#11990=CARTESIAN_POINT('Ctrl Pts',(2.55783450436302,0.257735959949787,4.16050586086171));
#11991=CARTESIAN_POINT('Ctrl Pts',(2.4796860288059,0.285564344383746,4.29494218871052));
#11992=CARTESIAN_POINT('',(-2.4796860288059,0.285564344383746,4.29494218871052));
#11993=CARTESIAN_POINT('Ctrl Pts',(2.4796860288059,0.285564344383746,4.29494218871052));
#11994=CARTESIAN_POINT('Ctrl Pts',(2.11799634118215,0.220835912209822,4.29601307539117));
#11995=CARTESIAN_POINT('Ctrl Pts',(1.75525423212443,0.167022859001035,4.29702253011134));
#11996=CARTESIAN_POINT('Ctrl Pts',(1.39118478611803,0.1270948652376,4.29781590963175));
#11997=CARTESIAN_POINT('Ctrl Pts',(0.930768351021475,0.0766003654909935,
4.29881924834769));
#11998=CARTESIAN_POINT('Ctrl Pts',(0.468230215664248,0.0483072766325454,
4.29947702394751));
#11999=CARTESIAN_POINT('Ctrl Pts',(0.00298657067033935,0.0481598393782983,
4.29948578401706));
#12000=CARTESIAN_POINT('Ctrl Pts',(-0.00340942358184376,0.0481578124665051,
4.29948590444719));
#12001=CARTESIAN_POINT('Ctrl Pts',(-0.00980743851305904,0.0481611040103692,
4.2994859003899));
#12002=CARTESIAN_POINT('Ctrl Pts',(-0.0162074696020551,0.0481697370290777,
4.29948577090481));
#12003=CARTESIAN_POINT('Ctrl Pts',(-0.199922832577505,0.0484175511636579,
4.29948205398527));
#12004=CARTESIAN_POINT('Ctrl Pts',(-0.383430388467389,0.0530130322140512,
4.29937698352821));
#12005=CARTESIAN_POINT('Ctrl Pts',(-0.566659877444001,0.061654729741417,
4.29918781006455));
#12006=CARTESIAN_POINT('Ctrl Pts',(-0.756720179513307,0.0706185905894511,
4.29899158419584));
#12007=CARTESIAN_POINT('Ctrl Pts',(-0.946481310268472,0.0839359157144903,
4.29870487291332));
#12008=CARTESIAN_POINT('Ctrl Pts',(-1.13587927423045,0.101215589017588,
4.29834877605998));
#12009=CARTESIAN_POINT('Ctrl Pts',(-1.33032160164077,0.118955483489837,
4.29798319503949));
#12010=CARTESIAN_POINT('Ctrl Pts',(-1.52438120453109,0.140871344437118,
4.29754449709194));
#12011=CARTESIAN_POINT('Ctrl Pts',(-1.71800327633595,0.16648595558404,4.29705727411647));
#12012=CARTESIAN_POINT('Ctrl Pts',(-1.92118035470371,0.193364615686403,
4.29654600729784));
#12013=CARTESIAN_POINT('Ctrl Pts',(-2.12387567919261,0.224315876686826,
4.29598132440692));
#12014=CARTESIAN_POINT('Ctrl Pts',(-2.32604117380616,0.258732995933203,
4.29539332904367));
#12015=CARTESIAN_POINT('Ctrl Pts',(-2.37729031672267,0.26745776801364,4.29524427166638));
#12016=CARTESIAN_POINT('Ctrl Pts',(-2.42850548286957,0.276405010817924,
4.29509372348419));
#12017=CARTESIAN_POINT('Ctrl Pts',(-2.4796860288059,0.285564344383746,4.29494218871052));
#12018=CARTESIAN_POINT('Ctrl Pts',(-2.4796860288059,0.285564344383746,4.29494218871052));
#12019=CARTESIAN_POINT('Ctrl Pts',(-2.63044216156464,0.231880640533105,
4.0356012259561));
#12020=CARTESIAN_POINT('Ctrl Pts',(-2.78152031386647,0.185677647733846,
3.77561940353995));
#12021=CARTESIAN_POINT('Ctrl Pts',(-2.93292622081038,0.148689881343214,
3.51480763646107));
#12022=CARTESIAN_POINT('Ctrl Pts',(-3.08473438648954,0.111603844994505,
3.25330293861297));
#12023=CARTESIAN_POINT('Ctrl Pts',(-3.23687205057847,0.0837820588577566,
2.99096388000518));
#12024=CARTESIAN_POINT('Ctrl Pts',(-3.38934455927638,0.066920765761033,
2.72760575406034));
#12025=CARTESIAN_POINT('Ctrl Pts',(-3.50003620713887,0.0546798422404091,
2.53641361596436));
#12026=CARTESIAN_POINT('Ctrl Pts',(-3.61090432256478,0.0482144910749285,
2.34468450924349));
#12027=CARTESIAN_POINT('Ctrl Pts',(-3.72195081810296,0.0481566358988514,
2.15234968343027));
#12028=CARTESIAN_POINT('Ctrl Pts',(-3.72245315578754,0.0481563741811353,
2.15147962417631));
#12029=CARTESIAN_POINT('Ctrl Pts',(-3.72295550881386,0.048156243550682,
2.1506095322653));
#12030=CARTESIAN_POINT('Ctrl Pts',(-3.72345787717464,0.0481562440836483,
2.14973940770301));
#12031=CARTESIAN_POINT('Ctrl Pts',(-3.83039237464938,0.0481563575312434,
1.96452405564064));
#12032=CARTESIAN_POINT('Ctrl Pts',(-3.93709466591782,0.0541041690921187,
1.77943459972211));
#12033=CARTESIAN_POINT('Ctrl Pts',(-4.04353162619805,0.0654706055964039,
1.59458569110305));
#12034=CARTESIAN_POINT('Ctrl Pts',(-4.15377417874734,0.0772434424974472,
1.40312761612171));
#12035=CARTESIAN_POINT('Ctrl Pts',(-4.2637321188856,0.0948289689559742,
1.2119275891156));
#12036=CARTESIAN_POINT('Ctrl Pts',(-4.37337423608653,0.117581317386779,
1.02110686902026));
#12037=CARTESIAN_POINT('Ctrl Pts',(-4.49155308106418,0.142105162116574,
0.815428860656526));
#12038=CARTESIAN_POINT('Ctrl Pts',(-4.60936502367004,0.172631512267933,
0.61019155398219));
#12039=CARTESIAN_POINT('Ctrl Pts',(-4.7267770622756,0.208289200270812,0.405539551814375));
#12040=CARTESIAN_POINT('Ctrl Pts',(-4.80448656596224,0.231889346135121,
0.270090021205621));
#12041=CARTESIAN_POINT('Ctrl Pts',(-4.88202102027575,0.257735959947612,
0.134896729034438));
#12042=CARTESIAN_POINT('Ctrl Pts',(-4.9593720576118,0.285564344383746,-1.46028911793377E-15));
#12043=CARTESIAN_POINT('Origin',(0.,5.953125,0.));
#12044=CARTESIAN_POINT('',(-2.55069435326411E-16,5.953125,2.0828));
#12045=CARTESIAN_POINT('Origin',(0.,5.953125,0.));
#12046=CARTESIAN_POINT('Origin',(0.,0.,0.));
#12047=CARTESIAN_POINT('Origin',(2.52049476893096,5.953125,4.365625));
#12048=CARTESIAN_POINT('',(2.54936228239044,0.379660057683994,4.315625));
#12049=CARTESIAN_POINT('',(2.54936228239044,5.953125,4.315625));
#12050=CARTESIAN_POINT('Ctrl Pts',(2.54936228239044,0.379660057683994,4.315625));
#12051=CARTESIAN_POINT('Ctrl Pts',(2.694999513339,0.327264522708571,4.06337391652345));
#12052=CARTESIAN_POINT('Ctrl Pts',(2.84097702959984,0.281947843199587,3.81053344159696));
#12053=CARTESIAN_POINT('Ctrl Pts',(2.98737653567181,0.245375649219381,3.55696205887732));
#12054=CARTESIAN_POINT('Ctrl Pts',(3.12625326604876,0.210682726688716,3.31642050587541));
#12055=CARTESIAN_POINT('Ctrl Pts',(3.26550974451338,0.183858860009214,3.07522120989156));
#12056=CARTESIAN_POINT('Ctrl Pts',(3.40521225425237,0.16628060023362,2.83324936507874));
#12057=CARTESIAN_POINT('Ctrl Pts',(3.53001806976135,0.150576737428145,2.61707935153712));
#12058=CARTESIAN_POINT('Ctrl Pts',(3.65517983940879,0.142251510608851,2.40029280734253));
#12059=CARTESIAN_POINT('Ctrl Pts',(3.78074215339644,0.142251510608837,2.1828125));
#12060=CARTESIAN_POINT('Ctrl Pts',(3.92021740632615,0.142251510608822,1.94123427552722));
#12061=CARTESIAN_POINT('Ctrl Pts',(4.05919836863832,0.152524740853742,1.70051218751772));
#12062=CARTESIAN_POINT('Ctrl Pts',(4.19774635757142,0.171771162390725,1.46054003139911));
#12063=CARTESIAN_POINT('Ctrl Pts',(4.34330870675702,0.19199198518226,1.20841864694056));
#12064=CARTESIAN_POINT('Ctrl Pts',(4.48839314061449,0.2221174711106,0.957125036112068));
#12065=CARTESIAN_POINT('Ctrl Pts',(4.6330752744119,0.260581073831506,0.70652822942747));
#12066=CARTESIAN_POINT('Ctrl Pts',(4.75971459446886,0.294248012296329,0.487182492852839));
#12067=CARTESIAN_POINT('Ctrl Pts',(4.88604578670877,0.334301931340728,0.268370449312564));
#12068=CARTESIAN_POINT('Ctrl Pts',(5.01212202440244,0.379660057683994,0.0500000000000003));
#12069=CARTESIAN_POINT('',(5.01212202440244,4.58127744231601,0.0499999999999996));
#12070=CARTESIAN_POINT('',(5.01212202440244,5.953125,0.0499999999999997));
#12071=CARTESIAN_POINT('Ctrl Pts',(5.01212202440244,4.58127744231601,0.0499999999999998));
#12072=CARTESIAN_POINT('Ctrl Pts',(4.86648479344958,4.63367297729318,0.302251083483989));
#12073=CARTESIAN_POINT('Ctrl Pts',(4.72050727718441,4.67898965680335,0.555091558417986));
#12074=CARTESIAN_POINT('Ctrl Pts',(4.57410777110807,4.71556185078411,0.808662941145184));
#12075=CARTESIAN_POINT('Ctrl Pts',(4.43523104072634,4.75025477331546,1.0492044941554));
#12076=CARTESIAN_POINT('Ctrl Pts',(4.29597456225689,4.777078639995,1.29040379014761));
#12077=CARTESIAN_POINT('Ctrl Pts',(4.15627205251304,4.79465689976992,1.53237563496884));
#12078=CARTESIAN_POINT('Ctrl Pts',(4.03146623701316,4.81036076257311,1.74854564849469));
#12079=CARTESIAN_POINT('Ctrl Pts',(3.90630446737487,4.81868598939112,1.96533219267343));
#12080=CARTESIAN_POINT('Ctrl Pts',(3.78074215339644,4.81868598939112,2.1828125));
#12081=CARTESIAN_POINT('Ctrl Pts',(3.64126690046395,4.81868598939112,2.42439072447758));
#12082=CARTESIAN_POINT('Ctrl Pts',(3.50228593814903,4.80841275914574,2.66511281249184));
#12083=CARTESIAN_POINT('Ctrl Pts',(3.36373794921321,4.78916633760797,2.90508496861519));
#12084=CARTESIAN_POINT('Ctrl Pts',(3.21817560002554,4.76894551481573,3.1572063530773));
#12085=CARTESIAN_POINT('Ctrl Pts',(3.07309116616603,4.73882002888644,3.40849996390934));
#12086=CARTESIAN_POINT('Ctrl Pts',(2.92840903236658,4.70035642616445,3.65909677059747));
#12087=CARTESIAN_POINT('Ctrl Pts',(2.80176971231445,4.66668948770044,3.87844250716374));
#12088=CARTESIAN_POINT('Ctrl Pts',(2.67543852007934,4.62663556865742,4.0972545506957));
#12089=CARTESIAN_POINT('Ctrl Pts',(2.54936228239044,4.58127744231601,4.315625));
#12090=CARTESIAN_POINT('Origin',(-2.52049476893096,5.953125,4.365625));
#12091=CARTESIAN_POINT('',(-2.462759742012,0.379660057683993,4.365625));
#12092=CARTESIAN_POINT('',(-2.462759742012,5.953125,4.365625));
#12093=CARTESIAN_POINT('',(2.462759742012,0.379660057683994,4.365625));
#12094=CARTESIAN_POINT('Ctrl Pts',(-2.462759742012,0.379660057683993,4.365625));
#12095=CARTESIAN_POINT('Ctrl Pts',(-2.24805858844194,0.341038814508479,
4.365625));
#12096=CARTESIAN_POINT('Ctrl Pts',(-2.03303616668301,0.306218838165666,
4.36562500000114));
#12097=CARTESIAN_POINT('Ctrl Pts',(-1.81758268602869,0.275922389418951,
4.36562499999885));
#12098=CARTESIAN_POINT('Ctrl Pts',(-1.60632491724175,0.246215929607017,
4.36562499999659));
#12099=CARTESIAN_POINT('Ctrl Pts',(-1.39465265770872,0.220858721365844,
4.36562499999891));
#12100=CARTESIAN_POINT('Ctrl Pts',(-1.18247566957617,0.200484526442861,
4.36562499993185));
#12101=CARTESIAN_POINT('Ctrl Pts',(-0.975700093215469,0.180628999530333,
4.36562499986649));
#12102=CARTESIAN_POINT('Ctrl Pts',(-0.76844514168417,0.165506092317561,
4.36562499974868));
#12103=CARTESIAN_POINT('Ctrl Pts',(-0.560640552242048,0.155655294972375,
4.36562499928666));
#12104=CARTESIAN_POINT('Ctrl Pts',(-0.379550178728599,0.147070861994094,
4.36562499888404));
#12105=CARTESIAN_POINT('Ctrl Pts',(-0.19804258886661,0.142489551573177,
4.36562499822691));
#12106=CARTESIAN_POINT('Ctrl Pts',(-0.0160798968573461,0.142237208562766,
4.36562499682336));
#12107=CARTESIAN_POINT('Ctrl Pts',(-0.0107331795793181,0.142229793819014,
4.36562499678211));
#12108=CARTESIAN_POINT('Ctrl Pts',(-0.00538764614226778,0.142226164357041,
4.3656249967402));
#12109=CARTESIAN_POINT('Ctrl Pts',(-4.32968255644977E-5,0.142226307411896,
4.36562499669759));
#12110=CARTESIAN_POINT('Ctrl Pts',(0.374815068185091,0.142236341432068,
4.36562499370913));
#12111=CARTESIAN_POINT('Ctrl Pts',(0.747899559298493,0.160831673959556,
4.36562499476556));
#12112=CARTESIAN_POINT('Ctrl Pts',(1.11950862122511,0.194779573786953,4.36562499678685));
#12113=CARTESIAN_POINT('Ctrl Pts',(1.46289830546708,0.226149526236364,4.36562499865465));
#12114=CARTESIAN_POINT('Ctrl Pts',(1.80502795929428,0.270629204471517,4.36562499985893));
#12115=CARTESIAN_POINT('Ctrl Pts',(2.1461367085151,0.325622486783364,4.36562499997196));
#12116=CARTESIAN_POINT('Ctrl Pts',(2.2517731831598,0.342653115536905,4.36562500000696));
#12117=CARTESIAN_POINT('Ctrl Pts',(2.35731179245994,0.36069168780744,4.365625));
#12118=CARTESIAN_POINT('Ctrl Pts',(2.462759742012,0.379660057683994,4.365625));
#12119=CARTESIAN_POINT('',(2.462759742012,5.953125,4.365625));
#12120=CARTESIAN_POINT('Ctrl Pts',(2.462759742012,4.58127744231601,4.365625));
#12121=CARTESIAN_POINT('Ctrl Pts',(2.24846556254625,4.61982547747382,4.365625));
#12122=CARTESIAN_POINT('Ctrl Pts',(2.03384672765307,4.65458748005158,4.36562500000106));
#12123=CARTESIAN_POINT('Ctrl Pts',(1.81879648571173,4.68484436453365,4.36562499999893));
#12124=CARTESIAN_POINT('Ctrl Pts',(1.60803275533242,4.71449815048398,4.36562499999686));
#12125=CARTESIAN_POINT('Ctrl Pts',(1.39685458636507,4.73982443167588,4.36562499999898));
#12126=CARTESIAN_POINT('Ctrl Pts',(1.18517473607278,4.76019330665827,4.36562499993718));
#12127=CARTESIAN_POINT('Ctrl Pts',(0.979014273889696,4.78003107900515,4.36562499987698));
#12128=CARTESIAN_POINT('Ctrl Pts',(0.772377933171835,4.79516651136591,4.36562499976846));
#12129=CARTESIAN_POINT('Ctrl Pts',(0.565198363920744,4.80506470380909,4.36562499934356));
#12130=CARTESIAN_POINT('Ctrl Pts',(0.382495869957887,4.81379348170756,4.36562499896886));
#12131=CARTESIAN_POINT('Ctrl Pts',(0.199371097737342,4.81844997492692,4.36562499835532));
#12132=CARTESIAN_POINT('Ctrl Pts',(0.0157868493508645,4.8186998406248,4.36562499703268));
#12133=CARTESIAN_POINT('Ctrl Pts',(0.0105089515168752,4.81870702406041,
4.36562499699466));
#12134=CARTESIAN_POINT('Ctrl Pts',(0.00523223629318292,4.81871052246734,
4.36562499695602));
#12135=CARTESIAN_POINT('Ctrl Pts',(-4.32963523594699E-5,4.81871034810232,
4.36562499691675));
#12136=CARTESIAN_POINT('Ctrl Pts',(-0.322107589710386,4.81869970334814,
4.36562499451957));
#12137=CARTESIAN_POINT('Ctrl Pts',(-0.642852719678981,4.80498133416286,
4.3656249947114));
#12138=CARTESIAN_POINT('Ctrl Pts',(-0.962473070621269,4.77958695292768,
4.36562499622182));
#12139=CARTESIAN_POINT('Ctrl Pts',(-1.28237086002748,4.75417052873403,4.36562499773355));
#12140=CARTESIAN_POINT('Ctrl Pts',(-1.60114187946484,4.7170578057807,4.36562499942592));
#12141=CARTESIAN_POINT('Ctrl Pts',(-1.91898784614804,4.67033752363245,4.36562499981219));
#12142=CARTESIAN_POINT('Ctrl Pts',(-2.10053385793751,4.64365201623966,4.36562500003282));
#12143=CARTESIAN_POINT('Ctrl Pts',(-2.28177823380394,4.61383307002708,4.365625));
#12144=CARTESIAN_POINT('Ctrl Pts',(-2.462759742012,4.58127744231601,4.365625));
#12145=CARTESIAN_POINT('Origin',(-5.04098953786192,5.953125,-8.7317050182526E-16));
#12146=CARTESIAN_POINT('',(-5.01212202440244,0.379660057683993,0.0499999999999982));
#12147=CARTESIAN_POINT('',(-5.01212202440244,5.953125,0.0499999999999982));
#12148=CARTESIAN_POINT('',(-2.54936228239044,0.379660057683993,4.315625));
#12149=CARTESIAN_POINT('Ctrl Pts',(-5.01212202440244,0.379660057683993,
0.0499999999999986));
#12150=CARTESIAN_POINT('Ctrl Pts',(-4.86648479345778,0.327264522709965,
0.30225108346979));
#12151=CARTESIAN_POINT('Ctrl Pts',(-4.72050727720085,0.281947843201998,
0.555091558389498));
#12152=CARTESIAN_POINT('Ctrl Pts',(-4.57410777113283,0.245375649222303,
0.808662941102309));
#12153=CARTESIAN_POINT('Ctrl Pts',(-4.43523104076198,0.210682726692712,
1.04920449409366));
#12154=CARTESIAN_POINT('Ctrl Pts',(-4.29597456230349,0.183858860013562,
1.29040379006689));
#12155=CARTESIAN_POINT('Ctrl Pts',(-4.15627205257068,0.166280600237419,
1.53237563486901));
#12156=CARTESIAN_POINT('Ctrl Pts',(-4.0314662370517,0.150576737429501,1.74854564842794));
#12157=CARTESIAN_POINT('Ctrl Pts',(-3.90630446739421,0.142251510608881,
1.96533219263995));
#12158=CARTESIAN_POINT('Ctrl Pts',(-3.78074215339644,0.142251510608881,
2.1828125));
#12159=CARTESIAN_POINT('Ctrl Pts',(-3.64126690047322,0.142251510608881,
2.42439072446153));
#12160=CARTESIAN_POINT('Ctrl Pts',(-3.5022859381675,0.152524740852814,2.66511281245986));
#12161=CARTESIAN_POINT('Ctrl Pts',(-3.36373794924081,0.171771162388031,
2.90508496856737));
#12162=CARTESIAN_POINT('Ctrl Pts',(-3.21817560006015,0.19199198517796,3.15720635301736));
#12163=CARTESIAN_POINT('Ctrl Pts',(-3.0730911662076,0.222117471104078,3.40849996383734));
#12164=CARTESIAN_POINT('Ctrl Pts',(-2.92840903241508,0.260581073822351,
3.65909677051346));
#12165=CARTESIAN_POINT('Ctrl Pts',(-2.8017697123467,0.294248012289045,3.87844250710788));
#12166=CARTESIAN_POINT('Ctrl Pts',(-2.67543852009542,0.334301931336585,
4.09725455066784));
#12167=CARTESIAN_POINT('Ctrl Pts',(-2.54936228239044,0.379660057683993,
4.315625));
#12168=CARTESIAN_POINT('',(-2.54936228239044,5.953125,4.315625));
#12169=CARTESIAN_POINT('Ctrl Pts',(-2.54936228239044,4.58127744231601,4.315625));
#12170=CARTESIAN_POINT('Ctrl Pts',(-2.69499951334067,4.63367297729226,4.06337391652056));
#12171=CARTESIAN_POINT('Ctrl Pts',(-2.84097702960321,4.67898965680175,3.81053344159113));
#12172=CARTESIAN_POINT('Ctrl Pts',(-2.98737653567689,4.71556185078216,3.55696205886852));
#12173=CARTESIAN_POINT('Ctrl Pts',(-3.12625326605507,4.75025477331293,3.31642050586448));
#12174=CARTESIAN_POINT('Ctrl Pts',(-3.26550974452094,4.77707863999231,3.07522120987847));
#12175=CARTESIAN_POINT('Ctrl Pts',(-3.40521225426118,4.79465689976759,2.83324936506349));
#12176=CARTESIAN_POINT('Ctrl Pts',(-3.53001806976724,4.81036076257228,2.61707935152692));
#12177=CARTESIAN_POINT('Ctrl Pts',(-3.65517983941175,4.81868598939112,2.4002928073374));
#12178=CARTESIAN_POINT('Ctrl Pts',(-3.78074215339644,4.81868598939112,2.1828125));
#12179=CARTESIAN_POINT('Ctrl Pts',(-3.92021740632602,4.81868598939112,1.94123427552745));
#12180=CARTESIAN_POINT('Ctrl Pts',(-4.05919836863806,4.80841275914623,1.70051218751818));
#12181=CARTESIAN_POINT('Ctrl Pts',(-4.19774635757103,4.7891663376093,1.46054003139979));
#12182=CARTESIAN_POINT('Ctrl Pts',(-4.34330870675668,4.76894551481779,1.20841864694115));
#12183=CARTESIAN_POINT('Ctrl Pts',(-4.48839314061419,4.73882002888948,0.957125036112579));
#12184=CARTESIAN_POINT('Ctrl Pts',(-4.63307527441165,4.70035642616858,0.706528229427903));
#12185=CARTESIAN_POINT('Ctrl Pts',(-4.7597145944687,4.66668948770375,0.487182492853123));
#12186=CARTESIAN_POINT('Ctrl Pts',(-4.88604578670869,4.62663556865933,0.268370449312705));
#12187=CARTESIAN_POINT('Ctrl Pts',(-5.01212202440244,4.58127744231601,0.0499999999999989));
#12188=CARTESIAN_POINT('Origin',(-2.52049476893096,5.953125,-4.365625));
#12189=CARTESIAN_POINT('',(-2.54936228239044,4.58127744231601,-4.315625));
#12190=CARTESIAN_POINT('',(-2.54936228239044,5.953125,-4.315625));
#12191=CARTESIAN_POINT('',(-5.01212202440244,0.379660057683993,-0.0500000000000017));
#12192=CARTESIAN_POINT('Ctrl Pts',(-2.54936228239044,0.379660057683993,
-4.315625));
#12193=CARTESIAN_POINT('Ctrl Pts',(-2.69499951334772,0.327264522705239,
-4.06337391650835));
#12194=CARTESIAN_POINT('Ctrl Pts',(-2.84097702961734,0.281947843193917,
-3.81053344156666));
#12195=CARTESIAN_POINT('Ctrl Pts',(-2.98737653569814,0.24537564921258,-3.55696205883172));
#12196=CARTESIAN_POINT('Ctrl Pts',(-3.12625326608611,0.210682726680183,
-3.31642050581072));
#12197=CARTESIAN_POINT('Ctrl Pts',(-3.26550974456182,0.183858860000335,
-3.07522120980766));
#12198=CARTESIAN_POINT('Ctrl Pts',(-3.40521225431197,0.16628060022604,-2.83324936497551));
#12199=CARTESIAN_POINT('Ctrl Pts',(-3.5300180698012,0.150576737425465,-2.6170793514681));
#12200=CARTESIAN_POINT('Ctrl Pts',(-3.65517983942878,0.14225151060887,-2.4002928073079));
#12201=CARTESIAN_POINT('Ctrl Pts',(-3.78074215339644,0.142251510608865,
-2.1828125));
#12202=CARTESIAN_POINT('Ctrl Pts',(-3.92021740633723,0.142251510608859,
-1.94123427550803));
#12203=CARTESIAN_POINT('Ctrl Pts',(-4.05919836866041,0.152524740855379,
-1.70051218747947));
#12204=CARTESIAN_POINT('Ctrl Pts',(-4.19774635760445,0.171771162395273,
-1.46054003134191));
#12205=CARTESIAN_POINT('Ctrl Pts',(-4.34330870679892,0.191991985189502,
-1.208418646868));
#12206=CARTESIAN_POINT('Ctrl Pts',(-4.48839314066519,0.222117471121625,
-0.957125036024253));
#12207=CARTESIAN_POINT('Ctrl Pts',(-4.63307527447137,0.260581073847169,
-0.706528229324471));
#12208=CARTESIAN_POINT('Ctrl Pts',(-4.75971459450841,0.294248012308716,
-0.487182492784332));
#12209=CARTESIAN_POINT('Ctrl Pts',(-4.88604578672851,0.33430193134771,-0.268370449278375));
#12210=CARTESIAN_POINT('Ctrl Pts',(-5.01212202440244,0.379660057683993,
-0.0500000000000021));
#12211=CARTESIAN_POINT('',(-5.01212202440244,5.953125,-0.0500000000000023));
#12212=CARTESIAN_POINT('Ctrl Pts',(-5.01212202440244,4.58127744231601,-0.0500000000000021));
#12213=CARTESIAN_POINT('Ctrl Pts',(-4.86648479345843,4.63367297728964,-0.302251083468664));
#12214=CARTESIAN_POINT('Ctrl Pts',(-4.72050727720217,4.67898965679739,-0.55509155838722));
#12215=CARTESIAN_POINT('Ctrl Pts',(-4.57410777113482,4.715561850777,-0.808662941098863));
#12216=CARTESIAN_POINT('Ctrl Pts',(-4.43523104076469,4.7502547733065,-1.04920449408897));
#12217=CARTESIAN_POINT('Ctrl Pts',(-4.29597456230693,4.77707863998569,-1.29040379006094));
#12218=CARTESIAN_POINT('Ctrl Pts',(-4.15627205257485,4.79465689976197,-1.53237563486179));
#12219=CARTESIAN_POINT('Ctrl Pts',(-4.03146623705449,4.81036076257027,-1.74854564842311));
#12220=CARTESIAN_POINT('Ctrl Pts',(-3.90630446739561,4.81868598939112,-1.96533219263753));
#12221=CARTESIAN_POINT('Ctrl Pts',(-3.78074215339644,4.81868598939112,-2.1828125));
#12222=CARTESIAN_POINT('Ctrl Pts',(-3.64126690047422,4.81868598939112,-2.4243907244598));
#12223=CARTESIAN_POINT('Ctrl Pts',(-3.5022859381695,4.80841275914728,-2.6651128124564));
#12224=CARTESIAN_POINT('Ctrl Pts',(-3.3637379492438,4.78916633761227,-2.90508496856219));
#12225=CARTESIAN_POINT('Ctrl Pts',(-3.21817560006403,4.76894551482254,-3.15720635301064));
#12226=CARTESIAN_POINT('Ctrl Pts',(-3.07309116621237,4.73882002889674,-3.40849996382908));
#12227=CARTESIAN_POINT('Ctrl Pts',(-2.92840903242074,4.70035642617893,-3.65909677050367));
#12228=CARTESIAN_POINT('Ctrl Pts',(-2.80176971235046,4.66668948771193,-3.87844250710136));
#12229=CARTESIAN_POINT('Ctrl Pts',(-2.67543852009731,4.62663556866393,-4.09725455066458));
#12230=CARTESIAN_POINT('Ctrl Pts',(-2.54936228239044,4.58127744231601,-4.315625));
#12231=CARTESIAN_POINT('Origin',(2.52049476893096,5.953125,-4.365625));
#12232=CARTESIAN_POINT('',(2.462759742012,4.58127744231601,-4.365625));
#12233=CARTESIAN_POINT('',(2.462759742012,5.953125,-4.365625));
#12234=CARTESIAN_POINT('Ctrl Pts',(2.462759742012,0.379660057683994,-4.365625));
#12235=CARTESIAN_POINT('Ctrl Pts',(2.24845940766249,0.341110915362662,-4.365625));
#12236=CARTESIAN_POINT('Ctrl Pts',(2.03383438963244,0.30634803009557,-4.36562500000106));
#12237=CARTESIAN_POINT('Ctrl Pts',(1.8187779362023,0.276090540518441,-4.36562499999893));
#12238=CARTESIAN_POINT('Ctrl Pts',(1.60800837309546,0.246436197404517,-4.36562499999686));
#12239=CARTESIAN_POINT('Ctrl Pts',(1.39682434517101,0.221109615229097,-4.36562499999898));
#12240=CARTESIAN_POINT('Ctrl Pts',(1.18513860907584,0.200740742793548,-4.36562499993719));
#12241=CARTESIAN_POINT('Ctrl Pts',(0.978972647933716,0.180902995383075,
-4.365624999877));
#12242=CARTESIAN_POINT('Ctrl Pts',(0.772330783870536,0.165767865227955,
-4.3656249997685));
#12243=CARTESIAN_POINT('Ctrl Pts',(0.565145665712021,0.155870293776721,
-4.36562499934367));
#12244=CARTESIAN_POINT('Ctrl Pts',(0.382459842994947,0.147143093678854,
-4.36562499896907));
#12245=CARTESIAN_POINT('Ctrl Pts',(0.199351821978718,0.142487464261518,
-4.36562499835572));
#12246=CARTESIAN_POINT('Ctrl Pts',(0.0157844160279425,0.142237660032486,
-4.36562499703363));
#12247=CARTESIAN_POINT('Ctrl Pts',(0.0105073297230322,0.142230478809496,
-4.36562499699562));
#12248=CARTESIAN_POINT('Ctrl Pts',(0.00523142560700981,0.142226981480096,
-4.365624996957));
#12249=CARTESIAN_POINT('Ctrl Pts',(-4.32963524544889E-5,0.142227155793523,
-4.36562499691776));
#12250=CARTESIAN_POINT('Ctrl Pts',(-0.322091935690937,0.142237798516029,
-4.36562499452147));
#12251=CARTESIAN_POINT('Ctrl Pts',(-0.642821540738002,0.155954829538599,
-4.36562499471304));
#12252=CARTESIAN_POINT('Ctrl Pts',(-0.962426466041746,0.181346840343364,
-4.36562499622283));
#12253=CARTESIAN_POINT('Ctrl Pts',(-1.28231538198835,0.206761413671109,
-4.36562499773396));
#12254=CARTESIAN_POINT('Ctrl Pts',(-1.60107758121312,0.243871731718397,
-4.3656249994259));
#12255=CARTESIAN_POINT('Ctrl Pts',(-1.918914763802,0.290589231814923,-4.36562499981216));
#12256=CARTESIAN_POINT('Ctrl Pts',(-2.10048521724881,0.317277480204664,
-4.36562500003282));
#12257=CARTESIAN_POINT('Ctrl Pts',(-2.28175394863566,0.347100061466636,
-4.365625));
#12258=CARTESIAN_POINT('Ctrl Pts',(-2.462759742012,0.379660057683993,-4.365625));
#12259=CARTESIAN_POINT('',(-2.462759742012,4.58127744231601,-4.365625));
#12260=CARTESIAN_POINT('',(-2.462759742012,5.953125,-4.365625));
#12261=CARTESIAN_POINT('Ctrl Pts',(-2.462759742012,4.58127744231601,-4.365625));
#12262=CARTESIAN_POINT('Ctrl Pts',(-2.24806482141233,4.61989756428151,-4.365625));
#12263=CARTESIAN_POINT('Ctrl Pts',(-2.03304866086813,4.65471664716074,-4.36562500000114));
#12264=CARTESIAN_POINT('Ctrl Pts',(-1.81760147012393,4.68501248417305,-4.36562499999885));
#12265=CARTESIAN_POINT('Ctrl Pts',(-1.6063496241911,4.71471837855404,-4.36562499999659));
#12266=CARTESIAN_POINT('Ctrl Pts',(-1.39468331414041,4.74007528216909,-4.36562499999891));
#12267=CARTESIAN_POINT('Ctrl Pts',(-1.18251230307367,4.76044948158956,-4.36562499993184));
#12268=CARTESIAN_POINT('Ctrl Pts',(-0.975742328697609,4.7803050342917,-4.36562499986647));
#12269=CARTESIAN_POINT('Ctrl Pts',(-0.768493004313837,4.79542825068272,
-4.36562499974864));
#12270=CARTESIAN_POINT('Ctrl Pts',(-0.560694068678857,4.80527968316455,
-4.36562499928655));
#12271=CARTESIAN_POINT('Ctrl Pts',(-0.379586759506557,4.81386570610458,
-4.36562499888382));
#12272=CARTESIAN_POINT('Ctrl Pts',(-0.198062153336402,4.81844788681851,
-4.36562499822648));
#12273=CARTESIAN_POINT('Ctrl Pts',(-0.0160823526936291,4.8187002921439,
-4.36562499682234));
#12274=CARTESIAN_POINT('Ctrl Pts',(-0.010734816382485,4.81870770915742,
-4.36562499678108));
#12275=CARTESIAN_POINT('Ctrl Pts',(-0.00538846433326454,4.81871133972722,
-4.36562499673914));
#12276=CARTESIAN_POINT('Ctrl Pts',(-4.329682569387E-5,4.81871119662443,
-4.36562499669651));
#12277=CARTESIAN_POINT('Ctrl Pts',(0.374852528014294,4.81870115977523,-4.36562499370677));
#12278=CARTESIAN_POINT('Ctrl Pts',(0.747974123217414,4.80010210436377,-4.36562499476424));
#12279=CARTESIAN_POINT('Ctrl Pts',(1.1196200251664,4.76614774334545,-4.36562499678641));
#12280=CARTESIAN_POINT('Ctrl Pts',(1.46302200934863,4.73477380679943,-4.3656249986549));
#12281=CARTESIAN_POINT('Ctrl Pts',(1.8051638970484,4.69028946618806,-4.36562499985907));
#12282=CARTESIAN_POINT('Ctrl Pts',(2.14628484021771,4.63529112977141,-4.365624999972));
#12283=CARTESIAN_POINT('Ctrl Pts',(2.25187184621281,4.61826752042339,-4.36562500000696));
#12284=CARTESIAN_POINT('Ctrl Pts',(2.35736108166378,4.60023694586703,-4.365625));
#12285=CARTESIAN_POINT('Ctrl Pts',(2.462759742012,4.58127744231601,-4.365625));
#12286=CARTESIAN_POINT('Origin',(5.04098953786192,5.953125,-9.57797189566729E-16));
#12287=CARTESIAN_POINT('',(5.01212202440244,4.58127744231601,-0.0500000000000002));
#12288=CARTESIAN_POINT('',(5.01212202440244,5.953125,-0.0500000000000002));
#12289=CARTESIAN_POINT('Ctrl Pts',(5.01212202440244,0.379660057683994,-0.0500000000000001));
#12290=CARTESIAN_POINT('Ctrl Pts',(4.86648479344815,0.327264522706487,-0.302251083486463));
#12291=CARTESIAN_POINT('Ctrl Pts',(4.72050727718156,0.281947843195986,-0.555091558422924));
#12292=CARTESIAN_POINT('Ctrl Pts',(4.5741077711038,0.245375649215022,-0.808662941152594));
#12293=CARTESIAN_POINT('Ctrl Pts',(4.43523104071993,0.210682726683282,-1.04920449416649));
#12294=CARTESIAN_POINT('Ctrl Pts',(4.29597456224835,0.18385886000355,-1.29040379016239));
#12295=CARTESIAN_POINT('Ctrl Pts',(4.15627205250235,0.166280600228774,-1.53237563498735));
#12296=CARTESIAN_POINT('Ctrl Pts',(4.03146623700602,0.150576737426408,-1.74854564850706));
#12297=CARTESIAN_POINT('Ctrl Pts',(3.90630446737129,0.142251510608823,-1.96533219267964));
#12298=CARTESIAN_POINT('Ctrl Pts',(3.78074215339644,0.142251510608837,-2.1828125));
#12299=CARTESIAN_POINT('Ctrl Pts',(3.64126690045996,0.142251510608852,-2.4243907244845));
#12300=CARTESIAN_POINT('Ctrl Pts',(3.50228593814107,0.152524740854749,-2.66511281250564));
#12301=CARTESIAN_POINT('Ctrl Pts',(3.36373794920129,0.171771162393502,-2.90508496863583));
#12302=CARTESIAN_POINT('Ctrl Pts',(3.21817560001068,0.191991985186617,-3.15720635310305));
#12303=CARTESIAN_POINT('Ctrl Pts',(3.07309116614824,0.222117471117138,-3.40849996394015));
#12304=CARTESIAN_POINT('Ctrl Pts',(2.92840903234588,0.260581073840717,-3.65909677063332));
#12305=CARTESIAN_POINT('Ctrl Pts',(2.80176971230067,0.294248012303602,-3.8784425071876));
#12306=CARTESIAN_POINT('Ctrl Pts',(2.67543852007246,0.334301931344818,-4.09725455070762));
#12307=CARTESIAN_POINT('Ctrl Pts',(2.54936228239044,0.379660057683994,-4.315625));
#12308=CARTESIAN_POINT('',(2.54936228239044,4.58127744231601,-4.315625));
#12309=CARTESIAN_POINT('',(2.54936228239044,5.953125,-4.315625));
#12310=CARTESIAN_POINT('Ctrl Pts',(2.54936228239044,4.58127744231601,-4.315625));
#12311=CARTESIAN_POINT('Ctrl Pts',(2.69499951333651,4.63367297729091,-4.06337391652776));
#12312=CARTESIAN_POINT('Ctrl Pts',(2.84097702959488,4.67898965679936,-3.81053344160556));
#12313=CARTESIAN_POINT('Ctrl Pts',(2.98737653566437,4.71556185077922,-3.55696205889021));
#12314=CARTESIAN_POINT('Ctrl Pts',(3.12625326603687,4.75025477330905,-3.31642050589599));
#12315=CARTESIAN_POINT('Ctrl Pts',(3.26550974449704,4.77707863998812,-3.07522120991986));
#12316=CARTESIAN_POINT('Ctrl Pts',(3.40521225423154,4.79465689976395,-2.83324936511482));
#12317=CARTESIAN_POINT('Ctrl Pts',(3.53001806974743,4.81036076257101,-2.61707935156124));
#12318=CARTESIAN_POINT('Ctrl Pts',(3.65517983940181,4.81868598939112,-2.40029280735461));
#12319=CARTESIAN_POINT('Ctrl Pts',(3.78074215339644,4.81868598939112,-2.1828125));
#12320=CARTESIAN_POINT('Ctrl Pts',(3.92021740632005,4.81868598939112,-1.9412342755378));
#12321=CARTESIAN_POINT('Ctrl Pts',(4.05919836862616,4.80841275914717,-1.70051218753879));
#12322=CARTESIAN_POINT('Ctrl Pts',(4.19774635755323,4.78916633761189,-1.46054003143061));
#12323=CARTESIAN_POINT('Ctrl Pts',(4.34330870673429,4.76894551482189,-1.20841864697993));
#12324=CARTESIAN_POINT('Ctrl Pts',(4.48839314058723,4.73882002889566,-0.957125036159271));
#12325=CARTESIAN_POINT('Ctrl Pts',(4.63307527438014,4.70035642617718,-0.706528229482481));
#12326=CARTESIAN_POINT('Ctrl Pts',(4.75971459444775,4.66668948771061,-0.48718249288941));
#12327=CARTESIAN_POINT('Ctrl Pts',(4.88604578669824,4.62663556866325,-0.268370449330806));
#12328=CARTESIAN_POINT('Ctrl Pts',(5.01212202440244,4.58127744231601,-0.0500000000000007));
#12329=CARTESIAN_POINT('Origin',(-2.462759742012,5.953125,4.265625));
#12330=CARTESIAN_POINT('Origin',(-2.462759742012,0.379660057683993,4.265625));
#12331=CARTESIAN_POINT('Origin',(-2.462759742012,0.379660057683993,4.265625));
#12332=CARTESIAN_POINT('Origin',(-2.462759742012,0.379660057683993,4.265625));
#12333=CARTESIAN_POINT('Origin',(-2.462759742012,0.379660057683993,4.265625));
#12334=CARTESIAN_POINT('Ctrl Pts',(2.47968602880591,4.67537315561626,4.29494218871052));
#12335=CARTESIAN_POINT('Ctrl Pts',(2.47584871105215,4.6540409428518,4.365625));
#12336=CARTESIAN_POINT('Ctrl Pts',(2.46275974201201,4.58127744231601,4.365625));
#12337=CARTESIAN_POINT('Ctrl Pts',(1.67854515252044,4.81874631438489,4.29731419622353));
#12338=CARTESIAN_POINT('Ctrl Pts',(1.68267425096785,4.79478848439804,4.365625));
#12339=CARTESIAN_POINT('Ctrl Pts',(1.66558592627415,4.72467603742745,4.365625));
#12340=CARTESIAN_POINT('Ctrl Pts',(0.860573993252179,4.91165540737845,4.29945272863595));
#12341=CARTESIAN_POINT('Ctrl Pts',(0.858937886857353,4.88787066492456,4.365625));
#12342=CARTESIAN_POINT('Ctrl Pts',(0.853798273027385,4.81755969486753,4.365625));
#12343=CARTESIAN_POINT('Ctrl Pts',(-0.828749788534806,4.91388697828864,
4.29950195486748));
#12344=CARTESIAN_POINT('Ctrl Pts',(-0.827022045993037,4.89007638136248,
4.365625));
#12345=CARTESIAN_POINT('Ctrl Pts',(-0.822224639197689,4.81979126419906,
4.365625));
#12346=CARTESIAN_POINT('Ctrl Pts',(-1.65995878308149,4.8220725539457,4.29736922658523));
#12347=CARTESIAN_POINT('Ctrl Pts',(-1.66448799346435,4.79801560646376,4.365625));
#12348=CARTESIAN_POINT('Ctrl Pts',(-1.64709077529926,4.72800301377742,4.365625));
#12349=CARTESIAN_POINT('Ctrl Pts',(-2.4796860288059,4.67537315561626,4.29494218871052));
#12350=CARTESIAN_POINT('Ctrl Pts',(-2.47584871105214,4.6540409428518,4.365625));
#12351=CARTESIAN_POINT('Ctrl Pts',(-2.462759742012,4.58127744231601,4.365625));
#12352=CARTESIAN_POINT('Ctrl Pts',(-2.4796860288059,4.67537315561626,4.29494218871052));
#12353=CARTESIAN_POINT('Ctrl Pts',(-2.54281779787037,4.6540409428518,4.32696037969811));
#12354=CARTESIAN_POINT('Ctrl Pts',(-2.54936228239044,4.58127744231601,4.315625));
#12355=CARTESIAN_POINT('Ctrl Pts',(-2.88918906876367,4.82119568122919,3.59048717892024));
#12356=CARTESIAN_POINT('Ctrl Pts',(-2.94609913808597,4.79716420243266,3.62845660870052));
#12357=CARTESIAN_POINT('Ctrl Pts',(-2.95475732454377,4.72712538224012,3.61346018985391));
#12358=CARTESIAN_POINT('Ctrl Pts',(-3.30367251181922,4.91278170269136,2.87682650513606));
#12359=CARTESIAN_POINT('Ctrl Pts',(-3.36179378813093,4.8889840126402,2.90845235438813));
#12360=CARTESIAN_POINT('Ctrl Pts',(-3.36426309718924,4.81868598939112,2.9041753856392));
#12361=CARTESIAN_POINT('Ctrl Pts',(-4.14324109163781,4.91278170269138,1.42265106845174));
#12362=CARTESIAN_POINT('Ctrl Pts',(-4.19969051866271,4.8889840126402,1.45717264561055));
#12363=CARTESIAN_POINT('Ctrl Pts',(-4.19722120960364,4.81868598939112,1.4614496143608));
#12364=CARTESIAN_POINT('Ctrl Pts',(-4.55404764328892,4.82119568122926,0.706867540425405));
#12365=CARTESIAN_POINT('Ctrl Pts',(-4.6153851687074,4.79716420243186,0.737168391298613));
#12366=CARTESIAN_POINT('Ctrl Pts',(-4.60672698224907,4.72712538223959,0.752164810146164));
#12367=CARTESIAN_POINT('Ctrl Pts',(-4.9593720576118,4.67537315561626,-2.56387379877661E-15));
#12368=CARTESIAN_POINT('Ctrl Pts',(-5.01866650892251,4.6540409428518,0.0386646203018867));
#12369=CARTESIAN_POINT('Ctrl Pts',(-5.01212202440244,4.58127744231601,0.0499999999999975));
#12370=CARTESIAN_POINT('Origin',(-4.925519484024,5.953125,-2.08031291845656E-15));
#12371=CARTESIAN_POINT('Origin',(-4.925519484024,0.379660057683993,-1.86347248395946E-15));
#12372=CARTESIAN_POINT('Ctrl Pts',(-4.9593720576118,0.285564344383746,-2.57708964561457E-15));
#12373=CARTESIAN_POINT('Ctrl Pts',(-5.01866650892251,0.306896557148204,
0.0386646203018865));
#12374=CARTESIAN_POINT('Ctrl Pts',(-5.01212202440244,0.379660057683993,
0.0499999999999975));
#12375=CARTESIAN_POINT('Ctrl Pts',(-4.55404764328903,0.139741818770787,
0.7068675404257));
#12376=CARTESIAN_POINT('Ctrl Pts',(-4.6153851687058,0.163773297567554,0.737168391299362));
#12377=CARTESIAN_POINT('Ctrl Pts',(-4.606726982249,0.23381211776045,0.752164810146276));
#12378=CARTESIAN_POINT('Ctrl Pts',(-4.14324109163798,0.0481557973086467,
1.42265106845155));
#12379=CARTESIAN_POINT('Ctrl Pts',(-4.19969051866222,0.0719534873599243,
1.45717264561185));
#12380=CARTESIAN_POINT('Ctrl Pts',(-4.19722120960372,0.142251510608881,
1.46144961436066));
#12381=CARTESIAN_POINT('Ctrl Pts',(-3.30367251181905,0.0481557973086209,
2.87682650513625));
#12382=CARTESIAN_POINT('Ctrl Pts',(-3.36179378812972,0.0719534873596759,
2.90845235438979));
#12383=CARTESIAN_POINT('Ctrl Pts',(-3.36426309718916,0.142251510608881,
2.90417538563934));
#12384=CARTESIAN_POINT('Ctrl Pts',(-2.88918906876455,0.139741818771043,
3.59048717892049));
#12385=CARTESIAN_POINT('Ctrl Pts',(-2.94609913808566,0.163773297567607,
3.62845660870149));
#12386=CARTESIAN_POINT('Ctrl Pts',(-2.95475732454386,0.233812117760253,
3.61346018985376));
#12387=CARTESIAN_POINT('Ctrl Pts',(-2.4796860288059,0.285564344383746,4.29494218871052));
#12388=CARTESIAN_POINT('Ctrl Pts',(-2.54281779787037,0.306896557148203,
4.32696037969811));
#12389=CARTESIAN_POINT('Ctrl Pts',(-2.54936228239044,0.379660057683993,
4.315625));
#12390=CARTESIAN_POINT('Origin',(-4.925519484024,0.379660057683993,-1.4264078703494E-15));
#12391=CARTESIAN_POINT('Ctrl Pts',(-2.47968602880591,0.285564344383747,
4.29494218871052));
#12392=CARTESIAN_POINT('Ctrl Pts',(-2.47584871105215,0.306896557148205,
4.365625));
#12393=CARTESIAN_POINT('Ctrl Pts',(-2.46275974201201,0.379660057683995,
4.365625));
#12394=CARTESIAN_POINT('Ctrl Pts',(-1.67862805107172,0.14220602124204,4.29731395077857));
#12395=CARTESIAN_POINT('Ctrl Pts',(-1.68275555589477,0.166163443031883,
4.365625));
#12396=CARTESIAN_POINT('Ctrl Pts',(-1.66566846906787,0.236276310677667,
4.365625));
#12397=CARTESIAN_POINT('Ctrl Pts',(-0.860751722696338,0.0493030398306323,
4.29945226657937));
#12398=CARTESIAN_POINT('Ctrl Pts',(-0.859116681550054,0.0730875433847705,
4.365625));
#12399=CARTESIAN_POINT('Ctrl Pts',(-0.853974608200489,0.143398752341483,
4.365625));
#12400=CARTESIAN_POINT('Ctrl Pts',(0.828336775257327,0.047030362107166,
4.29950239955048));
#12401=CARTESIAN_POINT('Ctrl Pts',(0.826608441006661,0.0708411963485013,
4.365625));
#12402=CARTESIAN_POINT('Ctrl Pts',(0.821814882852904,0.14112607619681,4.365625));
#12403=CARTESIAN_POINT('Ctrl Pts',(1.66007475507627,0.138885700545445,4.29736888321685));
#12404=CARTESIAN_POINT('Ctrl Pts',(1.66460328173615,0.162942351255795,4.365625));
#12405=CARTESIAN_POINT('Ctrl Pts',(1.64720551454802,0.232955125946217,4.365625));
#12406=CARTESIAN_POINT('Ctrl Pts',(2.4796860288059,0.285564344383746,4.29494218871052));
#12407=CARTESIAN_POINT('Ctrl Pts',(2.47584871105214,0.306896557148204,4.365625));
#12408=CARTESIAN_POINT('Ctrl Pts',(2.462759742012,0.379660057683994,4.365625));
#12409=CARTESIAN_POINT('Origin',(2.462759742012,0.379660057683994,4.265625));
#12410=CARTESIAN_POINT('Origin',(2.462759742012,5.953125,4.265625));
#12411=CARTESIAN_POINT('Origin',(2.462759742012,0.379660057683994,4.265625));
#12412=CARTESIAN_POINT('Origin',(-4.925519484024,0.379660057683993,-1.87137958719155E-15));
#12413=CARTESIAN_POINT('Origin',(-4.92551948402399,0.379660057683993,-1.91768259258374E-15));
#12414=CARTESIAN_POINT('Origin',(2.462759742012,0.379660057683994,4.265625));
#12415=CARTESIAN_POINT('Origin',(2.462759742012,0.379660057683994,4.265625));
#12416=CARTESIAN_POINT('Ctrl Pts',(4.9593720576118,4.67537315561626,-1.240343078952E-15));
#12417=CARTESIAN_POINT('Ctrl Pts',(5.01866650892251,4.6540409428518,0.038664620301888));
#12418=CARTESIAN_POINT('Ctrl Pts',(5.01212202440244,4.58127744231601,0.0499999999999988));
#12419=CARTESIAN_POINT('Ctrl Pts',(4.55404764328951,4.82119568122904,0.706867540425793));
#12420=CARTESIAN_POINT('Ctrl Pts',(4.61538516870791,4.79716420243243,0.737168391299531));
#12421=CARTESIAN_POINT('Ctrl Pts',(4.60672698224914,4.72712538224004,0.752164810146038));
#12422=CARTESIAN_POINT('Ctrl Pts',(4.14324109163781,4.91278170269138,1.42265106845174));
#12423=CARTESIAN_POINT('Ctrl Pts',(4.19969051866228,4.8889840126402,1.45717264561129));
#12424=CARTESIAN_POINT('Ctrl Pts',(4.19722120960359,4.81868598939112,1.46144961436088));
#12425=CARTESIAN_POINT('Ctrl Pts',(3.30367251181923,4.91278170269136,2.87682650513606));
#12426=CARTESIAN_POINT('Ctrl Pts',(3.3617937881305,4.8889840126402,2.90845235438887));
#12427=CARTESIAN_POINT('Ctrl Pts',(3.36426309718929,4.81868598939112,2.90417538563912));
#12428=CARTESIAN_POINT('Ctrl Pts',(2.88918906876459,4.82119568122889,3.5904871789207));
#12429=CARTESIAN_POINT('Ctrl Pts',(2.94609913808644,4.79716420243152,3.62845660870129));
#12430=CARTESIAN_POINT('Ctrl Pts',(2.95475732454383,4.72712538223906,3.6134601898538));
#12431=CARTESIAN_POINT('Ctrl Pts',(2.4796860288059,4.67537315561626,4.29494218871052));
#12432=CARTESIAN_POINT('Ctrl Pts',(2.54281779787037,4.6540409428518,4.32696037969811));
#12433=CARTESIAN_POINT('Ctrl Pts',(2.54936228239044,4.58127744231601,4.315625));
#12434=CARTESIAN_POINT('Origin',(4.925519484024,4.58127744231601,-5.98695241341894E-16));
#12435=CARTESIAN_POINT('Ctrl Pts',(-4.9593720576118,4.67537315561626,-1.33967877607526E-15));
#12436=CARTESIAN_POINT('Ctrl Pts',(-5.01866650892251,4.6540409428518,-0.0386646203018906));
#12437=CARTESIAN_POINT('Ctrl Pts',(-5.01212202440244,4.58127744231601,-0.0500000000000014));
#12438=CARTESIAN_POINT('Ctrl Pts',(-4.55404764328981,4.82119568122893,-0.706867540426124));
#12439=CARTESIAN_POINT('Ctrl Pts',(-4.61538516870823,4.79716420243138,-0.737168391299325));
#12440=CARTESIAN_POINT('Ctrl Pts',(-4.60672698224896,4.72712538223911,-0.752164810146345));
#12441=CARTESIAN_POINT('Ctrl Pts',(-4.14324109163782,4.9127817026914,-1.42265106845157));
#12442=CARTESIAN_POINT('Ctrl Pts',(-4.19969051866271,4.8889840126402,-1.45717264561037));
#12443=CARTESIAN_POINT('Ctrl Pts',(-4.19722120960372,4.81868598939112,-1.46144961436066));
#12444=CARTESIAN_POINT('Ctrl Pts',(-3.30367251181922,4.91278170269133,-2.87682650513624));
#12445=CARTESIAN_POINT('Ctrl Pts',(-3.36179378813093,4.8889840126402,-2.90845235438831));
#12446=CARTESIAN_POINT('Ctrl Pts',(-3.36426309718917,4.81868598939112,-2.90417538563934));
#12447=CARTESIAN_POINT('Ctrl Pts',(-2.88918906876484,4.82119568122884,-3.5904871789207));
#12448=CARTESIAN_POINT('Ctrl Pts',(-2.94609913808705,4.79716420243181,-3.62845660870083));
#12449=CARTESIAN_POINT('Ctrl Pts',(-2.95475732454391,4.72712538223925,-3.61346018985367));
#12450=CARTESIAN_POINT('Ctrl Pts',(-2.4796860288059,4.67537315561626,-4.29494218871052));
#12451=CARTESIAN_POINT('Ctrl Pts',(-2.54281779787037,4.6540409428518,-4.32696037969811));
#12452=CARTESIAN_POINT('Ctrl Pts',(-2.54936228239044,4.58127744231601,-4.315625));
#12453=CARTESIAN_POINT('Origin',(-2.462759742012,4.58127744231601,-4.265625));
#12454=CARTESIAN_POINT('Origin',(-2.462759742012,5.953125,-4.265625));
#12455=CARTESIAN_POINT('Origin',(-2.462759742012,4.58127744231601,-4.265625));
#12456=CARTESIAN_POINT('Ctrl Pts',(-2.4796860288059,0.285564344383746,-4.29494218871052));
#12457=CARTESIAN_POINT('Ctrl Pts',(-2.54281779787037,0.306896557148204,
-4.32696037969811));
#12458=CARTESIAN_POINT('Ctrl Pts',(-2.54936228239044,0.379660057683993,
-4.315625));
#12459=CARTESIAN_POINT('Ctrl Pts',(-2.88918906876369,0.139741818770895,
-3.59048717892051));
#12460=CARTESIAN_POINT('Ctrl Pts',(-2.94609913808489,0.163773297567311,
-3.6284566087014));
#12461=CARTESIAN_POINT('Ctrl Pts',(-2.95475732454369,0.233812117760002,
-3.61346018985405));
#12462=CARTESIAN_POINT('Ctrl Pts',(-3.30367251181925,0.0481557973085887,
-2.87682650513572));
#12463=CARTESIAN_POINT('Ctrl Pts',(-3.36179378813022,0.0719534873597779,
-2.908452354389));
#12464=CARTESIAN_POINT('Ctrl Pts',(-3.36426309718937,0.142251510608915,
-2.90417538563899));
#12465=CARTESIAN_POINT('Ctrl Pts',(-4.14324109163778,0.0481557973086795,
-1.42265106845209));
#12466=CARTESIAN_POINT('Ctrl Pts',(-4.199690518662,0.0719534873598231,-1.45717264561215));
#12467=CARTESIAN_POINT('Ctrl Pts',(-4.19722120960351,0.142251510608848,
-1.46144961436101));
#12468=CARTESIAN_POINT('Ctrl Pts',(-4.5540476432893,0.139741818770886,-0.7068675404254));
#12469=CARTESIAN_POINT('Ctrl Pts',(-4.61538516870629,0.163773297567616,
-0.737168391298837));
#12470=CARTESIAN_POINT('Ctrl Pts',(-4.60672698224918,0.233812117760158,
-0.752164810145966));
#12471=CARTESIAN_POINT('Ctrl Pts',(-4.9593720576118,0.285564344383746,-2.05908128230804E-15));
#12472=CARTESIAN_POINT('Ctrl Pts',(-5.01866650892251,0.306896557148204,
-0.0386646203018911));
#12473=CARTESIAN_POINT('Ctrl Pts',(-5.01212202440244,0.379660057683993,
-0.0500000000000021));
#12474=CARTESIAN_POINT('Ctrl Pts',(2.4796860288059,0.285564344383746,4.29494218871052));
#12475=CARTESIAN_POINT('Ctrl Pts',(2.54281779787037,0.306896557148204,4.32696037969811));
#12476=CARTESIAN_POINT('Ctrl Pts',(2.54936228239044,0.379660057683994,4.315625));
#12477=CARTESIAN_POINT('Ctrl Pts',(2.88918906876428,0.139741818771033,3.59048717892061));
#12478=CARTESIAN_POINT('Ctrl Pts',(2.94609913808513,0.163773297567875,3.62845660870188));
#12479=CARTESIAN_POINT('Ctrl Pts',(2.95475732454383,0.233812117760491,3.61346018985381));
#12480=CARTESIAN_POINT('Ctrl Pts',(3.30367251181909,0.0481557973085749,
2.87682650513591));
#12481=CARTESIAN_POINT('Ctrl Pts',(3.36179378812943,0.0719534873597281,
2.90845235438992));
#12482=CARTESIAN_POINT('Ctrl Pts',(3.36426309718924,0.142251510608973,2.9041753856392));
#12483=CARTESIAN_POINT('Ctrl Pts',(4.14324109163794,0.0481557973086949,
1.42265106845189));
#12484=CARTESIAN_POINT('Ctrl Pts',(4.19969051866193,0.0719534873598749,
1.4571726456127));
#12485=CARTESIAN_POINT('Ctrl Pts',(4.19722120960364,0.142251510608792,1.4614496143608));
#12486=CARTESIAN_POINT('Ctrl Pts',(4.55404764329028,0.139741818771239,0.706867540426251));
#12487=CARTESIAN_POINT('Ctrl Pts',(4.61538516870696,0.163773297567729,0.737168391300287));
#12488=CARTESIAN_POINT('Ctrl Pts',(4.60672698224906,0.233812117760499,0.752164810146172));
#12489=CARTESIAN_POINT('Ctrl Pts',(4.9593720576118,0.285564344383747,-6.26310230216322E-16));
#12490=CARTESIAN_POINT('Ctrl Pts',(5.01866650892251,0.306896557148205,0.0386646203018884));
#12491=CARTESIAN_POINT('Ctrl Pts',(5.01212202440244,0.379660057683994,0.0499999999999994));
#12492=CARTESIAN_POINT('Origin',(4.925519484024,5.953125,-1.76182853028894E-16));
#12493=CARTESIAN_POINT('Origin',(4.92551948402399,4.58127744231601,-4.74338450462408E-16));
#12494=CARTESIAN_POINT('Origin',(4.925519484024,4.58127744231601,-5.51930786505087E-16));
#12495=CARTESIAN_POINT('Origin',(4.925519484024,4.58127744231601,-1.96511643762998E-16));
#12496=CARTESIAN_POINT('Origin',(-2.462759742012,4.58127744231601,-4.265625));
#12497=CARTESIAN_POINT('Origin',(-2.462759742012,4.58127744231601,-4.265625));
#12498=CARTESIAN_POINT('Ctrl Pts',(2.4796860288059,4.67537315561626,-4.29494218871052));
#12499=CARTESIAN_POINT('Ctrl Pts',(2.54281779787037,4.6540409428518,-4.32696037969811));
#12500=CARTESIAN_POINT('Ctrl Pts',(2.54936228239044,4.58127744231601,-4.315625));
#12501=CARTESIAN_POINT('Ctrl Pts',(2.8891890687638,4.82119568122921,-3.59048717892011));
#12502=CARTESIAN_POINT('Ctrl Pts',(2.94609913808554,4.79716420243286,-3.62845660870163));
#12503=CARTESIAN_POINT('Ctrl Pts',(2.95475732454379,4.72712538224054,-3.61346018985388));
#12504=CARTESIAN_POINT('Ctrl Pts',(3.30367251181905,4.91278170269138,-2.87682650513625));
#12505=CARTESIAN_POINT('Ctrl Pts',(3.3617937881299,4.88898401264056,-2.90845235438979));
#12506=CARTESIAN_POINT('Ctrl Pts',(3.36426309718916,4.81868598939112,-2.90417538563934));
#12507=CARTESIAN_POINT('Ctrl Pts',(4.14324109163798,4.91278170269135,-1.42265106845156));
#12508=CARTESIAN_POINT('Ctrl Pts',(4.19969051866204,4.88898401263984,-1.45717264561185));
#12509=CARTESIAN_POINT('Ctrl Pts',(4.19722120960372,4.81868598939112,-1.46144961436066));
#12510=CARTESIAN_POINT('Ctrl Pts',(4.55404764328842,4.82119568122943,-0.706867540425307));
#12511=CARTESIAN_POINT('Ctrl Pts',(4.61538516870638,4.7971642024326,-0.737168391299625));
#12512=CARTESIAN_POINT('Ctrl Pts',(4.60672698224905,4.72712538224009,-0.752164810146194));
#12513=CARTESIAN_POINT('Ctrl Pts',(4.9593720576118,4.67537315561626,7.49076861947554E-16));
#12514=CARTESIAN_POINT('Ctrl Pts',(5.01866650892251,4.6540409428518,-0.0386646203018885));
#12515=CARTESIAN_POINT('Ctrl Pts',(5.01212202440244,4.58127744231601,-0.0499999999999993));
#12516=CARTESIAN_POINT('Origin',(2.462759742012,4.58127744231601,-4.265625));
#12517=CARTESIAN_POINT('Ctrl Pts',(-2.47968602880591,4.67537315561626,-4.29494218871052));
#12518=CARTESIAN_POINT('Ctrl Pts',(-2.47584871105215,4.6540409428518,-4.365625));
#12519=CARTESIAN_POINT('Ctrl Pts',(-2.46275974201201,4.58127744231601,-4.365625));
#12520=CARTESIAN_POINT('Ctrl Pts',(-1.67863010850566,4.81873111055693,-4.29731394468732));
#12521=CARTESIAN_POINT('Ctrl Pts',(-1.6827575688246,4.7947736997772,-4.365625));
#12522=CARTESIAN_POINT('Ctrl Pts',(-1.66567051602492,4.72466082110774,-4.365625));
#12523=CARTESIAN_POINT('Ctrl Pts',(-0.860754943665518,4.91163428228823,
-4.29945226265545));
#12524=CARTESIAN_POINT('Ctrl Pts',(-0.859119908319275,4.88784978076281,
-4.365625));
#12525=CARTESIAN_POINT('Ctrl Pts',(-0.853977803852384,4.81753856977768,
-4.365625));
#12526=CARTESIAN_POINT('Ctrl Pts',(0.828335045596662,4.91390730911237,-4.29950240332746));
#12527=CARTESIAN_POINT('Ctrl Pts',(0.826606702619039,4.89009647285487,-4.365625));
#12528=CARTESIAN_POINT('Ctrl Pts',(0.821813166853648,4.81981159502242,-4.365625));
#12529=CARTESIAN_POINT('Ctrl Pts',(1.66007402944409,4.82205192931428,-4.29736888536628));
#12530=CARTESIAN_POINT('Ctrl Pts',(1.66460257159003,4.79799527475865,-4.365625));
#12531=CARTESIAN_POINT('Ctrl Pts',(1.6472047918693,4.72798250405208,-4.365625));
#12532=CARTESIAN_POINT('Ctrl Pts',(2.4796860288059,4.67537315561626,-4.29494218871052));
#12533=CARTESIAN_POINT('Ctrl Pts',(2.47584871105214,4.6540409428518,-4.365625));
#12534=CARTESIAN_POINT('Ctrl Pts',(2.462759742012,4.58127744231601,-4.365625));
#12535=CARTESIAN_POINT('Origin',(2.462759742012,4.58127744231601,-4.265625));
#12536=CARTESIAN_POINT('Ctrl Pts',(2.47968602880591,0.285564344383748,-4.29494218871052));
#12537=CARTESIAN_POINT('Ctrl Pts',(2.47584871105215,0.306896557148206,-4.365625));
#12538=CARTESIAN_POINT('Ctrl Pts',(2.46275974201201,0.379660057683995,-4.365625));
#12539=CARTESIAN_POINT('Ctrl Pts',(1.67854310477963,0.142190819148872,-4.29731420228638));
#12540=CARTESIAN_POINT('Ctrl Pts',(1.68267224753893,0.166148660096895,-4.365625));
#12541=CARTESIAN_POINT('Ctrl Pts',(1.66558388896477,0.236261096093355,-4.365625));
#12542=CARTESIAN_POINT('Ctrl Pts',(0.860570790046814,0.0492819164105239,
-4.2994527325231));
#12543=CARTESIAN_POINT('Ctrl Pts',(0.858934677925431,0.0730666608742134,
-4.365625));
#12544=CARTESIAN_POINT('Ctrl Pts',(0.853795095000631,0.143377628921327,
-4.365625));
#12545=CARTESIAN_POINT('Ctrl Pts',(-0.828751490576312,0.0470506914431277,
-4.29950195112327));
#12546=CARTESIAN_POINT('Ctrl Pts',(-0.827023756708809,0.0708612863716793,
-4.365625));
#12547=CARTESIAN_POINT('Ctrl Pts',(-0.822226327796406,0.141146405532819,
-4.365625));
#12548=CARTESIAN_POINT('Ctrl Pts',(-1.65995950963697,0.138865076079722,
-4.29736922443455));
#12549=CARTESIAN_POINT('Ctrl Pts',(-1.66448870460281,0.162922019727325,
-4.365625));
#12550=CARTESIAN_POINT('Ctrl Pts',(-1.64709149886485,0.232934616381291,
-4.365625));
#12551=CARTESIAN_POINT('Ctrl Pts',(-2.4796860288059,0.285564344383746,-4.29494218871052));
#12552=CARTESIAN_POINT('Ctrl Pts',(-2.47584871105214,0.306896557148204,
-4.365625));
#12553=CARTESIAN_POINT('Ctrl Pts',(-2.462759742012,0.379660057683993,-4.365625));
#12554=CARTESIAN_POINT('Ctrl Pts',(4.9593720576118,0.285564344383747,-5.96568336644528E-17));
#12555=CARTESIAN_POINT('Ctrl Pts',(5.01866650892251,0.306896557148205,-0.0386646203018891));
#12556=CARTESIAN_POINT('Ctrl Pts',(5.01212202440244,0.379660057683994,-0.0500000000000001));
#12557=CARTESIAN_POINT('Ctrl Pts',(4.5540476432892,0.13974181877085,-0.706867540425414));
#12558=CARTESIAN_POINT('Ctrl Pts',(4.61538516870613,0.163773297567892,-0.737168391298866));
#12559=CARTESIAN_POINT('Ctrl Pts',(4.60672698224913,0.233812117760448,-0.75216481014606));
#12560=CARTESIAN_POINT('Ctrl Pts',(4.14324109163793,0.0481557973087234,
-1.42265106845207));
#12561=CARTESIAN_POINT('Ctrl Pts',(4.19969051866218,0.0719534873597671,
-1.45717264561215));
#12562=CARTESIAN_POINT('Ctrl Pts',(4.19722120960356,0.142251510608792,-1.46144961436094));
#12563=CARTESIAN_POINT('Ctrl Pts',(3.3036725118191,0.0481557973085459,-2.87682650513574));
#12564=CARTESIAN_POINT('Ctrl Pts',(3.36179378813004,0.0719534873598349,
-2.908452354389));
#12565=CARTESIAN_POINT('Ctrl Pts',(3.36426309718932,0.142251510608972,-2.90417538563907));
#12566=CARTESIAN_POINT('Ctrl Pts',(2.88918906876343,0.139741818770786,-3.59048717892031));
#12567=CARTESIAN_POINT('Ctrl Pts',(2.94609913808414,0.163773297567464,-3.62845660870085));
#12568=CARTESIAN_POINT('Ctrl Pts',(2.95475732454374,0.233812117760198,-3.61346018985395));
#12569=CARTESIAN_POINT('Ctrl Pts',(2.4796860288059,0.285564344383746,-4.29494218871052));
#12570=CARTESIAN_POINT('Ctrl Pts',(2.54281779787037,0.306896557148204,-4.32696037969811));
#12571=CARTESIAN_POINT('Ctrl Pts',(2.54936228239044,0.379660057683994,-4.315625));
#12572=CARTESIAN_POINT('Origin',(2.462759742012,4.58127744231601,-4.265625));
#12573=CARTESIAN_POINT('Origin',(2.462759742012,4.58127744231601,-4.265625));
#12574=CARTESIAN_POINT('Origin',(2.462759742012,5.953125,-4.265625));
#12575=CARTESIAN_POINT('',(0.,0.,0.));
#12576=CARTESIAN_POINT('Origin',(0.,0.,2.11));
#12577=CARTESIAN_POINT('',(2.10500922670447,-2.57789281165928E-16,2.19823480681548));
#12578=CARTESIAN_POINT('Origin',(0.,0.,2.19823480681548));
#12579=CARTESIAN_POINT('',(2.05794948949489,-2.52026125511685E-16,2.21));
#12580=CARTESIAN_POINT('Origin',(2.05794948949489,-2.52026125511685E-16,
2.11));
#12581=CARTESIAN_POINT('Origin',(0.,0.,2.21));
#12582=CARTESIAN_POINT('Origin',(0.,0.,0.306686458555016));
#12583=CARTESIAN_POINT('',(-3.96,4.84960132462352E-16,0.306686458555016));
#12584=CARTESIAN_POINT('',(3.96,-4.84960132462352E-16,0.306686458555016));
#12585=CARTESIAN_POINT('Origin',(0.,0.,0.306686458555016));
#12586=CARTESIAN_POINT('Origin',(0.,0.,0.306686458555016));
#12587=CARTESIAN_POINT('',(3.94826775708356,-4.83523347088909E-16,0.353684363395947));
#12588=CARTESIAN_POINT('Origin',(3.86,-4.72713664470878E-16,0.306686458555016));
#12589=CARTESIAN_POINT('Origin',(0.,0.,0.353684363395947));
#12590=CARTESIAN_POINT('Origin',(0.,0.,0.0999999999999994));
#12591=CARTESIAN_POINT('',(-3.96,-4.84960132462352E-16,0.0999999999999994));
#12592=CARTESIAN_POINT('Origin',(0.,0.,0.0999999999999994));
#12593=CARTESIAN_POINT('',(-3.86,-4.72713664470878E-16,-5.89805981832114E-16));
#12594=CARTESIAN_POINT('Origin',(-3.86,-4.72713664470878E-16,0.0999999999999994));
#12595=CARTESIAN_POINT('Origin',(0.,0.,-5.96311194867027E-16));
#12596=CARTESIAN_POINT('Origin',(0.,0.,-12.6));
#12597=CARTESIAN_POINT('',(-1.73708932188135,-2.12732087787504E-16,-12.6707106781187));
#12598=CARTESIAN_POINT('Origin',(0.,0.,-12.6707106781187));
#12599=CARTESIAN_POINT('',(-1.66637864376269,-2.04072527225149E-16,-12.7));
#12600=CARTESIAN_POINT('Origin',(-1.66637864376269,-2.04072527225149E-16,
-12.6));
#12601=CARTESIAN_POINT('Origin',(0.,0.,-12.7));
#12602=CARTESIAN_POINT('Origin',(0.,0.,-12.2835786437627));
#12603=CARTESIAN_POINT('',(-2.05351067811866,2.51482527897292E-16,-12.3542893218814));
#12604=CARTESIAN_POINT('',(2.05351067811865,-2.51482527897292E-16,-12.3542893218814));
#12605=CARTESIAN_POINT('Origin',(0.,0.,-12.3542893218814));
#12606=CARTESIAN_POINT('Origin',(0.,0.,-12.3542893218814));
#12607=CARTESIAN_POINT('',(2.0828,-2.55069435326411E-16,-12.2835786437627));
#12608=CARTESIAN_POINT('Origin',(1.9828,-2.42822967334937E-16,-12.2835786437627));
#12609=CARTESIAN_POINT('',(-2.0828,2.55069435326411E-16,-12.2835786437627));
#12610=CARTESIAN_POINT('Origin',(0.,0.,-12.2835786437627));
#12611=CARTESIAN_POINT('Origin',(0.,0.,-12.2835786437627));
#12612=CARTESIAN_POINT('Origin',(-2.01833127826195,-3.25260651745651E-16,
0.66299999999552));
#12613=CARTESIAN_POINT('',(-1.41888552009207,0.557073481682604,0.66299999999552));
#12614=CARTESIAN_POINT('',(-1.41888552009207,-0.557073481682604,0.66299999999552));
#12615=CARTESIAN_POINT('Origin',(-2.01833127826195,-3.25260651745651E-16,
0.66299999999552));
#12616=CARTESIAN_POINT('',(-1.41888552009207,0.557073481682603,2.12300780074175));
#12617=CARTESIAN_POINT('',(-1.41888552009207,0.557073481682604,0.66299999999552));
#12618=CARTESIAN_POINT('',(-1.41888552009208,-0.55707348168261,2.12300780074175));
#12619=CARTESIAN_POINT('Ctrl Pts',(-1.41888552009247,0.557073481683027,
2.12300780074205));
#12620=CARTESIAN_POINT('Ctrl Pts',(-1.3803860801791,0.515645686774814,2.09357655558532));
#12621=CARTESIAN_POINT('Ctrl Pts',(-1.34642360043548,0.470301785179147,
2.06609446031737));
#12622=CARTESIAN_POINT('Ctrl Pts',(-1.28339645855765,0.366129783007324,
2.01304950810915));
#12623=CARTESIAN_POINT('Ctrl Pts',(-1.25227499209026,0.297681025688744,
1.9850410858041));
#12624=CARTESIAN_POINT('Ctrl Pts',(-1.21052299635923,0.15133416925162,1.94617152607647));
#12625=CARTESIAN_POINT('Ctrl Pts',(-1.2,0.0732867423093289,1.93575862213493));
#12626=CARTESIAN_POINT('Ctrl Pts',(-1.2,-0.0732867423093299,1.93575862213493));
#12627=CARTESIAN_POINT('Ctrl Pts',(-1.21052299635923,-0.151334169251621,
1.94617152607647));
#12628=CARTESIAN_POINT('Ctrl Pts',(-1.25227499209026,-0.297681025688745,
1.9850410858041));
#12629=CARTESIAN_POINT('Ctrl Pts',(-1.28339645855765,-0.366129783007325,
2.01304950810915));
#12630=CARTESIAN_POINT('Ctrl Pts',(-1.34642360043538,-0.470301785178991,
2.06609446031729));
#12631=CARTESIAN_POINT('Ctrl Pts',(-1.38038608017887,-0.51564568677451,
2.09357655558514));
#12632=CARTESIAN_POINT('Ctrl Pts',(-1.41888552009208,-0.557073481682609,
2.12300780074175));
#12633=CARTESIAN_POINT('',(-1.41888552009207,-0.557073481682604,0.66299999999552));
#12634=CARTESIAN_POINT('Origin',(1.24491151794014,0.718749999999993,0.66299999999552));
#12635=CARTESIAN_POINT('',(1.41888552009207,0.557073481682604,0.66299999999552));
#12636=CARTESIAN_POINT('',(1.19188254695782,0.950254164620323,0.66299999999552));
#12637=CARTESIAN_POINT('Origin',(1.24491151794014,0.718749999999993,0.66299999999552));
#12638=CARTESIAN_POINT('',(1.41888552009207,0.557073481682604,2.12300780074175));
#12639=CARTESIAN_POINT('',(1.41888552009207,0.557073481682604,0.66299999999552));
#12640=CARTESIAN_POINT('',(1.45059255133894,0.837499999999991,2.21));
#12641=CARTESIAN_POINT('Ctrl Pts',(1.41888552009208,0.557073481682596,2.12300780074175));
#12642=CARTESIAN_POINT('Ctrl Pts',(1.44063644214478,0.580478828354986,2.13963548989149));
#12643=CARTESIAN_POINT('Ctrl Pts',(1.45775758849662,0.608747559277767,2.15491445556272));
#12644=CARTESIAN_POINT('Ctrl Pts',(1.47917686826099,0.66838905280842,2.17998548021944));
#12645=CARTESIAN_POINT('Ctrl Pts',(1.48448065148105,0.703334325950185,2.19114817286023));
#12646=CARTESIAN_POINT('Ctrl Pts',(1.47874467969951,0.773092102147076,2.20614494728568));
#12647=CARTESIAN_POINT('Ctrl Pts',(1.46768310143149,0.807898298910391,2.21));
#12648=CARTESIAN_POINT('Ctrl Pts',(1.45059255133894,0.837499999999992,2.21));
#12649=CARTESIAN_POINT('',(1.19188254695782,0.950254164620323,2.12300780074175));
#12650=CARTESIAN_POINT('Ctrl Pts',(1.45059255133894,0.837499999999992,2.21));
#12651=CARTESIAN_POINT('Ctrl Pts',(1.43350200124639,0.867101701089592,2.21));
#12652=CARTESIAN_POINT('Ctrl Pts',(1.40888973977425,0.894084407257305,2.20614494728568));
#12653=CARTESIAN_POINT('Ctrl Pts',(1.351345719367,0.933930792633958,2.19114817286023));
#12654=CARTESIAN_POINT('Ctrl Pts',(1.31843033347401,0.946810218200096,2.17998548021944));
#12655=CARTESIAN_POINT('Ctrl Pts',(1.25606964507464,0.958081324558719,2.15491445556272));
#12656=CARTESIAN_POINT('Ctrl Pts',(1.22302763278685,0.957388342337504,2.13963548989149));
#12657=CARTESIAN_POINT('Ctrl Pts',(1.19188254695782,0.950254164620323,2.12300780074175));
#12658=CARTESIAN_POINT('',(1.19188254695782,0.950254164620323,0.66299999999552));
#12659=CARTESIAN_POINT('Origin',(1.24491151794013,-0.718750000000002,0.66299999999552));
#12660=CARTESIAN_POINT('',(1.19188254695781,-0.950254164620338,0.66299999999552));
#12661=CARTESIAN_POINT('',(1.41888552009207,-0.557073481682604,0.66299999999552));
#12662=CARTESIAN_POINT('Origin',(1.24491151794013,-0.718750000000002,0.66299999999552));
#12663=CARTESIAN_POINT('',(1.19188254695781,-0.950254164620339,2.12300780074175));
#12664=CARTESIAN_POINT('',(1.19188254695781,-0.950254164620338,0.66299999999552));
#12665=CARTESIAN_POINT('',(1.45059255133893,-0.837500000000002,2.21));
#12666=CARTESIAN_POINT('Ctrl Pts',(1.19188254695781,-0.95025416462033,2.12300780074175));
#12667=CARTESIAN_POINT('Ctrl Pts',(1.22302763278684,-0.957388342337513,
2.13963548989148));
#12668=CARTESIAN_POINT('Ctrl Pts',(1.25606964507463,-0.958081324558729,
2.15491445556272));
#12669=CARTESIAN_POINT('Ctrl Pts',(1.31843033347401,-0.946810218200105,
2.17998548021944));
#12670=CARTESIAN_POINT('Ctrl Pts',(1.351345719367,-0.933930792633968,2.19114817286023));
#12671=CARTESIAN_POINT('Ctrl Pts',(1.40888973977424,-0.894084407257315,
2.20614494728568));
#12672=CARTESIAN_POINT('Ctrl Pts',(1.43350200124638,-0.867101701089602,
2.21));
#12673=CARTESIAN_POINT('Ctrl Pts',(1.45059255133893,-0.837500000000002,
2.21));
#12674=CARTESIAN_POINT('',(1.41888552009208,-0.55707348168261,2.12300780074175));
#12675=CARTESIAN_POINT('Ctrl Pts',(1.45059255133893,-0.837500000000002,
2.21));
#12676=CARTESIAN_POINT('Ctrl Pts',(1.46768310143149,-0.807898298910401,
2.21));
#12677=CARTESIAN_POINT('Ctrl Pts',(1.47874467969951,-0.773092102147087,
2.20614494728568));
#12678=CARTESIAN_POINT('Ctrl Pts',(1.48448065148105,-0.703334325950195,
2.19114817286023));
#12679=CARTESIAN_POINT('Ctrl Pts',(1.47917686826098,-0.66838905280843,2.17998548021944));
#12680=CARTESIAN_POINT('Ctrl Pts',(1.45775758849662,-0.608747559277778,
2.15491445556272));
#12681=CARTESIAN_POINT('Ctrl Pts',(1.44063644214478,-0.580478828354999,
2.13963548989149));
#12682=CARTESIAN_POINT('Ctrl Pts',(1.41888552009208,-0.557073481682609,
2.12300780074176));
#12683=CARTESIAN_POINT('',(1.41888552009207,-0.557073481682604,0.66299999999552));
#12684=CARTESIAN_POINT('Origin',(0.,0.,2.21));
#12685=CARTESIAN_POINT('Ctrl Pts',(1.41888552009207,0.557073481682604,2.12300780074175));
#12686=CARTESIAN_POINT('Ctrl Pts',(1.38038608017887,0.515645686774506,2.09357655558513));
#12687=CARTESIAN_POINT('Ctrl Pts',(1.34642360043538,0.470301785178988,2.06609446031729));
#12688=CARTESIAN_POINT('Ctrl Pts',(1.28339645855765,0.366129783007325,2.01304950810915));
#12689=CARTESIAN_POINT('Ctrl Pts',(1.25227499209026,0.297681025688745,1.9850410858041));
#12690=CARTESIAN_POINT('Ctrl Pts',(1.21052299635923,0.151334169251621,1.94617152607647));
#12691=CARTESIAN_POINT('Ctrl Pts',(1.2,0.0732867423093299,1.93575862213493));
#12692=CARTESIAN_POINT('Ctrl Pts',(1.2,-0.0732867423093289,1.93575862213493));
#12693=CARTESIAN_POINT('Ctrl Pts',(1.21052299635923,-0.15133416925162,1.94617152607647));
#12694=CARTESIAN_POINT('Ctrl Pts',(1.25227499209026,-0.297681025688744,
1.9850410858041));
#12695=CARTESIAN_POINT('Ctrl Pts',(1.28339645855765,-0.366129783007324,
2.01304950810915));
#12696=CARTESIAN_POINT('Ctrl Pts',(1.34642360043548,-0.470301785179149,
2.06609446031737));
#12697=CARTESIAN_POINT('Ctrl Pts',(1.3803860801791,-0.515645686774819,2.09357655558533));
#12698=CARTESIAN_POINT('Ctrl Pts',(1.41888552009247,-0.557073481683033,
2.12300780074206));
#12699=CARTESIAN_POINT('Origin',(0.,0.,2.21));
#12700=CARTESIAN_POINT('Origin',(0.,0.,-12.325));
#12701=CARTESIAN_POINT('',(-2.0828,-2.55069435326411E-16,-12.325));
#12702=CARTESIAN_POINT('Origin',(0.,0.,0.));
#12703=CARTESIAN_POINT('',(-2.0828,-2.55069435326411E-16,3.82604152989616E-16));
#12704=CARTESIAN_POINT('Origin',(0.,0.,3.82604152989616E-16));
#12705=CARTESIAN_POINT('',(-2.0828,-2.55069435326411E-16,0.));
#12706=CARTESIAN_POINT('Origin',(0.,0.,0.));
#12707=CARTESIAN_POINT('',(-3.96,-4.84960132462352E-16,0.));
#12708=CARTESIAN_POINT('Origin',(0.,0.,-1.74855906574501));
#12709=CARTESIAN_POINT('Origin',(0.,-2.70646942611565E-16,2.21));
#12710=CARTESIAN_POINT('',(-1.45059255133893,0.837500000000002,2.21));
#12711=CARTESIAN_POINT('',(-1.45059255133893,-0.837500000000002,2.21));
#12712=CARTESIAN_POINT('Origin',(0.,0.,2.21));
#12713=CARTESIAN_POINT('',(5.93765676722931E-15,1.675,2.21));
#12714=CARTESIAN_POINT('Origin',(0.,0.,2.21));
#12715=CARTESIAN_POINT('Origin',(0.,0.,2.21));
#12716=CARTESIAN_POINT('',(-1.75603040562739E-14,-1.675,2.21));
#12717=CARTESIAN_POINT('Origin',(0.,0.,2.21));
#12718=CARTESIAN_POINT('Origin',(0.,0.,2.21));
#12719=CARTESIAN_POINT('Origin',(0.,2.0828,-5.94214443350064E-16));
#12720=CARTESIAN_POINT('Origin',(0.,0.,-12.7));
#12721=CARTESIAN_POINT('Origin',(0.,0.,2.21));
#12722=CARTESIAN_POINT('',(-0.227002973134273,-1.50732764630293,2.12300780074175));
#12723=CARTESIAN_POINT('Ctrl Pts',(-0.227002973134274,-1.50732764630293,
2.12300780074175));
#12724=CARTESIAN_POINT('Ctrl Pts',(-0.217608809357954,-1.5378671706925,
2.13963548989148));
#12725=CARTESIAN_POINT('Ctrl Pts',(-0.201687943422,-1.5668288838365,2.15491445556272));
#12726=CARTESIAN_POINT('Ctrl Pts',(-0.16074653478699,-1.61519927100853,
2.17998548021944));
#12727=CARTESIAN_POINT('Ctrl Pts',(-0.13313493211407,-1.63726511858416,
2.19114817286023));
#12728=CARTESIAN_POINT('Ctrl Pts',(-0.0698549399252811,-1.6671765094044,
2.20614494728568));
#12729=CARTESIAN_POINT('Ctrl Pts',(-0.034181100185121,-1.675,2.21));
#12730=CARTESIAN_POINT('Ctrl Pts',(-1.76464745593741E-14,-1.675,2.21));
#12731=CARTESIAN_POINT('',(-1.19188254695783,-0.950254164620314,2.12300780074175));
#12732=CARTESIAN_POINT('Ctrl Pts',(-1.19188254695783,-0.950254164620314,
2.12300780074175));
#12733=CARTESIAN_POINT('Ctrl Pts',(-1.13675530418804,-0.937626569078056,
2.09357655558513));
#12734=CARTESIAN_POINT('Ctrl Pts',(-1.08050509362788,-0.930886149642441,
2.06609446031729));
#12735=CARTESIAN_POINT('Ctrl Pts',(-0.958775922445264,-0.928389044734238,
2.01304950810915));
#12736=CARTESIAN_POINT('Ctrl Pts',(-0.8839368265162,-0.935661442829739,
1.9850410858041));
#12737=CARTESIAN_POINT('Ctrl Pts',(-0.736320733212145,-0.972676582086536,
1.94617152607647));
#12738=CARTESIAN_POINT('Ctrl Pts',(-0.663468180600494,-1.00258711338665,
1.93575862213493));
#12739=CARTESIAN_POINT('Ctrl Pts',(-0.536531819399529,-1.07587385569599,
1.93575862213493));
#12740=CARTESIAN_POINT('Ctrl Pts',(-0.474202263147112,-1.12401075133816,
1.94617152607647));
#12741=CARTESIAN_POINT('Ctrl Pts',(-0.368338165574082,-1.23334246851849,
1.9850410858041));
#12742=CARTESIAN_POINT('Ctrl Pts',(-0.324620536112415,-1.29451882774157,
2.01304950810915));
#12743=CARTESIAN_POINT('Ctrl Pts',(-0.26591850680753,-1.40118793482144,
2.06609446031729));
#12744=CARTESIAN_POINT('Ctrl Pts',(-0.243630775990855,-1.45327225585257,
2.09357655558513));
#12745=CARTESIAN_POINT('Ctrl Pts',(-0.227002973134273,-1.50732764630293,
2.12300780074175));
#12746=CARTESIAN_POINT('Ctrl Pts',(-1.45059255133893,-0.837500000000002,
2.21));
#12747=CARTESIAN_POINT('Ctrl Pts',(-1.43350200124638,-0.867101701089602,
2.21));
#12748=CARTESIAN_POINT('Ctrl Pts',(-1.40888973977424,-0.894084407257315,
2.20614494728568));
#12749=CARTESIAN_POINT('Ctrl Pts',(-1.351345719367,-0.933930792633968,2.19114817286023));
#12750=CARTESIAN_POINT('Ctrl Pts',(-1.31843033347401,-0.946810218200105,
2.17998548021944));
#12751=CARTESIAN_POINT('Ctrl Pts',(-1.25606964507464,-0.958081324558728,
2.15491445556272));
#12752=CARTESIAN_POINT('Ctrl Pts',(-1.22302763278684,-0.957388342337513,
2.13963548989149));
#12753=CARTESIAN_POINT('Ctrl Pts',(-1.19188254695782,-0.950254164620333,
2.12300780074176));
#12754=CARTESIAN_POINT('Origin',(0.,0.,2.21));
#12755=CARTESIAN_POINT('',(0.227002973134241,-1.50732764630294,2.12300780074175));
#12756=CARTESIAN_POINT('Ctrl Pts',(0.227002973134241,-1.50732764630294,
2.12300780074175));
#12757=CARTESIAN_POINT('Ctrl Pts',(0.243630775990824,-1.45327225585258,
2.09357655558514));
#12758=CARTESIAN_POINT('Ctrl Pts',(0.265918506807501,-1.40118793482144,
2.06609446031729));
#12759=CARTESIAN_POINT('Ctrl Pts',(0.324620536112388,-1.29451882774158,
2.01304950810915));
#12760=CARTESIAN_POINT('Ctrl Pts',(0.368338165574057,-1.2333424685185,1.9850410858041));
#12761=CARTESIAN_POINT('Ctrl Pts',(0.474202263147089,-1.12401075133817,
1.94617152607647));
#12762=CARTESIAN_POINT('Ctrl Pts',(0.536531819399507,-1.075873855696,1.93575862213493));
#12763=CARTESIAN_POINT('Ctrl Pts',(0.663468180600474,-1.00258711338667,
1.93575862213493));
#12764=CARTESIAN_POINT('Ctrl Pts',(0.736320733212125,-0.97267658208655,
1.94617152607647));
#12765=CARTESIAN_POINT('Ctrl Pts',(0.883936826516182,-0.935661442829757,
1.9850410858041));
#12766=CARTESIAN_POINT('Ctrl Pts',(0.958775922445245,-0.928389044734257,
2.01304950810915));
#12767=CARTESIAN_POINT('Ctrl Pts',(1.08050509362786,-0.930886149642463,
2.06609446031729));
#12768=CARTESIAN_POINT('Ctrl Pts',(1.13675530418802,-0.937626569078079,
2.09357655558513));
#12769=CARTESIAN_POINT('Ctrl Pts',(1.19188254695781,-0.950254164620339,
2.12300780074175));
#12770=CARTESIAN_POINT('Ctrl Pts',(-1.76464745593741E-14,-1.675,2.21));
#12771=CARTESIAN_POINT('Ctrl Pts',(0.0341811001850857,-1.675,2.21));
#12772=CARTESIAN_POINT('Ctrl Pts',(0.0698549399252457,-1.6671765094044,
2.20614494728568));
#12773=CARTESIAN_POINT('Ctrl Pts',(0.133134932114035,-1.63726511858416,
2.19114817286023));
#12774=CARTESIAN_POINT('Ctrl Pts',(0.160746534786956,-1.61519927100853,
2.17998548021944));
#12775=CARTESIAN_POINT('Ctrl Pts',(0.201687943421966,-1.5668288838365,2.15491445556272));
#12776=CARTESIAN_POINT('Ctrl Pts',(0.217608809357921,-1.53786717069251,
2.13963548989149));
#12777=CARTESIAN_POINT('Ctrl Pts',(0.227002973134242,-1.50732764630294,
2.12300780074175));
#12778=CARTESIAN_POINT('Origin',(0.,0.,2.21));
#12779=CARTESIAN_POINT('',(0.227002973134263,1.50732764630293,2.12300780074175));
#12780=CARTESIAN_POINT('Ctrl Pts',(1.19188254695782,0.950254164620324,2.12300780074175));
#12781=CARTESIAN_POINT('Ctrl Pts',(1.13675530418803,0.937626569078064,2.09357655558514));
#12782=CARTESIAN_POINT('Ctrl Pts',(1.08050509362787,0.930886149642449,2.06609446031729));
#12783=CARTESIAN_POINT('Ctrl Pts',(0.958775922445257,0.928389044734245,
2.01304950810915));
#12784=CARTESIAN_POINT('Ctrl Pts',(0.883936826516194,0.935661442829746,
1.9850410858041));
#12785=CARTESIAN_POINT('Ctrl Pts',(0.736320733212138,0.972676582086541,
1.94617152607647));
#12786=CARTESIAN_POINT('Ctrl Pts',(0.663468180600487,1.00258711338666,1.93575862213493));
#12787=CARTESIAN_POINT('Ctrl Pts',(0.536531819399522,1.07587385569599,1.93575862213493));
#12788=CARTESIAN_POINT('Ctrl Pts',(0.474202263147105,1.12401075133816,1.94617152607647));
#12789=CARTESIAN_POINT('Ctrl Pts',(0.368338165574074,1.23334246851849,1.9850410858041));
#12790=CARTESIAN_POINT('Ctrl Pts',(0.324620536112406,1.29451882774157,2.01304950810915));
#12791=CARTESIAN_POINT('Ctrl Pts',(0.265918506807521,1.40118793482144,2.06609446031729));
#12792=CARTESIAN_POINT('Ctrl Pts',(0.243630775990844,1.45327225585257,2.09357655558514));
#12793=CARTESIAN_POINT('Ctrl Pts',(0.227002973134263,1.50732764630293,2.12300780074175));
#12794=CARTESIAN_POINT('Ctrl Pts',(0.227002973134263,1.50732764630293,2.12300780074175));
#12795=CARTESIAN_POINT('Ctrl Pts',(0.217608809357943,1.5378671706925,2.13963548989148));
#12796=CARTESIAN_POINT('Ctrl Pts',(0.201687943421989,1.5668288838365,2.15491445556272));
#12797=CARTESIAN_POINT('Ctrl Pts',(0.160746534786979,1.61519927100853,2.17998548021944));
#12798=CARTESIAN_POINT('Ctrl Pts',(0.133134932114059,1.63726511858416,2.19114817286023));
#12799=CARTESIAN_POINT('Ctrl Pts',(0.0698549399252696,1.6671765094044,2.20614494728568));
#12800=CARTESIAN_POINT('Ctrl Pts',(0.0341811001851093,1.675,2.21));
#12801=CARTESIAN_POINT('Ctrl Pts',(5.9609435443253E-15,1.675,2.21));
#12802=CARTESIAN_POINT('Origin',(0.,0.,2.21));
#12803=CARTESIAN_POINT('',(-1.19188254695782,0.950254164620332,2.12300780074175));
#12804=CARTESIAN_POINT('Ctrl Pts',(-1.19188254695782,0.950254164620332,
2.12300780074175));
#12805=CARTESIAN_POINT('Ctrl Pts',(-1.22302763278684,0.957388342337513,
2.13963548989149));
#12806=CARTESIAN_POINT('Ctrl Pts',(-1.25606964507464,0.958081324558728,
2.15491445556272));
#12807=CARTESIAN_POINT('Ctrl Pts',(-1.31843033347401,0.946810218200106,
2.17998548021944));
#12808=CARTESIAN_POINT('Ctrl Pts',(-1.351345719367,0.933930792633968,2.19114817286023));
#12809=CARTESIAN_POINT('Ctrl Pts',(-1.40888973977424,0.894084407257315,
2.20614494728568));
#12810=CARTESIAN_POINT('Ctrl Pts',(-1.43350200124638,0.867101701089602,
2.21));
#12811=CARTESIAN_POINT('Ctrl Pts',(-1.45059255133893,0.837500000000002,
2.21));
#12812=CARTESIAN_POINT('',(-0.227002973134253,1.50732764630293,2.12300780074175));
#12813=CARTESIAN_POINT('Ctrl Pts',(-0.227002973134252,1.50732764630293,
2.12300780074175));
#12814=CARTESIAN_POINT('Ctrl Pts',(-0.243630775990835,1.45327225585257,
2.09357655558513));
#12815=CARTESIAN_POINT('Ctrl Pts',(-0.265918506807511,1.40118793482144,
2.06609446031729));
#12816=CARTESIAN_POINT('Ctrl Pts',(-0.324620536112397,1.29451882774157,
2.01304950810915));
#12817=CARTESIAN_POINT('Ctrl Pts',(-0.368338165574066,1.23334246851849,
1.9850410858041));
#12818=CARTESIAN_POINT('Ctrl Pts',(-0.474202263147097,1.12401075133816,
1.94617152607647));
#12819=CARTESIAN_POINT('Ctrl Pts',(-0.536531819399514,1.07587385569599,
1.93575862213493));
#12820=CARTESIAN_POINT('Ctrl Pts',(-0.663468180600481,1.00258711338666,
1.93575862213493));
#12821=CARTESIAN_POINT('Ctrl Pts',(-0.736320733212132,0.972676582086545,
1.94617152607647));
#12822=CARTESIAN_POINT('Ctrl Pts',(-0.883936826516188,0.935661442829751,
1.9850410858041));
#12823=CARTESIAN_POINT('Ctrl Pts',(-0.958775922445252,0.928389044734251,
2.01304950810915));
#12824=CARTESIAN_POINT('Ctrl Pts',(-1.08050509362786,0.930886149642455,
2.06609446031729));
#12825=CARTESIAN_POINT('Ctrl Pts',(-1.13675530418803,0.937626569078071,
2.09357655558514));
#12826=CARTESIAN_POINT('Ctrl Pts',(-1.19188254695782,0.950254164620331,
2.12300780074175));
#12827=CARTESIAN_POINT('Ctrl Pts',(5.9609435443253E-15,1.675,2.21));
#12828=CARTESIAN_POINT('Ctrl Pts',(-0.0341811001850974,1.675,2.21));
#12829=CARTESIAN_POINT('Ctrl Pts',(-0.0698549399252574,1.6671765094044,
2.20614494728568));
#12830=CARTESIAN_POINT('Ctrl Pts',(-0.133134932114047,1.63726511858416,
2.19114817286023));
#12831=CARTESIAN_POINT('Ctrl Pts',(-0.160746534786967,1.61519927100853,
2.17998548021944));
#12832=CARTESIAN_POINT('Ctrl Pts',(-0.201687943421978,1.5668288838365,2.15491445556272));
#12833=CARTESIAN_POINT('Ctrl Pts',(-0.217608809357932,1.5378671706925,2.13963548989148));
#12834=CARTESIAN_POINT('Ctrl Pts',(-0.227002973134253,1.50732764630293,
2.12300780074175));
#12835=CARTESIAN_POINT('Origin',(0.,0.,2.21));
#12836=CARTESIAN_POINT('Ctrl Pts',(-1.41888552009208,-0.557073481682609,
2.12300780074175));
#12837=CARTESIAN_POINT('Ctrl Pts',(-1.44063644214478,-0.580478828354999,
2.13963548989149));
#12838=CARTESIAN_POINT('Ctrl Pts',(-1.45775758849662,-0.608747559277779,
2.15491445556272));
#12839=CARTESIAN_POINT('Ctrl Pts',(-1.47917686826098,-0.668389052808431,
2.17998548021944));
#12840=CARTESIAN_POINT('Ctrl Pts',(-1.48448065148105,-0.703334325950196,
2.19114817286023));
#12841=CARTESIAN_POINT('Ctrl Pts',(-1.47874467969951,-0.773092102147087,
2.20614494728568));
#12842=CARTESIAN_POINT('Ctrl Pts',(-1.46768310143149,-0.807898298910402,
2.21));
#12843=CARTESIAN_POINT('Ctrl Pts',(-1.45059255133893,-0.837500000000002,
2.21));
#12844=CARTESIAN_POINT('Ctrl Pts',(-1.45059255133893,0.837500000000002,
2.21));
#12845=CARTESIAN_POINT('Ctrl Pts',(-1.46768310143149,0.807898298910402,
2.21));
#12846=CARTESIAN_POINT('Ctrl Pts',(-1.47874467969951,0.773092102147087,
2.20614494728568));
#12847=CARTESIAN_POINT('Ctrl Pts',(-1.48448065148105,0.703334325950196,
2.19114817286023));
#12848=CARTESIAN_POINT('Ctrl Pts',(-1.47917686826098,0.668389052808431,
2.17998548021944));
#12849=CARTESIAN_POINT('Ctrl Pts',(-1.45775758849662,0.608747559277776,
2.15491445556272));
#12850=CARTESIAN_POINT('Ctrl Pts',(-1.44063644214478,0.580478828354994,
2.13963548989148));
#12851=CARTESIAN_POINT('Ctrl Pts',(-1.41888552009207,0.557073481682603,
2.12300780074175));
#12852=CARTESIAN_POINT('Origin',(-1.24491151794013,0.718750000000002,0.66299999999552));
#12853=CARTESIAN_POINT('',(-0.227002973134253,1.50732764630293,0.66299999999552));
#12854=CARTESIAN_POINT('',(-1.19188254695781,0.950254164620331,0.66299999999552));
#12855=CARTESIAN_POINT('Origin',(-1.00916563913097,1.74792616022757,0.66299999999552));
#12856=CARTESIAN_POINT('Origin',(-1.24491151794013,0.718750000000002,0.66299999999552));
#12857=CARTESIAN_POINT('',(-1.19188254695783,-0.950254164620314,0.66299999999552));
#12858=CARTESIAN_POINT('Origin',(-1.24491151794013,-0.718750000000002,0.66299999999552));
#12859=CARTESIAN_POINT('',(-0.227002973134273,-1.50732764630293,0.66299999999552));
#12860=CARTESIAN_POINT('Origin',(-1.009165639131,-1.74792616022756,0.66299999999552));
#12861=CARTESIAN_POINT('',(0.227002973134242,-1.50732764630293,0.66299999999552));
#12862=CARTESIAN_POINT('Origin',(-1.50704101975485E-14,-1.4375,0.66299999999552));
#12863=CARTESIAN_POINT('Origin',(1.00916563913096,-1.74792616022758,0.66299999999552));
#12864=CARTESIAN_POINT('Origin',(2.01833127826195,3.25260651745651E-16,
0.66299999999552));
#12865=CARTESIAN_POINT('',(0.227002973134263,1.50732764630293,0.66299999999552));
#12866=CARTESIAN_POINT('Origin',(1.00916563913098,1.74792616022757,0.66299999999552));
#12867=CARTESIAN_POINT('Origin',(5.09575021068187E-15,1.4375,0.66299999999552));
#12868=CARTESIAN_POINT('Origin',(-1.009165639131,-1.74792616022756,0.66299999999552));
#12869=CARTESIAN_POINT('',(-1.19188254695783,-0.950254164620314,0.66299999999552));
#12870=CARTESIAN_POINT('',(-0.227002973134273,-1.50732764630293,0.66299999999552));
#12871=CARTESIAN_POINT('Origin',(-1.50704101975485E-14,-1.4375,0.66299999999552));
#12872=CARTESIAN_POINT('',(0.227002973134242,-1.50732764630293,0.66299999999552));
#12873=CARTESIAN_POINT('Origin',(1.00916563913096,-1.74792616022758,0.66299999999552));
#12874=CARTESIAN_POINT('Origin',(2.01833127826195,3.25260651745651E-16,
0.66299999999552));
#12875=CARTESIAN_POINT('Origin',(1.00916563913098,1.74792616022757,0.66299999999552));
#12876=CARTESIAN_POINT('',(0.227002973134263,1.50732764630293,0.66299999999552));
#12877=CARTESIAN_POINT('Origin',(5.09575021068187E-15,1.4375,0.66299999999552));
#12878=CARTESIAN_POINT('',(-0.227002973134253,1.50732764630293,0.66299999999552));
#12879=CARTESIAN_POINT('Origin',(-1.00916563913097,1.74792616022757,0.66299999999552));
#12880=CARTESIAN_POINT('',(-1.19188254695781,0.950254164620331,0.66299999999552));
#12881=CARTESIAN_POINT('Origin',(-1.24491151794013,0.718750000000002,0.66299999999552));
#12882=CARTESIAN_POINT('Origin',(-1.24491151794013,-0.718750000000002,0.66299999999552));
#12883=CARTESIAN_POINT('',(0.,0.,0.));
#12884=CARTESIAN_POINT('Origin',(0.,1.2,0.));
#12885=CARTESIAN_POINT('',(-3.30654635769785E-16,1.2,2.7));
#12886=CARTESIAN_POINT('Origin',(0.,1.2,0.));
#12887=CARTESIAN_POINT('',(-3.30654635769785E-16,0.,2.7));
#12888=CARTESIAN_POINT('',(-3.30654635769785E-16,1.2,2.7));
#12889=CARTESIAN_POINT('Origin',(0.,0.,0.));
#12890=CARTESIAN_POINT('Origin',(0.,1.2,0.));
#12891=CARTESIAN_POINT('',(-9.03177014371173E-16,0.,7.375));
#12892=CARTESIAN_POINT('Origin',(0.,0.,0.));
#12893=CARTESIAN_POINT('',(-9.03177014371173E-16,1.2,7.375));
#12894=CARTESIAN_POINT('',(-9.03177014371173E-16,1.2,7.375));
#12895=CARTESIAN_POINT('Origin',(0.,1.2,0.));
#12896=CARTESIAN_POINT('Origin',(0.,1.2,0.));
#12897=CARTESIAN_POINT('Origin',(0.,0.,0.));
#12898=CARTESIAN_POINT('',(0.,0.,0.));
#12899=CARTESIAN_POINT('Origin',(0.,1.,0.));
#12900=CARTESIAN_POINT('',(-3.06161699786838E-16,1.,2.5));
#12901=CARTESIAN_POINT('Origin',(0.,1.,0.));
#12902=CARTESIAN_POINT('',(-3.06161699786838E-16,0.,2.5));
#12903=CARTESIAN_POINT('',(-3.06161699786838E-16,1.,2.5));
#12904=CARTESIAN_POINT('Origin',(0.,0.,0.));
#12905=CARTESIAN_POINT('Origin',(0.,1.,0.));
#12906=CARTESIAN_POINT('',(-1.53080849893419E-15,0.,12.5));
#12907=CARTESIAN_POINT('Origin',(0.,0.,0.));
#12908=CARTESIAN_POINT('',(-1.53080849893419E-15,1.,12.5));
#12909=CARTESIAN_POINT('',(-1.53080849893419E-15,1.,12.5));
#12910=CARTESIAN_POINT('Origin',(0.,1.,0.));
#12911=CARTESIAN_POINT('Origin',(0.,1.,0.));
#12912=CARTESIAN_POINT('Origin',(0.,0.,0.));
#12913=CARTESIAN_POINT('',(0.,0.,0.));
#12914=CARTESIAN_POINT('',(59.8653659566668,23.1044000000187,28.1714032266525));
#12915=CARTESIAN_POINT('',(58.6915888357866,23.1044000000188,28.4208972556337));
#12916=CARTESIAN_POINT('',(58.6915888357866,23.1044000000187,28.4208972556339));
#12917=CARTESIAN_POINT('',(4.44089209850063E-13,7.85440000001864,0.));
#12918=CARTESIAN_POINT('',(52.5000000000009,348.927200000019,78.2745039236228));
#12919=CARTESIAN_POINT('',(52.8227032313833,91.1044000000187,29.66836740054));
#12920=CARTESIAN_POINT('',(50.3773342295466,23.1044000000187,30.1881466275851));
#12921=CARTESIAN_POINT('',(-59.8653659566664,23.1044000000187,28.1714032266525));
#12922=CARTESIAN_POINT('',(-58.6915888357862,23.1044000000188,28.4208972556337));
#12923=CARTESIAN_POINT('',(-50.3773342295462,23.1044000000187,30.1881466275851));
#12924=CARTESIAN_POINT('',(59.8653659566666,91.1044000000187,28.1714032266525));
#12925=CARTESIAN_POINT('',(58.6915888357862,91.1044000000187,28.4208972556337));
#12926=CARTESIAN_POINT('',(50.3773342295466,91.1044000000187,30.1881466275853));
#12927=CARTESIAN_POINT('',(-59.8653659566661,91.1044000000187,28.1714032266525));
#12928=CARTESIAN_POINT('',(-58.6915888357855,91.1044000000187,28.4208972556337));
#12929=CARTESIAN_POINT('',(-50.3773342295462,91.1044000000187,30.1881466275853));
#12930=CARTESIAN_POINT('',(58.6915888357862,91.1044000000187,28.4208972556339));
#12931=CARTESIAN_POINT('',(55.5000000000003,348.927200000019,78.2745039236228));
#12932=CARTESIAN_POINT('',(-55.4999999999994,348.927200000019,78.2745039236232));
#12933=CARTESIAN_POINT('',(-58.6915888357862,23.1044000000187,28.4208972556337));
#12934=CARTESIAN_POINT('',(-58.6915888357857,91.1044000000187,28.4208972556339));
#12935=CARTESIAN_POINT('',(52.8227032313837,23.1044000000187,29.6683674005402));
#12936=CARTESIAN_POINT('',(-52.8227032313828,91.1044000000187,29.66836740054));
#12937=CARTESIAN_POINT('',(-52.8227032313833,23.1044000000187,29.6683674005402));
#12938=CARTESIAN_POINT('Origin',(0.,0.,0.));
#12939=UNCERTAINTY_MEASURE_WITH_UNIT(LENGTH_MEASURE(0.01),#12961,
'DISTANCE_ACCURACY_VALUE',
'Maximum model space distance between geometric entities at asserted c
onnectivities');
#12940=UNCERTAINTY_MEASURE_WITH_UNIT(LENGTH_MEASURE(0.01),#12961,
'DISTANCE_ACCURACY_VALUE',
'Maximum model space distance between geometric entities at asserted c
onnectivities');
#12941=UNCERTAINTY_MEASURE_WITH_UNIT(LENGTH_MEASURE(0.01),#12961,
'DISTANCE_ACCURACY_VALUE',
'Maximum model space distance between geometric entities at asserted c
onnectivities');
#12942=UNCERTAINTY_MEASURE_WITH_UNIT(LENGTH_MEASURE(0.01),#12961,
'DISTANCE_ACCURACY_VALUE',
'Maximum model space distance between geometric entities at asserted c
onnectivities');
#12943=UNCERTAINTY_MEASURE_WITH_UNIT(LENGTH_MEASURE(0.01),#12961,
'DISTANCE_ACCURACY_VALUE',
'Maximum model space distance between geometric entities at asserted c
onnectivities');
#12944=UNCERTAINTY_MEASURE_WITH_UNIT(LENGTH_MEASURE(0.01),#12961,
'DISTANCE_ACCURACY_VALUE',
'Maximum model space distance between geometric entities at asserted c
onnectivities');
#12945=UNCERTAINTY_MEASURE_WITH_UNIT(LENGTH_MEASURE(0.01),#12961,
'DISTANCE_ACCURACY_VALUE',
'Maximum model space distance between geometric entities at asserted c
onnectivities');
#12946=UNCERTAINTY_MEASURE_WITH_UNIT(LENGTH_MEASURE(0.01),#12961,
'DISTANCE_ACCURACY_VALUE',
'Maximum model space distance between geometric entities at asserted c
onnectivities');
#12947=UNCERTAINTY_MEASURE_WITH_UNIT(LENGTH_MEASURE(0.01),#12961,
'DISTANCE_ACCURACY_VALUE',
'Maximum model space distance between geometric entities at asserted c
onnectivities');
#12948=UNCERTAINTY_MEASURE_WITH_UNIT(LENGTH_MEASURE(0.01),#12961,
'DISTANCE_ACCURACY_VALUE',
'Maximum model space distance between geometric entities at asserted c
onnectivities');
#12949=UNCERTAINTY_MEASURE_WITH_UNIT(LENGTH_MEASURE(0.01),#12961,
'DISTANCE_ACCURACY_VALUE',
'Maximum model space distance between geometric entities at asserted c
onnectivities');
#12950=(
GEOMETRIC_REPRESENTATION_CONTEXT(3)
GLOBAL_UNCERTAINTY_ASSIGNED_CONTEXT((#12939))
GLOBAL_UNIT_ASSIGNED_CONTEXT((#12961,#12963,#12964))
REPRESENTATION_CONTEXT('','3D')
);
#12951=(
GEOMETRIC_REPRESENTATION_CONTEXT(3)
GLOBAL_UNCERTAINTY_ASSIGNED_CONTEXT((#12940))
GLOBAL_UNIT_ASSIGNED_CONTEXT((#12961,#12963,#12964))
REPRESENTATION_CONTEXT('','3D')
);
#12952=(
GEOMETRIC_REPRESENTATION_CONTEXT(3)
GLOBAL_UNCERTAINTY_ASSIGNED_CONTEXT((#12941))
GLOBAL_UNIT_ASSIGNED_CONTEXT((#12961,#12963,#12964))
REPRESENTATION_CONTEXT('','3D')
);
#12953=(
GEOMETRIC_REPRESENTATION_CONTEXT(3)
GLOBAL_UNCERTAINTY_ASSIGNED_CONTEXT((#12942))
GLOBAL_UNIT_ASSIGNED_CONTEXT((#12961,#12963,#12964))
REPRESENTATION_CONTEXT('','3D')
);
#12954=(
GEOMETRIC_REPRESENTATION_CONTEXT(3)
GLOBAL_UNCERTAINTY_ASSIGNED_CONTEXT((#12943))
GLOBAL_UNIT_ASSIGNED_CONTEXT((#12961,#12963,#12964))
REPRESENTATION_CONTEXT('','3D')
);
#12955=(
GEOMETRIC_REPRESENTATION_CONTEXT(3)
GLOBAL_UNCERTAINTY_ASSIGNED_CONTEXT((#12944))
GLOBAL_UNIT_ASSIGNED_CONTEXT((#12961,#12963,#12964))
REPRESENTATION_CONTEXT('','3D')
);
#12956=(
GEOMETRIC_REPRESENTATION_CONTEXT(3)
GLOBAL_UNCERTAINTY_ASSIGNED_CONTEXT((#12945))
GLOBAL_UNIT_ASSIGNED_CONTEXT((#12961,#12963,#12964))
REPRESENTATION_CONTEXT('','3D')
);
#12957=(
GEOMETRIC_REPRESENTATION_CONTEXT(3)
GLOBAL_UNCERTAINTY_ASSIGNED_CONTEXT((#12946))
GLOBAL_UNIT_ASSIGNED_CONTEXT((#12961,#12963,#12964))
REPRESENTATION_CONTEXT('','3D')
);
#12958=(
GEOMETRIC_REPRESENTATION_CONTEXT(3)
GLOBAL_UNCERTAINTY_ASSIGNED_CONTEXT((#12947))
GLOBAL_UNIT_ASSIGNED_CONTEXT((#12961,#12963,#12964))
REPRESENTATION_CONTEXT('','3D')
);
#12959=(
GEOMETRIC_REPRESENTATION_CONTEXT(3)
GLOBAL_UNCERTAINTY_ASSIGNED_CONTEXT((#12948))
GLOBAL_UNIT_ASSIGNED_CONTEXT((#12961,#12963,#12964))
REPRESENTATION_CONTEXT('','3D')
);
#12960=(
GEOMETRIC_REPRESENTATION_CONTEXT(3)
GLOBAL_UNCERTAINTY_ASSIGNED_CONTEXT((#12949))
GLOBAL_UNIT_ASSIGNED_CONTEXT((#12961,#12963,#12964))
REPRESENTATION_CONTEXT('','3D')
);
#12961=(
LENGTH_UNIT()
NAMED_UNIT(*)
SI_UNIT(.MILLI.,.METRE.)
);
#12962=(
LENGTH_UNIT()
NAMED_UNIT(*)
SI_UNIT($,.METRE.)
);
#12963=(
NAMED_UNIT(*)
PLANE_ANGLE_UNIT()
SI_UNIT($,.RADIAN.)
);
#12964=(
NAMED_UNIT(*)
SI_UNIT($,.STERADIAN.)
SOLID_ANGLE_UNIT()
);
#12965=SHAPE_DEFINITION_REPRESENTATION(#12975,#13010);
#12966=SHAPE_DEFINITION_REPRESENTATION(#12976,#13011);
#12967=SHAPE_DEFINITION_REPRESENTATION(#12977,#13012);
#12968=SHAPE_DEFINITION_REPRESENTATION(#12978,#13013);
#12969=SHAPE_DEFINITION_REPRESENTATION(#12979,#13014);
#12970=SHAPE_DEFINITION_REPRESENTATION(#12980,#13015);
#12971=SHAPE_DEFINITION_REPRESENTATION(#12981,#13016);
#12972=SHAPE_DEFINITION_REPRESENTATION(#12982,#13017);
#12973=SHAPE_DEFINITION_REPRESENTATION(#12983,#13018);
#12974=SHAPE_DEFINITION_REPRESENTATION(#12984,#13019);
#12975=PRODUCT_DEFINITION_SHAPE('',$,#13021);
#12976=PRODUCT_DEFINITION_SHAPE('',$,#13022);
#12977=PRODUCT_DEFINITION_SHAPE('',$,#13023);
#12978=PRODUCT_DEFINITION_SHAPE('',$,#13024);
#12979=PRODUCT_DEFINITION_SHAPE('',$,#13025);
#12980=PRODUCT_DEFINITION_SHAPE('',$,#13026);
#12981=PRODUCT_DEFINITION_SHAPE('',$,#13027);
#12982=PRODUCT_DEFINITION_SHAPE('',$,#13028);
#12983=PRODUCT_DEFINITION_SHAPE('',$,#13029);
#12984=PRODUCT_DEFINITION_SHAPE('',$,#13030);
#12985=PRODUCT_DEFINITION_SHAPE($,$,#110);
#12986=PRODUCT_DEFINITION_SHAPE($,$,#111);
#12987=PRODUCT_DEFINITION_SHAPE($,$,#112);
#12988=PRODUCT_DEFINITION_SHAPE($,$,#113);
#12989=PRODUCT_DEFINITION_SHAPE($,$,#114);
#12990=PRODUCT_DEFINITION_SHAPE($,$,#115);
#12991=PRODUCT_DEFINITION_SHAPE($,$,#116);
#12992=PRODUCT_DEFINITION_SHAPE($,$,#117);
#12993=PRODUCT_DEFINITION_SHAPE($,$,#118);
#12994=PRODUCT_DEFINITION_SHAPE($,$,#119);
#12995=PRODUCT_DEFINITION_SHAPE($,$,#120);
#12996=PRODUCT_DEFINITION_SHAPE($,$,#121);
#12997=PRODUCT_DEFINITION_SHAPE($,$,#122);
#12998=PRODUCT_DEFINITION_SHAPE($,$,#123);
#12999=PRODUCT_DEFINITION_SHAPE($,$,#124);
#13000=PRODUCT_DEFINITION_SHAPE($,$,#125);
#13001=PRODUCT_DEFINITION_SHAPE($,$,#126);
#13002=PRODUCT_DEFINITION_SHAPE($,$,#127);
#13003=PRODUCT_DEFINITION_SHAPE($,$,#128);
#13004=PRODUCT_DEFINITION_SHAPE($,$,#129);
#13005=PRODUCT_DEFINITION_SHAPE($,$,#130);
#13006=PRODUCT_DEFINITION_SHAPE($,$,#131);
#13007=PRODUCT_DEFINITION_SHAPE($,$,#132);
#13008=PRODUCT_DEFINITION_SHAPE($,$,#133);
#13009=PRODUCT_DEFINITION_SHAPE($,$,#134);
#13010=SHAPE_REPRESENTATION('',(#6680,#7345,#7346,#7347,#7348,#7349,#7350,
#7351,#7352,#7353,#7354,#7355,#7356,#7357,#7358,#7359,#7360,#7361,#7362,
#7363,#7364,#7365,#7366,#7367,#7368,#7369),#12950);
#13011=SHAPE_REPRESENTATION('',(#6681),#12951);
#13012=SHAPE_REPRESENTATION('',(#6762),#12952);
#13013=SHAPE_REPRESENTATION('',(#7071),#12953);
#13014=SHAPE_REPRESENTATION('',(#7091),#12954);
#13015=SHAPE_REPRESENTATION('',(#7160),#12955);
#13016=SHAPE_REPRESENTATION('',(#7169),#12956);
#13017=SHAPE_REPRESENTATION('',(#7258),#12957);
#13018=SHAPE_REPRESENTATION('',(#7327),#12958);
#13019=SHAPE_REPRESENTATION('',(#7336),#12959);
#13020=PRODUCT_DEFINITION_CONTEXT('part definition',#13052,'design');
#13021=PRODUCT_DEFINITION('2026-09-17-21-44-15-613','Red Matchloader',#13031,
#13020);
#13022=PRODUCT_DEFINITION('2026-09-17-21-44-15-614','276-9250-032',#13032,
#13020);
#13023=PRODUCT_DEFINITION('2026-09-17-21-44-15-618',
'276-9250-031_Red Loader',#13033,#13020);
#13024=PRODUCT_DEFINITION('2026-09-17-21-44-15-619','276-9250-034',#13034,
#13020);
#13025=PRODUCT_DEFINITION('2026-09-17-21-44-15-615',
'SBT0832_276-4993-001',#13035,#13020);
#13026=PRODUCT_DEFINITION('2026-09-17-21-44-15-616','276-9250-036',#13036,
#13020);
#13027=PRODUCT_DEFINITION('2026-09-17-21-44-15-621',
'NNY_Imperial_275-1027-001',#13037,#13020);
#13028=PRODUCT_DEFINITION('2026-09-17-21-44-15-622',
'SBT0832_276-5007-001',#13038,#13020);
#13029=PRODUCT_DEFINITION('2026-09-17-21-44-15-617','276-9250-033',#13039,
#13020);
#13030=PRODUCT_DEFINITION('2026-09-17-21-44-15-620','276-9250-035',#13040,
#13020);
#13031=PRODUCT_DEFINITION_FORMATION('',$,#13054);
#13032=PRODUCT_DEFINITION_FORMATION('',$,#13055);
#13033=PRODUCT_DEFINITION_FORMATION('',$,#13056);
#13034=PRODUCT_DEFINITION_FORMATION('',$,#13057);
#13035=PRODUCT_DEFINITION_FORMATION('',$,#13058);
#13036=PRODUCT_DEFINITION_FORMATION('',$,#13059);
#13037=PRODUCT_DEFINITION_FORMATION('',$,#13060);
#13038=PRODUCT_DEFINITION_FORMATION('',$,#13061);
#13039=PRODUCT_DEFINITION_FORMATION('',$,#13062);
#13040=PRODUCT_DEFINITION_FORMATION('',$,#13063);
#13041=PRODUCT_RELATED_PRODUCT_CATEGORY('Red Matchloader',
'Red Matchloader',(#13054));
#13042=PRODUCT_RELATED_PRODUCT_CATEGORY('276-9250-032','276-9250-032',(#13055));
#13043=PRODUCT_RELATED_PRODUCT_CATEGORY('276-9250-031_Red Loader',
'276-9250-031_Red Loader',(#13056));
#13044=PRODUCT_RELATED_PRODUCT_CATEGORY('276-9250-034','276-9250-034',(#13057));
#13045=PRODUCT_RELATED_PRODUCT_CATEGORY('SBT0832_276-4993-001',
'SBT0832_276-4993-001',(#13058));
#13046=PRODUCT_RELATED_PRODUCT_CATEGORY('276-9250-036','276-9250-036',(#13059));
#13047=PRODUCT_RELATED_PRODUCT_CATEGORY('NNY_Imperial_275-1027-001',
'NNY_Imperial_275-1027-001',(#13060));
#13048=PRODUCT_RELATED_PRODUCT_CATEGORY('SBT0832_276-5007-001',
'SBT0832_276-5007-001',(#13061));
#13049=PRODUCT_RELATED_PRODUCT_CATEGORY('276-9250-033','276-9250-033',(#13062));
#13050=PRODUCT_RELATED_PRODUCT_CATEGORY('276-9250-035','276-9250-035',(#13063));
#13051=APPLICATION_PROTOCOL_DEFINITION('international standard',
'automotive_design',2009,#13052);
#13052=APPLICATION_CONTEXT(
'Core Data for Automotive Mechanical Design Process');
#13053=PRODUCT_CONTEXT('part definition',#13052,'mechanical');
#13054=PRODUCT('2026-09-17-21-44-15-613','Red Matchloader',$,(#13053));
#13055=PRODUCT('2026-09-17-21-44-15-614','276-9250-032',$,(#13053));
#13056=PRODUCT('2026-09-17-21-44-15-618','276-9250-031_Red Loader',$,(#13053));
#13057=PRODUCT('2026-09-17-21-44-15-619','276-9250-034',$,(#13053));
#13058=PRODUCT('2026-09-17-21-44-15-615','SBT0832_276-4993-001',$,(#13053));
#13059=PRODUCT('2026-09-17-21-44-15-616','276-9250-036',$,(#13053));
#13060=PRODUCT('2026-09-17-21-44-15-621','NNY_Imperial_275-1027-001',$,
(#13053));
#13061=PRODUCT('2026-09-17-21-44-15-622','SBT0832_276-5007-001',$,(#13053));
#13062=PRODUCT('2026-09-17-21-44-15-617','276-9250-033',$,(#13053));
#13063=PRODUCT('2026-09-17-21-44-15-620','276-9250-035',$,(#13053));
#13064=PRESENTATION_STYLE_ASSIGNMENT((#13071));
#13065=PRESENTATION_STYLE_ASSIGNMENT((#13072));
#13066=PRESENTATION_STYLE_ASSIGNMENT((#13073));
#13067=PRESENTATION_STYLE_ASSIGNMENT((#13074));
#13068=PRESENTATION_STYLE_ASSIGNMENT((#13075));
#13069=PRESENTATION_STYLE_ASSIGNMENT((#13076));
#13070=PRESENTATION_STYLE_ASSIGNMENT((NULL_STYLE(.NULL.)));
#13071=SURFACE_STYLE_USAGE(.BOTH.,#13077);
#13072=SURFACE_STYLE_USAGE(.BOTH.,#13078);
#13073=SURFACE_STYLE_USAGE(.BOTH.,#13079);
#13074=SURFACE_STYLE_USAGE(.BOTH.,#13080);
#13075=SURFACE_STYLE_USAGE(.BOTH.,#13081);
#13076=SURFACE_STYLE_USAGE(.BOTH.,#13082);
#13077=SURFACE_SIDE_STYLE('',(#13083));
#13078=SURFACE_SIDE_STYLE('',(#13084));
#13079=SURFACE_SIDE_STYLE('',(#13085));
#13080=SURFACE_SIDE_STYLE('',(#13086));
#13081=SURFACE_SIDE_STYLE('',(#13087));
#13082=SURFACE_SIDE_STYLE('',(#13088));
#13083=SURFACE_STYLE_FILL_AREA(#13089);
#13084=SURFACE_STYLE_FILL_AREA(#13090);
#13085=SURFACE_STYLE_FILL_AREA(#13091);
#13086=SURFACE_STYLE_FILL_AREA(#13092);
#13087=SURFACE_STYLE_FILL_AREA(#13093);
#13088=SURFACE_STYLE_FILL_AREA(#13094);
#13089=FILL_AREA_STYLE('Steel - Satin',(#13095));
#13090=FILL_AREA_STYLE('vex field metal',(#13096));
#13091=FILL_AREA_STYLE('Default',(#13097));
#13092=FILL_AREA_STYLE('Polycarbonate (Clear)',(#13098));
#13093=FILL_AREA_STYLE('red override goal color',(#13099));
#13094=FILL_AREA_STYLE('yellow override goal design',(#13100));
#13095=FILL_AREA_STYLE_COLOUR('Steel - Satin',#13101);
#13096=FILL_AREA_STYLE_COLOUR('vex field metal',#13102);
#13097=FILL_AREA_STYLE_COLOUR('Default',#13103);
#13098=FILL_AREA_STYLE_COLOUR('Polycarbonate (Clear)',#13104);
#13099=FILL_AREA_STYLE_COLOUR('red override goal color',#13105);
#13100=FILL_AREA_STYLE_COLOUR('yellow override goal design',#13106);
#13101=COLOUR_RGB('Steel - Satin',0.627450980392157,0.627450980392157,0.627450980392157);
#13102=COLOUR_RGB('vex field metal',0.250980392156863,0.250980392156863,
0.250980392156863);
#13103=COLOUR_RGB('Default',0.764705882352941,0.803921568627451,0.894117647058824);
#13104=COLOUR_RGB('Polycarbonate (Clear)',0.964705882352941,0.964705882352941,
0.952941176470588);
#13105=COLOUR_RGB('red override goal color',0.941176470588235,0.,0.23921568627451);
#13106=COLOUR_RGB('yellow override goal design',0.996078431372549,0.972549019607843,
0.345098039215686);
ENDSEC;
END-ISO-10303-21;
